C2|aac(6')-Ib|aac6p-25_4|EMV|ResFinder|M23634.1	aac6p	E	M	V	ResFinder	C1|aac(6')-Ib|aac6p-25_4|ECV|ResFinder|M23634.1	L	
C2|aac(6')-30/aac(6')-Ib'|aac6p-8_1|EMV|ResFinder|AJ584652.1	aac6p	E	M	V	ResFinder	C1|aac(6')-30/aac(6')-Ib'|aac6p-8_1|ECV|ResFinder|AJ584652.1	L	
C2|aac(6')-Ian|aac6p-23_1|EMV|ResFinder|AP014611.1	aac6p	E	M	V	ResFinder	C1|aac(6')-Ian|aac6p-23_1|ECV|ResFinder|AP014611.1	L	
C2|aac(6')-Iak|aac6p-22_2|ECV|ResFinder|AB894482.1	aac6p	E	C	V	ResFinder	C1|aac(6')-Iak|aac6p-22_2|ECV|ResFinder|AB894482.1	L	
C2|aac(6')-Iih|aac6p-32_1|ECV|ResFinder|AJ584701.1	aac6p	E	C	V	ResFinder	C1|aac(6')-Iih|aac6p-32_1|ECV|ResFinder|AJ584701.1	L	
C2|aac(6')-29|aac6p-7_2|EMV|ResFinder|AF263519.1	aac6p	E	M	V	ResFinder	C1|aac(6')-29|aac6p-7_2|ECV|ResFinder|AF263519.1	L	
C2|aac(6')-I|aac6p-16_2|ECV|ResFinder|NC.003197	aac6p	E	C	V	ResFinder	C1|aac(6')-I|aac6p-16_2|ECV|ResFinder|NC.003197	L	
C2|aac(6')-I|aac6p-29_4|EMV|ResFinder|KT778788.1	aac6p	E	M	V	ResFinder	C1|aac(6')-I|aac6p-29_4|ECV|ResFinder|KT778788.1	L	
C2|aac(6')-Il|aac6p-35_1|EMV|ResFinder|U13880.1	aac6p	E	M	V	ResFinder	C1|aac(6')-Il|aac6p-35_1|ECV|ResFinder|U13880.1	L	
C2|aac(6')-Ia|aac6p-15_2|EMV|ResFinder|M86913.1	aac6p	E	M	V	ResFinder	C1|aac(6')-Ia|aac6p-15_2|ECV|ResFinder|M86913.1	L	
C2|aac(6')-Iag|aac6p-19_1|ECV|ResFinder|AB472901.1	aac6p	E	C	V	ResFinder	C1|aac(6')-Iag|aac6p-19_1|ECV|ResFinder|AB472901.1	L	
C2|aac(2')-IIa|aac2p-2_1|EMV|ResFinder|AB669090.1	aac2p	E	M	V	ResFinder	C1|aac(2')-IIa|aac2p-2_1|ECV|ResFinder|AB669090.1	L	
C2|kamB|misc-298_1|ECV|ResFinder|AJ629123.1	misc	E	C	V	ResFinder	C1|kamB|unc-298_1|ECV|ResFinder|AJ629123.1	L	
C2|grmO|misc-297_1|ECV|ResFinder|AY524043.1	misc	E	C	V	ResFinder	C1|grmO|unc-297_1|ECV|ResFinder|AY524043.1	L	
C2|fmrO|misc-289_1|ECV|ResFinder|Q08325.1	misc	E	C	V	ResFinder	C1|fmrO|unc-289_1|ECV|ResFinder|Q08325.1	L	
C2|grmB|misc-296_1|ECV|ResFinder|M55521.1	misc	E	C	V	ResFinder	C1|grmB|unc-296_1|ECV|ResFinder|M55521.1	L	
C2|kgmB|misc-299_1|ECV|ResFinder|S60108.1	misc	E	C	V	ResFinder	C1|kgmB|unc-299_1|ECV|ResFinder|S60108.1	L	
C2|aph(3')-VI|aph3p-14_4|EMV|ResFinder|APPJ01000012.1	aph3p	E	M	V	ResFinder	C1|aph(3')-VI|aph3p-14_4|ECV|ResFinder|APPJ01000012.1	L	
C2|aph(3')-IX|aph3p-8_1|EMV|ResFinder|APPN01000061.1	aph3p	E	M	V	ResFinder	C1|aph(3')-IX|aph3p-8_1|ECV|ResFinder|APPN01000061.1	L	
C2|ant(6)-Ia/aad(6)|ant-12_2|EMV|ResFinder|AB247327.1	ant	E	M	V	ResFinder	C1|ant(6)-Ia/aad(6)|ant-12_2|ECV|ResFinder|AB247327.1	L	
C2|aph(2'')-Ib|aph2b-2_4|EMV|ResFinder|AF207840.1	aph2b	E	M	V	ResFinder	C1|aph(2'')-Ib|aph2b-2_4|ECV|ResFinder|AF207840.1	L	
C2|aph(7'')-Ia|aph7b-1_2|EMV|ResFinder|X03615.1	aph7b	E	M	V	ResFinder	C1|aph(7'')-Ia|aph7b-1_2|ECV|ResFinder|X03615.1	L	
C2|aph(6)-Ia|aph6-1_2|ECV|ResFinder|Y00459.1	aph6	E	C	V	ResFinder	C1|aph(6)-Ia|aph6-1_2|ECV|ResFinder|Y00459.1	L	
C2|aph(6)-Id|aph6-4_4|EMV|ResFinder|M28829.1	aph6	E	M	V	ResFinder	C1|aph(6)-Id|aph6-4_4|ECV|ResFinder|M28829.1	L	
C2|aph(3'')-Ia|aph3b-1_3|ECV|ResFinder|AP009493.1	aph3b	E	C	V	ResFinder	C1|aph(3'')-Ia|aph3b-1_3|ECV|ResFinder|AP009493.1	L	
C2|aph(3'')-Ib|aph3b-2_6|EMV|ResFinder|M28829.1	aph3b	E	M	V	ResFinder	C1|aph(3'')-Ib|aph3b-2_6|ECV|ResFinder|M28829.1	L	
C2|aadE-Cc|aad-16_1|ECV|ResFinder|CP013733.1	aad	E	C	V	ResFinder	C1|aadE-Cc|aad-16_1|ECV|ResFinder|CP013733.1	L	
C2|ant(2'')-Ia|ant-5_19|EMV|ResFinder|JF826500.1	ant	E	M	V	ResFinder	C1|ant(2'')-Ia|ant-5_19|ECV|ResFinder|JF826500.1	L	
C2|aph(3')-XV|aph3p-19_1|EMV|ResFinder|GQ626879.1	aph3p	E	M	V	ResFinder	C1|aph(3')-XV|aph3p-19_1|ECV|ResFinder|GQ626879.1	L	
C2|aph(3')-III|aph3p-3_4|EMV|ResFinder|AF330699.1	aph3p	E	M	V	ResFinder	C1|aph(3')-III|aph3p-3_4|ECV|ResFinder|AF330699.1	L	
C2|aph(3')-Va|aph3p-15_2|ECV|ResFinder|AB211959.1	aph3p	E	C	V	ResFinder	C1|aph(3')-Va|aph3p-15_2|ECV|ResFinder|AB211959.1	L	
C2|aph(3')-IIa|aph3p-4_2|EMV|ResFinder|V00618.1	aph3p	E	M	V	ResFinder	C1|aph(3')-IIa|aph3p-4_2|ECV|ResFinder|V00618.1	L	
C2|aph(3')-IIb|aph3p-5_2|EMV|ResFinder|CP006832.1	aph3p	E	M	V	ResFinder	C1|aph(3')-IIb|aph3p-5_2|ECV|ResFinder|CP006832.1	L	
C2|aph(3')-Ia|aph3p-9_10|EMV|ResFinder|EU287476.1	aph3p	E	M	V	ResFinder	C1|aph(3')-Ia|aph3p-9_10|ECV|ResFinder|EU287476.1	L	
C2|aph(2'')-Ih|aph2b-7_1|EMV|ResFinder|KF652096.1	aph2b	E	M	V	ResFinder	C1|aph(2'')-Ih|aph2b-7_1|ECV|ResFinder|KF652096.1	L	
C2|aph(2'')-Ig|aph2b-6_1|EMV|ResFinder|CP004067.1	aph2b	E	M	V	ResFinder	C1|aph(2'')-Ig|aph2b-6_1|ECV|ResFinder|CP004067.1	L	
C2|aph(2'')-Ia/aac(6')/aph(2'')|aph2b-1_1|EMV|ResFinder|AP009486.1	aph2b	E	M	V	ResFinder	C1|aph(2'')-Ia/aac(6')/aph(2'')|aph2b-1_1|ECV|ResFinder|AP009486.1	L	
C2|ant(6)-Ia|ant-11_1|EMV|ResFinder|KF864551.1	ant	E	M	V	ResFinder	C1|ant(6)-Ia|ant-11_1|ECV|ResFinder|KF864551.1	L	
C2|aac(2')-Ia|aac2p-3_1|ECV|ResFinder|L06156.1	aac2p	E	C	V	ResFinder	C1|aac(2')-Ia|aac2p-3_1|ECV|ResFinder|L06156.1	L	
C2|aac(2')-Id|aac2p-6_2|ECV|ResFinder|U72743.1	aac2p	E	C	V	ResFinder	C1|aac(2')-Id|aac2p-6_2|ECV|ResFinder|U72743.1	L	
C2|aac(2')-Ie|aac2p-7_1|ECV|ResFinder|NC011896.1	aac2p	E	C	V	ResFinder	C1|aac(2')-Ie|aac2p-7_1|ECV|ResFinder|NC011896.1	L	
C2|aac(3)-Ia|aac3-11_1|EMV|ResFinder|X15852.1	aac3	E	M	V	ResFinder	C1|aac(3)-Ia|aac3-11_1|ECV|ResFinder|X15852.1	L	
C2|aac(3)-Ib-aac(6')-Ib|aac3-12_1|EMV|ResFinder|AF355189.1	aac3	E	M	V	ResFinder	C1|aac(3)-Ib-aac(6')-Ib|aac3-12_1|ECV|ResFinder|AF355189.1	L	
C2|aac(3)-Ic|aac3-14_1|EMV|ResFinder|AJ511268.1	aac3	E	M	V	ResFinder	C1|aac(3)-Ic|aac3-14_1|ECV|ResFinder|AJ511268.1	L	
C2|aac(3)-Id|aac3-15_2|EMV|ResFinder|AB114632.1	aac3	E	M	V	ResFinder	C1|aac(3)-Id|aac3-15_2|ECV|ResFinder|AB114632.1	L	
C2|aac(3)-Ig|aac3-17_1|ECV|ResFinder|CP000282.1	aac3	E	C	V	ResFinder	C1|aac(3)-Ig|aac3-17_1|ECV|ResFinder|CP000282.1	L	
C2|aac(3)-Ih|aac3-18_1|EMV|ResFinder|CP000490.1	aac3	E	M	V	ResFinder	C1|aac(3)-Ih|aac3-18_1|ECV|ResFinder|CP000490.1	L	
C2|aac(3)-Ii|aac3-19_1|ECV|ResFinder|CP000356.1	aac3	E	C	V	ResFinder	C1|aac(3)-Ii|aac3-19_1|ECV|ResFinder|CP000356.1	L	
C2|aac(3)-II|aac3-6_12|EMV|ResFinder|X51534.1	aac3	E	M	V	ResFinder	C1|aac(3)-II|aac3-6_12|ECV|ResFinder|X51534.1	L	
C2|aac(3)-IIIa|aac3-3_1|ECV|ResFinder|X55652.1	aac3	E	C	V	ResFinder	C1|aac(3)-IIIa|aac3-3_1|ECV|ResFinder|X55652.1	L	
C2|aac(3)-IIIc|aac3-5_1|ECV|ResFinder|L06161.1	aac3	E	C	V	ResFinder	C1|aac(3)-IIIc|aac3-5_1|ECV|ResFinder|L06161.1	L	
C2|aac(3)-IV|aac3-8_1|EMV|ResFinder|X01385.1	aac3	E	M	V	ResFinder	C1|aac(3)-IV|aac3-8_1|ECV|ResFinder|X01385.1	L	
C2|aac(3)-VIIa|aac3-22_1|ECV|ResFinder|M22999.1	aac3	E	C	V	ResFinder	C1|aac(3)-VIIa|aac3-22_1|ECV|ResFinder|M22999.1	L	
C2|aac(6')-Ic|aac6p-26_1|ECV|ResFinder|M94066.1	aac6p	E	C	V	ResFinder	C1|aac(6')-Ic|aac6p-26_1|ECV|ResFinder|M94066.1	L	
C2|aac(6')-If|aac6p-27_1|ECV|ResFinder|X55353.1	aac6p	E	C	V	ResFinder	C1|aac(6')-If|aac6p-27_1|ECV|ResFinder|X55353.1	L	
C2|aac(6')-Im|aac6p-36_1|EMV|ResFinder|AF337947.1	aac6p	E	M	V	ResFinder	C1|aac(6')-Im|aac6p-36_1|ECV|ResFinder|AF337947.1	L	
C2|aac(6')-I|aac6p-38_4|EMV|ResFinder|AF047556.1	aac6p	E	M	V	ResFinder	C1|aac(6')-I|aac6p-38_4|ECV|ResFinder|AF047556.1	L	
C2|aac(6')-Iad|aac6p-17_1|ECV|ResFinder|AB119105.1	aac6p	E	C	V	ResFinder	C1|aac(6')-Iad|aac6p-17_1|ECV|ResFinder|AB119105.1	L	
C2|aac(6')-Iai|aac6p-20_1|EMV|ResFinder|EU886977.1	aac6p	E	M	V	ResFinder	C1|aac(6')-Iai|aac6p-20_1|ECV|ResFinder|EU886977.1	L	
C2|aac(6')|aac6p-11_2|EMV|ResFinder|AY289608.1	aac6p	E	M	V	ResFinder	C1|aac(6')|aac6p-11_2|ECV|ResFinder|AY289608.1	L	
C2|aac(6')-IIb|aac6p-13_1|ECV|ResFinder|L06163.1	aac6p	E	C	V	ResFinder	C1|aac(6')-IIb|aac6p-13_1|ECV|ResFinder|L06163.1	L	
C2|aac(6')-IIc|aac6p-14_1|EMV|ResFinder|NC.012555	aac6p	E	M	V	ResFinder	C1|aac(6')-IIc|aac6p-14_1|ECV|ResFinder|NC.012555	L	
C2|aac(6')-Isa|aac6p-40_1|ECV|ResFinder|AB116646.1	aac6p	E	C	V	ResFinder	C1|aac(6')-Isa|aac6p-40_1|ECV|ResFinder|AB116646.1	L	
C2|aacA43|aac6p-44_1|ECV|ResFinder|HQ247816.1	aac6p	E	C	V	ResFinder	C1|aacA43|aac6p-44_1|ECV|ResFinder|HQ247816.1	L	
C2|ant(3'')-Ia|ant-6_1|EMV|ResFinder|X02340.1	ant	E	M	V	ResFinder	C1|ant(3'')-Ia|ant-6_1|ECV|ResFinder|X02340.1	L	
C2|aadA|aad-11_3|EMV|ResFinder|Z50802.1	aad	E	M	V	ResFinder	C1|aadA|aad-11_3|ECV|ResFinder|Z50802.1	L	
C2|aadA9|aad-14_2|EMV|ResFinder|AJ420072.1	aad	E	M	V	ResFinder	C1|aadA9|aad-14_2|ECV|ResFinder|AJ420072.1	L	
C2|aadA14|aad-7_1|EMV|ResFinder|AJ884726.1	aad	E	M	V	ResFinder	C1|aadA14|aad-7_1|ECV|ResFinder|AJ884726.1	L	
C2|aadA16|aad-8_1|EMV|ResFinder|EU675686.1	aad	E	M	V	ResFinder	C1|aadA16|aad-8_1|ECV|ResFinder|EU675686.1	L	
C2|ant(4')-Ia/aadD|aad-15_1|EMV|ResFinder|AF181950.1	aad	E	M	V	ResFinder	C1|ant(4')-Ia/aadD|aad-15_1|ECV|ResFinder|AF181950.1	L	
C2|aadK|aad-17_1|ECV|ResFinder|M26879.1	aad	E	C	V	ResFinder	C1|aadK|aad-17_1|ECV|ResFinder|M26879.1	L	
C2|ant(3'')-Ii/aac(6')-IId|aac6p-45_1|EMV|ResFinder|AF453998.1	aac6p	E	M	V	ResFinder	C1|ant(3'')-Ii/aac(6')-IId|aac6p-45_1|ECV|ResFinder|AF453998.1	L	
C2|ant(4')-Ib|ant-9_1|ECV|ResFinder|AJ506108.1	ant	E	C	V	ResFinder	C1|ant(4')-Ib|ant-9_1|ECV|ResFinder|AJ506108.1	L	
C2|ant(4')-IIa|ant-7_1|ECV|ResFinder|M98270.1	ant	E	C	V	ResFinder	C1|ant(4')-IIa|ant-7_1|ECV|ResFinder|M98270.1	L	
C2|ant(4')-IIb|ant-8_2|EMV|ResFinder|AY114142.1	ant	E	M	V	ResFinder	C1|ant(4')-IIb|ant-8_2|ECV|ResFinder|AY114142.1	L	
C2|ant(6)-Ib|ant-13_1|ECV|ResFinder|FN594949.1	ant	E	C	V	ResFinder	C1|ant(6)-Ib|ant-13_1|ECV|ResFinder|FN594949.1	L	
C2|aph(2'')-Ic|aph2b-3_1|EMV|ResFinder|U51479.1	aph2b	E	M	V	ResFinder	C1|aph(2'')-Ic|aph2b-3_1|ECV|ResFinder|U51479.1	L	
C2|aph(2'')-I|aph2b-4_2|EMV|ResFinder|AF016483.1	aph2b	E	M	V	ResFinder	C1|aph(2'')-I|aph2b-4_2|ECV|ResFinder|AF016483.1	L	
C2|aph(3')-Ib|aph3p-10_3|EMV|ResFinder|M20305.1	aph3p	E	M	V	ResFinder	C1|aph(3')-Ib|aph3p-10_3|ECV|ResFinder|M20305.1	L	
C2|aph(3'')-Ic|aph3b-3_2|ECV|ResFinder|DQ336355.1	aph3b	E	C	V	ResFinder	C1|aph(3'')-Ic|aph3b-3_2|ECV|ResFinder|DQ336355.1	L	
C2|aph(3')-Id|aph3p-11_1|ECV|ResFinder|Z48231.1	aph3p	E	C	V	ResFinder	C1|aph(3')-Id|aph3p-11_1|ECV|ResFinder|Z48231.1	L	
C2|aph(3')-IIc|aph3p-6_1|ECV|ResFinder|AM743169.1	aph3p	E	C	V	ResFinder	C1|aph(3')-IIc|aph3p-6_1|ECV|ResFinder|AM743169.1	L	
C2|aph(3')-IV|aph3p-7_1|ECV|ResFinder|X03364.1	aph3p	E	C	V	ResFinder	C1|aph(3')-IV|aph3p-7_1|ECV|ResFinder|X03364.1	L	
C2|aph(3')-Vb|aph3p-16_1|ECV|ResFinder|M22126.1	aph3p	E	C	V	ResFinder	C1|aph(3')-Vb|aph3p-16_1|ECV|ResFinder|M22126.1	L	
C2|aph(3')-VIIa|aph3p-13_1|EMV|ResFinder|M29953.1	aph3p	E	M	V	ResFinder	C1|aph(3')-VIIa|aph3p-13_1|ECV|ResFinder|M29953.1	L	
C2|aph(3')-VIII|aph3p-12_1|ECV|ResFinder|ATGI01000028.1	aph3p	E	C	V	ResFinder	C1|aph(3')-VIII|aph3p-12_1|ECV|ResFinder|ATGI01000028.1	L	
C2|aph(4)-Ia|aph4-1_1|EMV|ResFinder|V01499.1	aph4	E	M	V	ResFinder	C1|aph(4)-Ia|aph4-1_1|ECV|ResFinder|V01499.1	L	
C2|aph(6)-Ic|aph6-3_1|EMV|ResFinder|X01702.1	aph6	E	M	V	ResFinder	C1|aph(6)-Ic|aph6-3_1|ECV|ResFinder|X01702.1	L	
C2|aph(9)-Ia|aph9-1_1|ECV|ResFinder|U94857.1	aph9	E	C	V	ResFinder	C1|aph(9)-Ia|aph9-1_1|ECV|ResFinder|U94857.1	L	
C2|aph(9)-Ib|aph9-3_1|ECV|ResFinder|U70376.1	aph9	E	C	V	ResFinder	C1|aph(9)-Ib|aph9-3_1|ECV|ResFinder|U70376.1	L	
C2|rmtB|rmt-2_2|EMV|ResFinder|JN968578.1	rmt	E	M	V	ResFinder	C1|rmtB|rmt-2_2|ECV|ResFinder|JN968578.1	L	
C2|rmtF|rmt-6_4|EMV|ResFinder|JQ808129.1	rmt	E	M	V	ResFinder	C1|rmtF|rmt-6_4|ECV|ResFinder|JQ808129.1	L	
C2|rmtG|rmt-7_3|EMV|ResFinder|JX486113.1	rmt	E	M	V	ResFinder	C1|rmtG|rmt-7_3|ECV|ResFinder|JX486113.1	L	
C2|rmtH|rmt-8_1|EMV|ResFinder|KC544262.1	rmt	E	M	V	ResFinder	C1|rmtH|rmt-8_1|ECV|ResFinder|KC544262.1	L	
C2|armA|misc-274_1|EMV|ResFinder|AY220558.1	misc	E	M	V	ResFinder	C1|armA|unc-274_1|ECV|ResFinder|AY220558.1	L	
C2|npmA|misc-305_2|ECV|ResFinder|AB261016.1	misc	E	C	V	ResFinder	C1|npmA|unc-305_2|ECV|ResFinder|AB261016.1	L	
C2|rmtC|rmt-3_1|EMV|ResFinder|AB194779.1	rmt	E	M	V	ResFinder	C1|rmtC|rmt-3_1|ECV|ResFinder|AB194779.1	L	
C2|rmtD|rmt-4_10|EMV|ResFinder|DQ914960.1	rmt	E	M	V	ResFinder	C1|rmtD|rmt-4_10|ECV|ResFinder|DQ914960.1	L	
C2|rmtE|rmt-5_2|EMV|ResFinder|GU201947.1	rmt	E	M	V	ResFinder	C1|rmtE|rmt-5_2|ECV|ResFinder|GU201947.1	L	
C2|ant(9)-Ia|ant-14_1|EMV|ResFinder|X02588.1	ant	E	M	V	ResFinder	C1|ant(9)-Ia|ant-14_1|ECV|ResFinder|X02588.1	L	
C2|str1/str2|misc-319_2|EMV|ResFinder|X92946.1	misc	E	M	V	ResFinder	C1|str1/str2|unc-319_2|ECV|ResFinder|X92946.1	L	
C2|aac(3)-VIa|aac3-23_1|EMV|ResFinder|NC.009838	aac3	E	M	V	ResFinder	C1|aac(3)-VIa|aac3-23_1|ECV|ResFinder|NC.009838	L	
C2|ant(9)-I|ant-15_2|EMV|ResFinder|M69221.1	ant	E	M	V	ResFinder	C1|ant(9)-I|ant-15_2|ECV|ResFinder|M69221.1	L	
C2|aac(6')-Ii|aac6p-30_1|ECV|ResFinder|L12710.1	aac6p	E	C	V	ResFinder	C1|aac(6')-Ii|aac6p-30_1|ECV|ResFinder|L12710.1	L	
C2|aac(3)-XI|aac3-24_1|EMV|ResFinder|CTEG01000046.1	aac3	E	M	V	ResFinder	C1|aac(3)-XI|aac3-24_1|ECV|ResFinder|CTEG01000046.1	L	
C2|aac(3)-VIII|aac3-20_2|ECV|ResFinder|AB211959.1	aac3	E	C	V	ResFinder	C1|aac(3)-VIII|aac3-20_2|ECV|ResFinder|AB211959.1	L	
C2|kmr|misc-300_1|ECV|ResFinder|ENA.ACB88605	misc	E	C	V	ResFinder	C1|kmr|unc-300_1|ECV|ResFinder|ENA.ACB88605	L	
C2|grdA|misc-294_1|EMV|ResFinder|QJX10702.1	misc	E	M	V	ResFinder	C1|grdA|unc-294_1|ECV|ResFinder|QJX10702.1	L	
C2|gar|misc-269_1|ECV|ResFinder|NG.070891	misc	E	C	V	ResFinder	C1|gar|unc-269_1|ECV|ResFinder|NG.070891	L	
C2|blaOXA-347|blaD2-60_1|EMV|ResFinder|ACWG01000053.1	blaD2	E	M	V	ResFinder	C1|blaOXA-347|blaD2-60_1|ECV|ResFinder|ACWG01000053.1	L	
C2|blaOXA|blaD1-19_5|ECV|ResFinder|JX306689.1	blaD1	E	C	V	ResFinder	C1|blaOXA|blaD1-19_5|ECV|ResFinder|JX306689.1	L	
C2|blaOXA|blaD1-20_13|EMV|ResFinder|AB901044.1	blaD1	E	M	V	ResFinder	C1|blaOXA|blaD1-20_13|ECV|ResFinder|AB901044.1	L	
C2|blaOXA|blaD2-64_100|ECV|ResFinder|AY306133.1	blaD2	E	C	V	ResFinder	C1|blaOXA|blaD2-64_100|ECV|ResFinder|AY306133.1	L	
C2|blaOXA|blaD2-65_8|EMV|ResFinder|KM087865.1	blaD2	E	M	V	ResFinder	C1|blaOXA|blaD2-65_8|ECV|ResFinder|KM087865.1	L	
C2|blaOXA|blaD2-66_1|EMV|ResFinder|KJ584918.1	blaD2	E	M	V	ResFinder	C1|blaOXA|blaD2-66_1|ECV|ResFinder|KJ584918.1	L	
C2|blaOXA|blaD2-69_14|EMV|ResFinder|KP410856.1	blaD2	E	M	V	ResFinder	C1|blaOXA|blaD2-69_14|ECV|ResFinder|KP410856.1	L	
C2|blaOXA|blaD1-23_3|ECV|ResFinder|LC030178.1	blaD1	E	C	V	ResFinder	C1|blaOXA|blaD1-23_3|ECV|ResFinder|LC030178.1	L	
C2|blaOXA|blaD2-70_4|ECV|ResFinder|CP010800.1	blaD2	E	C	V	ResFinder	C1|blaOXA|blaD2-70_4|ECV|ResFinder|CP010800.1	L	
C2|blaOXA|blaD2-73_37|ECV|ResFinder|KR061502.1	blaD2	E	C	V	ResFinder	C1|blaOXA|blaD2-73_37|ECV|ResFinder|KR061502.1	L	
C2|blaOXA|blaD2-74_4|ECV|ResFinder|KU721146.1	blaD2	E	C	V	ResFinder	C1|blaOXA|blaD2-74_4|ECV|ResFinder|KU721146.1	L	
C2|blaOXA|blaD2-77_15|ECV|ResFinder|KR182163.1	blaD2	E	C	V	ResFinder	C1|blaOXA|blaD2-77_15|ECV|ResFinder|KR182163.1	L	
C2|blaOXA|blaD2-78_3|ECV|ResFinder|KU739135.1	blaD2	E	C	V	ResFinder	C1|blaOXA|blaD2-78_3|ECV|ResFinder|KU739135.1	L	
C2|blaOXA|blaD2-79_2|EMV|ResFinder|KT200608.1	blaD2	E	M	V	ResFinder	C1|blaOXA|blaD2-79_2|ECV|ResFinder|KT200608.1	L	
C2|blaOXA|blaD2-84_2|EMV|ResFinder|KY094077.1	blaD2	E	M	V	ResFinder	C1|blaOXA|blaD2-84_2|ECV|ResFinder|KY094077.1	L	
C2|blaOXA|blaD1-21_2|EMV|ResFinder|KX827604.1	blaD1	E	M	V	ResFinder	C1|blaOXA|blaD1-21_2|ECV|ResFinder|KX827604.1	L	
C2|blaNDM|blaB1-67_1|EMV|ResFinder|KY503030.1	blaB1	E	M	V	ResFinder	C1|blaNDM|blaB1-67_1|ECV|ResFinder|KY503030.1	L	
C2|blaSGM|blaA-119_2|ECV|ResFinder|NG050614.1	blaA	E	C	V	ResFinder	C1|blaSGM|blaA-119_2|ECV|ResFinder|NG050614.1	L	
C2|blaL|blaA-100_2|ECV|ResFinder|NG050597.1	blaA	E	C	V	ResFinder	C1|blaL|blaA-100_2|ECV|ResFinder|NG050597.1	L	
C2|blaVH|blaA-128_1|ECV|ResFinder|AF217648.1	blaA	E	C	V	ResFinder	C1|blaVH|blaA-128_1|ECV|ResFinder|AF217648.1	L	
C2|blaSRT/blaSST|blaC-44_5|ECV|ResFinder|AB008455.1	blaC	E	C	V	ResFinder	C1|blaSRT/blaSST|blaC-44_5|ECV|ResFinder|AB008455.1	L	
C2|blaSPU/blaCSP|blaA-122_3|ECV|ResFinder|GQ919044.1	blaA	E	C	V	ResFinder	C1|blaSPU/blaCSP|blaA-122_3|ECV|ResFinder|GQ919044.1	L	
C2|blaSPG-1|blaB3-48_1|ECV|ResFinder|KP109680.1	blaB3	E	C	V	ResFinder	C1|blaSPG-1|blaB3-48_1|ECV|ResFinder|KP109680.1	L	
C2|blaSCO-1|blaA-113_1|EMV|ResFinder|EF063111.1	blaA	E	M	V	ResFinder	C1|blaSCO-1|blaA-113_1|ECV|ResFinder|EF063111.1	L	
C2|blaPLA/blaORN|blaA-109_13|ECV|ResFinder|DQ251478.1	blaA	E	C	V	ResFinder	C1|blaPLA/blaORN|blaA-109_13|ECV|ResFinder|DQ251478.1	L	
C2|blaPEDO-3|blaB1-68_1|ECV|ResFinder|KP109679.1	blaB1	E	C	V	ResFinder	C1|blaPEDO-3|blaB1-68_1|ECV|ResFinder|KP109679.1	L	
C2|blaPEDO-1|blaB3-45_1|ECV|ResFinder|KP109677.1	blaB3	E	C	V	ResFinder	C1|blaPEDO-1|blaB3-45_1|ECV|ResFinder|KP109677.1	L	
C2|blaOXA|blaD2-75_19|ECV|ResFinder|KR061501.1	blaD2	E	C	V	ResFinder	C1|blaOXA|blaD2-75_19|ECV|ResFinder|KR061501.1	L	
C2|blaOXA|blaD2-71_10|ECV|ResFinder|KR061496.1	blaD2	E	C	V	ResFinder	C1|blaOXA|blaD2-71_10|ECV|ResFinder|KR061496.1	L	
C2|blaOXA|blaD2-59_3|ECV|ResFinder|APPN01000080.1	blaD2	E	C	V	ResFinder	C1|blaOXA|blaD2-59_3|ECV|ResFinder|APPN01000080.1	L	
C2|blaOXA-299|blaD2-54_1|ECV|ResFinder|APQD01000016.1	blaD2	E	C	V	ResFinder	C1|blaOXA-299|blaD2-54_1|ECV|ResFinder|APQD01000016.1	L	
C2|blaOXA|blaD2-53_2|ECV|ResFinder|APSA01000003.1	blaD2	E	C	V	ResFinder	C1|blaOXA|blaD2-53_2|ECV|ResFinder|APSA01000003.1	L	
C2|blaVCC-1|blaA-126_1|EMV|ResFinder|KT818596.1	blaA	E	M	V	ResFinder	C1|blaVCC-1|blaA-126_1|ECV|ResFinder|KT818596.1	L	
C2|blaPAM|blaB3-44_4|ECV|ResFinder|AB858498.1	blaB3	E	C	V	ResFinder	C1|blaPAM|blaB3-44_4|ECV|ResFinder|AB858498.1	L	
C2|blaTMB|blaB1-71_2|EMV|ResFinder|FR771847.1	blaB1	E	M	V	ResFinder	C1|blaTMB|blaB1-71_2|ECV|ResFinder|FR771847.1	L	
C2|blaACC|blaC-30_8|EMV|ResFinder|AF180952.1	blaC	E	M	V	ResFinder	C1|blaACC|blaC-30_8|ECV|ResFinder|AF180952.1	L	
C2|blaBEL|blaA-65_4|EMV|ResFinder|DQ089809.1	blaA	E	M	V	ResFinder	C1|blaBEL|blaA-65_4|ECV|ResFinder|DQ089809.1	L	
C2|cepA|blaA-134_6|ECV|ResFinder|L13472.1	blaA	E	C	V	ResFinder	C1|cepA|blaA-134_6|ECV|ResFinder|L13472.1	L	
C2|blaCMY|blaC-37_5|EMV|ResFinder|AY743434.1	blaC	E	M	V	ResFinder	C1|blaCMY|blaC-37_5|ECV|ResFinder|AY743434.1	L	
C2|blaDHA|blaC-39_35|EMV|ResFinder|Y16410.1	blaC	E	M	V	ResFinder	C1|blaDHA|blaC-39_35|ECV|ResFinder|Y16410.1	L	
C2|blaFONA|blaA-88_14|EMV|ResFinder|AJ251244.1	blaA	E	M	V	ResFinder	C1|blaFONA|blaA-88_14|ECV|ResFinder|AJ251244.1	L	
C2|blaFOX|blaC-40_19|EMV|ResFinder|X77455.1	blaC	E	M	V	ResFinder	C1|blaFOX|blaC-40_19|ECV|ResFinder|X77455.1	L	
C2|blaGMB-1|blaB1-49_1|ECV|ResFinder|MZ215787.1	blaB1	E	C	V	ResFinder	C1|blaGMB-1|blaB1-49_1|ECV|ResFinder|MZ215787.1	L	
C2|blaGOB|blaB3-40_8|ECV|ResFinder|AY647248.1	blaB3	E	C	V	ResFinder	C1|blaGOB|blaB3-40_8|ECV|ResFinder|AY647248.1	L	
C2|blaHERA|blaA-93_7|EMV|ResFinder|AF311385.1	blaA	E	M	V	ResFinder	C1|blaHERA|blaA-93_7|ECV|ResFinder|AF311385.1	L	
C2|blaIND|blaB1-60_8|ECV|ResFinder|AF219127.1	blaB1	E	C	V	ResFinder	C1|blaIND|blaB1-60_8|ECV|ResFinder|AF219127.1	L	
C2|blaLEN|blaA-98_1|EMV|ResFinder|AY130286.1	blaA	E	M	V	ResFinder	C1|blaLEN|blaA-98_1|ECV|ResFinder|AY130286.1	L	
C2|blaMAL/blaCKO|blaA-101_3|ECV|ResFinder|AJ277209.1	blaA	E	C	V	ResFinder	C1|blaMAL/blaCKO|blaA-101_3|ECV|ResFinder|AJ277209.1	L	
C2|blaMOX|blaC-41_9|EMV|ResFinder|GQ152600.1	blaC	E	M	V	ResFinder	C1|blaMOX|blaC-41_9|ECV|ResFinder|GQ152600.1	L	
C2|blaOCH|blaC-42_8|ECV|ResFinder|AJ295340.1	blaC	E	C	V	ResFinder	C1|blaOCH|blaC-42_8|ECV|ResFinder|AJ295340.1	L	
C2|blaOXA|blaD2-90_8|ECV|ResFinder|AY066004.1	blaD2	E	C	V	ResFinder	C1|blaOXA|blaD2-90_8|ECV|ResFinder|AY066004.1	L	
C2|blaOXA|blaD2-86_3|EMV|ResFinder|AF347074.1	blaD2	E	M	V	ResFinder	C1|blaOXA|blaD2-86_3|ECV|ResFinder|AF347074.1	L	
C2|blaOXA|blaD1-26_2|EMV|ResFinder|KQ089875.1	blaD1	E	M	V	ResFinder	C1|blaOXA|blaD1-26_2|ECV|ResFinder|KQ089875.1	L	
C2|blaOXA-18|blaD1-15_1|ECV|ResFinder|U85514.1	blaD1	E	C	V	ResFinder	C1|blaOXA-18|blaD1-15_1|ECV|ResFinder|U85514.1	L	
C2|blaOXA-29|blaD1-18_1|EMV|ResFinder|AJ400619.1	blaD1	E	M	V	ResFinder	C1|blaOXA-29|blaD1-18_1|ECV|ResFinder|AJ400619.1	L	
C2|blaOXA|blaD1-22_4|ECV|ResFinder|AJ488302.1	blaD1	E	C	V	ResFinder	C1|blaOXA|blaD1-22_4|ECV|ResFinder|AJ488302.1	L	
C2|blaOXA-45|blaD1-25_1|ECV|ResFinder|AJ519683.1	blaD1	E	C	V	ResFinder	C1|blaOXA-45|blaD1-25_1|ECV|ResFinder|AJ519683.1	L	
C2|blaOXA|blaD2-81_4|EMV|ResFinder|AY288523.1	blaD2	E	M	V	ResFinder	C1|blaOXA|blaD2-81_4|ECV|ResFinder|AY288523.1	L	
C2|blaOXA-60|blaD2-87_4|ECV|ResFinder|AF525303.1	blaD2	E	C	V	ResFinder	C1|blaOXA-60|blaD2-87_4|ECV|ResFinder|AF525303.1	L	
C2|blaOXA-85|blaD2-89_1|ECV|ResFinder|JANA01000064.1	blaD2	E	C	V	ResFinder	C1|blaOXA-85|blaD2-89_1|ECV|ResFinder|JANA01000064.1	L	
C2|blaOXA-198|blaD2-40_1|EMV|ResFinder|HQ634775.1	blaD2	E	M	V	ResFinder	C1|blaOXA-198|blaD2-40_1|ECV|ResFinder|HQ634775.1	L	
C2|blaOXA|blaD2-44_7|ECV|ResFinder|JN861782.1	blaD2	E	C	V	ResFinder	C1|blaOXA|blaD2-44_7|ECV|ResFinder|JN861782.1	L	
C2|blaOXA|blaD2-63_3|ECV|ResFinder|KJ746496.1	blaD2	E	C	V	ResFinder	C1|blaOXA|blaD2-63_3|ECV|ResFinder|KJ746496.1	L	
C2|blaPDC/blaPAO|blaC-43_563|EMV|ResFinder|AY083595.1	blaC	E	M	V	ResFinder	C1|blaPDC/blaPAO|blaC-43_563|ECV|ResFinder|AY083595.1	L	
C2|blaPER|blaA-107_15|EMV|ResFinder|GU944725.1	blaA	E	M	V	ResFinder	C1|blaPER|blaA-107_15|ECV|ResFinder|GU944725.1	L	
C2|blaROB|blaA-112_13|EMV|ResFinder|DQ840517.1	blaA	E	M	V	ResFinder	C1|blaROB|blaA-112_13|ECV|ResFinder|DQ840517.1	L	
C2|blaTEM|blaA-123_187|EMV|ResFinder|AF047171.1	blaA	E	M	V	ResFinder	C1|blaTEM|blaA-123_187|ECV|ResFinder|AF047171.1	L	
C2|blaVEB|blaA-127_38|EMV|ResFinder|HM370393.1	blaA	E	M	V	ResFinder	C1|blaVEB|blaA-127_38|ECV|ResFinder|HM370393.1	L	
C2|blaSMB-1|blaB3-47_1|ECV|ResFinder|AB636283.1	blaB3	E	C	V	ResFinder	C1|blaSMB-1|blaB3-47_1|ECV|ResFinder|AB636283.1	L	
C2|blaNPS/blaLCR|blaD2-33_2|EMV|ResFinder|AY027589.1	blaD2	E	M	V	ResFinder	C1|blaNPS/blaLCR|blaD2-33_2|ECV|ResFinder|AY027589.1	L	
C2|blaFAR-1|blaA-86_1|ECV|ResFinder|AF024601.1	blaA	E	C	V	ResFinder	C1|blaFAR-1|blaA-86_1|ECV|ResFinder|AF024601.1	L	
C2|blaKHM-1|blaB1-65_1|EMV|ResFinder|AB364006.1	blaB1	E	M	V	ResFinder	C1|blaKHM-1|blaB1-65_1|ECV|ResFinder|AB364006.1	L	
C2|blaSIM|blaB1-69_2|EMV|ResFinder|JF731030.1	blaB1	E	M	V	ResFinder	C1|blaSIM|blaB1-69_2|ECV|ResFinder|JF731030.1	L	
C2|blaGIM|blaB1-48_2|EMV|ResFinder|JF414726.1	blaB1	E	M	V	ResFinder	C1|blaGIM|blaB1-48_2|ECV|ResFinder|JF414726.1	L	
C2|blaSPM-1|blaB1-70_1|ECV|ResFinder|AY341249.1	blaB1	E	C	V	ResFinder	C1|blaSPM-1|blaB1-70_1|ECV|ResFinder|AY341249.1	L	
C2|blaBES-1|blaA-66_1|EMV|ResFinder|AF234999.1	blaA	E	M	V	ResFinder	C1|blaBES-1|blaA-66_1|ECV|ResFinder|AF234999.1	L	
C2|blaTLA|blaA-125_1|EMV|ResFinder|AF148067.1	blaA	E	M	V	ResFinder	C1|blaTLA|blaA-125_1|ECV|ResFinder|AF148067.1	L	
C2|hugA|blaA-137_1|ECV|ResFinder|AF324468.1	blaA	E	C	V	ResFinder	C1|hugA|blaA-137_1|ECV|ResFinder|AF324468.1	L	
C2|blaDIM-1|blaB1-46_1|EMV|ResFinder|GU323019.1	blaB1	E	M	V	ResFinder	C1|blaDIM-1|blaB1-46_1|ECV|ResFinder|GU323019.1	L	
C2|blaAER-1|blaA-62_1|ECV|ResFinder|U14748.1	blaA	E	C	V	ResFinder	C1|blaAER-1|blaA-62_1|ECV|ResFinder|U14748.1	L	
C2|blaBIC|blaA-67_2|ECV|ResFinder|GQ260093.1	blaA	E	C	V	ResFinder	C1|blaBIC|blaA-67_2|ECV|ResFinder|GQ260093.1	L	
C2|blaERP-1|blaA-85_1|ECV|ResFinder|AY077733.1	blaA	E	C	V	ResFinder	C1|blaERP-1|blaA-85_1|ECV|ResFinder|AY077733.1	L	
C2|blaPME-1|blaA-110_1|ECV|ResFinder|HQ541434.1	blaA	E	C	V	ResFinder	C1|blaPME-1|blaA-110_1|ECV|ResFinder|HQ541434.1	L	
C2|blaJOHN-1|blaB1-64_1|ECV|ResFinder|AY028464.1	blaB1	E	C	V	ResFinder	C1|blaJOHN-1|blaB1-64_1|ECV|ResFinder|AY028464.1	L	
C2|blaEBR|blaB1-47_4|ECV|ResFinder|AF416700.1	blaB1	E	C	V	ResFinder	C1|blaEBR|blaB1-47_4|ECV|ResFinder|AF416700.1	L	
C2|blaTUS-1|blaB1-72_1|ECV|ResFinder|AF441287.1	blaB1	E	C	V	ResFinder	C1|blaTUS-1|blaB1-72_1|ECV|ResFinder|AF441287.1	L	
C2|blaACI-1|blaA-61_7|ECV|ResFinder|AJ007350.1	blaA	E	C	V	ResFinder	C1|blaACI-1|blaA-61_7|ECV|ResFinder|AJ007350.1	L	
C2|blaAST-1|blaA-63_2|ECV|ResFinder|AF279904.1	blaA	E	C	V	ResFinder	C1|blaAST-1|blaA-63_2|ECV|ResFinder|AF279904.1	L	
C2|blaCME|blaA-76_3|ECV|ResFinder|AJ006275.1	blaA	E	C	V	ResFinder	C1|blaCME|blaA-76_3|ECV|ResFinder|AJ006275.1	L	
C2|blaDES-1|blaA-84_1|ECV|ResFinder|AF426161.1	blaA	E	C	V	ResFinder	C1|blaDES-1|blaA-84_1|ECV|ResFinder|AF426161.1	L	
C2|blaLUT|blaA-99_6|EMV|ResFinder|AY695112.1	blaA	E	M	V	ResFinder	C1|blaLUT|blaA-99_6|ECV|ResFinder|AY695112.1	L	
C2|penA|misc-311_1|ECV|ResFinder|AF515059.1	misc	E	C	V	ResFinder	C1|penA|unc-311_1|ECV|ResFinder|AF515059.1	L	
C2|imiS/cphA|blaB1-79_1|ECV|ResFinder|Y10415.1	blaB1	E	C	V	ResFinder	C1|imiS/cphA|blaB1-79_1|ECV|ResFinder|Y10415.1	L	
C2|blaADC|blaC-35_324|EMV|ResFinder|EF016355.1	blaC	E	M	V	ResFinder	C1|blaADC|blaC-35_324|ECV|ResFinder|EF016355.1	L	
C2|blaA|blaA-64_2|ECV|ResFinder|DQ424965.1	blaA	E	C	V	ResFinder	C1|blaA|blaA-64_2|ECV|ResFinder|DQ424965.1	L	
C2|blaB|blaB1-41_14|ECV|ResFinder|AF189300.1	blaB1	E	C	V	ResFinder	C1|blaB|blaB1-41_14|ECV|ResFinder|AF189300.1	L	
C2|blaL1|blaB3-42_1|ECV|ResFinder|EF126059.1	blaB3	E	C	V	ResFinder	C1|blaL1|blaB3-42_1|ECV|ResFinder|EF126059.1	L	
C2|blaZ|blaA-133_1|ECV|ResFinder|HE993884.1	blaA	E	C	V	ResFinder	C1|blaZ|blaA-133_1|ECV|ResFinder|HE993884.1	L	
C2|blaZ/blaBCLII|blaA-130_2|EMV|ResFinder|M15195.1	blaA	E	M	V	ResFinder	C1|blaZ/blaBCLII|blaA-130_2|ECV|ResFinder|M15195.1	L	
C2|cfiA|blaB1-78_24|EMV|ResFinder|AB087225.1	blaB1	E	M	V	ResFinder	C1|cfiA|blaB1-78_24|ECV|ResFinder|AB087225.1	L	
C2|cfxA6|blaA-135_5|EMV|ResFinder|GQ342996.1	blaA	E	M	V	ResFinder	C1|cfxA6|blaA-135_5|ECV|ResFinder|GQ342996.1	L	
C2|blaIMP|blaB1-56_1|EMV|ResFinder|JX131372.1	blaB1	E	M	V	ResFinder	C1|blaIMP|blaB1-56_1|ECV|ResFinder|JX131372.1	L	
C2|blaGES|blaA-92_66|EMV|ResFinder|HQ170511.1	blaA	E	M	V	ResFinder	C1|blaGES|blaA-92_66|ECV|ResFinder|HQ170511.1	L	
C2|blaIMI|blaA-102_21|EMV|ResFinder|DQ173429.1	blaA	E	M	V	ResFinder	C1|blaIMI|blaA-102_21|ECV|ResFinder|DQ173429.1	L	
C2|blaSFC|blaA-115_2|ECV|ResFinder|AY354402.1	blaA	E	C	V	ResFinder	C1|blaSFC|blaA-115_2|ECV|ResFinder|AY354402.1	L	
C2|blaSME|blaA-121_5|ECV|ResFinder|Z28968.1	blaA	E	C	V	ResFinder	C1|blaSME|blaA-121_5|ECV|ResFinder|Z28968.1	L	
C2|blaBRO|blaA-69_2|ECV|ResFinder|Z54180.1	blaA	E	C	V	ResFinder	C1|blaBRO|blaA-69_2|ECV|ResFinder|Z54180.1	L	
C2|blaBKC|blaA-68_3|EMV|ResFinder|KP689347.1	blaA	E	M	V	ResFinder	C1|blaBKC|blaA-68_3|ECV|ResFinder|KP689347.1	L	
C2|blaOXA-296|blaD2-52_1|ECV|ResFinder|APOH01000009.1	blaD2	E	C	V	ResFinder	C1|blaOXA-296|blaD2-52_1|ECV|ResFinder|APOH01000009.1	L	
C2|blaOXA|blaD2-47_5|ECV|ResFinder|APPJ01000001.1	blaD2	E	C	V	ResFinder	C1|blaOXA|blaD2-47_5|ECV|ResFinder|APPJ01000001.1	L	
C2|blaOXA|blaD2-45_2|ECV|ResFinder|APPO01000008.1	blaD2	E	C	V	ResFinder	C1|blaOXA|blaD2-45_2|ECV|ResFinder|APPO01000008.1	L	
C2|blaOXA-1|blaD2-36_6|ECV|ResFinder|KP771983.1	blaD2	E	C	V	ResFinder	C1|blaOXA-1|blaD2-36_6|ECV|ResFinder|KP771983.1	L	
C2|mecA|mec-3_10|EMV|ResFinder|NC.002745	mec	E	M	V	ResFinder	C1|mecA|mec-3_10|ECV|ResFinder|NC.002745	L	
C2|mecC|mec-5_4|ECV|ResFinder|KF955540.1	mec	E	C	V	ResFinder	C1|mecC|mec-5_4|ECV|ResFinder|KF955540.1	L	
C2|mecB|mec-4_1|EMV|ResFinder|NC.011996	mec	E	M	V	ResFinder	C1|mecB|mec-4_1|ECV|ResFinder|NC.011996	L	
C2|mecD|mec-6_1|ECV|ResFinder|KY013611.1	mec	E	C	V	ResFinder	C1|mecD|mec-6_1|ECV|ResFinder|KY013611.1	L	
C2|blaOXA-5|blaD2-85_2|EMV|ResFinder|KY682753.1	blaD2	E	M	V	ResFinder	C1|blaOXA-5|blaD2-85_2|ECV|ResFinder|KY682753.1	L	
C2|blaOXA|blaD2-49_1|ECV|ResFinder|APPZ01000001.1	blaD2	E	C	V	ResFinder	C1|blaOXA|blaD2-49_1|ECV|ResFinder|APPZ01000001.1	L	
C2|blaZ|blaA-132_1|EMV|ResFinder|JDXN01000019.1	blaA	E	M	V	ResFinder	C1|blaZ|blaA-132_1|ECV|ResFinder|JDXN01000019.1	L	
C2|blaVIM|blaB1-74_1|EMV|ResFinder|KY362199.1	blaB1	E	M	V	ResFinder	C1|blaVIM|blaB1-74_1|ECV|ResFinder|KY362199.1	L	
C2|blaKPC|blaA-96_24|EMV|ResFinder|KU985429.1	blaA	E	M	V	ResFinder	C1|blaKPC|blaA-96_24|ECV|ResFinder|KU985429.1	L	
C2|blaCTX-M-151|blaA-78_1|ECV|ResFinder|AB916359.1	blaA	E	C	V	ResFinder	C1|blaCTX-M-151|blaA-78_1|ECV|ResFinder|AB916359.1	L	
C2|blaCARB|blaA-70_9|EMV|ResFinder|AF313471.1	blaA	E	M	V	ResFinder	C1|blaCARB|blaA-70_9|ECV|ResFinder|AF313471.1	L	
C2|blaCARB|blaA-74_8|EMV|ResFinder|AF135373.1	blaA	E	M	V	ResFinder	C1|blaCARB|blaA-74_8|ECV|ResFinder|AF135373.1	L	
C2|blaLAP|blaA-97_2|EMV|ResFinder|EF026092.1	blaA	E	M	V	ResFinder	C1|blaLAP|blaA-97_2|ECV|ResFinder|EF026092.1	L	
C2|blaVMB-1|blaB1-76_1|EMV|ResFinder|MN719868.1	blaB1	E	M	V	ResFinder	C1|blaVMB-1|blaB1-76_1|ECV|ResFinder|MN719868.1	L	
C2|blaVMB-2|blaB1-77_1|EMV|ResFinder|MN865127.1	blaB1	E	M	V	ResFinder	C1|blaVMB-2|blaB1-77_1|ECV|ResFinder|MN865127.1	L	
C2|blaLMB-1|blaB3-43_1|EMV|ResFinder|MH475146.1	blaB3	E	M	V	ResFinder	C1|blaLMB-1|blaB3-43_1|ECV|ResFinder|MH475146.1	L	
C2|blaPAU-1|blaA-106_1|EMV|ResFinder|MH053445.1	blaA	E	M	V	ResFinder	C1|blaPAU-1|blaA-106_1|ECV|ResFinder|MH053445.1	L	
C2|mcr1|mcr-3_1|EMV|ResFinder|KY853650.1	mcr	E	M	V	ResFinder	C1|mcr1|mcr-3_1|ECV|ResFinder|KY853650.1	L	
C2|mcr3|mcr-6_20|EMV|ResFinder|KY924928.1	mcr	E	M	V	ResFinder	C1|mcr3|mcr-6_20|ECV|ResFinder|KY924928.1	L	
C2|mcr3|mcr-8_21|EMV|ResFinder|MF495680.1	mcr	E	M	V	ResFinder	C1|mcr3|mcr-8_21|ECV|ResFinder|MF495680.1	L	
C2|mcr4|mcr-9_15|EMV|ResFinder|MF543359.1	mcr	E	M	V	ResFinder	C1|mcr4|mcr-9_15|ECV|ResFinder|MF543359.1	L	
C2|mcr5|mcr-10_4|EMV|ResFinder|KY807921.1	mcr	E	M	V	ResFinder	C1|mcr5|mcr-10_4|ECV|ResFinder|KY807921.1	L	
C2|mcr7.1|mcr-12_1|EMV|ResFinder|MG267386.1	mcr	E	M	V	ResFinder	C1|mcr7.1|mcr-12_1|ECV|ResFinder|MG267386.1	L	
C2|mcr8|mcr-13_5|EMV|ResFinder|MG736312.1	mcr	E	M	V	ResFinder	C1|mcr8|mcr-13_5|ECV|ResFinder|MG736312.1	L	
C2|fosB|fos-10_3|ECV|ResFinder|CP001903.1	fos	E	C	V	ResFinder	C1|fosB|fos-10_3|ECV|ResFinder|CP001903.1	L	
C2|fosX|fos-23_1|ECV|ResFinder|AP010904.1	fos	E	C	V	ResFinder	C1|fosX|fos-23_1|ECV|ResFinder|AP010904.1	L	
C2|fos|fos-28_1|EMV|ResFinder|ACCV01000052.1	fos	E	M	V	ResFinder	C1|fos|fos-28_1|ECV|ResFinder|ACCV01000052.1	L	
C2|fosB|fos-12_6|EMV|ResFinder|HQ219726.1	fos	E	M	V	ResFinder	C1|fosB|fos-12_6|ECV|ResFinder|HQ219726.1	L	
C2|fosB2|fos-11_1|EMV|ResFinder|AE016879.1	fos	E	M	V	ResFinder	C1|fosB2|fos-11_1|ECV|ResFinder|AE016879.1	L	
C2|fosA|fos-6_5|EMV|ResFinder|EU195449.1	fos	E	M	V	ResFinder	C1|fosA|fos-6_5|ECV|ResFinder|EU195449.1	L	
C2|fosA|fos-4_3|EMV|ResFinder|EU487198.1	fos	E	M	V	ResFinder	C1|fosA|fos-4_3|ECV|ResFinder|EU487198.1	L	
C2|fosX|fos-24_2|EMV|ResFinder|AL591981.1	fos	E	M	V	ResFinder	C1|fosX|fos-24_2|ECV|ResFinder|AL591981.1	L	
C2|fosK|fos-21_1|ECV|ResFinder|AB917040.1	fos	E	C	V	ResFinder	C1|fosK|fos-21_1|ECV|ResFinder|AB917040.1	L	
C2|fosX|fos-25_1|EMV|ResFinder|CP003505.1	fos	E	M	V	ResFinder	C1|fosX|fos-25_1|ECV|ResFinder|CP003505.1	L	
C2|fosX|fos-26_1|ECV|ResFinder|DQ342344.1	fos	E	C	V	ResFinder	C1|fosX|fos-26_1|ECV|ResFinder|DQ342344.1	L	
C2|fosG|fos-20_2|EMV|ResFinder|DQ112222.1	fos	E	M	V	ResFinder	C1|fosG|fos-20_2|ECV|ResFinder|DQ112222.1	L	
C2|fosC|fos-15_1|ECV|ResFinder|Z33413.1	fos	E	C	V	ResFinder	C1|fosC|fos-15_1|ECV|ResFinder|Z33413.1	L	
C2|fosA|fos-9_1|EMV|ResFinder|ACWU01000146.1	fos	E	M	V	ResFinder	C1|fosA|fos-9_1|ECV|ResFinder|ACWU01000146.1	L	
C2|fomB|misc-291_1|ECV|ResFinder|AB016934.1	misc	E	C	V	ResFinder	C1|fomB|unc-291_1|ECV|ResFinder|AB016934.1	L	
C2|fomA|misc-290_1|ECV|ResFinder|AB016934.1	misc	E	C	V	ResFinder	C1|fomA|unc-290_1|ECV|ResFinder|AB016934.1	L	
C2|fosL1|fos-22_1|EMV|ResFinder|MN464149.1	fos	E	M	V	ResFinder	C1|fosL1|fos-22_1|ECV|ResFinder|MN464149.1	L	
C2|fosY|fos-27_1|EMV|ResFinder|MN961674.1	fos	E	M	V	ResFinder	C1|fosY|fos-27_1|ECV|ResFinder|MN961674.1	L	
C2|fusB|misc-292_2|EMV|ResFinder|AY373761.1	misc	E	M	V	ResFinder	C1|fusB|unc-292_2|ECV|ResFinder|AY373761.1	L	
C2|fusC|misc-293_1|ECV|ResFinder|KF527883.1	misc	E	C	V	ResFinder	C1|fusC|unc-293_1|ECV|ResFinder|KF527883.1	L	
C2|vanHAX|van-53_5|EMV|ResFinder|FJ866609.2	van	E	M	V	ResFinder	C1|vanHAX|van-53_5|ECV|ResFinder|FJ866609.2	L	
C2|vanHAX|van-54_3|EMV|ResFinder|FJ866609.3	van	E	M	V	ResFinder	C1|vanHAX|van-54_3|ECV|ResFinder|FJ866609.3	L	
C2|vanHAX|van-55_1|EMV|ResFinder|1.NoAcc	van	E	M	V	ResFinder	C1|vanHAX|van-55_1|ECV|ResFinder|1.NoAcc	L	
C2|vanHBX|van-60_2|EMV|ResFinder|AF192329.1	van	E	M	V	ResFinder	C1|vanHBX|van-60_2|ECV|ResFinder|AF192329.1	L	
C2|vanHDX|van-66_1|ECV|ResFinder|DQ172830.1	van	E	C	V	ResFinder	C1|vanHDX|van-66_1|ECV|ResFinder|DQ172830.1	L	
C2|vanHDX|van-67_1|ECV|ResFinder|DQ172830.2	van	E	C	V	ResFinder	C1|vanHDX|van-67_1|ECV|ResFinder|DQ172830.2	L	
C2|vanHDX|van-65_4|ECV|ResFinder|AF175293.3	van	E	C	V	ResFinder	C1|vanHDX|van-65_4|ECV|ResFinder|AF175293.3	L	
C2|vanE|van-48_1|ECV|ResFinder|AF136925.1	van	E	C	V	ResFinder	C1|vanE|van-48_1|ECV|ResFinder|AF136925.1	L	
C2|vanEXY|van-46_1|ECV|ResFinder|FJ872411.1	van	E	C	V	ResFinder	C1|vanEXY|van-46_1|ECV|ResFinder|FJ872411.1	L	
C2|vanEXY|van-47_1|ECV|ResFinder|FJ872411.2	van	E	C	V	ResFinder	C1|vanEXY|van-47_1|ECV|ResFinder|FJ872411.2	L	
C2|vanGXY|van-50_1|ECV|ResFinder|AY271782.1	van	E	C	V	ResFinder	C1|vanGXY|van-50_1|ECV|ResFinder|AY271782.1	L	
C2|vanG|van-51_2|ECV|ResFinder|AY271782.2	van	E	C	V	ResFinder	C1|vanG|van-51_2|ECV|ResFinder|AY271782.2	L	
C2|vanLXY|van-77_1|ECV|ResFinder|EU250284.1	van	E	C	V	ResFinder	C1|vanLXY|van-77_1|ECV|ResFinder|EU250284.1	L	
C2|vanLXY|van-78_1|ECV|ResFinder|EU250284.2	van	E	C	V	ResFinder	C1|vanLXY|van-78_1|ECV|ResFinder|EU250284.2	L	
C2|vanHMX|van-71_1|EMV|ResFinder|FJ349556.1	van	E	M	V	ResFinder	C1|vanHMX|van-71_1|ECV|ResFinder|FJ349556.1	L	
C2|vanNXY|van-79_1|ECV|ResFinder|JF802084.1	van	E	C	V	ResFinder	C1|vanNXY|van-79_1|ECV|ResFinder|JF802084.1	L	
C2|vanNXY|van-80_1|ECV|ResFinder|JF802084.2	van	E	C	V	ResFinder	C1|vanNXY|van-80_1|ECV|ResFinder|JF802084.2	L	
C2|vanHOX|van-74_1|ECV|ResFinder|KF478993.1	van	E	C	V	ResFinder	C1|vanHOX|van-74_1|ECV|ResFinder|KF478993.1	L	
C2|vanHOX|van-75_1|ECV|ResFinder|KF478993.2	van	E	C	V	ResFinder	C1|vanHOX|van-75_1|ECV|ResFinder|KF478993.2	L	
C2|vanHOX|van-76_1|ECV|ResFinder|KF478993.3	van	E	C	V	ResFinder	C1|vanHOX|van-76_1|ECV|ResFinder|KF478993.3	L	
C2|bleO|misc-275_1|EMV|ResFinder|AF051917.1	misc	E	M	V	ResFinder	C1|bleO|unc-275_1|ECV|ResFinder|AF051917.1	L	
C2|ere(D)|ere-3_1|EMV|ResFinder|KP265721.1	ere	E	M	V	ResFinder	C1|ere(D)|unc-285_1|ECV|ResFinder|KP265721.1	L	
C2|erm(A)|erm-32_1|EMV|ResFinder|X03216.1	erm	E	M	V	ResFinder	C1|erm(A)|erm-32_1|ECV|ResFinder|X03216.1	L	
C2|erm(B)|erm-35_1|EMV|ResFinder|X66468.1	erm	E	M	V	ResFinder	C1|erm(B)|erm-35_1|ECV|ResFinder|X66468.1	L	
C2|erm(C)|erm-36_7|EMV|ResFinder|Y09001.1	erm	E	M	V	ResFinder	C1|erm(C)|erm-36_7|ECV|ResFinder|Y09001.1	L	
C2|erm(D)|erm-37_3|EMV|ResFinder|M29832.1	erm	E	M	V	ResFinder	C1|erm(D)|erm-37_3|ECV|ResFinder|M29832.1	L	
C2|erm(E)|erm-38_2|ECV|ResFinder|X51891.1	erm	E	C	V	ResFinder	C1|erm(E)|erm-38_2|ECV|ResFinder|X51891.1	L	
C2|erm(F)|erm-39_3|EMV|ResFinder|M17808.1	erm	E	M	V	ResFinder	C1|erm(F)|erm-39_3|ECV|ResFinder|M17808.1	L	
C2|erm(G)|erm-40_2|EMV|ResFinder|M15332.1	erm	E	M	V	ResFinder	C1|erm(G)|erm-40_2|ECV|ResFinder|M15332.1	L	
C2|erm(H)|erm-41_1|ECV|ResFinder|M16503.1	erm	E	C	V	ResFinder	C1|erm(H)|erm-41_1|ECV|ResFinder|M16503.1	L	
C2|erm(N)|erm-42_1|ECV|ResFinder|X97721.1	erm	E	C	V	ResFinder	C1|erm(N)|erm-42_1|ECV|ResFinder|X97721.1	L	
C2|erm(N)|erm-43_1|ECV|ResFinder|MZ015744.1	erm	E	C	V	ResFinder	C1|erm(N)|erm-43_1|ECV|ResFinder|MZ015744.1	L	
C2|erm(O)|erm-44_1|ECV|ResFinder|M74717.1	erm	E	C	V	ResFinder	C1|erm(O)|erm-44_1|ECV|ResFinder|M74717.1	L	
C2|erm(Q)|erm-46_1|EMV|ResFinder|L22689.1	erm	E	M	V	ResFinder	C1|erm(Q)|erm-46_1|ECV|ResFinder|L22689.1	L	
C2|erm(S)|erm-48_2|ECV|ResFinder|M19269.1	erm	E	C	V	ResFinder	C1|erm(S)|erm-48_2|ECV|ResFinder|M19269.1	L	
C2|erm(T)|erm-50_1|EMV|ResFinder|AJ488494.1	erm	E	M	V	ResFinder	C1|erm(T)|erm-50_1|ECV|ResFinder|AJ488494.1	L	
C2|erm(V)|erm-52_1|ECV|ResFinder|U59450.1	erm	E	C	V	ResFinder	C1|erm(V)|erm-52_1|ECV|ResFinder|U59450.1	L	
C2|erm(X)|erm-54_1|EMV|ResFinder|M36726.1	erm	E	M	V	ResFinder	C1|erm(X)|erm-54_1|ECV|ResFinder|M36726.1	L	
C2|erm(Z)|erm-58_2|ECV|ResFinder|AM709783.1	erm	E	C	V	ResFinder	C1|erm(Z)|erm-58_2|ECV|ResFinder|AM709783.1	L	
C2|erm(30)|erm-9_1|ECV|ResFinder|AF079138.1	erm	E	C	V	ResFinder	C1|erm(30)|erm-9_1|ECV|ResFinder|AF079138.1	L	
C2|erm(31)|erm-10_1|ECV|ResFinder|AF079138.1	erm	E	C	V	ResFinder	C1|erm(31)|erm-10_1|ECV|ResFinder|AF079138.1	L	
C2|erm(32)|erm-11_1|ECV|ResFinder|AJ009971.1	erm	E	C	V	ResFinder	C1|erm(32)|erm-11_1|ECV|ResFinder|AJ009971.1	L	
C2|erm(32)|erm-12_1|ECV|ResFinder|AJ009971.2	erm	E	C	V	ResFinder	C1|erm(32)|erm-12_1|ECV|ResFinder|AJ009971.2	L	
C2|erm(34)|erm-14_1|ECV|ResFinder|AY234334.1	erm	E	C	V	ResFinder	C1|erm(34)|erm-14_1|ECV|ResFinder|AY234334.1	L	
C2|erm(36)|erm-16_1|EMV|ResFinder|AF462611.1	erm	E	M	V	ResFinder	C1|erm(36)|erm-16_1|ECV|ResFinder|AF462611.1	L	
C2|erm(38)|erm-18_2|ECV|ResFinder|AY154657.1	erm	E	C	V	ResFinder	C1|erm(38)|erm-18_2|ECV|ResFinder|AY154657.1	L	
C2|erm(40)|erm-20_2|ECV|ResFinder|AY570506.1	erm	E	C	V	ResFinder	C1|erm(40)|erm-20_2|ECV|ResFinder|AY570506.1	L	
C2|erm(41)|erm-21_2|ECV|ResFinder|EU177504.1	erm	E	C	V	ResFinder	C1|erm(41)|erm-21_2|ECV|ResFinder|EU177504.1	L	
C2|erm(42)|erm-22_1|EMV|ResFinder|AB601890.1	erm	E	M	V	ResFinder	C1|erm(42)|erm-22_1|ECV|ResFinder|AB601890.1	L	
C2|mef(A)|tran-40_1|EMV|ResFinder|AF227520.1	tran	E	M	V	ResFinder	C1|mef(A)|tran-40_1|ECV|ResFinder|AF227520.1	L	
C2|mef(B)|tran-42_1|EMV|ResFinder|FJ196385.1	tran	E	M	V	ResFinder	C1|mef(B)|tran-42_1|ECV|ResFinder|FJ196385.1	L	
C2|msr(A)|msr-1_2|EMV|ResFinder|X52085.1	msr	E	M	V	ResFinder	C1|msr(A)|msr-1_2|ECV|ResFinder|X52085.1	L	
C2|msr(C)|msr-2_2|ECV|ResFinder|AY004350.1	msr	E	C	V	ResFinder	C1|msr(C)|msr-2_2|ECV|ResFinder|AY004350.1	L	
C2|msr(D)|msr-3_2|EMV|ResFinder|AF274302.1	msr	E	M	V	ResFinder	C1|msr(D)|msr-3_2|ECV|ResFinder|AF274302.1	L	
C2|msr(E)|msr-4_3|EMV|ResFinder|FR751518.1	msr	E	M	V	ResFinder	C1|msr(E)|msr-4_3|ECV|ResFinder|FR751518.1	L	
C2|car(A)|misc-276_2|ECV|ResFinder|M80346.1	misc	E	C	V	ResFinder	C1|car(A)|unc-276_2|ECV|ResFinder|M80346.1	L	
C2|lmr(A)|misc-301_1|ECV|ResFinder|X59926.1	misc	E	C	V	ResFinder	C1|lmr(A)|unc-301_1|ECV|ResFinder|X59926.1	L	
C2|ole(B)|misc-306_1|ECV|ResFinder|L36601.1	misc	E	C	V	ResFinder	C1|ole(B)|unc-306_1|ECV|ResFinder|L36601.1	L	
C2|ole(C)|misc-307_2|ECV|ResFinder|L06249.1	misc	E	C	V	ResFinder	C1|ole(C)|unc-307_2|ECV|ResFinder|L06249.1	L	
C2|tlr(C)|misc-322_1|ECV|ResFinder|M57437.1	misc	E	C	V	ResFinder	C1|tlr(C)|unc-322_1|ECV|ResFinder|M57437.1	L	
C2|lsa(B)|lsa-2_1|EMV|ResFinder|AJ579365.1	lsa	E	M	V	ResFinder	C1|lsa(B)|lsa-2_1|ECV|ResFinder|AJ579365.1	L	
C2|lsa(C)|lsa-3_1|ECV|ResFinder|HM990671.1	lsa	E	C	V	ResFinder	C1|lsa(C)|lsa-3_1|ECV|ResFinder|HM990671.1	L	
C2|vga(B)|vga-3_1|ECV|ResFinder|U82085.1	vga	E	C	V	ResFinder	C1|vga(B)|vga-3_1|ECV|ResFinder|U82085.1	L	
C2|ere(B)|ere-2_2|EMV|ResFinder|X03988.1	ere	E	M	V	ResFinder	C1|ere(B)|unc-284_2|ECV|ResFinder|X03988.1	L	
C2|vgb(A)|vgb-1_1|EMV|ResFinder|M20129.1	vgb	E	M	V	ResFinder	C1|vgb(A)|vgb-XXX_1|EMV|ResFinder|M20129.1	L	
C2|vgb(B)|vgb-2_1|ECV|ResFinder|AF015628.1	vgb	E	C	V	ResFinder	C1|vgb(B)|vgb-XXX_2|ECV|ResFinder|AF015628.1	L	
C2|lnu(B)|lnu-3_2|EMV|ResFinder|AJ238249.1	lnu	E	M	V	ResFinder	C1|lnu(B)|lnu-3_2|ECV|ResFinder|AJ238249.1	L	
C2|lnu(C)|lnu-4_1|EMV|ResFinder|AY928180.1	lnu	E	M	V	ResFinder	C1|lnu(C)|lnu-4_1|ECV|ResFinder|AY928180.1	L	
C2|lnu(D)|lnu-5_1|ECV|ResFinder|EF452177.1	lnu	E	C	V	ResFinder	C1|lnu(D)|lnu-5_1|ECV|ResFinder|EF452177.1	L	
C2|lnu(F)|lnu-7_3|EMV|ResFinder|EU118119.1	lnu	E	M	V	ResFinder	C1|lnu(F)|lnu-7_3|ECV|ResFinder|EU118119.1	L	
C2|vat(A)|vat-1_2|ECV|ResFinder|L07778.1	vat	E	C	V	ResFinder	C1|vat(A)|vat-1_2|ECV|ResFinder|L07778.1	L	
C2|vat(B)|vat-2_1|ECV|ResFinder|U19459.1	vat	E	C	V	ResFinder	C1|vat(B)|vat-2_1|ECV|ResFinder|U19459.1	L	
C2|vat(C)|vat-3_1|ECV|ResFinder|AF015628.1	vat	E	C	V	ResFinder	C1|vat(C)|vat-3_1|ECV|ResFinder|AF015628.1	L	
C2|vat(D)|vat-4_1|EMV|ResFinder|L12033.1	vat	E	M	V	ResFinder	C1|vat(D)|vat-4_1|ECV|ResFinder|L12033.1	L	
C2|vat(E)|vat-5_7|EMV|ResFinder|AF153312.1	vat	E	M	V	ResFinder	C1|vat(E)|vat-5_7|ECV|ResFinder|AF153312.1	L	
C2|vat(F)|vat-6_1|ECV|ResFinder|AF170730.1	vat	E	C	V	ResFinder	C1|vat(F)|vat-6_1|ECV|ResFinder|AF170730.1	L	
C2|mph(A)|mph-6_1|EMV|ResFinder|U36578.1	mph	E	M	V	ResFinder	C1|mph(A)|mph-6_1|ECV|ResFinder|U36578.1	L	
C2|mph(B)|mph-7_1|EMV|ResFinder|D85892.1	mph	E	M	V	ResFinder	C1|mph(B)|mph-7_1|ECV|ResFinder|D85892.1	L	
C2|mph(C)|mph-8_5|EMV|ResFinder|AB013298.1	mph	E	M	V	ResFinder	C1|mph(C)|mph-8_5|ECV|ResFinder|AB013298.1	L	
C2|mph(E)|mph-9_2|EMV|ResFinder|DQ839391.1	mph	E	M	V	ResFinder	C1|mph(E)|mph-9_2|ECV|ResFinder|DQ839391.1	L	
C2|vga(D)|vga-5_1|ECV|ResFinder|GQ205627.1	vga	E	C	V	ResFinder	C1|vga(D)|vga-5_1|ECV|ResFinder|GQ205627.1	L	
C2|vga(C)|vga-4_1|EMV|ResFinder|FN806792.1	vga	E	M	V	ResFinder	C1|vga(C)|vga-4_1|ECV|ResFinder|FN806792.1	L	
C2|vga(E)|vga-6_1|ECV|ResFinder|FR772051.1	vga	E	C	V	ResFinder	C1|vga(E)|vga-6_1|ECV|ResFinder|FR772051.1	L	
C2|lsa(A)|lsa-1_2|ECV|ResFinder|AY225127.1	lsa	E	C	V	ResFinder	C1|lsa(A)|lsa-1_2|ECV|ResFinder|AY225127.1	L	
C2|erm(W)|erm-53_1|ECV|ResFinder|D14532.1	erm	E	C	V	ResFinder	C1|erm(W)|erm-53_1|ECV|ResFinder|D14532.1	L	
C2|erm(48)|erm-29_1|EMV|ResFinder|LT223129.1	erm	E	M	V	ResFinder	C1|erm(48)|erm-29_1|ECV|ResFinder|LT223129.1	L	
C2|mph(F)|mph-10_1|EMV|ResFinder|AM260957.1	mph	E	M	V	ResFinder	C1|mph(F)|mph-10_1|ECV|ResFinder|AM260957.1	L	
C2|erm(46)|erm-27_1|EMV|ResFinder|KM679362.1	erm	E	M	V	ResFinder	C1|erm(46)|erm-27_1|ECV|ResFinder|KM679362.1	L	
C2|lnu(P)|lnu-9_2|EMV|ResFinder|FJ589781.1	lnu	E	M	V	ResFinder	C1|lnu(P)|lnu-9_2|ECV|ResFinder|FJ589781.1	L	
C2|mef(C)|tran-43_1|EMV|ResFinder|AB571865.1	tran	E	M	V	ResFinder	C1|mef(C)|tran-43_1|ECV|ResFinder|AB571865.1	L	
C2|erm(47)|erm-28_1|ECV|ResFinder|KU612222.1	erm	E	C	V	ResFinder	C1|erm(47)|erm-28_1|ECV|ResFinder|KU612222.1	L	
C2|mph(G)|mph-11_3|EMV|ResFinder|AB571865.1	mph	E	M	V	ResFinder	C1|mph(G)|mph-11_3|ECV|ResFinder|AB571865.1	L	
C2|erm(44)v|erm-25_1|ECV|ResFinder|LN623525.1	erm	E	C	V	ResFinder	C1|erm(44)v|erm-25_1|ECV|ResFinder|LN623525.1	L	
C2|sal(A)|misc-316_1|ECV|ResFinder|KC693025.1	misc	E	C	V	ResFinder	C1|sal(A)|unc-316_1|ECV|ResFinder|KC693025.1	L	
C2|erm(45)|erm-26_1|ECV|ResFinder|LN680996.1	erm	E	C	V	ResFinder	C1|erm(45)|erm-26_1|ECV|ResFinder|LN680996.1	L	
C2|ere(A)|ere-1_1|EMV|ResFinder|FN396877.1	ere	E	M	V	ResFinder	C1|ere(A)|unc-283_1|ECV|ResFinder|FN396877.1	L	
C2|erm(R)|erm-47_1|ECV|ResFinder|M11276.1	erm	E	C	V	ResFinder	C1|erm(R)|erm-47_1|ECV|ResFinder|M11276.1	L	
C2|lnu(E)|lnu-6_2|EMV|ResFinder|KF287643.1	lnu	E	M	V	ResFinder	C1|lnu(E)|lnu-6_2|ECV|ResFinder|KF287643.1	L	
C2|vat(H)|vat-7_1|ECV|ResFinder|GQ205627.1	vat	E	C	V	ResFinder	C1|vat(H)|vat-7_1|ECV|ResFinder|GQ205627.1	L	
C2|erm(37)|erm-17_2|ECV|ResFinder|AL123456.1	erm	E	C	V	ResFinder	C1|erm(37)|erm-17_2|ECV|ResFinder|AL123456.1	L	
C2|vga(A)V|vga-1_1|EMV|ResFinder|AF186237.1	vga	E	M	V	ResFinder	C1|vga(A)V|vga-1_1|ECV|ResFinder|AF186237.1	L	
C2|tva(A)|misc-323_1|ECV|ResFinder|ENA.SOX29786	misc	E	C	V	ResFinder	C1|tva(A)|unc-323_1|ECV|ResFinder|ENA.SOX29786	L	
C2|mph(I)|mph-12_1|ECV|ResFinder|KX531056.1	mph	E	C	V	ResFinder	C1|mph(I)|mph-12_1|ECV|ResFinder|KX531056.1	L	
C2|mph(J)|mph-13_1|ECV|ResFinder|KY753883.1	mph	E	C	V	ResFinder	C1|mph(J)|mph-13_1|ECV|ResFinder|KY753883.1	L	
C2|mdt(A)|tran-39_1|EMV|ResFinder|X92946.1	tran	E	M	V	ResFinder	C1|mdt(A)|tran-39_1|ECV|ResFinder|X92946.1	L	
C2|mre(A)|misc-302_1|ECV|ResFinder|U92073.1	misc	E	C	V	ResFinder	C1|mre(A)|unc-302_1|ECV|ResFinder|U92073.1	L	
C2|cmr|misc-281_1|ECV|ResFinder|U43535.1	misc	E	C	V	ResFinder	C1|cmr|unc-281_1|ECV|ResFinder|U43535.1	L	
C2|erm(U)|erm-51_2|ECV|ResFinder|NG.047843	erm	E	C	V	ResFinder	C1|erm(U)|erm-51_2|ECV|ResFinder|NG.047843	L	
C2|lsa(E)|lsa-4_1|EMV|ResFinder|JX560992.1	lsa	E	M	V	ResFinder	C1|lsa(E)|lsa-4_1|ECV|ResFinder|JX560992.1	L	
C2|mph(K)|mph-14_1|ECV|ResFinder|NC.000964	mph	E	C	V	ResFinder	C1|mph(K)|mph-14_1|ECV|ResFinder|NC.000964	L	
C2|erm(50)/erm(51)|erm-30_2|EMV|ResFinder|LC473083.1	erm	E	M	V	ResFinder	C1|erm(50)/erm(51)|erm-30_2|ECV|ResFinder|LC473083.1	L	
C2|narA|misc-270_1|EMV|ResFinder|MN590304.1	misc	E	M	V	ResFinder	C1|narA|unc-270_1|ECV|ResFinder|MN590304.1	L	
C2|narB|misc-271_1|EMV|ResFinder|MN590304.1	misc	E	M	V	ResFinder	C1|narB|unc-271_1|ECV|ResFinder|MN590304.1	L	
C2|nimA|nim-1_1|ECV|ResFinder|X71444.1	nim	E	C	V	ResFinder	C1|nimA|nim-1_1|ECV|ResFinder|X71444.1	L	
C2|nimB|nim-2_1|EMV|ResFinder|X71443.1	nim	E	M	V	ResFinder	C1|nimB|nim-2_1|ECV|ResFinder|X71443.1	L	
C2|nimI|nim-8_6|ECV|ResFinder|FJ940883.1	nim	E	C	V	ResFinder	C1|nimI|nim-8_6|ECV|ResFinder|FJ940883.1	L	
C2|optrA|misc-308_21|EMV|ResFinder|KP399637.1	misc	E	M	V	ResFinder	C1|optrA|unc-308_21|ECV|ResFinder|KP399637.1	L	
C2|poxtA|misc-314_1|EMV|ResFinder|MF095097.1	misc	E	M	V	ResFinder	C1|poxtA|unc-314_1|ECV|ResFinder|MF095097.1	L	
C2|catB|cat-18_1|ECV|ResFinder|M93113.1	cat	E	C	V	ResFinder	C1|catB|cat-18_1|ECV|ResFinder|M93113.1	L	
C2|catB7|cat-15_1|EMV|ResFinder|AF036933.1	cat	E	M	V	ResFinder	C1|catB7|cat-15_1|ECV|ResFinder|AF036933.1	L	
C2|catB9|cat-17_1|ECV|ResFinder|AF462019.1	cat	E	C	V	ResFinder	C1|catB9|cat-17_1|ECV|ResFinder|AF462019.1	L	
C2|catA3|cat-10_1|EMV|ResFinder|X07848.1	cat	E	M	V	ResFinder	C1|catA3|cat-10_1|ECV|ResFinder|X07848.1	L	
C2|cat5|cat-27_3|EMV|ResFinder|U35036.1	cat	E	M	V	ResFinder	C1|cat5|cat-27_3|ECV|ResFinder|U35036.1	L	
C2|cat86|cat-7_2|ECV|ResFinder|K00544.1	cat	E	C	V	ResFinder	C1|cat86|cat-7_2|ECV|ResFinder|K00544.1	L	
C2|cat2|cat-24_12|EMV|ResFinder|M35190.1	cat	E	M	V	ResFinder	C1|cat2|cat-24_12|ECV|ResFinder|M35190.1	L	
C2|cat3|cat-25_2|ECV|ResFinder|S48276.1	cat	E	C	V	ResFinder	C1|cat3|cat-25_2|ECV|ResFinder|S48276.1	L	
C2|cat(pC194)|cat-5_2|EMV|ResFinder|NC.002013	cat	E	M	V	ResFinder	C1|cat(pC194)|cat-5_2|ECV|ResFinder|NC.002013	L	
C2|catP|cat-19_3|ECV|ResFinder|U15027.1	cat	E	C	V	ResFinder	C1|catP|cat-19_3|ECV|ResFinder|U15027.1	L	
C2|cml|cml-3_1|EMV|ResFinder|M22614.1	cml	E	M	V	ResFinder	C1|cml|cml-3_1|ECV|ResFinder|M22614.1	L	
C2|cmlV|cml-2_1|ECV|ResFinder|U09991.1	cml	E	C	V	ResFinder	C1|cmlV|cml-2_1|ECV|ResFinder|U09991.1	L	
C2|floR|misc-288_14|EMV|ResFinder|AF071555.1	misc	E	M	V	ResFinder	C1|floR|unc-288_14|ECV|ResFinder|AF071555.1	L	
C2|fexA|misc-286_2|EMV|ResFinder|AJ549214.1	misc	E	M	V	ResFinder	C1|fexA|unc-286_2|ECV|ResFinder|AJ549214.1	L	
C2|pexA|misc-312_1|ECV|ResFinder|HM537013.1	misc	E	C	V	ResFinder	C1|pexA|unc-312_1|ECV|ResFinder|HM537013.1	L	
C2|catA1|cat-8_2|EMV|ResFinder|V00622.1	cat	E	M	V	ResFinder	C1|catA1|cat-8_2|ECV|ResFinder|V00622.1	L	
C2|catA2|cat-9_3|EMV|ResFinder|X53796.1	cat	E	M	V	ResFinder	C1|catA2|cat-9_3|ECV|ResFinder|X53796.1	L	
C2|cat4|cat-26_1|ECV|ResFinder|AY238971.1	cat	E	C	V	ResFinder	C1|cat4|cat-26_1|ECV|ResFinder|AY238971.1	L	
C2|cmrA|misc-280_2|EMV|ResFinder|Z12001.1	misc	E	M	V	ResFinder	C1|cmrA|unc-280_2|ECV|ResFinder|Z12001.1	L	
C2|cmx|misc-282_2|EMV|ResFinder|U85507.1	misc	E	M	V	ResFinder	C1|cmx|unc-282_2|ECV|ResFinder|U85507.1	L	
C2|cfr|cfr-1_1|EMV|ResFinder|AM408573.1	cfr	E	M	V	ResFinder	C1|cfr|unc-279_2|ECV|ResFinder|AM408573.1	L	
C2|cfr(C)|cfr-3_1|EMV|ResFinder|CANB01000378.1	cfr	E	M	V	ResFinder	C1|cfr(C)|unc-278_1|ECV|ResFinder|CANB01000378.1	L	
C2|fexB|misc-287_1|EMV|ResFinder|JN201336.1	misc	E	M	V	ResFinder	C1|fexB|unc-287_1|ECV|ResFinder|JN201336.1	L	
C2|estDL136|misc-268_1|ECV|ResFinder|JN242251.1	misc	E	C	V	ResFinder	C1|estDL136|unc-268_1|ECV|ResFinder|JN242251.1	L	
C2|cfr(D)|cfr-4_1|EMV|ResFinder|NG.067192	cfr	E	M	V	ResFinder	C1|cfr(D)|unc-264_1|ECV|ResFinder|NG.067192	L	
C2|cfr(E)|cfr-5_1|ECV|ResFinder|NG.070225	cfr	E	C	V	ResFinder	C1|cfr(E)|unc-265_1|ECV|ResFinder|NG.070225	L	
C2|catT|cat-22_1|ECV|ResFinder|MW030510.1	cat	E	C	V	ResFinder	C1|catT|cat-22_1|ECV|ResFinder|MW030510.1	L	
C2|mupB|misc-304_2|ECV|ResFinder|JQ231224.1	misc	E	C	V	ResFinder	C1|mupB|unc-304_2|ECV|ResFinder|JQ231224.1	L	
C2|mupA|misc-303_3|EMV|ResFinder|GU237136.1	misc	E	M	V	ResFinder	C1|mupA|unc-303_3|ECV|ResFinder|GU237136.1	L	
C2|qnrA1|qnr-10_1|EMV|ResFinder|AY070235.1	qnr	E	M	V	ResFinder	C1|qnrA1|qnr-10_1|ECV|ResFinder|AY070235.1	L	
C2|qnrA5|qnr-11_1|ECV|ResFinder|DQ058663.1	qnr	E	C	V	ResFinder	C1|qnrA5|qnr-11_1|ECV|ResFinder|DQ058663.1	L	
C2|qnrB|qnr-12_23|EMV|ResFinder|JN166690.1	qnr	E	M	V	ResFinder	C1|qnrB|qnr-12_23|ECV|ResFinder|JN166690.1	L	
C2|qnrC|qnr-13_2|EMV|ResFinder|EU917444.1	qnr	E	M	V	ResFinder	C1|qnrC|qnr-13_2|ECV|ResFinder|EU917444.1	L	
C2|qnrD|qnr-14_3|EMV|ResFinder|FJ228229.1	qnr	E	M	V	ResFinder	C1|qnrD|qnr-14_3|ECV|ResFinder|FJ228229.1	L	
C2|qnrS|qnr-16_5|EMV|ResFinder|AB187515.1	qnr	E	M	V	ResFinder	C1|qnrS|qnr-16_5|ECV|ResFinder|AB187515.1	L	
C2|qepA|misc-315_5|EMV|ResFinder|FJ167861.1	misc	E	M	V	ResFinder	C1|qepA|unc-315_5|ECV|ResFinder|FJ167861.1	L	
C2|oqxA|misc-272_1|EMV|ResFinder|EU370913.1	misc	E	M	V	ResFinder	C1|oqxA|unc-272_1|ECV|ResFinder|EU370913.1	L	
C2|oqxB|misc-273_1|EMV|ResFinder|EU370913.1	misc	E	M	V	ResFinder	C1|oqxB|unc-273_1|ECV|ResFinder|EU370913.1	L	
C2|arr|arr-2_1|EMV|ResFinder|HQ141279.1	arr	E	M	V	ResFinder	C1|blaARR|blaX-8_4|ECV|ResFinder|HQ141279.1	L	
C2|sul1|sul-1_1|EMV|ResFinder|DQ914960.1	sul	E	M	V	ResFinder	C1|sul1|sul-1_1|ECV|ResFinder|DQ914960.1	L	
C2|sul2|sul-2_3|EMV|ResFinder|HM486907.1	sul	E	M	V	ResFinder	C1|sul2|sul-2_3|ECV|ResFinder|HM486907.1	L	
C2|sul3|sul-3_1|EMV|ResFinder|AJ459418.1	sul	E	M	V	ResFinder	C1|sul3|sul-3_1|ECV|ResFinder|AJ459418.1	L	
C2|sul4|sul-4_1|EMV|ResFinder|MG649393.1	sul	E	M	V	ResFinder	C1|sul4|sul-4_1|ECV|ResFinder|MG649393.1	L	
C2|tet1|tetRPG-15_1|ECV|ResFinder|M74049.1	tetRPG	E	C	V	ResFinder	C1|tet1|tetRPG-15_1|ECV|ResFinder|M74049.1	L	
C2|tet(47)|tetX-3_1|ECV|ResFinder|KR857681.1	tetX	E	C	V	ResFinder	C1|tet(47)|tetX-3_1|ECV|ResFinder|KR857681.1	L	
C2|tet(48)|tetX-4_1|ECV|ResFinder|KR857682.1	tetX	E	C	V	ResFinder	C1|tet(48)|tetX-4_1|ECV|ResFinder|KR857682.1	L	
C2|tet(50)|tetX-6_1|ECV|ResFinder|KR857684.1	tetX	E	C	V	ResFinder	C1|tet(50)|tetX-6_1|ECV|ResFinder|KR857684.1	L	
C2|tet(55)|tetX-11_1|ECV|ResFinder|KR857689.1	tetX	E	C	V	ResFinder	C1|tet(55)|tetX-11_1|ECV|ResFinder|KR857689.1	L	
C2|otr(B)|misc-309_2|ECV|ResFinder|AF079900.1	misc	E	C	V	ResFinder	C1|otr(B)|unc-309_2|ECV|ResFinder|AF079900.1	L	
C2|tet(33)|tetEFF-6_3|EMV|ResFinder|AY255627.1	tetEFF	E	M	V	ResFinder	C1|tet(33)|tetEFF-6_3|ECV|ResFinder|AY255627.1	L	
C2|tet(31)|tetEFF-5_2|EMV|ResFinder|GQ283908.1	tetEFF	E	M	V	ResFinder	C1|tet(31)|tetEFF-5_2|ECV|ResFinder|GQ283908.1	L	
C2|tet(44)|tetRPG-4_2|EMV|ResFinder|NZ.ABDU01000081	tetRPG	E	M	V	ResFinder	C1|tet(44)|tetRPG-4_2|ECV|ResFinder|NZ.ABDU01000081	L	
C2|tet(40)|tet-9_2|EMV|ResFinder|FJ158002.1	tet	E	M	V	ResFinder	C1|tet(40)|tet-9_2|ECV|ResFinder|FJ158002.1	L	
C2|tet(37)|tet-8_1|ECV|ResFinder|AF540889.1	tet	E	C	V	ResFinder	C1|tet(37)|tet-8_1|ECV|ResFinder|AF540889.1	L	
C2|tet(34)|tet-6_1|ECV|ResFinder|AB061440.1	tet	E	C	V	ResFinder	C1|tet(34)|tet-6_1|ECV|ResFinder|AB061440.1	L	
C2|otr(A)|tetRPG-1_1|ECV|ResFinder|X53401.1	tetRPG	E	C	V	ResFinder	C1|otr(A)|tetRPG-1_1|ECV|ResFinder|X53401.1	L	
C2|tet(36)|tetRPG-3_1|ECV|ResFinder|AJ514254.1	tetRPG	E	C	V	ResFinder	C1|tet(36)|tetRPG-3_1|ECV|ResFinder|AJ514254.1	L	
C2|tet(T)|tetRPG-12_2|ECV|ResFinder|L42544.1	tetRPG	E	C	V	ResFinder	C1|tet(T)|tetRPG-12_2|ECV|ResFinder|L42544.1	L	
C2|tet(41)|tetEFF-8_2|ECV|ResFinder|AY264780.1	tetEFF	E	C	V	ResFinder	C1|tet(41)|tetEFF-8_2|ECV|ResFinder|AY264780.1	L	
C2|tet(42)|tetEFF-9_1|ECV|ResFinder|EU523697.1	tetEFF	E	C	V	ResFinder	C1|tet(42)|tetEFF-9_1|ECV|ResFinder|EU523697.1	L	
C2|tet(43)|tet-10_2|ECV|ResFinder|GQ244501.1	tet	E	C	V	ResFinder	C1|tet(43)|tet-10_2|ECV|ResFinder|GQ244501.1	L	
C2|tet(45)|tet-11_2|ECV|ResFinder|JF837331.1	tet	E	C	V	ResFinder	C1|tet(45)|tet-11_2|ECV|ResFinder|JF837331.1	L	
C2|tetA(46)|tet-18_1|ECV|ResFinder|HQ652506.1	tet	E	C	V	ResFinder	C1|tetA(46)|tet-18_1|ECV|ResFinder|HQ652506.1	L	
C2|tetB(46)|tet-21_1|ECV|ResFinder|HQ652506.1	tet	E	C	V	ResFinder	C1|tetB(46)|tet-21_1|ECV|ResFinder|HQ652506.1	L	
C2|tet(59)|tetEFF-11_1|EMV|ResFinder|KU736878.1	tetEFF	E	M	V	ResFinder	C1|tet(59)|tetEFF-11_1|ECV|ResFinder|KU736878.1	L	
C2|tetA(60)|tet-19_1|ECV|ResFinder|KX000272.1	tet	E	C	V	ResFinder	C1|tetA(60)|tet-19_1|ECV|ResFinder|KX000272.1	L	
C2|tetB(60)|tet-22_1|ECV|ResFinder|KX000273.1	tet	E	C	V	ResFinder	C1|tetB(60)|tet-22_1|ECV|ResFinder|KX000273.1	L	
C2|otr(C)|misc-310_2|ECV|ResFinder|AY509111.1	misc	E	C	V	ResFinder	C1|otr(C)|unc-310_2|ECV|ResFinder|AY509111.1	L	
C2|tcr3|misc-321_1|ECV|ResFinder|D38215.1	misc	E	C	V	ResFinder	C1|tcr3|unc-321_1|ECV|ResFinder|D38215.1	L	
C2|tet(30)|tetEFF-4_1|ECV|ResFinder|AF090987.1	tetEFF	E	C	V	ResFinder	C1|tet(30)|tetEFF-4_1|ECV|ResFinder|AF090987.1	L	
C2|tet(35)|tet-7_1|ECV|ResFinder|AF353562.1	tet	E	C	V	ResFinder	C1|tet(35)|tet-7_1|ECV|ResFinder|AF353562.1	L	
C2|tet(A)|tetEFF-12_1|EMV|ResFinder|AF534183.1	tetEFF	E	M	V	ResFinder	C1|tet(A)|tetEFF-12_1|ECV|ResFinder|AF534183.1	L	
C2|tet(G)|tetEFF-17_1|EMV|ResFinder|S52437.1	tetEFF	E	M	V	ResFinder	C1|tet(G)|tetEFF-17_1|ECV|ResFinder|S52437.1	L	
C2|tet(E)|tetEFF-16_4|EMV|ResFinder|Y19116.1	tetEFF	E	M	V	ResFinder	C1|tet(E)|tetEFF-16_4|ECV|ResFinder|Y19116.1	L	
C2|tet(D)|tetEFF-15_3|EMV|ResFinder|AF467077.1	tetEFF	E	M	V	ResFinder	C1|tet(D)|tetEFF-15_3|ECV|ResFinder|AF467077.1	L	
C2|tet(B)|tetEFF-13_4|EMV|ResFinder|AP000342.1	tetEFF	E	M	V	ResFinder	C1|tet(B)|tetEFF-13_4|ECV|ResFinder|AP000342.1	L	
C2|tet(H)|tetEFF-18_3|EMV|ResFinder|Y16103.1	tetEFF	E	M	V	ResFinder	C1|tet(H)|tetEFF-18_3|ECV|ResFinder|Y16103.1	L	
C2|tet(L)|tet-16_2|EMV|ResFinder|X08034.1	tet	E	M	V	ResFinder	C1|tet(L)|tet-16_2|ECV|ResFinder|X08034.1	L	
C2|tet(K)|tet-12_2|EMV|ResFinder|U38656.1	tet	E	M	V	ResFinder	C1|tet(K)|tet-12_2|ECV|ResFinder|U38656.1	L	
C2|tet(K)|tet-13_1|EMV|ResFinder|J01764.1	tet	E	M	V	ResFinder	C1|tet(K)|tet-13_1|ECV|ResFinder|J01764.1	L	
C2|tet(S)/tet(M)|tetRPG-10_1|EMV|ResFinder|X92946.1	tetRPG	E	M	V	ResFinder	C1|tet(S)/tet(M)|tetRPG-10_1|ECV|ResFinder|X92946.1	L	
C2|tet(Q)|tetRPG-9_10|EMV|ResFinder|U73497.1	tetRPG	E	M	V	ResFinder	C1|tet(Q)|tetRPG-9_10|ECV|ResFinder|U73497.1	L	
C2|tetA(P)|tet-20_3|EMV|ResFinder|AB054980.1	tet	E	M	V	ResFinder	C1|tetA(P)|tet-20_3|ECV|ResFinder|AB054980.1	L	
C2|tet(Z)|tetEFF-21_1|EMV|ResFinder|AF121000.1	tetEFF	E	M	V	ResFinder	C1|tet(Z)|tetEFF-21_1|ECV|ResFinder|AF121000.1	L	
C2|tet(Y)|tetEFF-20_2|EMV|ResFinder|EF495198.1	tetEFF	E	M	V	ResFinder	C1|tet(Y)|tetEFF-20_2|ECV|ResFinder|EF495198.1	L	
C2|tet(X)|tetX-12_2|EMV|ResFinder|GU014535.1	tetX	E	M	V	ResFinder	C1|tet(X)|tetX-12_2|ECV|ResFinder|GU014535.1	L	
C2|tet(O)/tet(W)/tet(32)|tetRPG-13_85|EMV|ResFinder|DQ060146.1	tetRPG	E	M	V	ResFinder	C1|tet(O)/tet(W)/tet(32)|tetRPG-13_85|ECV|ResFinder|DQ060146.1	L	
C2|tet(V)|tet-17_2|ECV|ResFinder|AF030344.1	tet	E	C	V	ResFinder	C1|tet(V)|tet-17_2|ECV|ResFinder|AF030344.1	L	
C2|tetB(P)|tetRPG-14_4|EMV|ResFinder|NC.010937	tetRPG	E	M	V	ResFinder	C1|tetB(P)|tetRPG-14_4|ECV|ResFinder|NC.010937	L	
C2|tmexC|mex-20_4|EMV|ResFinder|MK347425.1	mex	E	M	V	ResFinder	C1|tmexC|mex-20_4|ECV|ResFinder|MK347425.1	L	
C2|tmexD|mex-21_4|EMV|ResFinder|MK347425.1	mex	E	M	V	ResFinder	C1|tmexD|mex-21_4|ECV|ResFinder|MK347425.1	L	
C2|oprJ|opr-6_3|EMV|ResFinder|MK347425.1	opr	E	M	V	ResFinder	C1|oprJ|opr-6_3|ECV|ResFinder|MK347425.1	L	
C2|dfrA18|dfr-20_1|EMV|ResFinder|AY034138.1	dfr	E	M	V	ResFinder	C1|dfrA18|dfr-20_1|ECV|ResFinder|AY034138.1	L	
C2|dfrA19|dfr-21_2|EMV|ResFinder|EU855687.1	dfr	E	M	V	ResFinder	C1|dfrA19|dfr-21_2|ECV|ResFinder|EU855687.1	L	
C2|dfrA|dfr-33_2|EMV|ResFinder|AB200915.1	dfr	E	M	V	ResFinder	C1|dfrA|dfr-33_2|ECV|ResFinder|AB200915.1	L	
C2|dfrA23|dfr-26_1|EMV|ResFinder|AJ746361.1	dfr	E	M	V	ResFinder	C1|dfrA23|dfr-26_1|ECV|ResFinder|AJ746361.1	L	
C2|dfrA14|dfr-16_4|EMV|ResFinder|DQ388123.1	dfr	E	M	V	ResFinder	C1|dfrA14|dfr-16_4|ECV|ResFinder|DQ388123.1	L	
C2|dfrA10|dfr-14_1|EMV|ResFinder|L06418.1	dfr	E	M	V	ResFinder	C1|dfrA10|dfr-14_1|ECV|ResFinder|L06418.1	L	
C2|dfrA|dfr-25_7|EMV|ResFinder|AY552589.1	dfr	E	M	V	ResFinder	C1|dfrA|dfr-25_7|ECV|ResFinder|AY552589.1	L	
C2|dfrA26|dfr-29_1|EMV|ResFinder|AM403715.1	dfr	E	M	V	ResFinder	C1|dfrA26|dfr-29_1|ECV|ResFinder|AM403715.1	L	
C2|dfrG|dfr-51_1|EMV|ResFinder|AB205645.1	dfr	E	M	V	ResFinder	C1|dfrG|dfr-51_1|ECV|ResFinder|AB205645.1	L	
C2|dfrA20|dfr-24_1|EMV|ResFinder|AJ605332.1	dfr	E	M	V	ResFinder	C1|dfrA20|dfr-24_1|ECV|ResFinder|AJ605332.1	L	
C2|dfrA3|dfr-37_1|ECV|ResFinder|J03306.1	dfr	E	C	V	ResFinder	C1|dfrA3|dfr-37_1|ECV|ResFinder|J03306.1	L	
C2|dfrA8|dfr-41_1|EMV|ResFinder|U10186.1	dfr	E	M	V	ResFinder	C1|dfrA8|dfr-41_1|ECV|ResFinder|U10186.1	L	
C2|dfrA9|dfr-42_1|ECV|ResFinder|X57730.1	dfr	E	C	V	ResFinder	C1|dfrA9|dfr-42_1|ECV|ResFinder|X57730.1	L	
C2|dfrA16|dfr-18_5|EMV|ResFinder|AF077008.1	dfr	E	M	V	ResFinder	C1|dfrA16|dfr-18_5|ECV|ResFinder|AF077008.1	L	
C2|dfrA24|dfr-27_1|EMV|ResFinder|AJ972619.1	dfr	E	M	V	ResFinder	C1|dfrA24|dfr-27_1|ECV|ResFinder|AJ972619.1	L	
C2|dfrB|dfr-48_1|EMV|ResFinder|GU295656.1	dfr	E	M	V	ResFinder	C1|dfrB|dfr-48_1|ECV|ResFinder|GU295656.1	L	
C2|dfrA1|dfr-23_1|EMV|ResFinder|AJ400733.1	dfr	E	M	V	ResFinder	C1|dfrA1|dfr-23_1|ECV|ResFinder|AJ400733.1	L	
C2|dfrA7|dfr-40_1|EMV|ResFinder|AJ419170.1	dfr	E	M	V	ResFinder	C1|dfrA7|dfr-40_1|ECV|ResFinder|AJ419170.1	L	
C2|dfrA34|dfr-34_1|EMV|ResFinder|JYRF01000065.1	dfr	E	M	V	ResFinder	C1|dfrA34|dfr-34_1|ECV|ResFinder|JYRF01000065.1	L	
C2|dfrA36|dfr-36_2|EMV|ResFinder|CP038791.1	dfr	E	M	V	ResFinder	C1|dfrA36|dfr-36_2|ECV|ResFinder|CP038791.1	L	
C2|dfrA35|dfr-35_1|EMV|ResFinder|CP024557.1	dfr	E	M	V	ResFinder	C1|dfrA35|dfr-35_1|ECV|ResFinder|CP024557.1	L	
C2|dfrE|dfr-50_1|EMV|ResFinder|CP080326.1	dfr	E	M	V	ResFinder	C1|dfrE|dfr-50_1|ECV|ResFinder|CP080326.1	L	
C2|mcr3.30|mcr-7_1|EMV|ResFinder|MH536730.1	mcr	E	M	V	ResFinder	C1|mcr3.30|mcr-7_1|ECV|ResFinder|MH536730.1	L	
C2|mcr9|mcr-14_1|EMV|ResFinder|MN164032.1	mcr	E	M	V	ResFinder	C1|mcr9|mcr-14_1|ECV|ResFinder|MN164032.1	L	
C2|blaCAM|blaB1-44_2|ECV|ResFinder|MG430339.1	blaB1	E	C	V	ResFinder	C1|blaCAM|blaB1-44_2|ECV|ResFinder|MG430339.1	L	
C2|tet(39)|tetEFF-7_4|EMV|ResFinder|CP044518.1	tetEFF	E	M	V	ResFinder	C1|tet(39)|tetEFF-7_4|ECV|ResFinder|CP044518.1	L	
C2|blaFRI/blaFLC|blaA-91_2|EMV|ResFinder|OK264410.1	blaA	E	M	V	ResFinder	C1|blaFRI/blaFLC|blaA-91_2|ECV|ResFinder|OK264410.1	L	
C2|blaFLC-1|blaA-87_1|EMV|ResFinder|NG.065869	blaA	E	M	V	ResFinder	C1|blaFLC-1|blaA-87_1|ECV|ResFinder|NG.065869	L	
C2|cmlA|cml-4_1|EMV|ResFinder|JQ639792.1	cml	E	M	V	ResFinder	C1|cmlA|unc-267_1|ECV|ResFinder|JQ639792.1	L	
C2|abcA|misc-263_1|ECV|CARD|XP_753111.1	misc	E	C	V	CARD	C1|abcA|unc-263_1|ECV|CARD|XP_753111.1	L	
C2|ileS_MUP|misc-114_1|ECV|CARD|ADP36409.1	misc	E	C	V	CARD	C1|ileS_MUP|unc-114_1|ECV|CARD|ADP36409.1	L	
C2|mtrD|tran-15_1|ECV|CARD|AAF42062.1	tran	E	C	V	CARD	C1|mtrD|tran-15_1|ECV|CARD|AAF42062.1	L	
C2|mexF|mex-6_1|ECV|CARD|AAG05882.1	mex	E	C	V	CARD	C1|mexF|mex-6_1|ECV|CARD|AAG05882.1	L	
C2|adeF|misc-210_1|EMV|CARD|CAJ77856.1	misc	E	M	V	CARD	C1|adeF|unc-210_1|ECV|CARD|CAJ77856.1	L	
C2|adeJ|misc-87_1|EMV|CARD|AAX14802.1	misc	E	M	V	CARD	C1|adeJ|unc-87_1|ECV|CARD|AAX14802.1	L	
C2|mdsB|misc-68_1|EMV|CARD|AAL19305.1	misc	E	M	V	CARD	C1|mdsB|unc-68_1|ECV|CARD|AAL19305.1	L	
C2|mexQ|mex-19_1|ECV|CARD|BAE06008.1	mex	E	C	V	CARD	C1|mexQ|mex-19_1|ECV|CARD|BAE06008.1	L	
C2|acrB|tran-2_1|EMV|CARD|AAC73564.1	tran	E	M	V	CARD	C1|acrB|tran-2_1|ECV|CARD|AAC73564.1	L	
C2|smeB|tran-13_1|ECV|CARD|AAD51345.1	tran	E	C	V	CARD	C1|smeB|tran-13_1|ECV|CARD|AAD51345.1	L	
C2|mexY|mex-15_1|ECV|CARD|BAA34300.1	mex	E	C	V	CARD	C1|mexY|mex-15_1|ECV|CARD|BAA34300.1	L	
C2|mexB|mex-1_1|ECV|CARD|AAA74437.1	mex	E	C	V	CARD	C1|mexB|mex-1_1|ECV|CARD|AAA74437.1	L	
C2|axyY|misc-232_1|ECV|CARD|EGP45231.1	misc	E	C	V	CARD	C1|axyY|unc-232_1|ECV|CARD|EGP45231.1	L	
C2|amrB|misc-207_1|ECV|CARD|CAH35802.1	misc	E	C	V	CARD	C1|amrB|unc-207_1|ECV|CARD|CAH35802.1	L	
C2|muxB|misc-51_1|ECV|CARD|AAG05915.1	misc	E	C	V	CARD	C1|muxB|unc-51_1|ECV|CARD|AAG05915.1	L	
C2|cmeB|misc-99_1|ECV|CARD|ABS43151.1	misc	E	C	V	CARD	C1|cmeB|unc-99_1|ECV|CARD|ABS43151.1	L	
C2|mdtB|tran-6_1|EMV|CARD|AAC75136.1	tran	E	M	V	CARD	C1|mdtB|tran-6_1|ECV|CARD|AAC75136.1	L	
C2|smeE|misc-200_1|ECV|CARD|CAC14595.1	misc	E	C	V	CARD	C1|smeE|unc-200_1|ECV|CARD|CAC14595.1	L	
C2|acrD|tran-24_1|EMV|CARD|BAA16344.1	tran	E	M	V	CARD	C1|acrD|tran-24_1|ECV|CARD|BAA16344.1	L	
C2|mexN|mex-17_1|EMV|CARD|BAE06006.1	mex	E	M	V	CARD	C1|mexN|mex-17_1|ECV|CARD|BAE06006.1	L	
C2|muxC|misc-50_1|ECV|CARD|AAG05914.1	misc	E	C	V	CARD	C1|muxC|unc-50_1|ECV|CARD|AAG05914.1	L	
C2|adeB|misc-66_1|EMV|CARD|AAL14440.1	misc	E	M	V	CARD	C1|adeB|unc-66_1|ECV|CARD|AAL14440.1	L	
C2|mexI|mex-11_1|ECV|CARD|AAG07594.1	mex	E	C	V	CARD	C1|mexI|mex-11_1|ECV|CARD|AAG07594.1	L	
C2|mdtC|tran-7_1|EMV|CARD|AAC75137.1	tran	E	M	V	CARD	C1|mdtC|tran-7_1|ECV|CARD|AAC75137.1	L	
C2|mexK|mex-7_1|ECV|CARD|AAG07064.1	mex	E	C	V	CARD	C1|mexK|mex-7_1|ECV|CARD|AAG07064.1	L	
C2|mexW|mex-13_1|ECV|CARD|AAG07763.1	mex	E	C	V	CARD	C1|mexW|mex-13_1|ECV|CARD|AAG07763.1	L	
C2|triC|misc-44_1|ECV|CARD|AAG03548.1	misc	E	C	V	CARD	C1|triC|unc-44_1|ECV|CARD|AAG03548.1	L	
C2|lpeB|misc-206_1|ECV|CARD|CAH14033.1	misc	E	C	V	CARD	C1|lpeB|unc-206_1|ECV|CARD|CAH14033.1	L	
C2|rphB|misc-146_1|ECV|CARD|APB03222.1	misc	E	C	V	CARD	C1|rphB|unc-146_1|ECV|CARD|APB03222.1	L	
C2|mprF|misc-76_1|ECV|CARD|AAN33774.1	misc	E	C	V	CARD	C1|mprF|unc-76_1|ECV|CARD|AAN33774.1	L	
C2|rphA|misc-132_1|ECV|CARD|AIA08936.1	misc	E	C	V	CARD	C1|rphA|unc-132_1|ECV|CARD|AIA08936.1	L	
C2|mprF|misc-202_1|EMV|CARD|CAC99773.1	misc	E	M	V	CARD	C1|mprF|unc-202_1|ECV|CARD|CAC99773.1	L	
C2|mprF|misc-214_1|ECV|CARD|CAX52582.1	misc	E	C	V	CARD	C1|mprF|unc-214_1|ECV|CARD|CAX52582.1	L	
C2|mprF|misc-74_1|ECV|CARD|AAN00989.1	misc	E	C	V	CARD	C1|mprF|unc-74_1|ECV|CARD|AAN00989.1	L	
C2|lptD|misc-133_1|EMV|CARD|AIA35096.1	misc	E	M	V	CARD	C1|lptD|unc-133_1|ECV|CARD|AIA35096.1	L	
C2|bahA|misc-143_1|ECV|CARD|APB03218.1	misc	E	C	V	CARD	C1|bahA|unc-143_1|ECV|CARD|APB03218.1	L	
C2|helR|misc-217_1|ECV|CARD|CCA59315.1	misc	E	C	V	CARD	C1|helR|unc-217_1|ECV|CARD|CCA59315.1	L	
C2|ireK|misc-255_1|ECV|CARD|WKR28567.1	misc	E	C	V	CARD	C1|ireK|unc-255_1|ECV|CARD|WKR28567.1	L	
C2|vanT_in_vanG_cl|van-25_1|ECV|CARD|ABA71733.1	van	E	C	V	CARD	C1|vanT_in_vanG_cl|van-25_1|ECV|CARD|ABA71733.1	L	
C2|vanT_in_vanE_cl|van-16_1|ECV|CARD|AAL27444.1	van	E	C	V	CARD	C1|vanT_in_vanE_cl|van-16_1|ECV|CARD|AAL27444.1	L	
C2|vanT_in_vanN_cl|van-35_1|ECV|CARD|AEP40502.2	van	E	C	V	CARD	C1|vanT_in_vanN_cl|van-35_1|ECV|CARD|AEP40502.2	L	
C2|vanT_in_vanC_cl|van-8_1|EMV|CARD|AAD22403.1	van	E	M	V	CARD	C1|vanT_in_vanC_cl|van-8_1|ECV|CARD|AAD22403.1	L	
C2|rv1877|misc-241_1|ECV|CARD|NP_216393.1	misc	E	C	V	CARD	C1|rv1877|unc-241_1|ECV|CARD|NP_216393.1	L	
C2|mdtO|tran-27_1|EMV|CARD|BAE78083.1	tran	E	M	V	CARD	C1|mdtO|tran-27_1|ECV|CARD|BAE78083.1	L	
C2|lmrD|misc-154_1|ECV|CARD|AYV52072.1	misc	E	C	V	CARD	C1|lmrD|unc-154_1|ECV|CARD|AYV52072.1	L	
C2|arnA|misc-55_1|ECV|CARD|AAG06942.1	misc	E	C	V	CARD	C1|arnA|unc-55_1|ECV|CARD|AAG06942.1	L	
C2|taeA|misc-144_1|ECV|CARD|APB03219.1	misc	E	C	V	CARD	C1|taeA|unc-144_1|ECV|CARD|APB03219.1	L	
C2|macB|misc-85_1|EMV|CARD|AAV85982.1	misc	E	M	V	CARD	C1|macB|unc-85_1|ECV|CARD|AAV85982.1	L	
C2|novA|misc-38_1|ECV|CARD|AAF67494.2	misc	E	C	V	CARD	C1|novA|unc-38_1|ECV|CARD|AAF67494.2	L	
C2|blaLRA-13|blaC-5_1|ECV|CARD|ACH58991.1	blaC	E	C	V	CARD	C1|blaLRA-13|blaC-5_1|ECV|CARD|ACH58991.1	L	
C2|patB|misc-61_1|ECV|CARD|AAK76136.1	misc	E	C	V	CARD	C1|patB|unc-61_1|ECV|CARD|AAK76136.1	L	
C2|msbA|misc-23_1|EMV|CARD|AAC74000.1	misc	E	M	V	CARD	C1|msbA|unc-23_1|ECV|CARD|AAC74000.1	L	
C2|blaICR-Mc|blaX-5_1|ECV|CARD|EGE18576.1	blaX	E	C	V	CARD	C1|blaICR-Mc|blaX-5_1|ECV|CARD|EGE18576.1	L	
C2|efrA|misc-262_1|EMV|CARD|WP_104671188.1	misc	E	M	V	CARD	C1|efrA|unc-262_1|ECV|CARD|WP_104671188.1	L	
C2|eptB|misc-219_1|EMV|CARD|CCI79240.1	misc	E	M	V	CARD	C1|eptB|unc-219_1|ECV|CARD|CCI79240.1	L	
C2|mprF|misc-96_1|ECV|CARD|ABG86067.1	misc	E	C	V	CARD	C1|mprF|unc-96_1|ECV|CARD|ABG86067.1	L	
C2|cplR|misc-171_1|ECV|CARD|BAB80490.1	misc	E	C	V	CARD	C1|cplR|unc-171_1|ECV|CARD|BAB80490.1	L	
C2|patA|misc-62_1|ECV|CARD|AAK76137.1	misc	E	C	V	CARD	C1|patA|unc-62_1|ECV|CARD|AAK76137.1	L	
C2|rosB|misc-20_1|ECV|CARD|AAC60780.1	misc	E	C	V	CARD	C1|rosB|unc-20_1|ECV|CARD|AAC60780.1	L	
C2|facT|misc-122_1|ECV|CARD|AFK80333.1	misc	E	C	V	CARD	C1|facT|unc-122_1|ECV|CARD|AFK80333.1	L	
C2|blaICR-Mo|blaX-7_1|ECV|CARD|WP_082741435.1	blaX	E	C	V	CARD	C1|blaICR-Mo|blaX-7_1|ECV|CARD|WP_082741435.1	L	
C2|almE|misc-240_1|ECV|CARD|MCO7070877.1	misc	E	C	V	CARD	C1|almE|unc-240_1|ECV|CARD|MCO7070877.1	L	
C2|cplR|misc-136_1|ECV|CARD|AKC61310.1	misc	E	C	V	CARD	C1|cplR|unc-136_1|ECV|CARD|AKC61310.1	L	
C2|arnT|misc-224_1|EMV|CARD|CDO12042.1	misc	E	M	V	CARD	C1|arnT|unc-224_1|ECV|CARD|CDO12042.1	L	
C2|lmrC|misc-102_1|ECV|CARD|ABX00624.1	misc	E	C	V	CARD	C1|lmrC|unc-102_1|ECV|CARD|ABX00624.1	L	
C2|cplR|misc-135_1|ECV|CARD|AJP12342.1	misc	E	C	V	CARD	C1|cplR|unc-135_1|ECV|CARD|AJP12342.1	L	
C2|eptA|misc-179_1|EMV|CARD|BAE78116.1	misc	E	M	V	CARD	C1|eptA|unc-179_1|ECV|CARD|BAE78116.1	L	
C2|vmlR|misc-243_1|ECV|CARD|NP_388442.1	misc	E	C	V	CARD	C1|vmlR|unc-243_1|ECV|CARD|NP_388442.1	L	
C2|yojI|misc-25_1|EMV|CARD|AAC75271.1	misc	E	M	V	CARD	C1|yojI|unc-25_1|ECV|CARD|AAC75271.1	L	
C2|salD|misc-260_1|ECV|CARD|WP_082039181.1	misc	E	C	V	CARD	C1|salD|unc-260_1|ECV|CARD|WP_082039181.1	L	
C2|salE|misc-261_1|ECV|CARD|WP_096809342.1	misc	E	C	V	CARD	C1|salE|unc-261_1|ECV|CARD|WP_096809342.1	L	
C2|salB|misc-238_1|ECV|CARD|MBW0770001.1	misc	E	C	V	CARD	C1|salB|unc-238_1|ECV|CARD|MBW0770001.1	L	
C2|efpA|misc-221_1|ECV|CARD|CCP45647.1	misc	E	C	V	CARD	C1|efpA|unc-221_1|ECV|CARD|CCP45647.1	L	
C2|lin|misc-118_1|EMV|CARD|AEO25219.1	misc	E	M	V	CARD	C1|lin|unc-118_1|ECV|CARD|AEO25219.1	L	
C2|qac|tran-29_2|EMV|CARD|BAJ09383.1	tran	E	M	V	CARD	C1|qac|tran-29_2|ECV|CARD|BAJ09383.1	L	
C2|tetA|tet-4_1|EMV|CARD|NP_862226.1	tet	E	M	V	CARD	C1|tetA|tet-4_1|ECV|CARD|NP_862226.1	L	
C2|emrY|misc-158_1|EMV|CARD|BAA11237.1	misc	E	M	V	CARD	C1|emrY|unc-158_1|ECV|CARD|BAA11237.1	L	
C2|emrB|misc-29_2|EMV|CARD|AAC75733.1	misc	E	M	V	CARD	C1|emrB|unc-29_2|ECV|CARD|AAC75733.1	L	
C2|opcM|misc-18_1|ECV|CARD|AAC43969.1	misc	E	C	V	CARD	C1|opcM|unc-18_1|ECV|CARD|AAC43969.1	L	
C2|fusH|misc-195_1|ECV|CARD|CAA90432.1	misc	E	C	V	CARD	C1|fusH|unc-195_1|ECV|CARD|CAA90432.1	L	
C2|farB|misc-37_1|ECV|CARD|AAF40764.1	misc	E	C	V	CARD	C1|farB|unc-37_1|ECV|CARD|AAF40764.1	L	
C2|lfrA|misc-17_1|ECV|CARD|AAC43550.1	misc	E	C	V	CARD	C1|lfrA|unc-17_1|ECV|CARD|AAC43550.1	L	
C2|aadT|aad-2_1|EMV|CARD|AMD83542.1	aad	E	M	V	CARD	C1|aadT|aad-2_1|ECV|CARD|AMD83542.1	L	
C2|mdsC|misc-67_1|EMV|CARD|AAL19304.1	misc	E	M	V	CARD	C1|mdsC|unc-67_1|ECV|CARD|AAL19304.1	L	
C2|opmB|misc-49_1|ECV|CARD|AAG05913.1	misc	E	C	V	CARD	C1|opmB|unc-49_1|ECV|CARD|AAG05913.1	L	
C2|lsaD|lsa-5_1|ECV|CARD|AXF35727.1	lsa	E	C	V	CARD	C1|lsaD|unc-153_1|ECV|CARD|AXF35727.1	L	
C2|tolC|misc-108_1|EMV|CARD|ACN32294.1	misc	E	M	V	CARD	C1|tolC|unc-108_1|ECV|CARD|ACN32294.1	L	
C2|cmeC|misc-187_1|ECV|CARD|BAO79432.1	misc	E	C	V	CARD	C1|cmeC|unc-187_1|ECV|CARD|BAO79432.1	L	
C2|amvA|misc-109_1|EMV|CARD|ACQ82816.1	misc	E	M	V	CARD	C1|amvA|unc-109_1|ECV|CARD|ACQ82816.1	L	
C2|opmE|misc-176_1|ECV|CARD|BAE06009.1	misc	E	C	V	CARD	C1|opmE|unc-176_1|ECV|CARD|BAE06009.1	L	
C2|mdtP|tran-26_1|EMV|CARD|BAE78082.1	tran	E	M	V	CARD	C1|mdtP|tran-26_1|ECV|CARD|BAE78082.1	L	
C2|opmD|misc-57_1|ECV|CARD|AAG07595.1	misc	E	C	V	CARD	C1|opmD|unc-57_1|ECV|CARD|AAG07595.1	L	
C2|msrF|msr-5_1|ECV|CARD|QHW12375.1	msr	E	C	V	CARD	C1|msrF|unc-248_1|ECV|CARD|QHW12375.1	L	
C2|oprM|opr-2_1|ECV|CARD|AAG03816.1	opr	E	C	V	CARD	C1|oprM|opr-2_1|ECV|CARD|AAG03816.1	L	
C2|msr(G)|msr-6_1|EMV|CARD|QNR09092.1	msr	E	M	V	CARD	C1|msr(G)|unc-249_1|ECV|CARD|QNR09092.1	L	
C2|msr(I)|msr-8_1|ECV|CARD|QQA64075.1	msr	E	C	V	CARD	C1|msr(I)|unc-250_1|ECV|CARD|QQA64075.1	L	
C2|adeK|misc-88_1|EMV|CARD|AAX14803.1	misc	E	M	V	CARD	C1|adeK|unc-88_1|ECV|CARD|AAX14803.1	L	
C2|adeH|misc-209_1|EMV|CARD|CAJ77855.1	misc	E	M	V	CARD	C1|adeH|unc-209_1|ECV|CARD|CAJ77855.1	L	
C2|opmH|misc-58_1|ECV|CARD|AAG08359.1	misc	E	C	V	CARD	C1|opmH|unc-58_1|ECV|CARD|AAG08359.1	L	
C2|lmrS|misc-86_1|ECV|CARD|AAW38464.1	misc	E	C	V	CARD	C1|lmrS|unc-86_1|ECV|CARD|AAW38464.1	L	
C2|iri|misc-10_1|ECV|CARD|AAB41059.1	misc	E	C	V	CARD	C1|iri|unc-10_1|ECV|CARD|AAB41059.1	L	
C2|mdtQ|tran-37_1|EMV|CARD|WMY66391.1	tran	E	M	V	CARD	C1|mdtQ|tran-37_1|ECV|CARD|WMY66391.1	L	
C2|lmrB|misc-236_1|ECV|CARD|KIX81495.1	misc	E	C	V	CARD	C1|lmrB|unc-236_1|ECV|CARD|KIX81495.1	L	
C2|pmpM|misc-45_1|EMV|CARD|AAG04750.1	misc	E	M	V	CARD	C1|pmpM|unc-45_1|ECV|CARD|AAG04750.1	L	
C2|rox|misc-148_1|ECV|CARD|APE19944.1	misc	E	C	V	CARD	C1|rox|unc-148_1|ECV|CARD|APE19944.1	L	
C2|mdtK|tran-23_1|EMV|CARD|AML99881.1	tran	E	M	V	CARD	C1|mdtK|tran-23_1|ECV|CARD|AML99881.1	L	
C2|oprN|opr-3_1|ECV|CARD|AAG05883.1	opr	E	C	V	CARD	C1|oprN|opr-3_1|ECV|CARD|AAG05883.1	L	
C2|smeC|tran-14_1|ECV|CARD|AAD51346.1	tran	E	C	V	CARD	C1|smeC|tran-14_1|ECV|CARD|AAD51346.1	L	
C2|mtrE|misc-192_1|ECV|CARD|CAA64891.1	misc	E	C	V	CARD	C1|mtrE|unc-192_1|ECV|CARD|CAA64891.1	L	
C2|oprA|opr-4_1|ECV|CARD|BAM10414.1	opr	E	C	V	CARD	C1|oprA|opr-4_1|ECV|CARD|BAM10414.1	L	
C2|smeF|misc-201_1|ECV|CARD|CAC14596.1	misc	E	C	V	CARD	C1|smeF|unc-201_1|ECV|CARD|CAC14596.1	L	
C2|norB|misc-223_1|EMV|CARD|CCQ22388.1	misc	E	M	V	CARD	C1|norB|unc-223_1|ECV|CARD|CCQ22388.1	L	
C2|adeC|misc-139_1|EMV|CARD|ALX99516.1	misc	E	M	V	CARD	C1|adeC|unc-139_1|ECV|CARD|ALX99516.1	L	
C2|hmrM|misc-113_1|ECV|CARD|ADO96486.1	misc	E	C	V	CARD	C1|hmrM|unc-113_1|ECV|CARD|ADO96486.1	L	
C2|oprZ|opr-5_1|ECV|CARD|EGP45230.2	opr	E	C	V	CARD	C1|oprZ|opr-5_1|ECV|CARD|EGP45230.2	L	
C2|norC|misc-125_1|EMV|CARD|AGP27106.1	misc	E	M	V	CARD	C1|norC|unc-125_1|ECV|CARD|AGP27106.1	L	
C2|mdeA|misc-256_1|ECV|CARD|WP_002289367.1	misc	E	C	V	CARD	C1|mdeA|unc-256_1|ECV|CARD|WP_002289367.1	L	
C2|arlS|misc-93_1|EMV|CARD|ABD30512.1	misc	E	M	V	CARD	C1|arlS|unc-93_1|ECV|CARD|ABD30512.1	L	
C2|mepA|misc-83_1|ECV|CARD|AAU95768.1	misc	E	C	V	CARD	C1|mepA|unc-83_1|ECV|CARD|AAU95768.1	L	
C2|tet(38)|tet-1_1|ECV|CARD|AAV80464.1	tet	E	C	V	CARD	C1|tet(38)|tet-1_1|ECV|CARD|AAV80464.1	L	
C2|abeM|misc-175_1|EMV|CARD|BAD89844.2	misc	E	M	V	CARD	C1|abeM|unc-175_1|ECV|CARD|BAD89844.2	L	
C2|sdrM|misc-169_1|ECV|CARD|BAB43261.1	misc	E	C	V	CARD	C1|sdrM|unc-169_1|ECV|CARD|BAB43261.1	L	
C2|vanS_in_vanB_cl|van-5_1|ECV|CARD|AAB05623.1	van	E	C	V	CARD	C1|vanS_in_vanB_cl|van-5_1|ECV|CARD|AAB05623.1	L	
C2|murA_FOF|misc-75_1|ECV|CARD|AAN28945.1	misc	E	C	V	CARD	C1|murA_FOF|unc-75_1|ECV|CARD|AAN28945.1	L	
C2|hp1181|misc-32_1|ECV|CARD|AAD08227.1	misc	E	C	V	CARD	C1|hp1181|unc-32_1|ECV|CARD|AAD08227.1	L	
C2|cdeA|misc-204_1|ECV|CARD|CAE00499.1	misc	E	C	V	CARD	C1|cdeA|unc-204_1|ECV|CARD|CAE00499.1	L	
C2|abaQ|misc-104_1|EMV|CARD|ACJ41547.2	misc	E	M	V	CARD	C1|abaQ|unc-104_1|ECV|CARD|ACJ41547.2	L	
C2|abaF|misc-97_1|EMV|CARD|ABO11759.2	misc	E	M	V	CARD	C1|abaF|unc-97_1|ECV|CARD|ABO11759.2	L	
C2|efmA|misc-183_1|ECV|CARD|BAG75524.1	misc	E	C	V	CARD	C1|efmA|unc-183_1|ECV|CARD|BAG75524.1	L	
C2|muxA|misc-52_1|ECV|CARD|AAG05916.1	misc	E	C	V	CARD	C1|muxA|unc-52_1|ECV|CARD|AAG05916.1	L	
C2|oleI|misc-90_1|ECV|CARD|ABA42118.2	misc	E	C	V	CARD	C1|oleI|unc-90_1|ECV|CARD|ABA42118.2	L	
C2|aph(4)-Ib|aph-1_1|ECV|CARD|CAA52372.1	aph	E	C	V	CARD	C1|aph(4)-Ib|aph-1_1|ECV|CARD|CAA52372.1	L	
C2|mgtA|misc-89_1|ECV|CARD|ABA28305.2	misc	E	C	V	CARD	C1|mgtA|unc-89_1|ECV|CARD|ABA28305.2	L	
C2|adeI|misc-105_1|EMV|CARD|ACJ41739.1	misc	E	M	V	CARD	C1|adeI|unc-105_1|ECV|CARD|ACJ41739.1	L	
C2|mdtA|tran-5_1|EMV|CARD|AAC75135.2	tran	E	M	V	CARD	C1|mdtA|tran-5_1|ECV|CARD|AAC75135.2	L	
C2|mexE|mex-5_1|ECV|CARD|AAG05881.1	mex	E	C	V	CARD	C1|mexE|mex-5_1|ECV|CARD|AAG05881.1	L	
C2|mrx|misc-80_1|EMV|CARD|AAS13767.1	misc	E	M	V	CARD	C1|mrx|unc-80_1|ECV|CARD|AAS13767.1	L	
C2|rgt1438|misc-123_1|ECV|CARD|AFO53532.1	misc	E	C	V	CARD	C1|rgt1438|unc-123_1|ECV|CARD|AFO53532.1	L	
C2|mdtM|tran-11_1|EMV|CARD|AAC77293.1	tran	E	M	V	CARD	C1|mdtM|tran-11_1|ECV|CARD|AAC77293.1	L	
C2|rosA|misc-21_1|ECV|CARD|AAC60781.1	misc	E	C	V	CARD	C1|rosA|unc-21_1|ECV|CARD|AAC60781.1	L	
C2|mdfA|tran-22_1|EMV|CARD|AFH35853.1	tran	E	M	V	CARD	C1|mdfA|tran-22_1|ECV|CARD|AFH35853.1	L	
C2|tap|misc-188_1|ECV|CARD|CAA03986.1	misc	E	C	V	CARD	C1|tap|unc-188_1|ECV|CARD|CAA03986.1	L	
C2|mdsA|misc-69_1|EMV|CARD|AAL19306.1	misc	E	M	V	CARD	C1|mdsA|unc-69_1|ECV|CARD|AAL19306.1	L	
C2|mdtG|tran-20_1|EMV|CARD|ABV18113.1	tran	E	M	V	CARD	C1|mdtG|tran-20_1|ECV|CARD|ABV18113.1	L	
C2|blaPNC|blaC-16_3|ECV|CARD|BFD45354.1	blaC	E	C	V	CARD	C1|blaPNC|blaC-16_3|ECV|CARD|BFD45354.1	L	
C2|adeG|misc-211_1|EMV|CARD|CAJ77857.1	misc	E	M	V	CARD	C1|adeG|unc-211_1|ECV|CARD|CAJ77857.1	L	
C2|lmrP|misc-94_1|EMV|CARD|ABF33001.1	misc	E	M	V	CARD	C1|lmrP|unc-94_1|ECV|CARD|ABF33001.1	L	
C2|tet(62)|tetEFF-1_1|ECV|CARD|QIQ10744.1	tetEFF	E	C	V	CARD	C1|tet(62)|tetEFF-1_1|ECV|CARD|QIQ10744.1	L	
C2|ceoA|misc-12_1|EMV|CARD|AAB58160.1	misc	E	M	V	CARD	C1|ceoA|unc-12_1|ECV|CARD|AAB58160.1	L	
C2|mef(E)|tran-17_1|ECV|CARD|AAK99775.1	tran	E	C	V	CARD	C1|mef(E)|tran-17_1|ECV|CARD|AAK99775.1	L	
C2|mdtH|tran-4_1|EMV|CARD|AAC74149.2	tran	E	M	V	CARD	C1|mdtH|tran-4_1|ECV|CARD|AAC74149.2	L	
C2|bcr-1|misc-138_1|EMV|CARD|ALV80601.1	misc	E	M	V	CARD	C1|bcr-1|unc-138_1|ECV|CARD|ALV80601.1	L	
C2|mef(En2)|tran-16_1|EMV|CARD|AAF74725.1	tran	E	M	V	CARD	C1|mef(En2)|tran-16_1|ECV|CARD|AAF74725.1	L	
C2|blt|misc-16_1|EMV|CARD|AAC36944.1	misc	E	M	V	CARD	C1|blt|unc-16_1|ECV|CARD|AAC36944.1	L	
C2|amrA|misc-208_1|ECV|CARD|CAH35803.1	misc	E	C	V	CARD	C1|amrA|unc-208_1|ECV|CARD|CAH35803.1	L	
C2|pmrA|misc-63_1|ECV|CARD|AAK99679.1	misc	E	C	V	CARD	C1|pmrA|unc-63_1|ECV|CARD|AAK99679.1	L	
C2|mef(D)|tran-33_1|EMV|CARD|QHW12307.1	tran	E	M	V	CARD	C1|mef(D)|tran-33_1|ECV|CARD|QHW12307.1	L	
C2|smeA|tran-12_1|ECV|CARD|AAD51344.1	tran	E	C	V	CARD	C1|smeA|tran-12_1|ECV|CARD|AAD51344.1	L	
C2|acrA|tran-31_1|EMV|CARD|CAC41008.1	tran	E	M	V	CARD	C1|acrA|tran-31_1|ECV|CARD|CAC41008.1	L	
C2|blaADC-8|blaC-18_1|ECV|CARD|CAL25116.3	blaC	E	C	V	CARD	C1|blaADC-8|blaC-18_1|ECV|CARD|CAL25116.3	L	
C2|blaBUT|blaC-2_1|ECV|CARD|AAN17791.1	blaC	E	C	V	CARD	C1|blaBUT|blaC-2_1|ECV|CARD|AAN17791.1	L	
C2|adeA|misc-65_1|EMV|CARD|AAL14439.1	misc	E	M	V	CARD	C1|adeA|unc-65_1|ECV|CARD|AAL14439.1	L	
C2|blaAMZ-1|blaC-27_1|ECV|CARD|WHL54874.1	blaC	E	C	V	CARD	C1|blaAMZ-1|blaC-27_1|ECV|CARD|WHL54874.1	L	
C2|blaRSC1-1|blaC-14_1|ECV|CARD|AUW34363.1	blaC	E	C	V	CARD	C1|blaRSC1-1|blaC-14_1|ECV|CARD|AUW34363.1	L	
C2|blaIDC|blaC-19_2|ECV|CARD|QIB98918.1	blaC	E	C	V	CARD	C1|blaIDC|blaC-19_2|ECV|CARD|QIB98918.1	L	
C2|smeD|misc-199_1|ECV|CARD|CAC14594.1	misc	E	C	V	CARD	C1|smeD|unc-199_1|ECV|CARD|CAC14594.1	L	
C2|emeA|misc-172_1|ECV|CARD|BAC11911.1	misc	E	C	V	CARD	C1|emeA|unc-172_1|ECV|CARD|BAC11911.1	L	
C2|cmlR|cml-7_1|ECV|CARD|CAA42594.1	cml	E	C	V	CARD	C1|cmlR|unc-191_1|ECV|CARD|CAA42594.1	L	
C2|macA|misc-84_1|EMV|CARD|AAV85981.1	misc	E	M	V	CARD	C1|macA|unc-84_1|ECV|CARD|AAV85981.1	L	
C2|axyX|misc-233_1|ECV|CARD|EGP45232.2	misc	E	C	V	CARD	C1|axyX|unc-233_1|ECV|CARD|EGP45232.2	L	
C2|emrA|misc-161_1|EMV|CARD|BAA16547.1	misc	E	M	V	CARD	C1|emrA|unc-161_1|ECV|CARD|BAA16547.1	L	
C2|varG|misc-40_1|ECV|CARD|AAF94716.1	misc	E	C	V	CARD	C1|varG|unc-40_1|ECV|CARD|AAF94716.1	L	
C2|blaLHK|blaC-29_5|ECV|CARD|WP_104531866.1	blaC	E	C	V	CARD	C1|blaLHK|blaC-29_5|ECV|CARD|WP_104531866.1	L	
C2|mexX|mex-14_1|ECV|CARD|BAA34299.1	mex	E	C	V	CARD	C1|mexX|mex-14_1|ECV|CARD|BAA34299.1	L	
C2|bmr|misc-1_1|ECV|CARD|AAA22277.1	misc	E	C	V	CARD	C1|bmr|unc-1_1|ECV|CARD|AAA22277.1	L	
C2|ugd|misc-24_1|EMV|CARD|AAC75089.1	misc	E	M	V	CARD	C1|ugd|unc-24_1|ECV|CARD|AAC75089.1	L	
C2|norA|misc-159_1|ECV|CARD|BAA14147.1	misc	E	C	V	CARD	C1|norA|unc-159_1|ECV|CARD|BAA14147.1	L	
C2|mexC|mex-2_1|ECV|CARD|AAB41956.1	mex	E	C	V	CARD	C1|mexC|mex-2_1|ECV|CARD|AAB41956.1	L	
C2|blaLRA-18|blaC-6_1|ECV|CARD|ACH58997.1	blaC	E	C	V	CARD	C1|blaLRA-18|blaC-6_1|ECV|CARD|ACH58997.1	L	
C2|blaPNGM-1|blaX-2_1|ECV|CARD|AWN09461.1	blaX	E	C	V	CARD	C1|blaPNGM-1|blaX-2_1|ECV|CARD|AWN09461.1	L	
C2|acrE|tran-8_1|EMV|CARD|AAC76297.1	tran	E	M	V	CARD	C1|acrE|tran-8_1|ECV|CARD|AAC76297.1	L	
C2|mdtE|tran-25_1|EMV|CARD|BAE77781.1	tran	E	M	V	CARD	C1|mdtE|tran-25_1|ECV|CARD|BAE77781.1	L	
C2|mexP|mex-18_1|ECV|CARD|BAE06007.1	mex	E	C	V	CARD	C1|mexP|mex-18_1|ECV|CARD|BAE06007.1	L	
C2|mexM|mex-16_1|EMV|CARD|BAE06005.1	mex	E	M	V	CARD	C1|mexM|mex-16_1|ECV|CARD|BAE06005.1	L	
C2|vanS_in_vanA_cl|van-2_1|EMV|CARD|AAA65954.1	van	E	M	V	CARD	C1|vanS_in_vanA_cl|van-2_1|ECV|CARD|AAA65954.1	L	
C2|farA|misc-36_1|ECV|CARD|AAF40763.1	misc	E	C	V	CARD	C1|farA|unc-36_1|ECV|CARD|AAF40763.1	L	
C2|mexA|mex-4_1|ECV|CARD|AAG03814.1	mex	E	C	V	CARD	C1|mexA|mex-4_1|ECV|CARD|AAG03814.1	L	
C2|triA|misc-42_1|ECV|CARD|AAG03546.1	misc	E	C	V	CARD	C1|triA|unc-42_1|ECV|CARD|AAG03546.1	L	
C2|blaPAC-1|blaC-13_2|ECV|CARD|APM84516.1	blaC	E	C	V	CARD	C1|blaPAC-1|blaC-13_2|ECV|CARD|APM84516.1	L	
C2|bla_ampC|blaC-4_1|ECV|CARD|ABA81355.1	blaC	E	C	V	CARD	C1|bla_ampC|blaC-4_1|ECV|CARD|ABA81355.1	L	
C2|blaPRC-1|blaC-21_1|ECV|CARD|QTV22830.1	blaC	E	C	V	CARD	C1|blaPRC-1|blaC-21_1|ECV|CARD|QTV22830.1	L	
C2|blaPSZ-1|blaC-26_2|EMV|CARD|WGF22896.1	blaC	E	M	V	CARD	C1|blaPSZ-1|blaC-26_2|ECV|CARD|WGF22896.1	L	
C2|mexV|mex-12_1|ECV|CARD|AAG07762.1	mex	E	C	V	CARD	C1|mexV|mex-12_1|ECV|CARD|AAG07762.1	L	
C2|blaLRA-10|blaC-7_1|ECV|CARD|ACH58999.1	blaC	E	C	V	CARD	C1|blaLRA-10|blaC-7_1|ECV|CARD|ACH58999.1	L	
C2|blaC|blaC-28_4|ECV|CARD|WP_032974004.1	blaC	E	C	V	CARD	C1|blaC|blaC-28_4|ECV|CARD|WP_032974004.1	L	
C2|vanK_in_vanI_cl|van-39_1|ECV|CARD|BAE85481.1	van	E	C	V	CARD	C1|vanK_in_vanI_cl|van-39_1|ECV|CARD|BAE85481.1	L	
C2|omp38|omp-3_1|ECV|CARD|AAP82271.1	omp	E	C	V	CARD	C1|omp38|unc-78_1|ECV|CARD|AAP82271.1	L	
C2|ompK37|omp-1_1|EMV|CARD|CAA09666.1	omp	E	M	V	CARD	C1|ompK37|omp-1_1|ECV|CARD|CAA09666.1	L	
C2|ompA|omp-2_1|EMV|CARD|CDO13836.1	omp	E	M	V	CARD	C1|ompA|unc-225_1|ECV|CARD|CDO13836.1	L	
C2|vanW_in_vanI_cl|van-38_1|ECV|CARD|BAE83690.1	van	E	C	V	CARD	C1|vanW_in_vanI_cl|van-38_1|ECV|CARD|BAE83690.1	L	
C2|rv2856|misc-242_1|ECV|CARD|NP_217372.1	misc	E	C	V	CARD	C1|rv2856|unc-242_1|ECV|CARD|NP_217372.1	L	
C2|mexH|mex-10_1|ECV|CARD|AAG07593.1	mex	E	C	V	CARD	C1|mexH|mex-10_1|ECV|CARD|AAG07593.1	L	
C2|vanS_in_vanM_cl|van-31_1|EMV|CARD|ACL82958.1	van	E	M	V	CARD	C1|vanS_in_vanM_cl|van-31_1|ECV|CARD|ACL82958.1	L	
C2|vanS_in_vanG_cl|van-22_1|ECV|CARD|ABA71728.1	van	E	C	V	CARD	C1|vanS_in_vanG_cl|van-22_1|ECV|CARD|ABA71728.1	L	
C2|cmeA|misc-100_1|ECV|CARD|ABS43901.1	misc	E	C	V	CARD	C1|cmeA|unc-100_1|ECV|CARD|ABS43901.1	L	
C2|mexJ|mex-8_1|ECV|CARD|AAG07065.1	mex	E	C	V	CARD	C1|mexJ|mex-8_1|ECV|CARD|AAG07065.1	L	
C2|lpsB|misc-247_1|EMV|CARD|QFQ03949.1	misc	E	M	V	CARD	C1|lpsB|unc-247_1|ECV|CARD|QFQ03949.1	L	
C2|vanTr_in_vanL|van-28_1|ECV|CARD|ABX54690.1	van	E	C	V	CARD	C1|vanTr_in_vanL|van-28_1|ECV|CARD|ABX54690.1	L	
C2|vanS_in_vanL_cl|van-29_1|ECV|CARD|ABX54692.1	van	E	C	V	CARD	C1|vanS_in_vanL_cl|van-29_1|ECV|CARD|ABX54692.1	L	
C2|vanS_in_vanN_cl|van-36_1|ECV|CARD|AEP40504.1	van	E	C	V	CARD	C1|vanS_in_vanN_cl|van-36_1|ECV|CARD|AEP40504.1	L	
C2|efrB|misc-226_1|ECV|CARD|CDO61516.1	misc	E	C	V	CARD	C1|efrB|unc-226_1|ECV|CARD|CDO61516.1	L	
C2|vanS_in_vanC_cl|van-15_1|EMV|CARD|AAF86642.1	van	E	M	V	CARD	C1|vanS_in_vanC_cl|van-15_1|ECV|CARD|AAF86642.1	L	
C2|tet(X1)|tetX-2_1|ECV|CARD|CAC47933.1	tetX	E	C	V	CARD	C1|tet(X1)|tetX-2_1|ECV|CARD|CAC47933.1	L	
C2|vanS_in_vanP_cl|van-42_1|ECV|CARD|MBY8651250.1	van	E	C	V	CARD	C1|vanS_in_vanP_cl|van-42_1|ECV|CARD|MBY8651250.1	L	
C2|vanS_in_vanE_cl|van-17_1|ECV|CARD|AAL27446.1	van	E	C	V	CARD	C1|vanS_in_vanE_cl|van-17_1|ECV|CARD|AAL27446.1	L	
C2|triB|misc-43_1|ECV|CARD|AAG03547.1	misc	E	C	V	CARD	C1|triB|unc-43_1|ECV|CARD|AAG03547.1	L	
C2|lpeA|misc-205_1|ECV|CARD|CAH14032.1	misc	E	C	V	CARD	C1|lpeA|unc-205_1|ECV|CARD|CAH14032.1	L	
C2|emrK|misc-157_1|EMV|CARD|BAA11236.1	misc	E	M	V	CARD	C1|emrK|unc-157_1|ECV|CARD|BAA11236.1	L	
C2|clbC|misc-174_1|ECV|CARD|BAD63613.1	misc	E	C	V	CARD	C1|clbC|unc-174_1|ECV|CARD|BAD63613.1	L	
C2|crxA|blaB1-9_1|ECV|CARD|MBS5055441.1	blaB1	E	C	V	CARD	C1|crxA|blaB1-9_1|ECV|CARD|MBS5055441.1	L	
C2|cipA|misc-110_1|ECV|CARD|ACX65640.1	misc	E	C	V	CARD	C1|cipA|unc-110_1|ECV|CARD|ACX65640.1	L	
C2|aph(9)-Ic|aph-2_1|ECV|CARD|WCI13726.1	aph	E	C	V	CARD	C1|aph(9)-Ic|aph-2_1|ECV|CARD|WCI13726.1	L	
C2|vanS_in_vanO_cl|van-37_1|ECV|CARD|AHA41504.1	van	E	C	V	CARD	C1|vanS_in_vanO_cl|van-37_1|ECV|CARD|AHA41504.1	L	
C2|cfrC|cfr-6_1|ECV|CARD|CAL84423.1	cfr	E	C	V	CARD	C1|cfrC|unc-213_1|ECV|CARD|CAL84423.1	L	
C2|vanC|van-1_1|EMV|CARD|AAA24786.1	van	E	M	V	CARD	C1|vanC|van-1_1|ECV|CARD|AAA24786.1	L	
C2|mdtN|tran-28_1|EMV|CARD|BAE78084.1	tran	E	M	V	CARD	C1|mdtN|tran-28_1|ECV|CARD|BAE78084.1	L	
C2|tetA(58)|tet-2_1|ECV|CARD|APB03214.1	tet	E	C	V	CARD	C1|tetA(58)|tet-2_1|ECV|CARD|APB03214.1	L	
C2|blaCAR-1|blaB3-23_1|ECV|CARD|WP_011094382.1	blaB3	E	C	V	CARD	C1|blaCAR-1|blaB3-23_1|ECV|CARD|WP_011094382.1	L	
C2|vanP|van-44_1|ECV|CARD|MBY8651253.1	van	E	C	V	CARD	C1|vanP|van-44_1|ECV|CARD|MBY8651253.1	L	
C2|blaMSI-1|blaB3-11_1|ECV|CARD|AJP77057.1	blaB3	E	C	V	CARD	C1|blaMSI-1|blaB3-11_1|ECV|CARD|AJP77057.1	L	
C2|emtA|misc-64_1|EMV|CARD|AAL02176.1	misc	E	M	V	CARD	C1|emtA|unc-64_1|ECV|CARD|AAL02176.1	L	
C2|erm(30)|erm-2_1|ECV|CARD|AAC69328.1	erm	E	C	V	CARD	C1|erm(30)|erm-2_1|ECV|CARD|AAC69328.1	L	
C2|fomB|misc-163_1|ECV|CARD|BAA32494.1	misc	E	C	V	CARD	C1|fomB|unc-163_1|ECV|CARD|BAA32494.1	L	
C2|vanJ|van-40_1|ECV|CARD|CAB45459.1	van	E	C	V	CARD	C1|vanJ|van-40_1|ECV|CARD|CAB45459.1	L	
C2|vanTm_in_vanL|van-27_1|ECV|CARD|ABX54689.1	van	E	C	V	CARD	C1|vanTm_in_vanL|van-27_1|ECV|CARD|ABX54689.1	L	
C2|blaLRA-5|blaA-11_1|ECV|CARD|ACH59002.1	blaA	E	C	V	CARD	C1|blaLRA-5|blaA-11_1|ECV|CARD|ACH59002.1	L	
C2|pmrF|misc-26_1|EMV|CARD|AAC75314.1	misc	E	M	V	CARD	C1|pmrF|unc-26_1|ECV|CARD|AAC75314.1	L	
C2|blaSSA|blaA-32_1|ECV|CARD|CBI71171.1	blaA	E	C	V	CARD	C1|blaSSA|blaA-32_1|ECV|CARD|CBI71171.1	L	
C2|blaASU1-1|blaA-37_1|ECV|CARD|QWJ89340.1	blaA	E	C	V	CARD	C1|blaASU1-1|blaA-37_1|ECV|CARD|QWJ89340.1	L	
C2|blaALG6-1|blaB3-35_1|ECV|CARD|WP_122630832.1	blaB3	E	C	V	CARD	C1|blaALG6-1|blaB3-35_1|ECV|CARD|WP_122630832.1	L	
C2|blaEAM-1|blaB3-32_1|ECV|CARD|WP_122630825.1	blaB3	E	C	V	CARD	C1|blaEAM-1|blaB3-32_1|ECV|CARD|WP_122630825.1	L	
C2|mphO|mph-5_1|ECV|CARD|WP_050815728.1	mph	E	C	V	CARD	C1|mphO|mph-5_1|ECV|CARD|WP_050815728.1	L	
C2|blaTHIN-B|blaB3-17_1|ECV|CARD|CAC33832.1	blaB3	E	C	V	CARD	C1|blaTHIN-B|blaB3-17_1|ECV|CARD|CAC33832.1	L	
C2|blaEXO-1|blaA-2_1|ECV|CARD|AAA26775.1	blaA	E	C	V	CARD	C1|blaEXO-1|blaA-2_1|ECV|CARD|AAA26775.1	L	
C2|vanH_in_vanP_cl|van-45_1|ECV|CARD|MBY8651254.1	van	E	C	V	CARD	C1|vanH_in_vanP_cl|van-45_1|ECV|CARD|MBY8651254.1	L	
C2|blaELM-1|blaB3-28_1|ECV|CARD|WP_081853183.1	blaB3	E	C	V	CARD	C1|blaELM-1|blaB3-28_1|ECV|CARD|WP_081853183.1	L	
C2|blaCDD|blaX-6_1|ECV|CARD|WP_009901927.1	blaX	E	C	V	CARD	C1|blaCDD|blaX-6_1|ECV|CARD|WP_009901927.1	L	
C2|blaPEN-B|blaA-12_4|EMV|CARD|ACJ63454.1	blaA	E	M	V	CARD	C1|blaPEN-B|blaA-12_4|ECV|CARD|ACJ63454.1	L	
C2|blaRSA2-1|blaA-56_1|ECV|CARD|WP_128268281.1	blaA	E	C	V	CARD	C1|blaRSA2-1|blaA-56_1|ECV|CARD|WP_128268281.1	L	
C2|blaNWM-1|blaB3-22_1|ECV|CARD|QXM27671.1	blaB3	E	C	V	CARD	C1|blaNWM-1|blaB3-22_1|ECV|CARD|QXM27671.1	L	
C2|bla1|blaA-7_1|ECV|CARD|AAR20595.1	blaA	E	C	V	CARD	C1|bla1|blaA-7_1|ECV|CARD|AAR20595.1	L	
C2|erm(52)|erm-6_2|ECV|CARD|QQM99828.1	erm	E	C	V	CARD	C1|erm(52)|erm-6_2|ECV|CARD|QQM99828.1	L	
C2|blaCBP-1|blaA-19_1|ECV|CARD|ALF06101.1	blaA	E	C	V	CARD	C1|blaCBP-1|blaA-19_1|ECV|CARD|ALF06101.1	L	
C2|blaBCL-1|blaA-9_1|ECV|CARD|ABU39980.1	blaA	E	C	V	CARD	C1|blaBCL-1|blaA-9_1|ECV|CARD|ABU39980.1	L	
C2|blaC|blaA-33_1|ECV|CARD|CCP44842.1	blaA	E	C	V	CARD	C1|blaC|blaA-33_1|ECV|CARD|CCP44842.1	L	
C2|blaSIE-1|blaB3-14_1|ECV|CARD|APL95059.1	blaB3	E	C	V	CARD	C1|blaSIE-1|blaB3-14_1|ECV|CARD|APL95059.1	L	
C2|bcrA|misc-6_1|ECV|CARD|AAA99504.1	misc	E	C	V	CARD	C1|bcrA|unc-6_1|ECV|CARD|AAA99504.1	L	
C2|estT|misc-253_1|EMV|CARD|UXD71803.1	misc	E	M	V	CARD	C1|estT|unc-253_1|ECV|CARD|UXD71803.1	L	
C2|blaLRA-8|blaB3-4_2|ECV|CARD|ACH58988.1	blaB3	E	C	V	CARD	C1|blaLRA-8|blaB3-4_2|ECV|CARD|ACH58988.1	L	
C2|blaEVM-1|blaB3-30_1|ECV|CARD|WP_122630823.1	blaB3	E	C	V	CARD	C1|blaEVM-1|blaB3-30_1|ECV|CARD|WP_122630823.1	L	
C2|blaBOR-1|blaA-30_1|ECV|CARD|CAE32545.1	blaA	E	C	V	CARD	C1|blaBOR-1|blaA-30_1|ECV|CARD|CAE32545.1	L	
C2|blaTLA-2|blaA-31_1|ECV|CARD|CAG27800.1	blaA	E	C	V	CARD	C1|blaTLA-2|blaA-31_1|ECV|CARD|CAG27800.1	L	
C2|erm(49)|erm-5_2|ECV|CARD|OPG86592.1	erm	E	C	V	CARD	C1|erm(49)|erm-5_2|ECV|CARD|OPG86592.1	L	
C2|r39|blaA-29_1|ECV|CARD|CAA37699.1	blaA	E	C	V	CARD	C1|r39|blaA-29_1|ECV|CARD|CAA37699.1	L	
C2|blaRATA|blaA-44_4|ECV|CARD|WFS34552.1	blaA	E	C	V	CARD	C1|blaRATA|blaA-44_4|ECV|CARD|WFS34552.1	L	
C2|blaHBL-1|blaA-42_1|ECV|CARD|UNG16571.1	blaA	E	C	V	CARD	C1|blaHBL-1|blaA-42_1|ECV|CARD|UNG16571.1	L	
C2|blaAIM|blaB3-19_4|ECV|CARD|CAQ53840.1	blaB3	E	C	V	CARD	C1|blaAIM|blaB3-19_4|ECV|CARD|CAQ53840.1	L	
C2|mphL|mph-4_1|ECV|CARD|EEL41021.1	mph	E	C	V	CARD	C1|mphL|mph-4_1|ECV|CARD|EEL41021.1	L	
C2|blaCRD3-1|blaB3-34_1|ECV|CARD|WP_122630831.1	blaB3	E	C	V	CARD	C1|blaCRD3-1|blaB3-34_1|ECV|CARD|WP_122630831.1	L	
C2|blaECM-1|blaB3-31_1|ECV|CARD|WP_122630824.1	blaB3	E	C	V	CARD	C1|blaECM-1|blaB3-31_1|ECV|CARD|WP_122630824.1	L	
C2|blaLUS-1|blaA-47_1|ECV|CARD|WP_041881964.1	blaA	E	C	V	CARD	C1|blaLUS-1|blaA-47_1|ECV|CARD|WP_041881964.1	L	
C2|vanY_in_vanA_cl|van-3_1|EMV|CARD|AAA65958.1	van	E	M	V	CARD	C1|vanY_in_vanA_cl|van-3_1|ECV|CARD|AAA65958.1	L	
C2|blaB3SU1-1|blaB3-20_1|ECV|CARD|QWJ89341.1	blaB3	E	C	V	CARD	C1|blaB3SU1-1|blaB3-20_1|ECV|CARD|QWJ89341.1	L	
C2|blaLRA-2|blaB3-2_1|ECV|CARD|ACH58985.1	blaB3	E	C	V	CARD	C1|blaLRA-2|blaB3-2_1|ECV|CARD|ACH58985.1	L	
C2|blaLRA-3|blaB3-3_1|ECV|CARD|ACH58987.1	blaB3	E	C	V	CARD	C1|blaLRA-3|blaB3-3_1|ECV|CARD|ACH58987.1	L	
C2|blaDHT2-1|blaB3-33_1|ECV|CARD|WP_122630829.1	blaB3	E	C	V	CARD	C1|blaDHT2-1|blaB3-33_1|ECV|CARD|WP_122630829.1	L	
C2|rm3|blaB3-9_1|ECV|CARD|AGU01679.2	blaB3	E	C	V	CARD	C1|rm3|blaB3-9_1|ECV|CARD|AGU01679.2	L	
C2|blaCAE-1|blaA-39_1|EMV|CARD|QXW20276.1	blaA	E	M	V	CARD	C1|blaCAE-1|blaA-39_1|ECV|CARD|QXW20276.1	L	
C2|blaMUN|blaA-58_2|EMV|CARD|WVP99768.1	blaA	E	M	V	CARD	C1|blaMUN|blaA-58_2|ECV|CARD|WVP99768.1	L	
C2|blaOXA-837|blaD2-13_1|ECV|CARD|QEE23059.1	blaD2	E	C	V	CARD	C1|blaOXA-837|blaD2-13_1|ECV|CARD|QEE23059.1	L	
C2|blaLRA-19|blaB3-8_1|ECV|CARD|ACH59005.1	blaB3	E	C	V	CARD	C1|blaLRA-19|blaB3-8_1|ECV|CARD|ACH59005.1	L	
C2|mphM|mph-3_1|EMV|CARD|AMR06225.1	mph	E	M	V	CARD	C1|mphM|mph-3_1|ECV|CARD|AMR06225.1	L	
C2|blaLRG-1|blaA-51_1|ECV|CARD|WP_063860827.1	blaA	E	C	V	CARD	C1|blaLRG-1|blaA-51_1|ECV|CARD|WP_063860827.1	L	
C2|vgb(A)|vgb-4_1|ECV|CARD|AAA98349.1	vgb	E	C	V	CARD	C1|vgb(A)|vgb-XXX_3|ECV|CARD|AAA98349.1	L	
C2|blaAXC|blaA-46_8|ECV|CARD|WP_020924773.1	blaA	E	C	V	CARD	C1|blaAXC|blaA-46_8|ECV|CARD|WP_020924773.1	L	
C2|blaSPR-1|blaB3-24_1|ECV|CARD|WP_012145975.1	blaB3	E	C	V	CARD	C1|blaSPR-1|blaB3-24_1|ECV|CARD|WP_012145975.1	L	
C2|blaPAD-1|blaA-34_1|ECV|CARD|KXF74838.1	blaA	E	C	V	CARD	C1|blaPAD-1|blaA-34_1|ECV|CARD|KXF74838.1	L	
C2|cblA-1|blaA-13_80|ECV|CARD|ACT97415.1	blaA	E	C	V	CARD	C1|cblA-1|blaA-13_80|ECV|CARD|ACT97415.1	L	
C2|mphN|mph-2_1|EMV|CARD|AHE40505.1	mph	E	M	V	CARD	C1|mphN|mph-2_1|ECV|CARD|AHE40505.1	L	
C2|blaLRA-1|blaA-10_1|ECV|CARD|ACH58980.1	blaA	E	C	V	CARD	C1|blaLRA-1|blaA-10_1|ECV|CARD|ACH58980.1	L	
C2|blaALG11-1|blaB3-36_1|ECV|CARD|WP_122630833.1	blaB3	E	C	V	CARD	C1|blaALG11-1|blaB3-36_1|ECV|CARD|WP_122630833.1	L	
C2|blaPSV-1|blaA-54_1|ECV|CARD|WP_075226241.1	blaA	E	C	V	CARD	C1|blaPSV-1|blaA-54_1|ECV|CARD|WP_075226241.1	L	
C2|blaRASA-1|blaA-18_1|EMV|CARD|AKP72088.1	blaA	E	M	V	CARD	C1|blaRASA-1|blaA-18_1|ECV|CARD|AKP72088.1	L	
C2|blaF|blaA-1_1|ECV|CARD|AAA19882.1	blaA	E	C	V	CARD	C1|blaF|blaA-1_1|ECV|CARD|AAA19882.1	L	
C2|blaLRA-17|blaB3-6_1|ECV|CARD|ACH58994.1	blaB3	E	C	V	CARD	C1|blaLRA-17|blaB3-6_1|ECV|CARD|ACH58994.1	L	
C2|blaBJP-1|blaB3-13_1|ECV|CARD|AND91341.1	blaB3	E	C	V	CARD	C1|blaBJP-1|blaB3-13_1|ECV|CARD|AND91341.1	L	
C2|blaSED-2|blaA-60_2|EMV|CARD|WWB25208.1	blaA	E	M	V	CARD	C1|blaSED-2|blaA-60_2|ECV|CARD|WWB25208.1	L	
C2|blaLRA-12|blaB3-5_1|ECV|CARD|ACH58990.1	blaB3	E	C	V	CARD	C1|blaLRA-12|blaB3-5_1|ECV|CARD|ACH58990.1	L	
C2|blaRCP-1|blaA-28_2|ECV|CARD|CAA33795.1	blaA	E	C	V	CARD	C1|blaRCP-1|blaA-28_2|ECV|CARD|CAA33795.1	L	
C2|vanY_in_vanF_cl|van-12_1|ECV|CARD|AAF36805.1	van	E	C	V	CARD	C1|vanY_in_vanF_cl|van-12_1|ECV|CARD|AAF36805.1	L	
C2|blaS1|blaA-6_1|ECV|CARD|AAP97895.1	blaA	E	C	V	CARD	C1|blaS1|blaA-6_1|ECV|CARD|AAP97895.1	L	
C2|blaB3SU2-1|blaB3-21_1|ECV|CARD|QWJ89342.1	blaB3	E	C	V	CARD	C1|blaB3SU2-1|blaB3-21_1|ECV|CARD|QWJ89342.1	L	
C2|blaCGA-1|blaA-3_1|ECV|CARD|AAL55262.1	blaA	E	C	V	CARD	C1|blaCGA-1|blaA-3_1|ECV|CARD|AAL55262.1	L	
C2|blaCIA|blaA-25_4|ECV|CARD|BAL40892.1	blaA	E	C	V	CARD	C1|blaCIA|blaA-25_4|ECV|CARD|BAL40892.1	L	
C2|blaCPS-1|blaB3-10_1|ECV|CARD|AJP77054.1	blaB3	E	C	V	CARD	C1|blaCPS-1|blaB3-10_1|ECV|CARD|AJP77054.1	L	
C2|blaCRH|blaA-48_3|ECV|CARD|WP_043592266.1	blaA	E	C	V	CARD	C1|blaCRH|blaA-48_3|ECV|CARD|WP_043592266.1	L	
C2|blaRAA-1|blaA-38_1|EMV|CARD|QWY17602.1	blaA	E	M	V	CARD	C1|blaRAA-1|blaA-38_1|ECV|CARD|QWY17602.1	L	
C2|blaCAU/blaMBL|blaB3-18_2|ECV|CARD|CAC87665.1	blaB3	E	C	V	CARD	C1|blaCAU/blaMBL|blaB3-18_2|ECV|CARD|CAC87665.1	L	
C2|blaCTX-M-45|blaA-24_1|EMV|CARD|BAA28282.1	blaA	E	M	V	CARD	C1|blaCTX-M-45|blaA-24_1|ECV|CARD|BAA28282.1	L	
C2|blaPLN-1|blaB3-25_1|ECV|CARD|WP_041884311.1	blaB3	E	C	V	CARD	C1|blaPLN-1|blaB3-25_1|ECV|CARD|WP_041884311.1	L	
C2|blaMAB|blaA-20_1|ECV|CARD|ALP44181.1	blaA	E	C	V	CARD	C1|blaMAB|blaA-20_1|ECV|CARD|ALP44181.1	L	
C2|blaOXA-1089|blaD2-12_1|ECV|CARD|GAP12525.1	blaD2	E	C	V	CARD	C1|blaOXA-1089|blaD2-12_1|ECV|CARD|GAP12525.1	L	
C2|blaFPH-1|blaA-17_1|ECV|CARD|AJI75632.1	blaA	E	C	V	CARD	C1|blaFPH-1|blaA-17_1|ECV|CARD|AJI75632.1	L	
C2|vph|misc-190_1|ECV|CARD|CAA26235.1	misc	E	C	V	CARD	C1|vph|unc-190_1|ECV|CARD|CAA26235.1	L	
C2|llmA_23S_CLI|misc-141_1|ECV|CARD|APB03216.1	misc	E	C	V	CARD	C1|llmA_23S_CLI|unc-141_1|ECV|CARD|APB03216.1	L	
C2|aadS|aad-1_1|EMV|CARD|AAA27459.1	aad	E	M	V	CARD	C1|aadS|aad-1_1|ECV|CARD|AAA27459.1	L	
C2|blaKBL-1|blaA-26_1|ECV|CARD|BCL63355.1	blaA	E	C	V	CARD	C1|blaKBL-1|blaA-26_1|ECV|CARD|BCL63355.1	L	
C2|blaRSA1-1|blaA-22_1|ECV|CARD|AUW34365.1	blaA	E	C	V	CARD	C1|blaRSA1-1|blaA-22_1|ECV|CARD|AUW34365.1	L	
C2|erm(K)|erm-8_1|ECV|CARD|WP_010896559.1	erm	E	C	V	CARD	C1|erm(K)|erm-8_1|ECV|CARD|WP_010896559.1	L	
C2|blaFEZ-1|blaB3-16_1|ECV|CARD|CAB96921.1	blaB3	E	C	V	CARD	C1|blaFEZ-1|blaB3-16_1|ECV|CARD|CAB96921.1	L	
C2|rlmA(II)|misc-134_1|ECV|CARD|AJD73064.1	misc	E	C	V	CARD	C1|rlmA(II)|unc-134_1|ECV|CARD|AJD73064.1	L	
C2|blaARL|blaA-21_6|ECV|CARD|APY23733.1	blaA	E	C	V	CARD	C1|blaARL|blaA-21_6|ECV|CARD|APY23733.1	L	
C2|blaGMA|blaA-15_2|EMV|CARD|AHJ00703.1	blaA	E	M	V	CARD	C1|blaGMA|blaA-15_2|ECV|CARD|AHJ00703.1	L	
C2|vanW_in_vanG_cl|van-24_1|ECV|CARD|ABA71730.1	van	E	C	V	CARD	C1|vanW_in_vanG_cl|van-24_1|ECV|CARD|ABA71730.1	L	
C2|cph|misc-4_1|ECV|CARD|AAA92037.1	misc	E	C	V	CARD	C1|cph|unc-4_1|ECV|CARD|AAA92037.1	L	
C2|erm(32)|erm-3_2|ECV|CARD|AAD12162.1	erm	E	C	V	CARD	C1|erm(32)|erm-3_2|ECV|CARD|AAD12162.1	L	
C2|vanY_in_vanG_cl|van-23_1|ECV|CARD|ABA71729.1	van	E	C	V	CARD	C1|vanY_in_vanG_cl|van-23_1|ECV|CARD|ABA71729.1	L	
C2|blaOXA-1036|blaD2-6_1|ECV|CARD|AUX87883.1	blaD2	E	C	V	CARD	C1|blaOXA-1036|blaD2-6_1|ECV|CARD|AUX87883.1	L	
C2|blaOXA-1206|blaD2-19_1|ECV|CARD|WMQ57530.1	blaD2	E	C	V	CARD	C1|blaOXA-1206|blaD2-19_1|ECV|CARD|WMQ57530.1	L	
C2|blaOXA-12|blaD2-18_6|ECV|CARD|WFP96649.1	blaD2	E	C	V	CARD	C1|blaOXA-12|blaD2-18_6|ECV|CARD|WFP96649.1	L	
C2|blaSPN79-1|blaB1-35_1|ECV|CARD|WP_122630830.1	blaB1	E	C	V	CARD	C1|blaSPN79-1|blaB1-35_1|ECV|CARD|WP_122630830.1	L	
C2|blaSPS-1|blaB1-20_1|ECV|CARD|WP_013255389.1	blaB1	E	C	V	CARD	C1|blaSPS-1|blaB1-20_1|ECV|CARD|WP_013255389.1	L	
C2|blaOXA-919|blaD1-7_1|ECV|CARD|WP_007879679.1	blaD1	E	C	V	CARD	C1|blaOXA-919|blaD1-7_1|ECV|CARD|WP_007879679.1	L	
C2|blaOXA|blaD2-28_7|ECV|CARD|WP_204376237.1	blaD2	E	C	V	CARD	C1|blaOXA|blaD2-28_7|ECV|CARD|WP_204376237.1	L	
C2|vanW_in_vanB_cl|van-7_1|EMV|CARD|AAB05625.1	van	E	M	V	CARD	C1|vanW_in_vanB_cl|van-7_1|ECV|CARD|AAB05625.1	L	
C2|apmA|misc-216_1|ECV|CARD|CBL58181.1	misc	E	C	V	CARD	C1|apmA|unc-216_1|ECV|CARD|CBL58181.1	L	
C2|blaOXA-1090|blaD-132_1|ECV|CARD|KCZ55067.1	misc	E	C	V	CARD	C1|blaOXA-1090|unc-235_1|ECV|CARD|KCZ55067.1	L	
C2|bacA|misc-30_1|EMV|CARD|AAC76093.1	misc	E	M	V	CARD	C1|bacA|unc-30_1|ECV|CARD|AAC76093.1	L	
C2|almG|misc-41_1|ECV|CARD|AAF94731.1	misc	E	C	V	CARD	C1|almG|unc-41_1|ECV|CARD|AAF94731.1	L	
C2|blaOXA-665|blaD2-11_1|ECV|CARD|EPF70268.1	blaD2	E	C	V	CARD	C1|blaOXA-665|blaD2-11_1|ECV|CARD|EPF70268.1	L	
C2|blaMSI-OXA|blaD2-4_1|ECV|CARD|AJP77058.1	blaD2	E	C	V	CARD	C1|blaMSI-OXA|blaD2-4_1|ECV|CARD|AJP77058.1	L	
C2|blaOXA-1091|blaD2-2_1|ECV|CARD|ABQ37031.1	blaD2	E	C	V	CARD	C1|blaOXA-1091|blaD2-2_1|ECV|CARD|ABQ37031.1	L	
C2|tetB(58)|tet-3_1|ECV|CARD|APB03215.1	tet	E	C	V	CARD	C1|tetB(58)|tet-3_1|ECV|CARD|APB03215.1	L	
C2|blaRSD1-1|blaD2-5_1|ECV|CARD|AUW34360.1	blaD2	E	C	V	CARD	C1|blaRSD1-1|blaD2-5_1|ECV|CARD|AUW34360.1	L	
C2|tsnR|misc-8_1|ECV|CARD|AAA99931.1	misc	E	C	V	CARD	C1|tsnR|unc-8_1|ECV|CARD|AAA99931.1	L	
C2|blaSHD-1|blaB1-17_1|ECV|CARD|WP_011495276.1	blaB1	E	C	V	CARD	C1|blaSHD-1|blaB1-17_1|ECV|CARD|WP_011495276.1	L	
C2|vanY_in_vanB_cl|van-6_1|EMV|CARD|AAB05624.1	van	E	M	V	CARD	C1|vanY_in_vanB_cl|van-6_1|ECV|CARD|AAB05624.1	L	
C2|blaBAT-1|blaD2-8_1|ECV|CARD|EIM09515.1	blaD2	E	C	V	CARD	C1|blaBAT-1|blaD2-8_1|ECV|CARD|EIM09515.1	L	
C2|blaOXA-926|blaD1-10_1|EMV|CARD|WP_114268491.1	blaD1	E	M	V	CARD	C1|blaOXA-926|blaD1-10_1|ECV|CARD|WP_114268491.1	L	
C2|blaOXA-1|blaD1-5_2|ECV|CARD|QUN38553.1	blaD1	E	C	V	CARD	C1|blaOXA-1|blaD1-5_2|ECV|CARD|QUN38553.1	L	
C2|aph(3')-IIc|aph3p-2_1|ECV|CARD|ADQ43421.1	aph3p	E	C	V	CARD	C1|aph(3')-IIc|aph3p-2_1|ECV|CARD|ADQ43421.1	L	
C2|aph(3')-VIIIa|aph3p-1_1|ECV|CARD|AAG11411.2	aph3p	E	C	V	CARD	C1|aph(3')-VIIIa|aph3p-1_1|ECV|CARD|AAG11411.2	L	
C2|fomA|misc-162_1|ECV|CARD|BAA32493.1	misc	E	C	V	CARD	C1|fomA|unc-162_1|ECV|CARD|BAA32493.1	L	
C2|ant(3'')-Ib|ant-3_1|ECV|CARD|QEQ43477.1	ant	E	C	V	CARD	C1|ant(3'')-Ib|ant-3_1|ECV|CARD|QEQ43477.1	L	
C2|blaMYO-1|blaB1-31_1|EMV|CARD|WP_081048762.1	blaB1	E	M	V	CARD	C1|blaMYO-1|blaB1-31_1|ECV|CARD|WP_081048762.1	L	
C2|erm(56)|erm-7_2|ECV|CARD|WGG63489.1	erm	E	C	V	CARD	C1|erm(56)|erm-7_2|ECV|CARD|WGG63489.1	L	
C2|blaOXA|blaD2-62_67|EMV|CARD|ARX76025.1	blaD	E	M	V	CARD	C1|blaOXA|blaD-XXX_1|ECV|CARD|ARX76025.1	L	
C2|ant(3'')-IIb|ant-2_1|ECV|CARD|ENU91137.1	ant	E	C	V	CARD	C1|ant(3'')-IIb|ant-2_1|ECV|CARD|ENU91137.1	L	
C2|blaFIM-1|blaB1-5_1|ECV|CARD|AFV91534.1	blaB1	E	C	V	CARD	C1|blaFIM-1|blaB1-5_1|ECV|CARD|AFV91534.1	L	
C2|ant(3'')-Iic/aadA27|aad-3_1|EMV|CARD|ESK39014.1	aad	E	M	V	CARD	C1|ant(3'')-Iic/aadA27|aad-3_1|ECV|CARD|ESK39014.1	L	
C2|ant(3'')-IIa|ant-1_1|EMV|CARD|EEX02086.1	ant	E	M	V	CARD	C1|ant(3'')-IIa|ant-1_1|ECV|CARD|EEX02086.1	L	
C2|blaBPU-1|blaD2-3_1|ECV|CARD|ABV63006.2	blaD2	E	C	V	CARD	C1|blaBPU-1|blaD2-3_1|ECV|CARD|ABV63006.2	L	
C2|blaOXA-957|blaD2-15_1|ECV|CARD|QWJ89343.1	blaD2	E	C	V	CARD	C1|blaOXA-957|blaD2-15_1|ECV|CARD|QWJ89343.1	L	
C2|blaMYX-1|blaB1-19_1|ECV|CARD|WP_011550565.1	blaB1	E	C	V	CARD	C1|blaMYX-1|blaB1-19_1|ECV|CARD|WP_011550565.1	L	
C2|blaSTA-1|blaB1-33_1|ECV|CARD|WP_109545039.1	blaB1	E	C	V	CARD	C1|blaSTA-1|blaB1-33_1|ECV|CARD|WP_109545039.1	L	
C2|lnuH|lnu-1_1|EMV|CARD|WP_051021433.1	lnu	E	M	V	CARD	C1|lnuH|lnu-1_1|ECV|CARD|WP_051021433.1	L	
C2|ant(9)-Ic|ant-4_1|ECV|CARD|QWQ57435.1	ant	E	C	V	CARD	C1|ant(9)-Ic|ant-4_1|ECV|CARD|QWQ57435.1	L	
C2|ranA|misc-116_1|ECV|CARD|ADZ12699.1	misc	E	C	V	CARD	C1|ranA|unc-116_1|ECV|CARD|ADZ12699.1	L	
C2|blaRAD-1|blaD2-17_1|ECV|CARD|UWS41116.1	blaD2	E	C	V	CARD	C1|blaRAD-1|blaD2-17_1|ECV|CARD|UWS41116.1	L	
C2|spd|misc-127_1|EMV|CARD|AGW81558.1	misc	E	M	V	CARD	C1|spd|unc-127_1|ECV|CARD|AGW81558.1	L	
C2|blaECV-1|blaB1-22_1|ECV|CARD|WP_015266427.1	blaB1	E	C	V	CARD	C1|blaECV-1|blaB1-22_1|ECV|CARD|WP_015266427.1	L	
C2|blaRSD2|blaD2-29_1|ECV|CARD|WP_128268284.1	blaD2	E	C	V	CARD	C1|blaRSD2|blaD2-29_1|ECV|CARD|WP_128268284.1	L	
C2|bcII/bla2|blaB1-1_2|ECV|CARD|AAA22562.1	blaB1	E	C	V	CARD	C1|bcII/bla2|blaB1-1_2|ECV|CARD|AAA22562.1	L	
C2|lpsA|misc-95_1|ECV|CARD|ABG48543.1	misc	E	C	V	CARD	C1|lpsA|unc-95_1|ECV|CARD|ABG48543.1	L	
C2|blaANA-1|blaB1-26_1|ECV|CARD|WP_041449074.1	blaB1	E	C	V	CARD	C1|blaANA-1|blaB1-26_1|ECV|CARD|WP_041449074.1	L	
C2|blaCVI-1|blaB1-39_1|ECV|CARD|WP_164461288.1	blaB1	E	C	V	CARD	C1|blaCVI-1|blaB1-39_1|ECV|CARD|WP_164461288.1	L	
C2|blaORR-1|blaB1-34_1|ECV|CARD|WP_109545042.1	blaB1	E	C	V	CARD	C1|blaORR-1|blaB1-34_1|ECV|CARD|WP_109545042.1	L	
C2|ranB|misc-117_1|ECV|CARD|ADZ12700.1	misc	E	C	V	CARD	C1|ranB|unc-117_1|ECV|CARD|ADZ12700.1	L	
C2|blaPFM|blaB1-38_4|ECV|CARD|WP_148044470.1	blaB1	E	C	V	CARD	C1|blaPFM|blaB1-38_4|ECV|CARD|WP_148044470.1	L	
C2|blaBMHC-1|blaB1-14_1|ECV|CARD|UZX27393.1	blaB1	E	C	V	CARD	C1|blaBMHC-1|blaB1-14_1|ECV|CARD|UZX27393.1	L	
C2|blaCHM-1|blaB1-11_1|ECV|CARD|QAT79363.1	blaB1	E	C	V	CARD	C1|blaCHM-1|blaB1-11_1|ECV|CARD|QAT79363.1	L	
C2|blaCIM-1|blaB1-37_1|ECV|CARD|WP_123865086.1	blaB1	E	C	V	CARD	C1|blaCIM-1|blaB1-37_1|ECV|CARD|WP_123865086.1	L	
C2|blaDYB-1|blaB1-8_1|ECV|CARD|BES62776.2	blaB1	E	C	V	CARD	C1|blaDYB-1|blaB1-8_1|ECV|CARD|BES62776.2	L	
C2|blaSLB-1|blaB1-3_1|ECV|CARD|AAT90846.1	blaB1	E	C	V	CARD	C1|blaSLB-1|blaB1-3_1|ECV|CARD|AAT90846.1	L	
C2|blaFIA-1|blaB1-25_1|ECV|CARD|WP_041258349.1	blaB1	E	C	V	CARD	C1|blaFIA-1|blaB1-25_1|ECV|CARD|WP_041258349.1	L	
C2|blaZOG-1|blaB1-21_1|ECV|CARD|WP_013992183.1	blaB1	E	C	V	CARD	C1|blaZOG-1|blaB1-21_1|ECV|CARD|WP_013992183.1	L	
C2|blaYEM-1|blaB1-16_1|ECV|CARD|WP_004874166.1	blaB1	E	C	V	CARD	C1|blaYEM-1|blaB1-16_1|ECV|CARD|WP_004874166.1	L	
C2|blaALI-1|blaB1-24_1|ECV|CARD|WP_026025287.1	blaB1	E	C	V	CARD	C1|blaALI-1|blaB1-24_1|ECV|CARD|WP_026025287.1	L	
C2|blaALI-2|blaB1-29_1|ECV|CARD|WP_065597326.1	blaB1	E	C	V	CARD	C1|blaALI-2|blaB1-29_1|ECV|CARD|WP_065597326.1	L	
C2|blaSFB-1|blaB1-4_1|ECV|CARD|AAT90847.1	blaB1	E	C	V	CARD	C1|blaSFB-1|blaB1-4_1|ECV|CARD|AAT90847.1	L	
C2|blaTTU-1|blaB1-23_1|ECV|CARD|WP_015818996.1	blaB1	E	C	V	CARD	C1|blaTTU-1|blaB1-23_1|ECV|CARD|WP_015818996.1	L	
C2|blaPST|blaB1-27_2|ECV|CARD|WP_043942497.1	blaB1	E	C	V	CARD	C1|blaPST|blaB1-27_2|ECV|CARD|WP_043942497.1	L	
C2|blaGRD23-1|blaB1-36_1|ECV|CARD|WP_122630835.1	blaB1	E	C	V	CARD	C1|blaGRD23-1|blaB1-36_1|ECV|CARD|WP_122630835.1	L	
C2|aac(2')-IIb|aac2p-1_1|ECV|CARD|APB03221.1	aac2p	E	C	V	CARD	C1|aac(2')-IIb|aac2p-1_1|ECV|CARD|APB03221.1	L	
C2|blaSHN-1|blaB1-18_1|ECV|CARD|WP_011497575.1	blaB1	E	C	V	CARD	C1|blaSHN-1|blaB1-18_1|ECV|CARD|WP_011497575.1	L	
C2|pgpB|misc-182_1|ECV|CARD|BAG33043.1	misc	E	C	V	CARD	C1|pgpB|unc-182_1|ECV|CARD|BAG33043.1	L	
C2|vanY_in_vanM_cl|van-32_1|EMV|CARD|ACL82959.1	van	E	M	V	CARD	C1|vanY_in_vanM_cl|van-32_1|ECV|CARD|ACL82959.1	L	
C2|vanS_in_vanD_cl|van-33_1|ECV|CARD|ACM47284.1	van	E	C	V	CARD	C1|vanS_in_vanD_cl|van-33_1|ECV|CARD|ACM47284.1	L	
C2|catV|cat-2_1|ECV|CARD|ATL63235.1	cat	E	C	V	CARD	C1|catV|cat-2_1|ECV|CARD|ATL63235.1	L	
C2|qnrS|qnr-3_1|ECV|CARD|AEG74318.1	qnr	E	C	V	CARD	C1|qnrS|qnr-3_1|ECV|CARD|AEG74318.1	L	
C2|qnrAS|qnr-9_1|ECV|CARD|CAQ79275.1	qnr	E	C	V	CARD	C1|qnrAS|qnr-9_1|ECV|CARD|CAQ79275.1	L	
C2|catU|cat-91_1|ECV|CARD|APB03217.1	cat	E	C	V	CARD	C1|catU|unc-142_1|ECV|CARD|APB03217.1	L	
C2|fusF|misc-151_1|ECV|CARD|AVL76727.1	misc	E	C	V	CARD	C1|fusF|unc-151_1|ECV|CARD|AVL76727.1	L	
C2|fusD|misc-149_1|ECV|CARD|ASE57902.1	misc	E	C	V	CARD	C1|fusD|unc-149_1|ECV|CARD|ASE57902.1	L	
C2|vatI|vat-8_1|ECV|CARD|APB03220.1	vat	E	C	V	CARD	C1|vatI|unc-145_1|ECV|CARD|APB03220.1	L	
C2|bcrB|misc-7_1|ECV|CARD|AAA99505.1	misc	E	C	V	CARD	C1|bcrB|unc-7_1|ECV|CARD|AAA99505.1	L	
C2|vanZ_in_vanF_cl|van-13_1|ECV|CARD|AAF36806.1	van	E	C	V	CARD	C1|vanZ_in_vanF_cl|van-13_1|ECV|CARD|AAF36806.1	L	
C2|bcrC|misc-5_1|ECV|CARD|AAA99503.1	misc	E	C	V	CARD	C1|bcrC|unc-5_1|ECV|CARD|AAA99503.1	L	
C2|vanX_in_vanP_cl|van-43_1|ECV|CARD|MBY8651252.1	van	E	C	V	CARD	C1|vanX_in_vanP_cl|van-43_1|ECV|CARD|MBY8651252.1	L	
C2|tmrB|misc-196_1|ECV|CARD|CAB12108.2	misc	E	C	V	CARD	C1|tmrB|unc-196_1|ECV|CARD|CAB12108.2	L	
C2|aac(6')-34|aac6p-3_1|ECV|CARD|APB03223.1	aac6p	E	C	V	CARD	C1|aac(6')-34|aac6p-3_1|ECV|CARD|APB03223.1	L	
C2|aac(2')-Ib|aac2p-4_1|ECV|CARD|AAC44793.1	aac2p	E	C	V	CARD	C1|aac(2')-Ib|aac2p-4_1|ECV|CARD|AAC44793.1	L	
C2|dfrA43_TMP|dfr-12_1|ECV|CARD|WP_188331861.1	dfr	E	C	V	CARD	C1|dfrA43_TMP|dfr-12_1|ECV|CARD|WP_188331861.1	L	
C2|dfrL|dfr-5_1|ECV|CARD|CAC8536249.1	dfr	E	C	V	CARD	C1|dfrL|dfr-5_1|ECV|CARD|CAC8536249.1	L	
C2|dfrI|dfr-4_1|EMV|CARD|ABO40886.1	dfr	E	M	V	CARD	C1|dfrI|dfr-4_1|ECV|CARD|ABO40886.1	L	
C2|vanXY_in_vanC|van-14_1|EMV|CARD|AAF61331.1	van	E	M	V	CARD	C1|vanXY_in_vanC|van-14_1|ECV|CARD|AAF61331.1	L	
C2|sta|misc-3_1|ECV|CARD|AAA88560.1	misc	E	C	V	CARD	C1|sta|unc-3_1|ECV|CARD|AAA88560.1	L	
C2|thfT|misc-246_1|ECV|CARD|QCK45398.1	misc	E	C	V	CARD	C1|thfT|unc-246_1|ECV|CARD|QCK45398.1	L	
C2|satA|misc-77_1|ECV|CARD|AAP26981.1	misc	E	C	V	CARD	C1|satA|unc-77_1|ECV|CARD|AAP26981.1	L	
C2|mfpA|misc-222_1|ECV|CARD|CCP46182.1	misc	E	C	V	CARD	C1|mfpA|unc-222_1|ECV|CARD|CCP46182.1	L	
C2|blaSAT-3|blaX-4_1|ECV|CARD|CAA88265.1	blaX	E	C	V	CARD	C1|blaSAT-3|blaX-4_1|ECV|CARD|CAA88265.1	L	
C2|blaSAT-4|blaX-1_1|EMV|CARD|AAB53445.1	blaX	E	M	V	CARD	C1|blaSAT-4|blaX-1_1|ECV|CARD|AAB53445.1	L	
C2|dfrA42_TMP|dfr-8_1|EMV|CARD|WP_045475347.1	dfr	E	M	V	CARD	C1|dfrA42_TMP|dfr-8_1|ECV|CARD|WP_045475347.1	L	
C2|aac(6')-Ib-SK|aac6p-4_1|ECV|CARD|BAD11815.1	aac6p	E	C	V	CARD	C1|aac(6')-Ib-SK|aac6p-4_1|ECV|CARD|BAD11815.1	L	
C2|blaSAT-2|blaX-3_1|EMV|CARD|BAD95494.1	blaX	E	M	V	CARD	C1|blaSAT-2|blaX-3_1|ECV|CARD|BAD95494.1	L	
C2|nimK|nim-12_1|ECV|CARD|AXA20009.1	misc	E	C	V	CARD	C1|nimK|unc-152_1|ECV|CARD|AXA20009.1	L	
C2|dfrA38|dfr-13_1|ECV|CARD|WP_197749399.1	dfr	E	C	V	CARD	C1|dfrA38|dfr-13_1|ECV|CARD|WP_197749399.1	L	
C2|dfrA39|dfr-11_1|EMV|CARD|WP_149100971.1	dfr	E	M	V	CARD	C1|dfrA39|dfr-11_1|ECV|CARD|WP_149100971.1	L	
C2|dfrF|dfr-1_1|EMV|CARD|AAD01868.1	dfr	E	M	V	CARD	C1|dfrF|dfr-1_1|ECV|CARD|AAD01868.1	L	
C2|dfrE|dfr-6_4|ECV|CARD|EOD99669.1	dfr	E	C	V	CARD	C1|dfrE|dfr-6_4|ECV|CARD|EOD99669.1	L	
C2|vanZ_in_vanA_cl|van-4_1|EMV|CARD|AAA65959.1	van	E	M	V	CARD	C1|vanZ_in_vanA_cl|van-4_1|ECV|CARD|AAA65959.1	L	
C2|dfrC|dfr-3_1|EMV|CARD|AAO04716.1	dfr	E	M	V	CARD	C1|dfrC|dfr-3_1|ECV|CARD|AAO04716.1	L	
C2|cpaA|misc-147_1|ECV|CARD|APB03224.1	misc	E	C	V	CARD	C1|cpaA|unc-147_1|ECV|CARD|APB03224.1	L	
C2|dfrA3b|dfr-2_1|EMV|CARD|AAN85115.1	dfr	E	M	V	CARD	C1|dfrA3b|dfr-2_1|ECV|CARD|AAN85115.1	L	
C2|blaLEN|blaA-5_1|ECV|CARD|AAP93848.1	blaA	E	C	V	CARD	C1|blaLEN|blaA-5_1|ECV|CARD|AAP93848.1	L	
C2|sepA|misc-258_1|ECV|CARD|WP_042355600.1	misc	E	C	V	CARD	C1|sepA|unc-258_1|ECV|CARD|WP_042355600.1	L	
C2|nimB|nim-10_1|ECV|CARD|CBE03766.1	misc	E	C	V	CARD	C1|nimB|unc-215_1|ECV|CARD|CBE03766.1	L	
C2|mexG|mex-9_1|ECV|CARD|AAG07592.1	mex	E	C	V	CARD	C1|mexG|mex-9_1|ECV|CARD|AAG07592.1	L	
C2|edeQ|misc-131_1|ECV|CARD|AHH86051.1	misc	E	C	V	CARD	C1|edeQ|unc-131_1|ECV|CARD|AHH86051.1	L	
C2|arr-1|arr-1_1|ECV|CARD|AAC05822.1	arr	E	C	V	CARD	C1|arr-1|unc-14_1|ECV|CARD|AAC05822.1	L	
C2|fosM3|fos-32_1|ECV|CARD|DAC85641.1	fos	E	C	V	CARD	C1|fosM3|unc-231_1|ECV|CARD|DAC85641.1	L	
C2|fosXCC|fos-1_1|ECV|CARD|AIF29598.1	fos	E	C	V	CARD	C1|fosXCC|fos-1_1|ECV|CARD|AIF29598.1	L	
C2|fosM2|fos-31_1|ECV|CARD|DAC85640.1	fos	E	C	V	CARD	C1|fosM2|unc-230_1|ECV|CARD|DAC85640.1	L	
C2|vanY_in_vanD_cl|van-18_1|ECV|CARD|AAM09853.1	van	E	C	V	CARD	C1|vanY_in_vanD_cl|van-18_1|ECV|CARD|AAM09853.1	L	
C2|crcB|misc-220_1|ECV|CARD|CCN31428.1	misc	E	C	V	CARD	C1|crcB|unc-220_1|ECV|CARD|CCN31428.1	L	
C2|BLMT|misc-181_1|EMV|CARD|BAF34030.1	misc	E	M	V	CARD	C1|BLMT|unc-181_1|ECV|CARD|BAF34030.1	L	
C2|brp(MBL)|misc-124_1|EMV|CARD|AGH88989.1	misc	E	M	V	CARD	C1|brp(MBL)|unc-124_1|ECV|CARD|AGH88989.1	L	
C2|kpnE|misc-185_1|EMV|CARD|BAH63251.1	misc	E	M	V	CARD	C1|kpnE|unc-185_1|ECV|CARD|BAH63251.1	L	
C2|qacEdelta1|tran-1_1|EMV|CARD|AAC44316.1	tran	E	M	V	CARD	C1|qacEdelta1|tran-1_1|ECV|CARD|AAC44316.1	L	
C2|vanV_in_vanB_cl|van-19_1|ECV|CARD|AAO82019.1	van	E	C	V	CARD	C1|vanV_in_vanB_cl|van-19_1|ECV|CARD|AAO82019.1	L	
C2|rbpA|misc-115_1|ECV|CARD|ADV91011.1	misc	E	C	V	CARD	C1|rbpA|unc-115_1|ECV|CARD|ADV91011.1	L	
C2|ykkC|misc-197_1|ECV|CARD|CAB13166.1	misc	E	C	V	CARD	C1|ykkC|unc-197_1|ECV|CARD|CAB13166.1	L	
C2|yajC|misc-252_1|ECV|CARD|TKW44661.1	misc	E	C	V	CARD	C1|yajC|unc-252_1|ECV|CARD|TKW44661.1	L	
C2|emrE|misc-59_1|ECV|CARD|AAG08375.1	misc	E	C	V	CARD	C1|emrE|unc-59_1|ECV|CARD|AAG08375.1	L	
C2|emrE|misc-193_1|EMV|CARD|CAA77936.1	misc	E	M	V	CARD	C1|emrE|unc-193_1|ECV|CARD|CAA77936.1	L	
C2|qacL|tran-18_1|EMV|CARD|AAZ42322.1	tran	E	M	V	CARD	C1|qacL|tran-18_1|ECV|CARD|AAZ42322.1	L	
C2|abeS|misc-106_1|EMV|CARD|ACJ59254.1	misc	E	M	V	CARD	C1|abeS|unc-106_1|ECV|CARD|ACJ59254.1	L	
C2|kpnF|misc-186_1|EMV|CARD|BAH63252.1	misc	E	M	V	CARD	C1|kpnF|unc-186_1|ECV|CARD|BAH63252.1	L	
C2|mef(H)|tran-36_1|EMV|CARD|QQM99829.1	tran	E	M	V	CARD	C1|mef(H)|tran-36_1|ECV|CARD|QQM99829.1	L	
C2|qacH|tran-30_1|EMV|CARD|CAA76544.1	tran	E	M	V	CARD	C1|qacH|tran-30_1|ECV|CARD|CAA76544.1	L	
C2|ykkD|misc-198_1|ECV|CARD|CAB13167.1	misc	E	C	V	CARD	C1|ykkD|unc-198_1|ECV|CARD|CAB13167.1	L	
C2|almF|misc-245_1|ECV|CARD|PNM48229.1	misc	E	C	V	CARD	C1|almF|unc-245_1|ECV|CARD|PNM48229.1	L	
C2|vanU_in_vanG_cl|van-21_1|ECV|CARD|ABA71726.1	van	E	C	V	CARD	C1|vanU_in_vanG_cl|van-21_1|ECV|CARD|ABA71726.1	L	
C2|~tetRPG-25_1|tetRPG-25_1|LCV|ResFinderFG|KJ910966.1	tetRPG	L	C	V	ResFinderFG	C1|~tetRPG-25_1|tetRPG-25_1|LCV|ResFinderFG|KJ910966.1	L	
C2|~van-170_1|van-170_1|LCV|ResFinderFG|KF627869.1	van	L	C	V	ResFinderFG	C1|~van-170_1|van-170_1|LCV|ResFinderFG|KF627869.1	L	
C2|~tetRPG-24_1|tetRPG-24_1|LCV|ResFinderFG|KJ692127.1	tetRPG	L	C	V	ResFinderFG	C1|~tetRPG-24_1|tetRPG-24_1|LCV|ResFinderFG|KJ692127.1	L	
C2|~tetRPG-40_10|tetRPG-40_10|EMV|ResFinderFG|KU546032.1	tetRPG	E	M	V	ResFinderFG	C1|~tetRPG-40_10|tetRPG-40_10|LCV|ResFinderFG|KU546032.1	L	
C2|~tetRPG-23_1|tetRPG-23_1|LCV|ResFinderFG|KJ691905.1	tetRPG	L	C	V	ResFinderFG	C1|~tetRPG-23_1|tetRPG-23_1|LCV|ResFinderFG|KJ691905.1	L	
C2|~blaX-22_1|blaX-22_1|LCV|ResFinderFG|KJ910977.1	blaX	L	C	V	ResFinderFG	C1|~blaX-22_1|blaX-22_1|LCV|ResFinderFG|KJ910977.1	L	
C2|~blaX-21_1|blaX-21_1|LCV|ResFinderFG|KJ910971.1	blaX	L	C	V	ResFinderFG	C1|~blaX-21_1|blaX-21_1|LCV|ResFinderFG|KJ910971.1	L	
C2|~van-443_1|van-443_1|LCV|ResFinderFG|KJ694251.1	van	L	C	V	ResFinderFG	C1|~van-443_1|van-443_1|LCV|ResFinderFG|KJ694251.1	L	
C2|~pbp-1_1|pbp-1_1|LCV|ResFinderFG|KJ693635.1	pbp	L	C	V	ResFinderFG	C1|~pbp-1_1|pbp-1_1|LCV|ResFinderFG|KJ693635.1	L	
C2|~van-406_1|van-406_1|LCV|ResFinderFG|KJ693523.1	van	L	C	V	ResFinderFG	C1|~van-406_1|van-406_1|LCV|ResFinderFG|KJ693523.1	L	
C2|~van-178_2|van-178_2|LCV|ResFinderFG|KF627979.1	van	L	C	V	ResFinderFG	C1|~van-178_2|van-178_2|LCV|ResFinderFG|KF627979.1	L	
C2|~van-351_1|van-351_1|LCV|ResFinderFG|KF630016.1	van	L	C	V	ResFinderFG	C1|~van-351_1|van-351_1|LCV|ResFinderFG|KF630016.1	L	
C2|~tetRPG-50_1|tetRPG-50_1|LCV|ResFinderFG|KU548373.1	tetRPG	L	C	V	ResFinderFG	C1|~tetRPG-50_1|tetRPG-50_1|LCV|ResFinderFG|KU548373.1	L	
C2|~tetRPG-42_1|tetRPG-42_1|LMV|ResFinderFG|KU546613.1	tetRPG	L	M	V	ResFinderFG	C1|~tetRPG-42_1|tetRPG-42_1|LCV|ResFinderFG|KU546613.1	L	
C2|~tetEFF-90_1|tetEFF-90_1|LCV|ResFinderFG|KU548378.1	tetEFF	L	C	V	ResFinderFG	C1|~tetEFF-90_1|tetEFF-90_1|LCV|ResFinderFG|KU548378.1	L	
C2|~tetEFF-34_1|tetEFF-34_1|LCV|ResFinderFG|KJ692734.1	tetEFF	L	C	V	ResFinderFG	C1|~tetEFF-34_1|tetEFF-34_1|LCV|ResFinderFG|KJ692734.1	L	
C2|~van-355_5|van-355_5|LCV|ResFinderFG|KF630119.1	van	L	C	V	ResFinderFG	C1|~van-355_5|van-355_5|LCV|ResFinderFG|KF630119.1	L	
C2|~van-323_2|van-323_2|LCV|ResFinderFG|KF629723.1	van	L	C	V	ResFinderFG	C1|~van-323_2|van-323_2|LCV|ResFinderFG|KF629723.1	L	
C2|~van-263_1|van-263_1|LCV|ResFinderFG|KF629178.1	van	L	C	V	ResFinderFG	C1|~van-263_1|van-263_1|LCV|ResFinderFG|KF629178.1	L	
C2|~van-579_1|van-579_1|LCV|ResFinderFG|KX125843.1	van	L	C	V	ResFinderFG	C1|~van-579_1|van-579_1|LCV|ResFinderFG|KX125843.1	L	
C2|~blaC-52_1|blaC-52_1|LCV|ResFinderFG|JX009203.1	blaC	L	C	V	ResFinderFG	C1|~blaC-52_1|blaC-52_1|LCV|ResFinderFG|JX009203.1	L	
C2|~tetEFF-42_1|tetEFF-42_1|LCV|ResFinderFG|KJ693684.1	tetEFF	L	C	V	ResFinderFG	C1|~tetEFF-42_1|tetEFF-42_1|LCV|ResFinderFG|KJ693684.1	L	
C2|~tetEFF-53_1|tetEFF-53_1|LCV|ResFinderFG|KJ694582.1	tetEFF	L	C	V	ResFinderFG	C1|~tetEFF-53_1|tetEFF-53_1|LCV|ResFinderFG|KJ694582.1	L	
C2|~tetEFF-72_1|tetEFF-72_1|LCV|ResFinderFG|KJ696267.1	tetEFF	L	C	V	ResFinderFG	C1|~tetEFF-72_1|tetEFF-72_1|LCV|ResFinderFG|KJ696267.1	L	
C2|~tetEFF-69_1|tetEFF-69_1|LCV|ResFinderFG|KJ696141.1	tetEFF	L	C	V	ResFinderFG	C1|~tetEFF-69_1|tetEFF-69_1|LCV|ResFinderFG|KJ696141.1	L	
C2|~tetEFF-59_1|tetEFF-59_1|LCV|ResFinderFG|KJ694866.1	tetEFF	L	C	V	ResFinderFG	C1|~tetEFF-59_1|tetEFF-59_1|LCV|ResFinderFG|KJ694866.1	L	
C2|~tetEFF-80_2|tetEFF-80_2|LCV|ResFinderFG|KJ696493.1	tetEFF	L	C	V	ResFinderFG	C1|~tetEFF-80_2|tetEFF-80_2|LCV|ResFinderFG|KJ696493.1	L	
C2|~tetEFF-62_1|tetEFF-62_1|LCV|ResFinderFG|KJ695276.1	tetEFF	L	C	V	ResFinderFG	C1|~tetEFF-62_1|tetEFF-62_1|LCV|ResFinderFG|KJ695276.1	L	
C2|~tetEFF-39_1|tetEFF-39_1|LCV|ResFinderFG|KJ693473.1	tetEFF	L	C	V	ResFinderFG	C1|~tetEFF-39_1|tetEFF-39_1|LCV|ResFinderFG|KJ693473.1	L	
C2|~tetEFF-73_1|tetEFF-73_1|LCV|ResFinderFG|KJ696269.1	tetEFF	L	C	V	ResFinderFG	C1|~tetEFF-73_1|tetEFF-73_1|LCV|ResFinderFG|KJ696269.1	L	
C2|~tetEFF-23_1|tetEFF-23_1|LCV|ResFinderFG|JF924903.1	tetEFF	L	C	V	ResFinderFG	C1|~tetEFF-23_1|tetEFF-23_1|LCV|ResFinderFG|JF924903.1	L	
C2|~tetEFF-66_1|tetEFF-66_1|LCV|ResFinderFG|KJ695600.1	tetEFF	L	C	V	ResFinderFG	C1|~tetEFF-66_1|tetEFF-66_1|LCV|ResFinderFG|KJ695600.1	L	
C2|~tetEFF-46_1|tetEFF-46_1|LCV|ResFinderFG|KJ693962.1	tetEFF	L	C	V	ResFinderFG	C1|~tetEFF-46_1|tetEFF-46_1|LCV|ResFinderFG|KJ693962.1	L	
C2|~tetEFF-98_4|tetEFF-98_4|LCV|ResFinderFG|MG586031.1	tetEFF	L	C	V	ResFinderFG	C1|~tetEFF-98_4|tetEFF-98_4|LCV|ResFinderFG|MG586031.1	L	
C2|~tetEFF-67_1|tetEFF-67_1|LCV|ResFinderFG|KJ695690.1	tetEFF	L	C	V	ResFinderFG	C1|~tetEFF-67_1|tetEFF-67_1|LCV|ResFinderFG|KJ695690.1	L	
C2|~tetEFF-56_1|tetEFF-56_1|LCV|ResFinderFG|KJ694639.1	tetEFF	L	C	V	ResFinderFG	C1|~tetEFF-56_1|tetEFF-56_1|LCV|ResFinderFG|KJ694639.1	L	
C2|~tetRPG-36_1|tetRPG-36_1|LMV|ResFinderFG|KU545781.1	tetRPG	L	M	V	ResFinderFG	C1|~tetRPG-36_1|tetRPG-36_1|LCV|ResFinderFG|KU545781.1	L	
C2|~tetEFF-99_1|tetEFF-99_1|LCV|ResFinderFG|MK159023.1	tetEFF	L	C	V	ResFinderFG	C1|~tetEFF-99_1|tetEFF-99_1|LCV|ResFinderFG|MK159023.1	L	
C2|~tetEFF-64_1|tetEFF-64_1|LCV|ResFinderFG|KJ695337.1	tetEFF	L	C	V	ResFinderFG	C1|~tetEFF-64_1|tetEFF-64_1|LCV|ResFinderFG|KJ695337.1	L	
C2|~tetEFF-44_1|tetEFF-44_1|LCV|ResFinderFG|KJ693927.1	tetEFF	L	C	V	ResFinderFG	C1|~tetEFF-44_1|tetEFF-44_1|LCV|ResFinderFG|KJ693927.1	L	
C2|~tetEFF-32_1|tetEFF-32_1|LCV|ResFinderFG|KJ692682.1	tetEFF	L	C	V	ResFinderFG	C1|~tetEFF-32_1|tetEFF-32_1|LCV|ResFinderFG|KJ692682.1	L	
C2|~blaC-59_1|blaC-59_1|LCV|ResFinderFG|JX009322.1	blaC	L	C	V	ResFinderFG	C1|~blaC-59_1|blaC-59_1|LCV|ResFinderFG|JX009322.1	L	
C2|~tetEFF-100_1|tetEFF-100_1|LCV|ResFinderFG|MK159024.1	tetEFF	L	C	V	ResFinderFG	C1|~tetEFF-100_1|tetEFF-100_1|LCV|ResFinderFG|MK159024.1	L	
C2|~pbp-2_1|pbp-2_1|LMV|ResFinderFG|KU605919.1	pbp	L	M	V	ResFinderFG	C1|~pbp-2_1|pbp-2_1|LCV|ResFinderFG|KU605919.1	L	
C2|~tetEFF-101_1|tetEFF-101_1|LCV|ResFinderFG|MK159025.1	tetEFF	L	C	V	ResFinderFG	C1|~tetEFF-101_1|tetEFF-101_1|LCV|ResFinderFG|MK159025.1	L	
C2|~aph2b-12_1|aph2b-12_1|LCV|ResFinderFG|KX125861.1	aph2b	L	C	V	ResFinderFG	C1|~aph2b-12_1|aph2b-12_1|LCV|ResFinderFG|KX125861.1	L	
C2|~van-150_2|van-150_2|LCV|ResFinderFG|KF627500.1	van	L	C	V	ResFinderFG	C1|~van-150_2|van-150_2|LCV|ResFinderFG|KF627500.1	L	
C2|~blaX-18_1|blaX-18_1|LCV|ResFinderFG|KJ696348.1	blaX	L	C	V	ResFinderFG	C1|~blaX-18_1|blaX-18_1|LCV|ResFinderFG|KJ696348.1	L	
C2|~pbp-5_1|pbp-5_1|LCV|ResFinderFG|KU606697.1	pbp	L	C	V	ResFinderFG	C1|~pbp-5_1|pbp-5_1|LCV|ResFinderFG|KU606697.1	L	
C2|~tetEFF-74_1|tetEFF-74_1|LCV|ResFinderFG|KJ696272.1	tetEFF	L	C	V	ResFinderFG	C1|~tetEFF-74_1|tetEFF-74_1|LCV|ResFinderFG|KJ696272.1	L	
C2|~tetEFF-71_1|tetEFF-71_1|LCV|ResFinderFG|KJ696156.1	tetEFF	L	C	V	ResFinderFG	C1|~tetEFF-71_1|tetEFF-71_1|LCV|ResFinderFG|KJ696156.1	L	
C2|~tetEFF-94_1|tetEFF-94_1|LCV|ResFinderFG|KY697290.1	tetEFF	L	C	V	ResFinderFG	C1|~tetEFF-94_1|tetEFF-94_1|LCV|ResFinderFG|KY697290.1	L	
C2|~tetEFF-89_1|tetEFF-89_1|LCV|ResFinderFG|KU548358.1	tetEFF	L	C	V	ResFinderFG	C1|~tetEFF-89_1|tetEFF-89_1|LCV|ResFinderFG|KU548358.1	L	
C2|~tetEFF-65_1|tetEFF-65_1|LCV|ResFinderFG|KJ695395.1	tetEFF	L	C	V	ResFinderFG	C1|~tetEFF-65_1|tetEFF-65_1|LCV|ResFinderFG|KJ695395.1	L	
C2|~tetEFF-68_1|tetEFF-68_1|LCV|ResFinderFG|KJ695857.1	tetEFF	L	C	V	ResFinderFG	C1|~tetEFF-68_1|tetEFF-68_1|LCV|ResFinderFG|KJ695857.1	L	
C2|~tetEFF-47_1|tetEFF-47_1|LCV|ResFinderFG|KJ694056.1	tetEFF	L	C	V	ResFinderFG	C1|~tetEFF-47_1|tetEFF-47_1|LCV|ResFinderFG|KJ694056.1	L	
C2|~blaC-66_1|blaC-66_1|LCV|ResFinderFG|KJ693015.1	blaC	L	C	V	ResFinderFG	C1|~blaC-66_1|blaC-66_1|LCV|ResFinderFG|KJ693015.1	L	
C2|~tetEFF-92_1|tetEFF-92_1|LCV|ResFinderFG|KY697284.1	tetEFF	L	C	V	ResFinderFG	C1|~tetEFF-92_1|tetEFF-92_1|LCV|ResFinderFG|KY697284.1	L	
C2|~tetEFF-76_1|tetEFF-76_1|LCV|ResFinderFG|KJ696411.1	tetEFF	L	C	V	ResFinderFG	C1|~tetEFF-76_1|tetEFF-76_1|LCV|ResFinderFG|KJ696411.1	L	
C2|~van-538_1|van-538_1|LCV|ResFinderFG|KJ695980.1	van	L	C	V	ResFinderFG	C1|~van-538_1|van-538_1|LCV|ResFinderFG|KJ695980.1	L	
C2|~blaC-70_1|blaC-70_1|LCV|ResFinderFG|KJ695330.1	blaC	L	C	V	ResFinderFG	C1|~blaC-70_1|blaC-70_1|LCV|ResFinderFG|KJ695330.1	L	
C2|~tetEFF-79_1|tetEFF-79_1|LCV|ResFinderFG|KJ696492.1	tetEFF	L	C	V	ResFinderFG	C1|~tetEFF-79_1|tetEFF-79_1|LCV|ResFinderFG|KJ696492.1	L	
C2|~blaX-17_1|blaX-17_1|LCV|ResFinderFG|KJ694528.1	blaX	L	C	V	ResFinderFG	C1|~blaX-17_1|blaX-17_1|LCV|ResFinderFG|KJ694528.1	L	
C2|~van-310_2|van-310_2|LCV|ResFinderFG|KF629561.1	van	L	C	V	ResFinderFG	C1|~van-310_2|van-310_2|LCV|ResFinderFG|KF629561.1	L	
C2|~blaC-69_1|blaC-69_1|LCV|ResFinderFG|KJ694531.1	blaC	L	C	V	ResFinderFG	C1|~blaC-69_1|blaC-69_1|LCV|ResFinderFG|KJ694531.1	L	
C2|~tetEFF-28_1|tetEFF-28_1|LCV|ResFinderFG|KJ692292.1	tetEFF	L	C	V	ResFinderFG	C1|~tetEFF-28_1|tetEFF-28_1|LCV|ResFinderFG|KJ692292.1	L	
C2|~tetEFF-97_1|tetEFF-97_1|LCV|ResFinderFG|KY853666.1	tetEFF	L	C	V	ResFinderFG	C1|~tetEFF-97_1|tetEFF-97_1|LCV|ResFinderFG|KY853666.1	L	
C2|~tetEFF-51_1|tetEFF-51_1|LCV|ResFinderFG|KJ694492.1	tetEFF	L	C	V	ResFinderFG	C1|~tetEFF-51_1|tetEFF-51_1|LCV|ResFinderFG|KJ694492.1	L	
C2|~tetEFF-36_4|tetEFF-36_4|LCV|ResFinderFG|KJ693192.1	tetEFF	L	C	V	ResFinderFG	C1|~tetEFF-36_4|tetEFF-36_4|LCV|ResFinderFG|KJ693192.1	L	
C2|~blaC-54_1|blaC-54_1|LCV|ResFinderFG|JX009207.1	blaC	L	C	V	ResFinderFG	C1|~blaC-54_1|blaC-54_1|LCV|ResFinderFG|JX009207.1	L	
C2|~blaC-63_1|blaC-63_1|LCV|ResFinderFG|KJ692539.1	blaC	L	C	V	ResFinderFG	C1|~blaC-63_1|blaC-63_1|LCV|ResFinderFG|KJ692539.1	L	
C2|~blaC-64_1|blaC-64_1|LCV|ResFinderFG|KJ692663.1	blaC	L	C	V	ResFinderFG	C1|~blaC-64_1|blaC-64_1|LCV|ResFinderFG|KJ692663.1	L	
C2|~blaC-48_1|blaC-48_1|LCV|ResFinderFG|GQ244493.1	blaC	L	C	V	ResFinderFG	C1|~blaC-48_1|blaC-48_1|LCV|ResFinderFG|GQ244493.1	L	
C2|~blaC-79_1|blaC-79_1|LCV|ResFinderFG|KU544701.1	blaC	L	C	V	ResFinderFG	C1|~blaC-79_1|blaC-79_1|LCV|ResFinderFG|KU544701.1	L	
C2|~blaC-76_3|blaC-76_3|LCV|ResFinderFG|KU544194.1	blaC	L	C	V	ResFinderFG	C1|~blaC-76_3|blaC-76_3|LCV|ResFinderFG|KU544194.1	L	
C2|~blaC-93_1|blaC-93_1|EMV|ResFinderFG|MK935741.1	blaC	E	M	V	ResFinderFG	C1|~blaC-93_1|blaC-93_1|LCV|ResFinderFG|MK935741.1	L	
C2|~van-290_1|van-290_1|LCV|ResFinderFG|KF629365.1	van	L	C	V	ResFinderFG	C1|~van-290_1|van-290_1|LCV|ResFinderFG|KF629365.1	L	
C2|~van-470_1|van-470_1|LCV|ResFinderFG|KJ694644.1	van	L	C	V	ResFinderFG	C1|~van-470_1|van-470_1|LCV|ResFinderFG|KJ694644.1	L	
C2|~blaC-68_1|blaC-68_1|LCV|ResFinderFG|KJ694180.1	blaC	L	C	V	ResFinderFG	C1|~blaC-68_1|blaC-68_1|LCV|ResFinderFG|KJ694180.1	L	
C2|~blaX-14_1|blaX-14_1|LCV|ResFinderFG|GQ244494.1	blaX	L	C	V	ResFinderFG	C1|~blaX-14_1|blaX-14_1|LCV|ResFinderFG|GQ244494.1	L	
C2|~van-535_1|van-535_1|LCV|ResFinderFG|KJ695909.1	van	L	C	V	ResFinderFG	C1|~van-535_1|van-535_1|LCV|ResFinderFG|KJ695909.1	L	
C2|~van-515_1|van-515_1|LCV|ResFinderFG|KJ695427.1	van	L	C	V	ResFinderFG	C1|~van-515_1|van-515_1|LCV|ResFinderFG|KJ695427.1	L	
C2|~blaC-58_1|blaC-58_1|LCV|ResFinderFG|JX009301.1	blaC	L	C	V	ResFinderFG	C1|~blaC-58_1|blaC-58_1|LCV|ResFinderFG|JX009301.1	L	
C2|~van-445_1|van-445_1|LCV|ResFinderFG|KJ694254.1	van	L	C	V	ResFinderFG	C1|~van-445_1|van-445_1|LCV|ResFinderFG|KJ694254.1	L	
C2|~blaC-67_2|blaC-67_2|LCV|ResFinderFG|KJ693456.1	blaC	L	C	V	ResFinderFG	C1|~blaC-67_2|blaC-67_2|LCV|ResFinderFG|KJ693456.1	L	
C2|~van-530_1|van-530_1|LCV|ResFinderFG|KJ695823.1	van	L	C	V	ResFinderFG	C1|~van-530_1|van-530_1|LCV|ResFinderFG|KJ695823.1	L	
C2|~van-480_1|van-480_1|LCV|ResFinderFG|KJ694833.1	van	L	C	V	ResFinderFG	C1|~van-480_1|van-480_1|LCV|ResFinderFG|KJ694833.1	L	
C2|~van-405_1|van-405_1|LCV|ResFinderFG|KJ693520.1	van	L	C	V	ResFinderFG	C1|~van-405_1|van-405_1|LCV|ResFinderFG|KJ693520.1	L	
C2|~van-387_1|van-387_1|LCV|ResFinderFG|KJ692407.1	van	L	C	V	ResFinderFG	C1|~van-387_1|van-387_1|LCV|ResFinderFG|KJ692407.1	L	
C2|~van-202_1|van-202_1|LCV|ResFinderFG|KF628525.1	van	L	C	V	ResFinderFG	C1|~van-202_1|van-202_1|LCV|ResFinderFG|KF628525.1	L	
C2|~van-492_1|van-492_1|LCV|ResFinderFG|KJ695119.1	van	L	C	V	ResFinderFG	C1|~van-492_1|van-492_1|LCV|ResFinderFG|KJ695119.1	L	
C2|~van-430_1|van-430_1|LCV|ResFinderFG|KJ693972.1	van	L	C	V	ResFinderFG	C1|~van-430_1|van-430_1|LCV|ResFinderFG|KJ693972.1	L	
C2|~van-385_1|van-385_1|LCV|ResFinderFG|KJ692329.1	van	L	C	V	ResFinderFG	C1|~van-385_1|van-385_1|LCV|ResFinderFG|KJ692329.1	L	
C2|~van-548_1|van-548_1|LCV|ResFinderFG|KJ696505.1	van	L	C	V	ResFinderFG	C1|~van-548_1|van-548_1|LCV|ResFinderFG|KJ696505.1	L	
C2|~blaA-208_2|blaA-208_2|LCV|ResFinderFG|KJ695460.1	blaA	L	C	V	ResFinderFG	C1|~blaA-208_2|blaA-208_2|LCV|ResFinderFG|KJ695460.1	L	
C2|~van-403_1|van-403_1|LCV|ResFinderFG|KJ693421.1	van	L	C	V	ResFinderFG	C1|~van-403_1|van-403_1|LCV|ResFinderFG|KJ693421.1	L	
C2|~van-163_1|van-163_1|LCV|ResFinderFG|KF627733.1	van	L	C	V	ResFinderFG	C1|~van-163_1|van-163_1|LCV|ResFinderFG|KF627733.1	L	
C2|~van-114_1|van-114_1|LCV|ResFinderFG|KF626894.1	van	L	C	V	ResFinderFG	C1|~van-114_1|van-114_1|LCV|ResFinderFG|KF626894.1	L	
C2|~van-604_2|van-604_2|LMV|ResFinderFG|KX128380.1	van	L	M	V	ResFinderFG	C1|~van-604_2|van-604_2|LCV|ResFinderFG|KX128380.1	L	
C2|~tetEFF-78_1|tetEFF-78_1|LCV|ResFinderFG|KJ696430.1	tetEFF	L	C	V	ResFinderFG	C1|~tetEFF-78_1|tetEFF-78_1|LCV|ResFinderFG|KJ696430.1	L	
C2|~van-494_1|van-494_1|LCV|ResFinderFG|KJ695190.1	van	L	C	V	ResFinderFG	C1|~van-494_1|van-494_1|LCV|ResFinderFG|KJ695190.1	L	
C2|~blaC-75_7|blaC-75_7|LMV|ResFinderFG|KU544179.1	blaC	L	M	V	ResFinderFG	C1|~blaC-75_7|blaC-75_7|LCV|ResFinderFG|KU544179.1	L	
C2|~van-476_1|van-476_1|LCV|ResFinderFG|KJ694700.1	van	L	C	V	ResFinderFG	C1|~van-476_1|van-476_1|LCV|ResFinderFG|KJ694700.1	L	
C2|~van-456_1|van-456_1|LCV|ResFinderFG|KJ694372.1	van	L	C	V	ResFinderFG	C1|~van-456_1|van-456_1|LCV|ResFinderFG|KJ694372.1	L	
C2|~van-140_1|van-140_1|LCV|ResFinderFG|KF627297.1	van	L	C	V	ResFinderFG	C1|~van-140_1|van-140_1|LCV|ResFinderFG|KF627297.1	L	
C2|~van-534_2|van-534_2|LCV|ResFinderFG|KJ695898.1	van	L	C	V	ResFinderFG	C1|~van-534_2|van-534_2|LCV|ResFinderFG|KJ695898.1	L	
C2|~van-503_1|van-503_1|LCV|ResFinderFG|KJ695221.1	van	L	C	V	ResFinderFG	C1|~van-503_1|van-503_1|LCV|ResFinderFG|KJ695221.1	L	
C2|~van-459_1|van-459_1|LCV|ResFinderFG|KJ694445.1	van	L	C	V	ResFinderFG	C1|~van-459_1|van-459_1|LCV|ResFinderFG|KJ694445.1	L	
C2|~van-99_3|van-99_3|LCV|ResFinderFG|GQ343126.1	van	L	C	V	ResFinderFG	C1|~van-99_3|van-99_3|LCV|ResFinderFG|GQ343126.1	L	
C2|~van-467_1|van-467_1|LCV|ResFinderFG|KJ694580.1	van	L	C	V	ResFinderFG	C1|~van-467_1|van-467_1|LCV|ResFinderFG|KJ694580.1	L	
C2|~tetRPG-59_1|tetRPG-59_1|LMV|ResFinderFG|MK936026.1	tetRPG	L	M	V	ResFinderFG	C1|~tetRPG-59_1|tetRPG-59_1|LCV|ResFinderFG|MK936026.1	L	
C2|~tetRPG-22_1|tetRPG-22_1|LMV|ResFinderFG|KF630053.1	tetRPG	L	M	V	ResFinderFG	C1|~tetRPG-22_1|tetRPG-22_1|LCV|ResFinderFG|KF630053.1	L	
C2|~van-458_1|van-458_1|LCV|ResFinderFG|KJ694401.1	van	L	C	V	ResFinderFG	C1|~van-458_1|van-458_1|LCV|ResFinderFG|KJ694401.1	L	
C2|~van-510_1|van-510_1|LCV|ResFinderFG|KJ695372.1	van	L	C	V	ResFinderFG	C1|~van-510_1|van-510_1|LCV|ResFinderFG|KJ695372.1	L	
C2|~van-380_1|van-380_1|LCV|ResFinderFG|KJ692204.1	van	L	C	V	ResFinderFG	C1|~van-380_1|van-380_1|LCV|ResFinderFG|KJ692204.1	L	
C2|~van-182_2|van-182_2|LCV|ResFinderFG|KF628026.1	van	L	C	V	ResFinderFG	C1|~van-182_2|van-182_2|LCV|ResFinderFG|KF628026.1	L	
C2|~van-499_1|van-499_1|LCV|ResFinderFG|KJ695210.1	van	L	C	V	ResFinderFG	C1|~van-499_1|van-499_1|LCV|ResFinderFG|KJ695210.1	L	
C2|~pbp-7_1|pbp-7_1|LCV|ResFinderFG|KU608053.1	pbp	L	C	V	ResFinderFG	C1|~pbp-7_1|pbp-7_1|LCV|ResFinderFG|KU608053.1	L	
C2|~van-341_1|van-341_1|LCV|ResFinderFG|KF629902.1	van	L	C	V	ResFinderFG	C1|~van-341_1|van-341_1|LCV|ResFinderFG|KF629902.1	L	
C2|~van-322_1|van-322_1|LCV|ResFinderFG|KF629718.1	van	L	C	V	ResFinderFG	C1|~van-322_1|van-322_1|LCV|ResFinderFG|KF629718.1	L	
C2|~van-244_1|van-244_1|LCV|ResFinderFG|KF629067.1	van	L	C	V	ResFinderFG	C1|~van-244_1|van-244_1|LCV|ResFinderFG|KF629067.1	L	
C2|~van-581_1|van-581_1|LCV|ResFinderFG|KX125851.1	van	L	C	V	ResFinderFG	C1|~van-581_1|van-581_1|LCV|ResFinderFG|KX125851.1	L	
C2|~blaX-28_1|blaX-28_1|LCV|ResFinderFG|KU606462.1	blaX	L	C	V	ResFinderFG	C1|~blaX-28_1|blaX-28_1|LCV|ResFinderFG|KU606462.1	L	
C2|~van-542_1|van-542_1|LCV|ResFinderFG|KJ696100.1	van	L	C	V	ResFinderFG	C1|~van-542_1|van-542_1|LCV|ResFinderFG|KJ696100.1	L	
C2|~van-407_1|van-407_1|LCV|ResFinderFG|KJ693570.1	van	L	C	V	ResFinderFG	C1|~van-407_1|van-407_1|LCV|ResFinderFG|KJ693570.1	L	
C2|~van-183_1|van-183_1|LCV|ResFinderFG|KF628035.1	van	L	C	V	ResFinderFG	C1|~van-183_1|van-183_1|LCV|ResFinderFG|KF628035.1	L	
C2|~van-148_1|van-148_1|LCV|ResFinderFG|KF627474.1	van	L	C	V	ResFinderFG	C1|~van-148_1|van-148_1|LCV|ResFinderFG|KF627474.1	L	
C2|~van-595_1|van-595_1|LMV|ResFinderFG|KX127885.1	van	L	M	V	ResFinderFG	C1|~van-595_1|van-595_1|LCV|ResFinderFG|KX127885.1	L	
C2|~van-528_1|van-528_1|LCV|ResFinderFG|KJ695792.1	van	L	C	V	ResFinderFG	C1|~van-528_1|van-528_1|LCV|ResFinderFG|KJ695792.1	L	
C2|~van-442_1|van-442_1|LCV|ResFinderFG|KJ694239.1	van	L	C	V	ResFinderFG	C1|~van-442_1|van-442_1|LCV|ResFinderFG|KJ694239.1	L	
C2|~van-111_3|van-111_3|LCV|ResFinderFG|KF626759.1	van	L	C	V	ResFinderFG	C1|~van-111_3|van-111_3|LCV|ResFinderFG|KF626759.1	L	
C2|~van-396_1|van-396_1|LCV|ResFinderFG|KJ693257.1	van	L	C	V	ResFinderFG	C1|~van-396_1|van-396_1|LCV|ResFinderFG|KJ693257.1	L	
C2|~van-130_1|van-130_1|LCV|ResFinderFG|KF627139.1	van	L	C	V	ResFinderFG	C1|~van-130_1|van-130_1|LCV|ResFinderFG|KF627139.1	L	
C2|~van-119_1|van-119_1|LCV|ResFinderFG|KF626994.1	van	L	C	V	ResFinderFG	C1|~van-119_1|van-119_1|LCV|ResFinderFG|KF626994.1	L	
C2|~van-328_1|van-328_1|LCV|ResFinderFG|KF629773.1	van	L	C	V	ResFinderFG	C1|~van-328_1|van-328_1|LCV|ResFinderFG|KF629773.1	L	
C2|~van-596_1|van-596_1|LCV|ResFinderFG|KX128033.1	van	L	C	V	ResFinderFG	C1|~van-596_1|van-596_1|LCV|ResFinderFG|KX128033.1	L	
C2|~van-153_1|van-153_1|LCV|ResFinderFG|KF627552.1	van	L	C	V	ResFinderFG	C1|~van-153_1|van-153_1|LCV|ResFinderFG|KF627552.1	L	
C2|~van-137_1|van-137_1|LCV|ResFinderFG|KF627269.1	van	L	C	V	ResFinderFG	C1|~van-137_1|van-137_1|LCV|ResFinderFG|KF627269.1	L	
C2|~van-127_2|van-127_2|LCV|ResFinderFG|KF627108.1	van	L	C	V	ResFinderFG	C1|~van-127_2|van-127_2|LCV|ResFinderFG|KF627108.1	L	
C2|~van-120_1|van-120_1|LCV|ResFinderFG|KF627025.1	van	L	C	V	ResFinderFG	C1|~van-120_1|van-120_1|LCV|ResFinderFG|KF627025.1	L	
C2|~van-560_1|van-560_1|LCV|ResFinderFG|KX125733.1	van	L	C	V	ResFinderFG	C1|~van-560_1|van-560_1|LCV|ResFinderFG|KX125733.1	L	
C2|~van-533_1|van-533_1|LCV|ResFinderFG|KJ695897.1	van	L	C	V	ResFinderFG	C1|~van-533_1|van-533_1|LCV|ResFinderFG|KJ695897.1	L	
C2|~van-517_1|van-517_1|LCV|ResFinderFG|KJ695471.1	van	L	C	V	ResFinderFG	C1|~van-517_1|van-517_1|LCV|ResFinderFG|KJ695471.1	L	
C2|~van-345_2|van-345_2|LCV|ResFinderFG|KF629943.1	van	L	C	V	ResFinderFG	C1|~van-345_2|van-345_2|LCV|ResFinderFG|KF629943.1	L	
C2|~van-167_1|van-167_1|LCV|ResFinderFG|KF627816.1	van	L	C	V	ResFinderFG	C1|~van-167_1|van-167_1|LCV|ResFinderFG|KF627816.1	L	
C2|~van-164_1|van-164_1|LCV|ResFinderFG|KF627757.1	van	L	C	V	ResFinderFG	C1|~van-164_1|van-164_1|LCV|ResFinderFG|KF627757.1	L	
C2|~van-393_1|van-393_1|LCV|ResFinderFG|KJ692926.1	van	L	C	V	ResFinderFG	C1|~van-393_1|van-393_1|LCV|ResFinderFG|KJ692926.1	L	
C2|~van-95_2|van-95_2|LCV|ResFinderFG|GQ343117.1	van	L	C	V	ResFinderFG	C1|~van-95_2|van-95_2|LCV|ResFinderFG|GQ343117.1	L	
C2|~van-286_1|van-286_1|LCV|ResFinderFG|KF629335.1	van	L	C	V	ResFinderFG	C1|~van-286_1|van-286_1|LCV|ResFinderFG|KF629335.1	L	
C2|~van-156_1|van-156_1|LCV|ResFinderFG|KF627595.1	van	L	C	V	ResFinderFG	C1|~van-156_1|van-156_1|LCV|ResFinderFG|KF627595.1	L	
C2|~erm-91_1|erm-91_1|LCV|ResFinderFG|KY705334.1	erm	L	C	V	ResFinderFG	C1|~erm-91_1|erm-91_1|LCV|ResFinderFG|KY705334.1	L	
C2|~van-522_1|van-522_1|LCV|ResFinderFG|KJ695692.1	van	L	C	V	ResFinderFG	C1|~van-522_1|van-522_1|LCV|ResFinderFG|KJ695692.1	L	
C2|~van-347_4|van-347_4|LCV|ResFinderFG|KF629956.1	van	L	C	V	ResFinderFG	C1|~van-347_4|van-347_4|LCV|ResFinderFG|KF629956.1	L	
C2|~van-304_1|van-304_1|LCV|ResFinderFG|KF629471.1	van	L	C	V	ResFinderFG	C1|~van-304_1|van-304_1|LCV|ResFinderFG|KF629471.1	L	
C2|~van-289_3|van-289_3|LCV|ResFinderFG|KF629355.1	van	L	C	V	ResFinderFG	C1|~van-289_3|van-289_3|LCV|ResFinderFG|KF629355.1	L	
C2|~van-571_1|van-571_1|LCV|ResFinderFG|KX125796.1	van	L	C	V	ResFinderFG	C1|~van-571_1|van-571_1|LCV|ResFinderFG|KX125796.1	L	
C2|~van-569_2|van-569_2|LCV|ResFinderFG|KX125774.1	van	L	C	V	ResFinderFG	C1|~van-569_2|van-569_2|LCV|ResFinderFG|KX125774.1	L	
C2|~van-481_1|van-481_1|LCV|ResFinderFG|KJ694846.1	van	L	C	V	ResFinderFG	C1|~van-481_1|van-481_1|LCV|ResFinderFG|KJ694846.1	L	
C2|~van-409_1|van-409_1|LCV|ResFinderFG|KJ693597.1	van	L	C	V	ResFinderFG	C1|~van-409_1|van-409_1|LCV|ResFinderFG|KJ693597.1	L	
C2|~van-85_3|van-85_3|LCV|ResFinderFG|GQ343097.1	van	L	C	V	ResFinderFG	C1|~van-85_3|van-85_3|LCV|ResFinderFG|GQ343097.1	L	
C2|~van-233_3|van-233_3|LCV|ResFinderFG|KF628983.1	van	L	C	V	ResFinderFG	C1|~van-233_3|van-233_3|LCV|ResFinderFG|KF628983.1	L	
C2|~van-361_12|van-361_12|LCV|ResFinderFG|KF630207.1	van	L	C	V	ResFinderFG	C1|~van-361_12|van-361_12|LCV|ResFinderFG|KF630207.1	L	
C2|~van-343_2|van-343_2|LCV|ResFinderFG|KF629913.1	van	L	C	V	ResFinderFG	C1|~van-343_2|van-343_2|LCV|ResFinderFG|KF629913.1	L	
C2|~van-299_1|van-299_1|LCV|ResFinderFG|KF629411.1	van	L	C	V	ResFinderFG	C1|~van-299_1|van-299_1|LCV|ResFinderFG|KF629411.1	L	
C2|~van-284_2|van-284_2|LCV|ResFinderFG|KF629321.1	van	L	C	V	ResFinderFG	C1|~van-284_2|van-284_2|LCV|ResFinderFG|KF629321.1	L	
C2|~van-236_1|van-236_1|LCV|ResFinderFG|KF629018.1	van	L	C	V	ResFinderFG	C1|~van-236_1|van-236_1|LCV|ResFinderFG|KF629018.1	L	
C2|~van-166_1|van-166_1|LCV|ResFinderFG|KF627808.1	van	L	C	V	ResFinderFG	C1|~van-166_1|van-166_1|LCV|ResFinderFG|KF627808.1	L	
C2|~van-463_1|van-463_1|LCV|ResFinderFG|KJ694561.1	van	L	C	V	ResFinderFG	C1|~van-463_1|van-463_1|LCV|ResFinderFG|KJ694561.1	L	
C2|~van-327_6|van-327_6|LCV|ResFinderFG|KF629762.1	van	L	C	V	ResFinderFG	C1|~van-327_6|van-327_6|LCV|ResFinderFG|KF629762.1	L	
C2|~van-305_3|van-305_3|LCV|ResFinderFG|KF629472.1	van	L	C	V	ResFinderFG	C1|~van-305_3|van-305_3|LCV|ResFinderFG|KF629472.1	L	
C2|~van-563_1|van-563_1|LCV|ResFinderFG|KX125751.1	van	L	C	V	ResFinderFG	C1|~van-563_1|van-563_1|LCV|ResFinderFG|KX125751.1	L	
C2|~tetRPG-33_2|tetRPG-33_2|LCV|ResFinderFG|KU545387.1	tetRPG	L	C	V	ResFinderFG	C1|~tetRPG-33_2|tetRPG-33_2|LCV|ResFinderFG|KU545387.1	L	
C2|~van-353_14|van-353_14|LCV|ResFinderFG|KF630033.1	van	L	C	V	ResFinderFG	C1|~van-353_14|van-353_14|LCV|ResFinderFG|KF630033.1	L	
C2|~van-331_1|van-331_1|LCV|ResFinderFG|KF629788.1	van	L	C	V	ResFinderFG	C1|~van-331_1|van-331_1|LCV|ResFinderFG|KF629788.1	L	
C2|~van-190_1|van-190_1|LCV|ResFinderFG|KF628383.1	van	L	C	V	ResFinderFG	C1|~van-190_1|van-190_1|LCV|ResFinderFG|KF628383.1	L	
C2|~van-514_2|van-514_2|LCV|ResFinderFG|KJ695426.1	van	L	C	V	ResFinderFG	C1|~van-514_2|van-514_2|LCV|ResFinderFG|KJ695426.1	L	
C2|~blaA-180_1|blaA-180_1|LCV|ResFinderFG|KJ693733.1	blaA	L	C	V	ResFinderFG	C1|~blaA-180_1|blaA-180_1|LCV|ResFinderFG|KJ693733.1	L	
C2|~van-302_1|van-302_1|LCV|ResFinderFG|KF629433.1	van	L	C	V	ResFinderFG	C1|~van-302_1|van-302_1|LCV|ResFinderFG|KF629433.1	L	
C2|~van-295_2|van-295_2|LCV|ResFinderFG|KF629389.1	van	L	C	V	ResFinderFG	C1|~van-295_2|van-295_2|LCV|ResFinderFG|KF629389.1	L	
C2|~van-285_4|van-285_4|LCV|ResFinderFG|KF629322.1	van	L	C	V	ResFinderFG	C1|~van-285_4|van-285_4|LCV|ResFinderFG|KF629322.1	L	
C2|~van-280_1|van-280_1|LCV|ResFinderFG|KF629272.1	van	L	C	V	ResFinderFG	C1|~van-280_1|van-280_1|LCV|ResFinderFG|KF629272.1	L	
C2|~van-261_1|van-261_1|LCV|ResFinderFG|KF629159.1	van	L	C	V	ResFinderFG	C1|~van-261_1|van-261_1|LCV|ResFinderFG|KF629159.1	L	
C2|~van-243_1|van-243_1|LCV|ResFinderFG|KF629057.1	van	L	C	V	ResFinderFG	C1|~van-243_1|van-243_1|LCV|ResFinderFG|KF629057.1	L	
C2|~van-240_1|van-240_1|LCV|ResFinderFG|KF629045.1	van	L	C	V	ResFinderFG	C1|~van-240_1|van-240_1|LCV|ResFinderFG|KF629045.1	L	
C2|~van-228_3|van-228_3|LCV|ResFinderFG|KF628910.1	van	L	C	V	ResFinderFG	C1|~van-228_3|van-228_3|LCV|ResFinderFG|KF628910.1	L	
C2|~van-139_1|van-139_1|LCV|ResFinderFG|KF627294.1	van	L	C	V	ResFinderFG	C1|~van-139_1|van-139_1|LCV|ResFinderFG|KF627294.1	L	
C2|~van-352_3|van-352_3|LCV|ResFinderFG|KF630024.1	van	L	C	V	ResFinderFG	C1|~van-352_3|van-352_3|LCV|ResFinderFG|KF630024.1	L	
C2|~van-335_3|van-335_3|LCV|ResFinderFG|KF629836.1	van	L	C	V	ResFinderFG	C1|~van-335_3|van-335_3|LCV|ResFinderFG|KF629836.1	L	
C2|~van-590_1|van-590_1|LCV|ResFinderFG|KX127213.1	van	L	C	V	ResFinderFG	C1|~van-590_1|van-590_1|LCV|ResFinderFG|KX127213.1	L	
C2|~van-575_1|van-575_1|LCV|ResFinderFG|KX125821.1	van	L	C	V	ResFinderFG	C1|~van-575_1|van-575_1|LCV|ResFinderFG|KX125821.1	L	
C2|~van-570_1|van-570_1|LCV|ResFinderFG|KX125783.1	van	L	C	V	ResFinderFG	C1|~van-570_1|van-570_1|LCV|ResFinderFG|KX125783.1	L	
C2|~van-420_1|van-420_1|LCV|ResFinderFG|KJ693750.1	van	L	C	V	ResFinderFG	C1|~van-420_1|van-420_1|LCV|ResFinderFG|KJ693750.1	L	
C2|~van-87_3|van-87_3|LCV|ResFinderFG|GQ343100.1	van	L	C	V	ResFinderFG	C1|~van-87_3|van-87_3|LCV|ResFinderFG|GQ343100.1	L	
C2|~van-293_2|van-293_2|LCV|ResFinderFG|KF629380.1	van	L	C	V	ResFinderFG	C1|~van-293_2|van-293_2|LCV|ResFinderFG|KF629380.1	L	
C2|~van-238_1|van-238_1|LCV|ResFinderFG|KF629028.1	van	L	C	V	ResFinderFG	C1|~van-238_1|van-238_1|LCV|ResFinderFG|KF629028.1	L	
C2|~van-589_1|van-589_1|LCV|ResFinderFG|KX127210.1	van	L	C	V	ResFinderFG	C1|~van-589_1|van-589_1|LCV|ResFinderFG|KX127210.1	L	
C2|~van-582_1|van-582_1|LCV|ResFinderFG|KX125853.1	van	L	C	V	ResFinderFG	C1|~van-582_1|van-582_1|LCV|ResFinderFG|KX125853.1	L	
C2|~van-339_1|van-339_1|LCV|ResFinderFG|KF629882.1	van	L	C	V	ResFinderFG	C1|~van-339_1|van-339_1|LCV|ResFinderFG|KF629882.1	L	
C2|~van-326_3|van-326_3|LCV|ResFinderFG|KF629755.1	van	L	C	V	ResFinderFG	C1|~van-326_3|van-326_3|LCV|ResFinderFG|KF629755.1	L	
C2|~van-301_2|van-301_2|LCV|ResFinderFG|KF629426.1	van	L	C	V	ResFinderFG	C1|~van-301_2|van-301_2|LCV|ResFinderFG|KF629426.1	L	
C2|~van-268_2|van-268_2|LCV|ResFinderFG|KF629211.1	van	L	C	V	ResFinderFG	C1|~van-268_2|van-268_2|LCV|ResFinderFG|KF629211.1	L	
C2|~van-165_1|van-165_1|LCV|ResFinderFG|KF627797.1	van	L	C	V	ResFinderFG	C1|~van-165_1|van-165_1|LCV|ResFinderFG|KF627797.1	L	
C2|~van-506_1|van-506_1|LCV|ResFinderFG|KJ695317.1	van	L	C	V	ResFinderFG	C1|~van-506_1|van-506_1|LCV|ResFinderFG|KJ695317.1	L	
C2|~van-255_1|van-255_1|LCV|ResFinderFG|KF629132.1	van	L	C	V	ResFinderFG	C1|~van-255_1|van-255_1|LCV|ResFinderFG|KF629132.1	L	
C2|~van-283_4|van-283_4|LCV|ResFinderFG|KF627616.1	van	L	C	V	ResFinderFG	C1|~van-283_4|van-283_4|LCV|ResFinderFG|KF627616.1	L	
C2|~van-549_2|van-549_2|LCV|ResFinderFG|KU886209.1	van	L	C	V	ResFinderFG	C1|~van-549_2|van-549_2|LCV|ResFinderFG|KU886209.1	L	
C2|~van-315_4|van-315_4|LCV|ResFinderFG|KF629605.1	van	L	C	V	ResFinderFG	C1|~van-315_4|van-315_4|LCV|ResFinderFG|KF629605.1	L	
C2|~van-265_1|van-265_1|LCV|ResFinderFG|KF629181.1	van	L	C	V	ResFinderFG	C1|~van-265_1|van-265_1|LCV|ResFinderFG|KF629181.1	L	
C2|~van-195_1|van-195_1|LCV|ResFinderFG|KF628449.1	van	L	C	V	ResFinderFG	C1|~van-195_1|van-195_1|LCV|ResFinderFG|KF628449.1	L	
C2|~van-179_1|van-179_1|LCV|ResFinderFG|KF627988.1	van	L	C	V	ResFinderFG	C1|~van-179_1|van-179_1|LCV|ResFinderFG|KF627988.1	L	
C2|~van-254_1|van-254_1|LCV|ResFinderFG|KF629127.1	van	L	C	V	ResFinderFG	C1|~van-254_1|van-254_1|LCV|ResFinderFG|KF629127.1	L	
C2|~van-209_2|van-209_2|LCV|ResFinderFG|KF628607.1	van	L	C	V	ResFinderFG	C1|~van-209_2|van-209_2|LCV|ResFinderFG|KF628607.1	L	
C2|~van-206_1|van-206_1|LCV|ResFinderFG|KF628589.1	van	L	C	V	ResFinderFG	C1|~van-206_1|van-206_1|LCV|ResFinderFG|KF628589.1	L	
C2|~van-187_1|van-187_1|LCV|ResFinderFG|KF628364.1	van	L	C	V	ResFinderFG	C1|~van-187_1|van-187_1|LCV|ResFinderFG|KF628364.1	L	
C2|~van-154_1|van-154_1|LCV|ResFinderFG|KF627565.1	van	L	C	V	ResFinderFG	C1|~van-154_1|van-154_1|LCV|ResFinderFG|KF627565.1	L	
C2|~blaA-210_1|blaA-210_1|LCV|ResFinderFG|KJ695734.1	blaA	L	C	V	ResFinderFG	C1|~blaA-210_1|blaA-210_1|LCV|ResFinderFG|KJ695734.1	L	
C2|~van-93_1|van-93_1|LCV|ResFinderFG|GQ343113.1	van	L	C	V	ResFinderFG	C1|~van-93_1|van-93_1|LCV|ResFinderFG|GQ343113.1	L	
C2|~van-282_2|van-282_2|LCV|ResFinderFG|KF629307.1	van	L	C	V	ResFinderFG	C1|~van-282_2|van-282_2|LCV|ResFinderFG|KF629307.1	L	
C2|~van-123_1|van-123_1|LCV|ResFinderFG|KF627079.1	van	L	C	V	ResFinderFG	C1|~van-123_1|van-123_1|LCV|ResFinderFG|KF627079.1	L	
C2|~van-552_1|van-552_1|LCV|ResFinderFG|KX125160.1	van	L	C	V	ResFinderFG	C1|~van-552_1|van-552_1|LCV|ResFinderFG|KX125160.1	L	
C2|~van-543_1|van-543_1|LCV|ResFinderFG|KJ696127.1	van	L	C	V	ResFinderFG	C1|~van-543_1|van-543_1|LCV|ResFinderFG|KJ696127.1	L	
C2|~van-497_1|van-497_1|LCV|ResFinderFG|KJ695207.1	van	L	C	V	ResFinderFG	C1|~van-497_1|van-497_1|LCV|ResFinderFG|KJ695207.1	L	
C2|~van-489_3|van-489_3|LCV|ResFinderFG|KJ694969.1	van	L	C	V	ResFinderFG	C1|~van-489_3|van-489_3|LCV|ResFinderFG|KJ694969.1	L	
C2|~blaA-239_1|blaA-239_1|LCV|ResFinderFG|KU546685.1	blaA	L	C	V	ResFinderFG	C1|~blaA-239_1|blaA-239_1|LCV|ResFinderFG|KU546685.1	L	
C2|~van-308_1|van-308_1|LCV|ResFinderFG|KF629545.1	van	L	C	V	ResFinderFG	C1|~van-308_1|van-308_1|LCV|ResFinderFG|KF629545.1	L	
C2|~van-116_1|van-116_1|LCV|ResFinderFG|KF626911.1	van	L	C	V	ResFinderFG	C1|~van-116_1|van-116_1|LCV|ResFinderFG|KF626911.1	L	
C2|~van-518_1|van-518_1|LCV|ResFinderFG|KJ695472.1	van	L	C	V	ResFinderFG	C1|~van-518_1|van-518_1|LCV|ResFinderFG|KJ695472.1	L	
C2|~van-505_1|van-505_1|LCV|ResFinderFG|KJ695270.1	van	L	C	V	ResFinderFG	C1|~van-505_1|van-505_1|LCV|ResFinderFG|KJ695270.1	L	
C2|~blaA-194_1|blaA-194_1|LCV|ResFinderFG|KJ694676.1	blaA	L	C	V	ResFinderFG	C1|~blaA-194_1|blaA-194_1|LCV|ResFinderFG|KJ694676.1	L	
C2|~van-469_1|van-469_1|LCV|ResFinderFG|KJ694613.1	van	L	C	V	ResFinderFG	C1|~van-469_1|van-469_1|LCV|ResFinderFG|KJ694613.1	L	
C2|~van-86_1|van-86_1|LCV|ResFinderFG|GQ343099.1	van	L	C	V	ResFinderFG	C1|~van-86_1|van-86_1|LCV|ResFinderFG|GQ343099.1	L	
C2|~van-83_4|van-83_4|LCV|ResFinderFG|GQ343085.1	van	L	C	V	ResFinderFG	C1|~van-83_4|van-83_4|LCV|ResFinderFG|GQ343085.1	L	
C2|~tetRPG-44_1|tetRPG-44_1|LMV|ResFinderFG|KU547432.1	tetRPG	L	M	V	ResFinderFG	C1|~tetRPG-44_1|tetRPG-44_1|LCV|ResFinderFG|KU547432.1	L	
C2|~van-473_1|van-473_1|LCV|ResFinderFG|KJ694664.1	van	L	C	V	ResFinderFG	C1|~van-473_1|van-473_1|LCV|ResFinderFG|KJ694664.1	L	
C2|~van-391_1|van-391_1|LCV|ResFinderFG|KJ692884.1	van	L	C	V	ResFinderFG	C1|~van-391_1|van-391_1|LCV|ResFinderFG|KJ692884.1	L	
C2|~van-532_1|van-532_1|LCV|ResFinderFG|KJ695864.1	van	L	C	V	ResFinderFG	C1|~van-532_1|van-532_1|LCV|ResFinderFG|KJ695864.1	L	
C2|~van-82_1|van-82_1|LCV|ResFinderFG|GQ343082.1	van	L	C	V	ResFinderFG	C1|~van-82_1|van-82_1|LCV|ResFinderFG|GQ343082.1	L	
C2|~van-313_1|van-313_1|LCV|ResFinderFG|KF629588.1	van	L	C	V	ResFinderFG	C1|~van-313_1|van-313_1|LCV|ResFinderFG|KF629588.1	L	
C2|~van-219_1|van-219_1|LCV|ResFinderFG|KF628782.1	van	L	C	V	ResFinderFG	C1|~van-219_1|van-219_1|LCV|ResFinderFG|KF628782.1	L	
C2|~blaX-16_1|blaX-16_1|LCV|ResFinderFG|KJ692961.1	blaX	L	C	V	ResFinderFG	C1|~blaX-16_1|blaX-16_1|LCV|ResFinderFG|KJ692961.1	L	
C2|~van-157_1|van-157_1|LCV|ResFinderFG|KF627618.1	van	L	C	V	ResFinderFG	C1|~van-157_1|van-157_1|LCV|ResFinderFG|KF627618.1	L	
C2|~tetEFF-87_1|tetEFF-87_1|LCV|ResFinderFG|KU547838.1	tetEFF	L	C	V	ResFinderFG	C1|~tetEFF-87_1|tetEFF-87_1|LCV|ResFinderFG|KU547838.1	L	
C2|~van-226_1|van-226_1|LCV|ResFinderFG|KF628887.1	van	L	C	V	ResFinderFG	C1|~van-226_1|van-226_1|LCV|ResFinderFG|KF628887.1	L	
C2|~van-585_1|van-585_1|LMV|ResFinderFG|KX127203.1	van	L	M	V	ResFinderFG	C1|~van-585_1|van-585_1|LCV|ResFinderFG|KX127203.1	L	
C2|~blaA-218_1|blaA-218_1|LCV|ResFinderFG|KJ696409.1	blaA	L	C	V	ResFinderFG	C1|~blaA-218_1|blaA-218_1|LCV|ResFinderFG|KJ696409.1	L	
C2|~blaA-201_3|blaA-201_3|LCV|ResFinderFG|KJ695017.1	blaA	L	C	V	ResFinderFG	C1|~blaA-201_3|blaA-201_3|LCV|ResFinderFG|KJ695017.1	L	
C2|~van-101_1|van-101_1|LCV|ResFinderFG|GQ343129.1	van	L	C	V	ResFinderFG	C1|~van-101_1|van-101_1|LCV|ResFinderFG|GQ343129.1	L	
C2|~blaA-221_1|blaA-221_1|LCV|ResFinderFG|KT387146.1	blaA	L	C	V	ResFinderFG	C1|~blaA-221_1|blaA-221_1|LCV|ResFinderFG|KT387146.1	L	
C2|~van-212_1|van-212_1|LCV|ResFinderFG|KF628648.1	van	L	C	V	ResFinderFG	C1|~van-212_1|van-212_1|LCV|ResFinderFG|KF628648.1	L	
C2|~blaA-181_1|blaA-181_1|LCV|ResFinderFG|KJ693839.1	blaA	L	C	V	ResFinderFG	C1|~blaA-181_1|blaA-181_1|LCV|ResFinderFG|KJ693839.1	L	
C2|~van-419_1|van-419_1|LCV|ResFinderFG|KJ693722.1	van	L	C	V	ResFinderFG	C1|~van-419_1|van-419_1|LCV|ResFinderFG|KJ693722.1	L	
C2|~van-411_1|van-411_1|LCV|ResFinderFG|KJ693610.1	van	L	C	V	ResFinderFG	C1|~van-411_1|van-411_1|LCV|ResFinderFG|KJ693610.1	L	
C2|~van-253_1|van-253_1|LCV|ResFinderFG|KF629112.1	van	L	C	V	ResFinderFG	C1|~van-253_1|van-253_1|LCV|ResFinderFG|KF629112.1	L	
C2|~van-501_1|van-501_1|LCV|ResFinderFG|KJ695216.1	van	L	C	V	ResFinderFG	C1|~van-501_1|van-501_1|LCV|ResFinderFG|KJ695216.1	L	
C2|~blaA-244_2|blaA-244_2|LCV|ResFinderFG|KU547163.1	blaA	L	C	V	ResFinderFG	C1|~blaA-244_2|blaA-244_2|LCV|ResFinderFG|KU547163.1	L	
C2|~van-526_1|van-526_1|LCV|ResFinderFG|KJ695770.1	van	L	C	V	ResFinderFG	C1|~van-526_1|van-526_1|LCV|ResFinderFG|KJ695770.1	L	
C2|~van-468_1|van-468_1|LCV|ResFinderFG|KJ694594.1	van	L	C	V	ResFinderFG	C1|~van-468_1|van-468_1|LCV|ResFinderFG|KJ694594.1	L	
C2|~blaA-205_1|blaA-205_1|LCV|ResFinderFG|KJ695223.1	blaA	L	C	V	ResFinderFG	C1|~blaA-205_1|blaA-205_1|LCV|ResFinderFG|KJ695223.1	L	
C2|~van-464_1|van-464_1|LCV|ResFinderFG|KJ694563.1	van	L	C	V	ResFinderFG	C1|~van-464_1|van-464_1|LCV|ResFinderFG|KJ694563.1	L	
C2|~van-448_1|van-448_1|LCV|ResFinderFG|KJ694270.1	van	L	C	V	ResFinderFG	C1|~van-448_1|van-448_1|LCV|ResFinderFG|KJ694270.1	L	
C2|~blaA-185_1|blaA-185_1|LCV|ResFinderFG|KJ693936.1	blaA	L	C	V	ResFinderFG	C1|~blaA-185_1|blaA-185_1|LCV|ResFinderFG|KJ693936.1	L	
C2|~blaD2-111_1|blaD2-111_1|LCV|ResFinderFG|KJ693824.1	blaD2	L	C	V	ResFinderFG	C1|~blaD2-111_1|blaD2-111_1|LCV|ResFinderFG|KJ693824.1	L	
C2|~van-91_12|van-91_12|LCV|ResFinderFG|GQ343109.1	van	L	C	V	ResFinderFG	C1|~van-91_12|van-91_12|LCV|ResFinderFG|GQ343109.1	L	
C2|~blaA-213_1|blaA-213_1|LCV|ResFinderFG|KJ695953.1	blaA	L	C	V	ResFinderFG	C1|~blaA-213_1|blaA-213_1|LCV|ResFinderFG|KJ695953.1	L	
C2|~van-504_1|van-504_1|LCV|ResFinderFG|KJ695263.1	van	L	C	V	ResFinderFG	C1|~van-504_1|van-504_1|LCV|ResFinderFG|KJ695263.1	L	
C2|~van-483_1|van-483_1|LCV|ResFinderFG|KJ694850.1	van	L	C	V	ResFinderFG	C1|~van-483_1|van-483_1|LCV|ResFinderFG|KJ694850.1	L	
C2|~blaA-170_1|blaA-170_1|LCV|ResFinderFG|KJ693147.1	blaA	L	C	V	ResFinderFG	C1|~blaA-170_1|blaA-170_1|LCV|ResFinderFG|KJ693147.1	L	
C2|~van-539_1|van-539_1|LCV|ResFinderFG|KJ695993.1	van	L	C	V	ResFinderFG	C1|~van-539_1|van-539_1|LCV|ResFinderFG|KJ695993.1	L	
C2|~van-482_1|van-482_1|LCV|ResFinderFG|KJ694849.1	van	L	C	V	ResFinderFG	C1|~van-482_1|van-482_1|LCV|ResFinderFG|KJ694849.1	L	
C2|~blaA-175_1|blaA-175_1|LCV|ResFinderFG|KJ693425.1	blaA	L	C	V	ResFinderFG	C1|~blaA-175_1|blaA-175_1|LCV|ResFinderFG|KJ693425.1	L	
C2|~blaA-174_1|blaA-174_1|LCV|ResFinderFG|KJ693200.1	blaA	L	C	V	ResFinderFG	C1|~blaA-174_1|blaA-174_1|LCV|ResFinderFG|KJ693200.1	L	
C2|~blaA-203_2|blaA-203_2|LCV|ResFinderFG|KJ695174.1	blaA	L	C	V	ResFinderFG	C1|~blaA-203_2|blaA-203_2|LCV|ResFinderFG|KJ695174.1	L	
C2|~blaA-183_1|blaA-183_1|LCV|ResFinderFG|KJ693872.1	blaA	L	C	V	ResFinderFG	C1|~blaA-183_1|blaA-183_1|LCV|ResFinderFG|KJ693872.1	L	
C2|~blaA-176_1|blaA-176_1|LCV|ResFinderFG|KJ693469.1	blaA	L	C	V	ResFinderFG	C1|~blaA-176_1|blaA-176_1|LCV|ResFinderFG|KJ693469.1	L	
C2|~van-520_1|van-520_1|LCV|ResFinderFG|KJ695568.1	van	L	C	V	ResFinderFG	C1|~van-520_1|van-520_1|LCV|ResFinderFG|KJ695568.1	L	
C2|~blaA-207_1|blaA-207_1|LCV|ResFinderFG|KJ695449.1	blaA	L	C	V	ResFinderFG	C1|~blaA-207_1|blaA-207_1|LCV|ResFinderFG|KJ695449.1	L	
C2|~van-414_1|van-414_1|LCV|ResFinderFG|KJ693660.1	van	L	C	V	ResFinderFG	C1|~van-414_1|van-414_1|LCV|ResFinderFG|KJ693660.1	L	
C2|~van-369_24|van-369_24|LCV|ResFinderFG|KF630342.1	van	L	C	V	ResFinderFG	C1|~van-369_24|van-369_24|LCV|ResFinderFG|KF630342.1	L	
C2|~van-239_1|van-239_1|LCV|ResFinderFG|KF629040.1	van	L	C	V	ResFinderFG	C1|~van-239_1|van-239_1|LCV|ResFinderFG|KF629040.1	L	
C2|~blaA-211_1|blaA-211_1|LCV|ResFinderFG|KJ695893.1	blaA	L	C	V	ResFinderFG	C1|~blaA-211_1|blaA-211_1|LCV|ResFinderFG|KJ695893.1	L	
C2|~van-507_2|van-507_2|LCV|ResFinderFG|KJ695319.1	van	L	C	V	ResFinderFG	C1|~van-507_2|van-507_2|LCV|ResFinderFG|KJ695319.1	L	
C2|~van-453_1|van-453_1|LCV|ResFinderFG|KJ694338.1	van	L	C	V	ResFinderFG	C1|~van-453_1|van-453_1|LCV|ResFinderFG|KJ694338.1	L	
C2|~blaA-169_1|blaA-169_1|LCV|ResFinderFG|KJ692860.1	blaA	L	C	V	ResFinderFG	C1|~blaA-169_1|blaA-169_1|LCV|ResFinderFG|KJ692860.1	L	
C2|~blaA-229_1|blaA-229_1|LMV|ResFinderFG|KU544751.1	blaA	L	M	V	ResFinderFG	C1|~blaA-229_1|blaA-229_1|LCV|ResFinderFG|KU544751.1	L	
C2|~van-547_1|van-547_1|LCV|ResFinderFG|KJ696500.1	van	L	C	V	ResFinderFG	C1|~van-547_1|van-547_1|LCV|ResFinderFG|KJ696500.1	L	
C2|~blaA-202_1|blaA-202_1|LCV|ResFinderFG|KJ695037.1	blaA	L	C	V	ResFinderFG	C1|~blaA-202_1|blaA-202_1|LCV|ResFinderFG|KJ695037.1	L	
C2|~blaA-145_19|blaA-145_19|LMV|ResFinderFG|GQ343044.1	blaA	L	M	V	ResFinderFG	C1|~blaA-145_19|blaA-145_19|LCV|ResFinderFG|GQ343044.1	L	
C2|~van-110_1|van-110_1|LCV|ResFinderFG|KF626670.1	van	L	C	V	ResFinderFG	C1|~van-110_1|van-110_1|LCV|ResFinderFG|KF626670.1	L	
C2|~van-434_1|van-434_1|LCV|ResFinderFG|KJ694168.1	van	L	C	V	ResFinderFG	C1|~van-434_1|van-434_1|LCV|ResFinderFG|KJ694168.1	L	
C2|~van-102_1|van-102_1|LCV|ResFinderFG|GQ343132.1	van	L	C	V	ResFinderFG	C1|~van-102_1|van-102_1|LCV|ResFinderFG|GQ343132.1	L	
C2|~van-567_1|van-567_1|LCV|ResFinderFG|KX125764.1	van	L	C	V	ResFinderFG	C1|~van-567_1|van-567_1|LCV|ResFinderFG|KX125764.1	L	
C2|~blaA-179_1|blaA-179_1|LCV|ResFinderFG|KJ693680.1	blaA	L	C	V	ResFinderFG	C1|~blaA-179_1|blaA-179_1|LCV|ResFinderFG|KJ693680.1	L	
C2|~blaA-166_1|blaA-166_1|LCV|ResFinderFG|KJ692831.1	blaA	L	C	V	ResFinderFG	C1|~blaA-166_1|blaA-166_1|LCV|ResFinderFG|KJ692831.1	L	
C2|~blaB3-80_1|blaB3-80_1|LCV|ResFinderFG|KJ910987.1	blaB3	L	C	V	ResFinderFG	C1|~blaB3-80_1|blaB3-80_1|LCV|ResFinderFG|KJ910987.1	L	
C2|~blaA-266_1|blaA-266_1|LCV|ResFinderFG|MK935960.1	blaA	L	C	V	ResFinderFG	C1|~blaA-266_1|blaA-266_1|LCV|ResFinderFG|MK935960.1	L	
C2|~blaA-200_1|blaA-200_1|LCV|ResFinderFG|KJ695016.1	blaA	L	C	V	ResFinderFG	C1|~blaA-200_1|blaA-200_1|LCV|ResFinderFG|KJ695016.1	L	
C2|~van-461_1|van-461_1|LCV|ResFinderFG|KJ694476.1	van	L	C	V	ResFinderFG	C1|~van-461_1|van-461_1|LCV|ResFinderFG|KJ694476.1	L	
C2|~van-436_1|van-436_1|LCV|ResFinderFG|KJ694193.1	van	L	C	V	ResFinderFG	C1|~van-436_1|van-436_1|LCV|ResFinderFG|KJ694193.1	L	
C2|~blaA-246_2|blaA-246_2|LCV|ResFinderFG|KU547603.1	blaA	L	C	V	ResFinderFG	C1|~blaA-246_2|blaA-246_2|LCV|ResFinderFG|KU547603.1	L	
C2|~blaA-240_1|blaA-240_1|LCV|ResFinderFG|KU547039.1	blaA	L	C	V	ResFinderFG	C1|~blaA-240_1|blaA-240_1|LCV|ResFinderFG|KU547039.1	L	
C2|~blaA-164_1|blaA-164_1|LCV|ResFinderFG|KJ692178.1	blaA	L	C	V	ResFinderFG	C1|~blaA-164_1|blaA-164_1|LCV|ResFinderFG|KJ692178.1	L	
C2|~van-291_3|van-291_3|LCV|ResFinderFG|KF629367.1	van	L	C	V	ResFinderFG	C1|~van-291_3|van-291_3|LCV|ResFinderFG|KF629367.1	L	
C2|~blaB3-74_1|blaB3-74_1|LCV|ResFinderFG|KJ695687.1	blaB3	L	C	V	ResFinderFG	C1|~blaB3-74_1|blaB3-74_1|LCV|ResFinderFG|KJ695687.1	L	
C2|~blaD2-110_1|blaD2-110_1|LCV|ResFinderFG|KJ693799.1	blaD2	L	C	V	ResFinderFG	C1|~blaD2-110_1|blaD2-110_1|LCV|ResFinderFG|KJ693799.1	L	
C2|~van-607_1|van-607_1|LCV|ResFinderFG|KX128801.1	van	L	C	V	ResFinderFG	C1|~van-607_1|van-607_1|LCV|ResFinderFG|KX128801.1	L	
C2|~van-151_1|van-151_1|LCV|ResFinderFG|KF627506.1	van	L	C	V	ResFinderFG	C1|~van-151_1|van-151_1|LCV|ResFinderFG|KF627506.1	L	
C2|~van-484_1|van-484_1|LCV|ResFinderFG|KJ694863.1	van	L	C	V	ResFinderFG	C1|~van-484_1|van-484_1|LCV|ResFinderFG|KJ694863.1	L	
C2|~blaD2-109_1|blaD2-109_1|LCV|ResFinderFG|KJ693790.1	blaD2	L	C	V	ResFinderFG	C1|~blaD2-109_1|blaD2-109_1|LCV|ResFinderFG|KJ693790.1	L	
C2|~blaA-249_10|blaA-249_10|LCV|ResFinderFG|KU548300.1	blaA	L	C	V	ResFinderFG	C1|~blaA-249_10|blaA-249_10|LCV|ResFinderFG|KU548300.1	L	
C2|~van-121_1|van-121_1|LCV|ResFinderFG|KF627042.1	van	L	C	V	ResFinderFG	C1|~van-121_1|van-121_1|LCV|ResFinderFG|KF627042.1	L	
C2|~van-546_1|van-546_1|LCV|ResFinderFG|KJ696201.1	van	L	C	V	ResFinderFG	C1|~van-546_1|van-546_1|LCV|ResFinderFG|KJ696201.1	L	
C2|~blaA-167_1|blaA-167_1|LCV|ResFinderFG|KJ692832.1	blaA	L	C	V	ResFinderFG	C1|~blaA-167_1|blaA-167_1|LCV|ResFinderFG|KJ692832.1	L	
C2|~blaA-241_1|blaA-241_1|LCV|ResFinderFG|KU547077.1	blaA	L	C	V	ResFinderFG	C1|~blaA-241_1|blaA-241_1|LCV|ResFinderFG|KU547077.1	L	
C2|~erm-71_1|erm-71_1|LMV|ResFinderFG|KU545460.1	erm	L	M	V	ResFinderFG	C1|~erm-71_1|erm-71_1|LCV|ResFinderFG|KU545460.1	L	
C2|~blaB3-86_1|blaB3-86_1|LCV|ResFinderFG|KU544269.1	blaB3	L	C	V	ResFinderFG	C1|~blaB3-86_1|blaB3-86_1|LCV|ResFinderFG|KU544269.1	L	
C2|~van-277_2|van-277_2|LCV|ResFinderFG|KF629262.1	van	L	C	V	ResFinderFG	C1|~van-277_2|van-277_2|LCV|ResFinderFG|KF629262.1	L	
C2|~van-184_1|van-184_1|LCV|ResFinderFG|KF628104.1	van	L	C	V	ResFinderFG	C1|~van-184_1|van-184_1|LCV|ResFinderFG|KF628104.1	L	
C2|~blaB3-89_1|blaB3-89_1|LCV|ResFinderFG|KY705336.1	blaB3	L	C	V	ResFinderFG	C1|~blaB3-89_1|blaB3-89_1|LCV|ResFinderFG|KY705336.1	L	
C2|~blaA-197_1|blaA-197_1|LCV|ResFinderFG|KJ694747.1	blaA	L	C	V	ResFinderFG	C1|~blaA-197_1|blaA-197_1|LCV|ResFinderFG|KJ694747.1	L	
C2|~van-372_1|van-372_1|LCV|ResFinderFG|KJ691893.1	van	L	C	V	ResFinderFG	C1|~van-372_1|van-372_1|LCV|ResFinderFG|KJ691893.1	L	
C2|~blaA-255_1|blaA-255_1|LCV|ResFinderFG|KU577909.1	blaA	L	C	V	ResFinderFG	C1|~blaA-255_1|blaA-255_1|LCV|ResFinderFG|KU577909.1	L	
C2|~van-100_9|van-100_9|LCV|ResFinderFG|GQ343127.1	van	L	C	V	ResFinderFG	C1|~van-100_9|van-100_9|LCV|ResFinderFG|GQ343127.1	L	
C2|~van-324_1|van-324_1|LCV|ResFinderFG|KF628088.1	van	L	C	V	ResFinderFG	C1|~van-324_1|van-324_1|LCV|ResFinderFG|KF628088.1	L	
C2|~blaB3-73_1|blaB3-73_1|LCV|ResFinderFG|KJ695099.1	blaB3	L	C	V	ResFinderFG	C1|~blaB3-73_1|blaB3-73_1|LCV|ResFinderFG|KJ695099.1	L	
C2|~blaA-198_1|blaA-198_1|LCV|ResFinderFG|KJ694769.1	blaA	L	C	V	ResFinderFG	C1|~blaA-198_1|blaA-198_1|LCV|ResFinderFG|KJ694769.1	L	
C2|~van-417_1|van-417_1|LCV|ResFinderFG|KJ693715.1	van	L	C	V	ResFinderFG	C1|~van-417_1|van-417_1|LCV|ResFinderFG|KJ693715.1	L	
C2|~blaA-178_1|blaA-178_1|LCV|ResFinderFG|KJ693603.1	blaA	L	C	V	ResFinderFG	C1|~blaA-178_1|blaA-178_1|LCV|ResFinderFG|KJ693603.1	L	
C2|~dpr-5_1|dpr-5_1|LCV|ResFinderFG|MK159018.1	dpr	L	C	V	ResFinderFG	C1|~dpr-5_1|dpr-5_1|LCV|ResFinderFG|MK159018.1	L	
C2|~blaA-150_1|blaA-150_1|LCV|ResFinderFG|KF033132.1	blaA	L	C	V	ResFinderFG	C1|~blaA-150_1|blaA-150_1|LCV|ResFinderFG|KF033132.1	L	
C2|~van-440_1|van-440_1|LCV|ResFinderFG|KJ694212.1	van	L	C	V	ResFinderFG	C1|~van-440_1|van-440_1|LCV|ResFinderFG|KJ694212.1	L	
C2|~van-433_1|van-433_1|LCV|ResFinderFG|KJ694036.1	van	L	C	V	ResFinderFG	C1|~van-433_1|van-433_1|LCV|ResFinderFG|KJ694036.1	L	
C2|~van-399_1|van-399_1|LCV|ResFinderFG|KJ693285.1	van	L	C	V	ResFinderFG	C1|~van-399_1|van-399_1|LCV|ResFinderFG|KJ693285.1	L	
C2|~blaA-238_2|blaA-238_2|LCV|ResFinderFG|KU546460.1	blaA	L	C	V	ResFinderFG	C1|~blaA-238_2|blaA-238_2|LCV|ResFinderFG|KU546460.1	L	
C2|~blaA-261_2|blaA-261_2|LCV|ResFinderFG|KX128069.1	blaA	L	C	V	ResFinderFG	C1|~blaA-261_2|blaA-261_2|LCV|ResFinderFG|KX128069.1	L	
C2|~blaA-204_1|blaA-204_1|LCV|ResFinderFG|KJ695175.1	blaA	L	C	V	ResFinderFG	C1|~blaA-204_1|blaA-204_1|LCV|ResFinderFG|KJ695175.1	L	
C2|~van-471_1|van-471_1|LCV|ResFinderFG|KJ694645.1	van	L	C	V	ResFinderFG	C1|~van-471_1|van-471_1|LCV|ResFinderFG|KJ694645.1	L	
C2|~van-378_1|van-378_1|LCV|ResFinderFG|KJ692183.1	van	L	C	V	ResFinderFG	C1|~van-378_1|van-378_1|LCV|ResFinderFG|KJ692183.1	L	
C2|~blaA-156_1|blaA-156_1|LCV|ResFinderFG|KJ512900.1	blaA	L	C	V	ResFinderFG	C1|~blaA-156_1|blaA-156_1|LCV|ResFinderFG|KJ512900.1	L	
C2|~van-281_3|van-281_3|LCV|ResFinderFG|KF629298.1	van	L	C	V	ResFinderFG	C1|~van-281_3|van-281_3|LCV|ResFinderFG|KF629298.1	L	
C2|~blaA-191_1|blaA-191_1|LCV|ResFinderFG|KJ694385.1	blaA	L	C	V	ResFinderFG	C1|~blaA-191_1|blaA-191_1|LCV|ResFinderFG|KJ694385.1	L	
C2|~blaA-158_1|blaA-158_1|LCV|ResFinderFG|KJ512941.1	blaA	L	C	V	ResFinderFG	C1|~blaA-158_1|blaA-158_1|LCV|ResFinderFG|KJ512941.1	L	
C2|~blaA-146_4|blaA-146_4|LCV|ResFinderFG|GQ343153.1	blaA	L	C	V	ResFinderFG	C1|~blaA-146_4|blaA-146_4|LCV|ResFinderFG|GQ343153.1	L	
C2|~van-97_12|van-97_12|LMV|ResFinderFG|GQ343119.1	van	L	M	V	ResFinderFG	C1|~van-97_12|van-97_12|LCV|ResFinderFG|GQ343119.1	L	
C2|~van-319_1|van-319_1|LCV|ResFinderFG|KF629684.1	van	L	C	V	ResFinderFG	C1|~van-319_1|van-319_1|LCV|ResFinderFG|KF629684.1	L	
C2|~van-169_1|van-169_1|LCV|ResFinderFG|KF627867.1	van	L	C	V	ResFinderFG	C1|~van-169_1|van-169_1|LCV|ResFinderFG|KF627867.1	L	
C2|~blaB3-72_2|blaB3-72_2|LCV|ResFinderFG|KJ695034.1	blaB3	L	C	V	ResFinderFG	C1|~blaB3-72_2|blaB3-72_2|LCV|ResFinderFG|KJ695034.1	L	
C2|~van-472_1|van-472_1|LCV|ResFinderFG|KJ694647.1	van	L	C	V	ResFinderFG	C1|~van-472_1|van-472_1|LCV|ResFinderFG|KJ694647.1	L	
C2|~van-422_1|van-422_1|LCV|ResFinderFG|KJ693752.1	van	L	C	V	ResFinderFG	C1|~van-422_1|van-422_1|LCV|ResFinderFG|KJ693752.1	L	
C2|~van-392_1|van-392_1|LCV|ResFinderFG|KJ692925.1	van	L	C	V	ResFinderFG	C1|~van-392_1|van-392_1|LCV|ResFinderFG|KJ692925.1	L	
C2|~blaA-165_1|blaA-165_1|LCV|ResFinderFG|KJ692353.1	blaA	L	C	V	ResFinderFG	C1|~blaA-165_1|blaA-165_1|LCV|ResFinderFG|KJ692353.1	L	
C2|~van-379_1|van-379_1|LCV|ResFinderFG|KJ692201.1	van	L	C	V	ResFinderFG	C1|~van-379_1|van-379_1|LCV|ResFinderFG|KJ692201.1	L	
C2|~blaA-265_1|blaA-265_1|LCV|ResFinderFG|MK935943.1	blaA	L	C	V	ResFinderFG	C1|~blaA-265_1|blaA-265_1|LCV|ResFinderFG|MK935943.1	L	
C2|~aph2b-11_1|aph2b-11_1|LCV|ResFinderFG|KU548476.1	aph2b	L	C	V	ResFinderFG	C1|~aph2b-11_1|aph2b-11_1|LCV|ResFinderFG|KU548476.1	L	
C2|~blaB3-63_1|blaB3-63_1|LCV|ResFinderFG|KJ693734.1	blaB3	L	C	V	ResFinderFG	C1|~blaB3-63_1|blaB3-63_1|LCV|ResFinderFG|KJ693734.1	L	
C2|~van-410_1|van-410_1|LCV|ResFinderFG|KJ693608.1	van	L	C	V	ResFinderFG	C1|~van-410_1|van-410_1|LCV|ResFinderFG|KJ693608.1	L	
C2|~van-103_1|van-103_1|LCV|ResFinderFG|GQ343133.1	van	L	C	V	ResFinderFG	C1|~van-103_1|van-103_1|LCV|ResFinderFG|GQ343133.1	L	
C2|~blaB3-71_1|blaB3-71_1|LCV|ResFinderFG|KJ694761.1	blaB3	L	C	V	ResFinderFG	C1|~blaB3-71_1|blaB3-71_1|LCV|ResFinderFG|KJ694761.1	L	
C2|~blaA-253_1|blaA-253_1|LCV|ResFinderFG|KU548670.1	blaA	L	C	V	ResFinderFG	C1|~blaA-253_1|blaA-253_1|LCV|ResFinderFG|KU548670.1	L	
C2|~blaA-250_3|blaA-250_3|LCV|ResFinderFG|KU548405.1	blaA	L	C	V	ResFinderFG	C1|~blaA-250_3|blaA-250_3|LCV|ResFinderFG|KU548405.1	L	
C2|~van-278_2|van-278_2|LCV|ResFinderFG|KF629263.1	van	L	C	V	ResFinderFG	C1|~van-278_2|van-278_2|LCV|ResFinderFG|KF629263.1	L	
C2|~van-211_2|van-211_2|LCV|ResFinderFG|KF628646.1	van	L	C	V	ResFinderFG	C1|~van-211_2|van-211_2|LCV|ResFinderFG|KF628646.1	L	
C2|~blaX-29_1|blaX-29_1|LCV|ResFinderFG|KX125206.1	blaX	L	C	V	ResFinderFG	C1|~blaX-29_1|blaX-29_1|LCV|ResFinderFG|KX125206.1	L	
C2|~blaB3-91_1|blaB3-91_1|LCV|ResFinderFG|MN017293.1	blaB3	L	C	V	ResFinderFG	C1|~blaB3-91_1|blaB3-91_1|LCV|ResFinderFG|MN017293.1	L	
C2|~van-447_1|van-447_1|LCV|ResFinderFG|KJ694264.1	van	L	C	V	ResFinderFG	C1|~van-447_1|van-447_1|LCV|ResFinderFG|KJ694264.1	L	
C2|~blaA-236_1|blaA-236_1|LCV|ResFinderFG|KU546225.1	blaA	L	C	V	ResFinderFG	C1|~blaA-236_1|blaA-236_1|LCV|ResFinderFG|KU546225.1	L	
C2|~blaA-224_1|blaA-224_1|LCV|ResFinderFG|KT387160.1	blaA	L	C	V	ResFinderFG	C1|~blaA-224_1|blaA-224_1|LCV|ResFinderFG|KT387160.1	L	
C2|~van-365_1|van-365_1|LCV|ResFinderFG|KF630276.1	van	L	C	V	ResFinderFG	C1|~van-365_1|van-365_1|LCV|ResFinderFG|KF630276.1	L	
C2|~erm-68_1|erm-68_1|LCV|ResFinderFG|KJ696062.1	erm	L	C	V	ResFinderFG	C1|~erm-68_1|erm-68_1|LCV|ResFinderFG|KJ696062.1	L	
C2|~van-462_1|van-462_1|LCV|ResFinderFG|KJ694482.1	van	L	C	V	ResFinderFG	C1|~van-462_1|van-462_1|LCV|ResFinderFG|KJ694482.1	L	
C2|~blaA-177_1|blaA-177_1|LCV|ResFinderFG|KJ693546.1	blaA	L	C	V	ResFinderFG	C1|~blaA-177_1|blaA-177_1|LCV|ResFinderFG|KJ693546.1	L	
C2|~blaA-219_4|blaA-219_4|LCV|ResFinderFG|KJ910949.1	blaA	L	C	V	ResFinderFG	C1|~blaA-219_4|blaA-219_4|LCV|ResFinderFG|KJ910949.1	L	
C2|~van-90_1|van-90_1|LCV|ResFinderFG|GQ343106.1	van	L	C	V	ResFinderFG	C1|~van-90_1|van-90_1|LCV|ResFinderFG|GQ343106.1	L	
C2|~blaA-245_7|blaA-245_7|LCV|ResFinderFG|KU547400.1	blaA	L	C	V	ResFinderFG	C1|~blaA-245_7|blaA-245_7|LCV|ResFinderFG|KU547400.1	L	
C2|~blaA-226_2|blaA-226_2|LCV|ResFinderFG|KU544716.1	blaA	L	C	V	ResFinderFG	C1|~blaA-226_2|blaA-226_2|LCV|ResFinderFG|KU544716.1	L	
C2|~blaA-260_1|blaA-260_1|LCV|ResFinderFG|KX127237.1	blaA	L	C	V	ResFinderFG	C1|~blaA-260_1|blaA-260_1|LCV|ResFinderFG|KX127237.1	L	
C2|~blaB3-56_1|blaB3-56_1|LCV|ResFinderFG|KJ692346.1	blaB3	L	C	V	ResFinderFG	C1|~blaB3-56_1|blaB3-56_1|LCV|ResFinderFG|KJ692346.1	L	
C2|~blaA-162_1|blaA-162_1|LCV|ResFinderFG|KJ692045.1	blaA	L	C	V	ResFinderFG	C1|~blaA-162_1|blaA-162_1|LCV|ResFinderFG|KJ692045.1	L	
C2|~blaA-143_14|blaA-143_14|LCV|ResFinderFG|GQ343038.1	blaA	L	C	V	ResFinderFG	C1|~blaA-143_14|blaA-143_14|LCV|ResFinderFG|GQ343038.1	L	
C2|~blaA-149_1|blaA-149_1|LCV|ResFinderFG|KC520484.1	blaA	L	C	V	ResFinderFG	C1|~blaA-149_1|blaA-149_1|LCV|ResFinderFG|KC520484.1	L	
C2|~blaA-247_3|blaA-247_3|LCV|ResFinderFG|KU547691.1	blaA	L	C	V	ResFinderFG	C1|~blaA-247_3|blaA-247_3|LCV|ResFinderFG|KU547691.1	L	
C2|~blaB3-85_1|blaB3-85_1|LCV|ResFinderFG|KT387164.1	blaB3	L	C	V	ResFinderFG	C1|~blaB3-85_1|blaB3-85_1|LCV|ResFinderFG|KT387164.1	L	
C2|~van-307_4|van-307_4|LCV|ResFinderFG|KF629505.1	van	L	C	V	ResFinderFG	C1|~van-307_4|van-307_4|LCV|ResFinderFG|KF629505.1	L	
C2|~blaB3-93_1|blaB3-93_1|LCV|ResFinderFG|MN017298.1	blaB3	L	C	V	ResFinderFG	C1|~blaB3-93_1|blaB3-93_1|LCV|ResFinderFG|MN017298.1	L	
C2|~van-537_1|van-537_1|LCV|ResFinderFG|KJ695956.1	van	L	C	V	ResFinderFG	C1|~van-537_1|van-537_1|LCV|ResFinderFG|KJ695956.1	L	
C2|~van-425_2|van-425_2|LCV|ResFinderFG|KJ693909.1	van	L	C	V	ResFinderFG	C1|~van-425_2|van-425_2|LCV|ResFinderFG|KJ693909.1	L	
C2|~van-395_1|van-395_1|LCV|ResFinderFG|KJ693052.1	van	L	C	V	ResFinderFG	C1|~van-395_1|van-395_1|LCV|ResFinderFG|KJ693052.1	L	
C2|~blaA-225_1|blaA-225_1|LCV|ResFinderFG|KT387214.1	blaA	L	C	V	ResFinderFG	C1|~blaA-225_1|blaA-225_1|LCV|ResFinderFG|KT387214.1	L	
C2|~van-230_4|van-230_4|LCV|ResFinderFG|KF628966.1	van	L	C	V	ResFinderFG	C1|~van-230_4|van-230_4|LCV|ResFinderFG|KF628966.1	L	
C2|~blaA-212_1|blaA-212_1|LCV|ResFinderFG|KJ695930.1	blaA	L	C	V	ResFinderFG	C1|~blaA-212_1|blaA-212_1|LCV|ResFinderFG|KJ695930.1	L	
C2|~blaD1-29_1|blaD1-29_1|LCV|ResFinderFG|KJ694760.1	blaD1	L	C	V	ResFinderFG	C1|~blaD1-29_1|blaD1-29_1|LCV|ResFinderFG|KJ694760.1	L	
C2|~blaA-196_2|blaA-196_2|LCV|ResFinderFG|KJ694744.1	blaA	L	C	V	ResFinderFG	C1|~blaA-196_2|blaA-196_2|LCV|ResFinderFG|KJ694744.1	L	
C2|~aph2b-8_1|aph2b-8_1|LCV|ResFinderFG|KJ694435.1	aph2b	L	C	V	ResFinderFG	C1|~aph2b-8_1|aph2b-8_1|LCV|ResFinderFG|KJ694435.1	L	
C2|~van-450_1|van-450_1|LCV|ResFinderFG|KJ694274.1	van	L	C	V	ResFinderFG	C1|~van-450_1|van-450_1|LCV|ResFinderFG|KJ694274.1	L	
C2|~blaB3-62_1|blaB3-62_1|LCV|ResFinderFG|KJ693679.1	blaB3	L	C	V	ResFinderFG	C1|~blaB3-62_1|blaB3-62_1|LCV|ResFinderFG|KJ693679.1	L	
C2|~blaB3-54_2|blaB3-54_2|LCV|ResFinderFG|KJ692111.1	blaB3	L	C	V	ResFinderFG	C1|~blaB3-54_2|blaB3-54_2|LCV|ResFinderFG|KJ692111.1	L	
C2|~blaA-139_1|blaA-139_1|LCV|ResFinderFG|GQ244489.1	blaA	L	C	V	ResFinderFG	C1|~blaA-139_1|blaA-139_1|LCV|ResFinderFG|GQ244489.1	L	
C2|~blaA-157_20|blaA-157_20|LCV|ResFinderFG|KJ512935.1	blaA	L	C	V	ResFinderFG	C1|~blaA-157_20|blaA-157_20|LCV|ResFinderFG|KJ512935.1	L	
C2|~blaA-243_1|blaA-243_1|LCV|ResFinderFG|KU547084.1	blaA	L	C	V	ResFinderFG	C1|~blaA-243_1|blaA-243_1|LCV|ResFinderFG|KU547084.1	L	
C2|~van-259_1|van-259_1|LCV|ResFinderFG|KF629153.1	van	L	C	V	ResFinderFG	C1|~van-259_1|van-259_1|LCV|ResFinderFG|KF629153.1	L	
C2|~blaB3-92_1|blaB3-92_1|LCV|ResFinderFG|MN017297.1	blaB3	L	C	V	ResFinderFG	C1|~blaB3-92_1|blaB3-92_1|LCV|ResFinderFG|MN017297.1	L	
C2|~blaA-144_2|blaA-144_2|LCV|ResFinderFG|GQ343039.1	blaA	L	C	V	ResFinderFG	C1|~blaA-144_2|blaA-144_2|LCV|ResFinderFG|GQ343039.1	L	
C2|~blaA-234_1|blaA-234_1|LCV|ResFinderFG|KU545727.1	blaA	L	C	V	ResFinderFG	C1|~blaA-234_1|blaA-234_1|LCV|ResFinderFG|KU545727.1	L	
C2|~van-145_1|van-145_1|LCV|ResFinderFG|KF627420.1	van	L	C	V	ResFinderFG	C1|~van-145_1|van-145_1|LCV|ResFinderFG|KF627420.1	L	
C2|~blaA-259_4|blaA-259_4|LCV|ResFinderFG|KX125876.1	blaA	L	C	V	ResFinderFG	C1|~blaA-259_4|blaA-259_4|LCV|ResFinderFG|KX125876.1	L	
C2|~blaA-214_1|blaA-214_1|LCV|ResFinderFG|KJ696080.1	blaA	L	C	V	ResFinderFG	C1|~blaA-214_1|blaA-214_1|LCV|ResFinderFG|KJ696080.1	L	
C2|~blaD2-120_3|blaD2-120_3|LCV|ResFinderFG|KJ695701.1	blaD2	L	C	V	ResFinderFG	C1|~blaD2-120_3|blaD2-120_3|LCV|ResFinderFG|KJ695701.1	L	
C2|~blaA-199_1|blaA-199_1|LCV|ResFinderFG|KJ694913.1	blaA	L	C	V	ResFinderFG	C1|~blaA-199_1|blaA-199_1|LCV|ResFinderFG|KJ694913.1	L	
C2|~blaA-192_2|blaA-192_2|LCV|ResFinderFG|KJ694425.1	blaA	L	C	V	ResFinderFG	C1|~blaA-192_2|blaA-192_2|LCV|ResFinderFG|KJ694425.1	L	
C2|~blaA-188_1|blaA-188_1|LCV|ResFinderFG|KJ694078.1	blaA	L	C	V	ResFinderFG	C1|~blaA-188_1|blaA-188_1|LCV|ResFinderFG|KJ694078.1	L	
C2|~blaA-160_1|blaA-160_1|LCV|ResFinderFG|KJ691910.1	blaA	L	C	V	ResFinderFG	C1|~blaA-160_1|blaA-160_1|LCV|ResFinderFG|KJ691910.1	L	
C2|~blaA-138_1|blaA-138_1|LCV|ResFinderFG|GQ244488.1	blaA	L	C	V	ResFinderFG	C1|~blaA-138_1|blaA-138_1|LCV|ResFinderFG|GQ244488.1	L	
C2|~blaA-142_1|blaA-142_1|LCV|ResFinderFG|GQ343003.1	blaA	L	C	V	ResFinderFG	C1|~blaA-142_1|blaA-142_1|LCV|ResFinderFG|GQ343003.1	L	
C2|~blaA-254_20|blaA-254_20|LCV|ResFinderFG|KU548696.1	blaA	L	C	V	ResFinderFG	C1|~blaA-254_20|blaA-254_20|LCV|ResFinderFG|KU548696.1	L	
C2|~blaA-235_1|blaA-235_1|LCV|ResFinderFG|KU545735.1	blaA	L	C	V	ResFinderFG	C1|~blaA-235_1|blaA-235_1|LCV|ResFinderFG|KU545735.1	L	
C2|~blaA-232_1|blaA-232_1|LCV|ResFinderFG|KU544881.1	blaA	L	C	V	ResFinderFG	C1|~blaA-232_1|blaA-232_1|LCV|ResFinderFG|KU544881.1	L	
C2|~blaA-216_1|blaA-216_1|LCV|ResFinderFG|KJ696251.1	blaA	L	C	V	ResFinderFG	C1|~blaA-216_1|blaA-216_1|LCV|ResFinderFG|KJ696251.1	L	
C2|~aph2b-9_2|aph2b-9_2|LCV|ResFinderFG|KU544331.1	aph2b	L	C	V	ResFinderFG	C1|~aph2b-9_2|aph2b-9_2|LCV|ResFinderFG|KU544331.1	L	
C2|~blaA-193_1|blaA-193_1|LCV|ResFinderFG|KJ694542.1	blaA	L	C	V	ResFinderFG	C1|~blaA-193_1|blaA-193_1|LCV|ResFinderFG|KJ694542.1	L	
C2|~blaB3-66_1|blaB3-66_1|LCV|ResFinderFG|KJ694424.1	blaB3	L	C	V	ResFinderFG	C1|~blaB3-66_1|blaB3-66_1|LCV|ResFinderFG|KJ694424.1	L	
C2|~blaB3-52_1|blaB3-52_1|LCV|ResFinderFG|KJ692085.1	blaB3	L	C	V	ResFinderFG	C1|~blaB3-52_1|blaB3-52_1|LCV|ResFinderFG|KJ692085.1	L	
C2|~blaA-161_1|blaA-161_1|LCV|ResFinderFG|KJ691941.1	blaA	L	C	V	ResFinderFG	C1|~blaA-161_1|blaA-161_1|LCV|ResFinderFG|KJ691941.1	L	
C2|~blaA-252_1|blaA-252_1|LCV|ResFinderFG|KU548669.1	blaA	L	C	V	ResFinderFG	C1|~blaA-252_1|blaA-252_1|LCV|ResFinderFG|KU548669.1	L	
C2|~blaA-262_1|blaA-262_1|LCV|ResFinderFG|MG586035.1	blaA	L	C	V	ResFinderFG	C1|~blaA-262_1|blaA-262_1|LCV|ResFinderFG|MG586035.1	L	
C2|~blaB3-77_1|blaB3-77_1|LCV|ResFinderFG|KJ696301.1	blaB3	L	C	V	ResFinderFG	C1|~blaB3-77_1|blaB3-77_1|LCV|ResFinderFG|KJ696301.1	L	
C2|~blaA-215_2|blaA-215_2|LCV|ResFinderFG|KJ696128.1	blaA	L	C	V	ResFinderFG	C1|~blaA-215_2|blaA-215_2|LCV|ResFinderFG|KJ696128.1	L	
C2|~blaB3-70_1|blaB3-70_1|LCV|ResFinderFG|KJ694709.1	blaB3	L	C	V	ResFinderFG	C1|~blaB3-70_1|blaB3-70_1|LCV|ResFinderFG|KJ694709.1	L	
C2|~blaB3-58_1|blaB3-58_1|LCV|ResFinderFG|KJ692772.1	blaB3	L	C	V	ResFinderFG	C1|~blaB3-58_1|blaB3-58_1|LCV|ResFinderFG|KJ692772.1	L	
C2|~blaB3-87_1|blaB3-87_1|LCV|ResFinderFG|KU547720.1	blaB3	L	C	V	ResFinderFG	C1|~blaB3-87_1|blaB3-87_1|LCV|ResFinderFG|KU547720.1	L	
C2|~blaA-263_1|blaA-263_1|LCV|ResFinderFG|MK831000.1	blaA	L	C	V	ResFinderFG	C1|~blaA-263_1|blaA-263_1|LCV|ResFinderFG|MK831000.1	L	
C2|~blaB3-75_1|blaB3-75_1|LCV|ResFinderFG|KJ695816.1	blaB3	L	C	V	ResFinderFG	C1|~blaB3-75_1|blaB3-75_1|LCV|ResFinderFG|KJ695816.1	L	
C2|~blaA-163_1|blaA-163_1|LCV|ResFinderFG|KJ692177.1	blaA	L	C	V	ResFinderFG	C1|~blaA-163_1|blaA-163_1|LCV|ResFinderFG|KJ692177.1	L	
C2|~blaA-195_1|blaA-195_1|LMV|ResFinderFG|KJ694733.1	blaA	L	M	V	ResFinderFG	C1|~blaA-195_1|blaA-195_1|LCV|ResFinderFG|KJ694733.1	L	
C2|~blaA-268_1|blaA-268_1|LCV|ResFinderFG|MW234456.1	blaA	L	C	V	ResFinderFG	C1|~blaA-268_1|blaA-268_1|LCV|ResFinderFG|MW234456.1	L	
C2|~blaA-251_1|blaA-251_1|LCV|ResFinderFG|KU548492.1	blaA	L	C	V	ResFinderFG	C1|~blaA-251_1|blaA-251_1|LCV|ResFinderFG|KU548492.1	L	
C2|~aph2b-10_1|aph2b-10_1|LCV|ResFinderFG|KU545774.1	aph2b	L	C	V	ResFinderFG	C1|~aph2b-10_1|aph2b-10_1|LCV|ResFinderFG|KU545774.1	L	
C2|~blaA-231_7|blaA-231_7|LCV|ResFinderFG|KU544763.1	blaA	L	C	V	ResFinderFG	C1|~blaA-231_7|blaA-231_7|LCV|ResFinderFG|KU544763.1	L	
C2|~blaA-152_1|blaA-152_1|LCV|ResFinderFG|KF628446.1	blaA	L	C	V	ResFinderFG	C1|~blaA-152_1|blaA-152_1|LCV|ResFinderFG|KF628446.1	L	
C2|~blaA-151_1|blaA-151_1|LCV|ResFinderFG|KF627219.1	blaA	L	C	V	ResFinderFG	C1|~blaA-151_1|blaA-151_1|LCV|ResFinderFG|KF627219.1	L	
C2|~blaA-257_1|blaA-257_1|LCV|ResFinderFG|KU606014.1	blaA	L	C	V	ResFinderFG	C1|~blaA-257_1|blaA-257_1|LCV|ResFinderFG|KU606014.1	L	
C2|~blaA-206_1|blaA-206_1|LCV|ResFinderFG|KJ695366.1	blaA	L	C	V	ResFinderFG	C1|~blaA-206_1|blaA-206_1|LCV|ResFinderFG|KJ695366.1	L	
C2|~van-493_1|van-493_1|LCV|ResFinderFG|KJ695163.1	van	L	C	V	ResFinderFG	C1|~van-493_1|van-493_1|LCV|ResFinderFG|KJ695163.1	L	
C2|~adt-3_1|adt-3_1|LCV|ResFinderFG|JX875573.1	adt	L	C	V	ResFinderFG	C1|~adt-3_1|adt-3_1|LCV|ResFinderFG|JX875573.1	L	
C2|~blaA-141_1|blaA-141_1|LCV|ResFinderFG|GQ343002.1	blaA	L	C	V	ResFinderFG	C1|~blaA-141_1|blaA-141_1|LCV|ResFinderFG|GQ343002.1	L	
C2|~blaA-189_1|blaA-189_1|LCV|ResFinderFG|KJ694108.1	blaA	L	C	V	ResFinderFG	C1|~blaA-189_1|blaA-189_1|LCV|ResFinderFG|KJ694108.1	L	
C2|~blaD2-101_1|blaD2-101_1|LCV|ResFinderFG|KJ692802.1	blaD2	L	C	V	ResFinderFG	C1|~blaD2-101_1|blaD2-101_1|LCV|ResFinderFG|KJ692802.1	L	
C2|~blaA-147_1|blaA-147_1|LCV|ResFinderFG|HQ605913.1	blaA	L	C	V	ResFinderFG	C1|~blaA-147_1|blaA-147_1|LCV|ResFinderFG|HQ605913.1	L	
C2|~blaA-242_2|blaA-242_2|LCV|ResFinderFG|KU547080.1	blaA	L	C	V	ResFinderFG	C1|~blaA-242_2|blaA-242_2|LCV|ResFinderFG|KU547080.1	L	
C2|~blaA-264_1|blaA-264_1|LCV|ResFinderFG|MK935931.1	blaA	L	C	V	ResFinderFG	C1|~blaA-264_1|blaA-264_1|LCV|ResFinderFG|MK935931.1	L	
C2|~blaB3-88_2|blaB3-88_2|LCV|ResFinderFG|KU547743.1	blaB3	L	C	V	ResFinderFG	C1|~blaB3-88_2|blaB3-88_2|LCV|ResFinderFG|KU547743.1	L	
C2|~blaA-227_2|blaA-227_2|LCV|ResFinderFG|KU544721.1	blaA	L	C	V	ResFinderFG	C1|~blaA-227_2|blaA-227_2|LCV|ResFinderFG|KU544721.1	L	
C2|~dpr-7_1|dpr-7_1|LCV|ResFinderFG|MK159020.1	dpr	L	C	V	ResFinderFG	C1|~dpr-7_1|dpr-7_1|LCV|ResFinderFG|MK159020.1	L	
C2|~blaD1-31_1|blaD1-31_1|LCV|ResFinderFG|KJ695702.1	blaD1	L	C	V	ResFinderFG	C1|~blaD1-31_1|blaD1-31_1|LCV|ResFinderFG|KJ695702.1	L	
C2|~van-479_1|van-479_1|LCV|ResFinderFG|KJ694832.1	van	L	C	V	ResFinderFG	C1|~van-479_1|van-479_1|LCV|ResFinderFG|KJ694832.1	L	
C2|~blaD2-113_1|blaD2-113_1|LCV|ResFinderFG|KJ694472.1	blaD2	L	C	V	ResFinderFG	C1|~blaD2-113_1|blaD2-113_1|LCV|ResFinderFG|KJ694472.1	L	
C2|~blaX-23_1|blaX-23_1|LCV|ResFinderFG|KT387165.1	blaX	L	C	V	ResFinderFG	C1|~blaX-23_1|blaX-23_1|LCV|ResFinderFG|KT387165.1	L	
C2|~blaD2-93_1|blaD2-93_1|LCV|ResFinderFG|KJ691985.1	blaD2	L	C	V	ResFinderFG	C1|~blaD2-93_1|blaD2-93_1|LCV|ResFinderFG|KJ691985.1	L	
C2|~blaA-148_1|blaA-148_1|LCV|ResFinderFG|JX009326.1	blaA	L	C	V	ResFinderFG	C1|~blaA-148_1|blaA-148_1|LCV|ResFinderFG|JX009326.1	L	
C2|~blaD2-138_1|blaD2-138_1|LCV|ResFinderFG|MK935997.1	blaD2	L	C	V	ResFinderFG	C1|~blaD2-138_1|blaD2-138_1|LCV|ResFinderFG|MK935997.1	L	
C2|~dpr-4_1|dpr-4_1|LCV|ResFinderFG|KY705355.1	dpr	L	C	V	ResFinderFG	C1|~dpr-4_1|dpr-4_1|LCV|ResFinderFG|KY705355.1	L	
C2|~blaD2-118_1|blaD2-118_1|LCV|ResFinderFG|KJ695283.1	blaD2	L	C	V	ResFinderFG	C1|~blaD2-118_1|blaD2-118_1|LCV|ResFinderFG|KJ695283.1	L	
C2|~van-413_2|van-413_2|LCV|ResFinderFG|KJ693643.1	van	L	C	V	ResFinderFG	C1|~van-413_2|van-413_2|LCV|ResFinderFG|KJ693643.1	L	
C2|~blaD2-102_1|blaD2-102_1|LCV|ResFinderFG|KJ692851.1	blaD2	L	C	V	ResFinderFG	C1|~blaD2-102_1|blaD2-102_1|LCV|ResFinderFG|KJ692851.1	L	
C2|~erm-61_1|erm-61_1|LCV|ResFinderFG|KJ691920.1	erm	L	C	V	ResFinderFG	C1|~erm-61_1|erm-61_1|LCV|ResFinderFG|KJ691920.1	L	
C2|~blaX-15_1|blaX-15_1|LCV|ResFinderFG|GQ244495.1	blaX	L	C	V	ResFinderFG	C1|~blaX-15_1|blaX-15_1|LCV|ResFinderFG|GQ244495.1	L	
C2|~blaB1-83_4|blaB1-83_4|LCV|ResFinderFG|KJ692957.1	blaB1	L	C	V	ResFinderFG	C1|~blaB1-83_4|blaB1-83_4|LCV|ResFinderFG|KJ692957.1	L	
C2|~aac-7_1|aac-7_1|LCV|ResFinderFG|KU548684.1	aac	L	C	V	ResFinderFG	C1|~aac-7_1|aac-7_1|LCV|ResFinderFG|KU548684.1	L	
C2|~blaA-223_1|blaA-223_1|LCV|ResFinderFG|KT387152.1	blaA	L	C	V	ResFinderFG	C1|~blaA-223_1|blaA-223_1|LCV|ResFinderFG|KT387152.1	L	
C2|~van-346_1|van-346_1|LCV|ResFinderFG|KF629950.1	van	L	C	V	ResFinderFG	C1|~van-346_1|van-346_1|LCV|ResFinderFG|KF629950.1	L	
C2|~aac3-33_1|aac3-33_1|LCV|ResFinderFG|KJ694028.1	aac3	L	C	V	ResFinderFG	C1|~aac3-33_1|aac3-33_1|LCV|ResFinderFG|KJ694028.1	L	
C2|~blaA-184_1|blaA-184_1|LCV|ResFinderFG|KJ693935.1	blaA	L	C	V	ResFinderFG	C1|~blaA-184_1|blaA-184_1|LCV|ResFinderFG|KJ693935.1	L	
C2|~blaB3-53_1|blaB3-53_1|LCV|ResFinderFG|KJ692110.1	blaB3	L	C	V	ResFinderFG	C1|~blaB3-53_1|blaB3-53_1|LCV|ResFinderFG|KJ692110.1	L	
C2|~erm-77_1|erm-77_1|LCV|ResFinderFG|KU546707.1	erm	L	C	V	ResFinderFG	C1|~erm-77_1|erm-77_1|LCV|ResFinderFG|KU546707.1	L	
C2|~aac3-39_3|aac3-39_3|LCV|ResFinderFG|KU544723.1	aac3	L	C	V	ResFinderFG	C1|~aac3-39_3|aac3-39_3|LCV|ResFinderFG|KU544723.1	L	
C2|~blaD1-32_1|blaD1-32_1|LCV|ResFinderFG|KJ696147.1	blaD1	L	C	V	ResFinderFG	C1|~blaD1-32_1|blaD1-32_1|LCV|ResFinderFG|KJ696147.1	L	
C2|~van-142_1|van-142_1|LCV|ResFinderFG|KF627324.1	van	L	C	V	ResFinderFG	C1|~van-142_1|van-142_1|LCV|ResFinderFG|KF627324.1	L	
C2|~pbp-4_1|pbp-4_1|LCV|ResFinderFG|KU606669.1	pbp	L	C	V	ResFinderFG	C1|~pbp-4_1|pbp-4_1|LCV|ResFinderFG|KU606669.1	L	
C2|~erm-65_1|erm-65_1|LCV|ResFinderFG|KJ693001.1	erm	L	C	V	ResFinderFG	C1|~erm-65_1|erm-65_1|LCV|ResFinderFG|KJ693001.1	L	
C2|~blaD2-117_3|blaD2-117_3|LCV|ResFinderFG|KJ695259.1	blaD2	L	C	V	ResFinderFG	C1|~blaD2-117_3|blaD2-117_3|LCV|ResFinderFG|KJ695259.1	L	
C2|~erm-89_1|erm-89_1|LCV|ResFinderFG|MK935869.1	erm	L	C	V	ResFinderFG	C1|~erm-89_1|erm-89_1|LCV|ResFinderFG|MK935869.1	L	
C2|~blaA-217_1|blaA-217_1|LCV|ResFinderFG|KJ696258.1	blaA	L	C	V	ResFinderFG	C1|~blaA-217_1|blaA-217_1|LCV|ResFinderFG|KJ696258.1	L	
C2|~aac3-37_2|aac3-37_2|LCV|ResFinderFG|KJ695854.1	aac3	L	C	V	ResFinderFG	C1|~aac3-37_2|aac3-37_2|LCV|ResFinderFG|KJ695854.1	L	
C2|~van-377_1|van-377_1|LCV|ResFinderFG|KJ692093.1	van	L	C	V	ResFinderFG	C1|~van-377_1|van-377_1|LCV|ResFinderFG|KJ692093.1	L	
C2|~aac3-43_1|aac3-43_1|LCV|ResFinderFG|KU548683.1	aac3	L	C	V	ResFinderFG	C1|~aac3-43_1|aac3-43_1|LCV|ResFinderFG|KU548683.1	L	
C2|~blaD2-125_2|blaD2-125_2|LCV|ResFinderFG|KU544423.1	blaD2	L	C	V	ResFinderFG	C1|~blaD2-125_2|blaD2-125_2|LCV|ResFinderFG|KU544423.1	L	
C2|~blaB1-80_1|blaB1-80_1|LCV|ResFinderFG|GQ343045.1	blaB1	L	C	V	ResFinderFG	C1|~blaB1-80_1|blaB1-80_1|LCV|ResFinderFG|GQ343045.1	L	
C2|~erm-63_1|erm-63_1|LCV|ResFinderFG|KJ692041.1	erm	L	C	V	ResFinderFG	C1|~erm-63_1|erm-63_1|LCV|ResFinderFG|KJ692041.1	L	
C2|~dpr-6_1|dpr-6_1|LCV|ResFinderFG|MK159019.1	dpr	L	C	V	ResFinderFG	C1|~dpr-6_1|dpr-6_1|LCV|ResFinderFG|MK159019.1	L	
C2|~blaD1-34_1|blaD1-34_1|LCV|ResFinderFG|MG739504.1	blaD1	L	C	V	ResFinderFG	C1|~blaD1-34_1|blaD1-34_1|LCV|ResFinderFG|MG739504.1	L	
C2|~blaB1-84_1|blaB1-84_1|LCV|ResFinderFG|KJ695332.1	blaB1	L	C	V	ResFinderFG	C1|~blaB1-84_1|blaB1-84_1|LCV|ResFinderFG|KJ695332.1	L	
C2|~blaD2-115_1|blaD2-115_1|LCV|ResFinderFG|KJ694629.1	blaD2	L	C	V	ResFinderFG	C1|~blaD2-115_1|blaD2-115_1|LCV|ResFinderFG|KJ694629.1	L	
C2|~blaD2-94_1|blaD2-94_1|LCV|ResFinderFG|KJ691992.1	blaD2	L	C	V	ResFinderFG	C1|~blaD2-94_1|blaD2-94_1|LCV|ResFinderFG|KJ691992.1	L	
C2|~erm-62_1|erm-62_1|LCV|ResFinderFG|KJ692040.1	erm	L	C	V	ResFinderFG	C1|~erm-62_1|erm-62_1|LCV|ResFinderFG|KJ692040.1	L	
C2|~erm-90_1|erm-90_1|LCV|ResFinderFG|MK935872.1	erm	L	C	V	ResFinderFG	C1|~erm-90_1|erm-90_1|LCV|ResFinderFG|MK935872.1	L	
C2|~dpr-8_1|dpr-8_1|LCV|ResFinderFG|MK159021.1	dpr	L	C	V	ResFinderFG	C1|~dpr-8_1|dpr-8_1|LCV|ResFinderFG|MK159021.1	L	
C2|~blaD2-128_1|blaD2-128_1|LCV|ResFinderFG|KU544735.1	blaD2	L	C	V	ResFinderFG	C1|~blaD2-128_1|blaD2-128_1|LCV|ResFinderFG|KU544735.1	L	
C2|~blaD1-33_1|blaD1-33_1|LCV|ResFinderFG|KU544700.1	blaD1	L	C	V	ResFinderFG	C1|~blaD1-33_1|blaD1-33_1|LCV|ResFinderFG|KU544700.1	L	
C2|~blaB1-85_2|blaB1-85_2|LCV|ResFinderFG|KU544200.1	blaB1	L	C	V	ResFinderFG	C1|~blaB1-85_2|blaB1-85_2|LCV|ResFinderFG|KU544200.1	L	
C2|~blaD2-112_2|blaD2-112_2|LCV|ResFinderFG|KJ694319.1	blaD2	L	C	V	ResFinderFG	C1|~blaD2-112_2|blaD2-112_2|LCV|ResFinderFG|KJ694319.1	L	
C2|~van-249_1|van-249_1|LCV|ResFinderFG|KF629099.1	van	L	C	V	ResFinderFG	C1|~van-249_1|van-249_1|LCV|ResFinderFG|KF629099.1	L	
C2|~pbp-3_1|pbp-3_1|LMV|ResFinderFG|KU606326.1	pbp	L	M	V	ResFinderFG	C1|~pbp-3_1|pbp-3_1|LCV|ResFinderFG|KU606326.1	L	
C2|~blaD2-100_1|blaD2-100_1|LCV|ResFinderFG|KJ692721.1	blaD2	L	C	V	ResFinderFG	C1|~blaD2-100_1|blaD2-100_1|LCV|ResFinderFG|KJ692721.1	L	
C2|~erm-64_1|erm-64_1|LCV|ResFinderFG|KJ692599.1	erm	L	C	V	ResFinderFG	C1|~erm-64_1|erm-64_1|LCV|ResFinderFG|KJ692599.1	L	
C2|~erm-70_2|erm-70_2|LCV|ResFinderFG|KU544728.1	erm	L	C	V	ResFinderFG	C1|~erm-70_2|erm-70_2|LCV|ResFinderFG|KU544728.1	L	
C2|~blaD2-127_1|blaD2-127_1|LCV|ResFinderFG|KU544703.1	blaD2	L	C	V	ResFinderFG	C1|~blaD2-127_1|blaD2-127_1|LCV|ResFinderFG|KU544703.1	L	
C2|~aac3-34_1|aac3-34_1|LCV|ResFinderFG|KJ695346.1	aac3	L	C	V	ResFinderFG	C1|~aac3-34_1|aac3-34_1|LCV|ResFinderFG|KJ695346.1	L	
C2|~blaD2-131_1|blaD2-131_1|LCV|ResFinderFG|KU547078.1	blaD2	L	C	V	ResFinderFG	C1|~blaD2-131_1|blaD2-131_1|LCV|ResFinderFG|KU547078.1	L	
C2|~blaD2-121_1|blaD2-121_1|LCV|ResFinderFG|KT387154.1	blaD2	L	C	V	ResFinderFG	C1|~blaD2-121_1|blaD2-121_1|LCV|ResFinderFG|KT387154.1	L	
C2|~van-350_1|van-350_1|LCV|ResFinderFG|KF630005.1	van	L	C	V	ResFinderFG	C1|~van-350_1|van-350_1|LCV|ResFinderFG|KF630005.1	L	
C2|~blaC-50_1|blaC-50_1|EMV|ResFinderFG|JM427375.1	blaC	E	M	V	ResFinderFG	C1|~blaC-50_1|blaC-50_1|LCV|ResFinderFG|JM427375.1	L	
C2|~aac3-36_1|aac3-36_1|LCV|ResFinderFG|KJ695676.1	aac3	L	C	V	ResFinderFG	C1|~aac3-36_1|aac3-36_1|LCV|ResFinderFG|KJ695676.1	L	
C2|~erm-67_1|erm-67_1|LCV|ResFinderFG|KJ694720.1	erm	L	C	V	ResFinderFG	C1|~erm-67_1|erm-67_1|LCV|ResFinderFG|KJ694720.1	L	
C2|~erm-66_1|erm-66_1|LCV|ResFinderFG|KJ693483.1	erm	L	C	V	ResFinderFG	C1|~erm-66_1|erm-66_1|LCV|ResFinderFG|KJ693483.1	L	
C2|~erm-79_1|erm-79_1|LCV|ResFinderFG|KU546928.1	erm	L	C	V	ResFinderFG	C1|~erm-79_1|erm-79_1|LCV|ResFinderFG|KU546928.1	L	
C2|~blaB1-87_1|blaB1-87_1|LCV|ResFinderFG|MN017285.1	blaB1	L	C	V	ResFinderFG	C1|~blaB1-87_1|blaB1-87_1|LCV|ResFinderFG|MN017285.1	L	
C2|~blaD2-96_1|blaD2-96_1|LCV|ResFinderFG|KJ692254.1	blaD2	L	C	V	ResFinderFG	C1|~blaD2-96_1|blaD2-96_1|LCV|ResFinderFG|KJ692254.1	L	
C2|~blaX-27_10|blaX-27_10|LCV|ResFinderFG|KU546743.1	blaX	L	C	V	ResFinderFG	C1|~blaX-27_10|blaX-27_10|LCV|ResFinderFG|KU546743.1	L	
C2|~blaD2-124_2|blaD2-124_2|LCV|ResFinderFG|KU543988.1	blaD2	L	C	V	ResFinderFG	C1|~blaD2-124_2|blaD2-124_2|LCV|ResFinderFG|KU543988.1	L	
C2|~blaD2-122_1|blaD2-122_1|LCV|ResFinderFG|KT387161.1	blaD2	L	C	V	ResFinderFG	C1|~blaD2-122_1|blaD2-122_1|LCV|ResFinderFG|KT387161.1	L	
C2|~van-143_1|van-143_1|LCV|ResFinderFG|KF627339.1	van	L	C	V	ResFinderFG	C1|~van-143_1|van-143_1|LCV|ResFinderFG|KF627339.1	L	
C2|~aac3-30_1|aac3-30_1|LCV|ResFinderFG|KJ692919.1	aac3	L	C	V	ResFinderFG	C1|~aac3-30_1|aac3-30_1|LCV|ResFinderFG|KJ692919.1	L	
C2|~blaD2-133_2|blaD2-133_2|LCV|ResFinderFG|KU547748.1	blaD2	L	C	V	ResFinderFG	C1|~blaD2-133_2|blaD2-133_2|LCV|ResFinderFG|KU547748.1	L	
C2|~blaX-26_3|blaX-26_3|LCV|ResFinderFG|KU544770.1	blaX	L	C	V	ResFinderFG	C1|~blaX-26_3|blaX-26_3|LCV|ResFinderFG|KU544770.1	L	
C2|~erm-60_1|erm-60_1|LCV|ResFinderFG|KF628156.1	erm	L	C	V	ResFinderFG	C1|~erm-60_1|erm-60_1|LCV|ResFinderFG|KF628156.1	L	
C2|~aac3-38_1|aac3-38_1|LCV|ResFinderFG|KJ696292.1	aac3	L	C	V	ResFinderFG	C1|~aac3-38_1|aac3-38_1|LCV|ResFinderFG|KJ696292.1	L	
C2|~blaD2-132_1|blaD2-132_1|LCV|ResFinderFG|KU547735.1	blaD2	L	C	V	ResFinderFG	C1|~blaD2-132_1|blaD2-132_1|LCV|ResFinderFG|KU547735.1	L	
C2|~erm-80_1|erm-80_1|LCV|ResFinderFG|KU547692.1	erm	L	C	V	ResFinderFG	C1|~erm-80_1|erm-80_1|LCV|ResFinderFG|KU547692.1	L	
C2|~blaC-49_1|blaC-49_1|LMV|ResFinderFG|JM427353.1	blaC	L	M	V	ResFinderFG	C1|~blaC-49_1|blaC-49_1|LCV|ResFinderFG|JM427353.1	L	
C2|~van-541_1|van-541_1|LCV|ResFinderFG|KJ696090.1	van	L	C	V	ResFinderFG	C1|~van-541_1|van-541_1|LCV|ResFinderFG|KJ696090.1	L	
C2|~blaD2-119_1|blaD2-119_1|LCV|ResFinderFG|KJ695365.1	blaD2	L	C	V	ResFinderFG	C1|~blaD2-119_1|blaD2-119_1|LCV|ResFinderFG|KJ695365.1	L	
C2|~blaB3-65_1|blaB3-65_1|LCV|ResFinderFG|KJ694075.1	blaB3	L	C	V	ResFinderFG	C1|~blaB3-65_1|blaB3-65_1|LCV|ResFinderFG|KJ694075.1	L	
C2|~erm-81_1|erm-81_1|LCV|ResFinderFG|KU547701.1	erm	L	C	V	ResFinderFG	C1|~erm-81_1|erm-81_1|LCV|ResFinderFG|KU547701.1	L	
C2|~van-359_1|van-359_1|LCV|ResFinderFG|KF630186.1	van	L	C	V	ResFinderFG	C1|~van-359_1|van-359_1|LCV|ResFinderFG|KF630186.1	L	
C2|~blaD1-30_1|blaD1-30_1|LCV|ResFinderFG|KJ695367.1	blaD1	L	C	V	ResFinderFG	C1|~blaD1-30_1|blaD1-30_1|LCV|ResFinderFG|KJ695367.1	L	
C2|~blaB3-59_1|blaB3-59_1|LCV|ResFinderFG|KJ692823.1	blaB3	L	C	V	ResFinderFG	C1|~blaB3-59_1|blaB3-59_1|LCV|ResFinderFG|KJ692823.1	L	
C2|~blaD2-91_1|blaD2-91_1|LCV|ResFinderFG|KJ691944.1	blaD2	L	C	V	ResFinderFG	C1|~blaD2-91_1|blaD2-91_1|LCV|ResFinderFG|KJ691944.1	L	
C2|~erm-75_1|erm-75_1|LCV|ResFinderFG|KU546698.1	erm	L	C	V	ResFinderFG	C1|~erm-75_1|erm-75_1|LCV|ResFinderFG|KU546698.1	L	
C2|~blaC-51_1|blaC-51_1|LCV|ResFinderFG|JM427612.1	blaC	L	C	V	ResFinderFG	C1|~blaC-51_1|blaC-51_1|LCV|ResFinderFG|JM427612.1	L	
C2|~blaD2-136_1|blaD2-136_1|LCV|ResFinderFG|MG586036.1	blaD2	L	C	V	ResFinderFG	C1|~blaD2-136_1|blaD2-136_1|LCV|ResFinderFG|MG586036.1	L	
C2|~aac-5_1|aac-5_1|LCV|ResFinderFG|KJ695098.1	aac	L	C	V	ResFinderFG	C1|~aac-5_1|aac-5_1|LCV|ResFinderFG|KJ695098.1	L	
C2|~blaB1-82_1|blaB1-82_1|LCV|ResFinderFG|KJ692465.1	blaB1	L	C	V	ResFinderFG	C1|~blaB1-82_1|blaB1-82_1|LCV|ResFinderFG|KJ692465.1	L	
C2|~blaD2-130_2|blaD2-130_2|LCV|ResFinderFG|KU547076.1	blaD2	L	C	V	ResFinderFG	C1|~blaD2-130_2|blaD2-130_2|LCV|ResFinderFG|KU547076.1	L	
C2|~cat-31_1|cat-31_1|LCV|ResFinderFG|KF627113.1	cat	L	C	V	ResFinderFG	C1|~cat-31_1|cat-31_1|LCV|ResFinderFG|KF627113.1	L	
C2|~adt-5_1|adt-5_1|LCV|ResFinderFG|MN340016.1	adt	L	C	V	ResFinderFG	C1|~adt-5_1|adt-5_1|LCV|ResFinderFG|MN340016.1	L	
C2|~van-198_1|van-198_1|LCV|ResFinderFG|KF628501.1	van	L	C	V	ResFinderFG	C1|~van-198_1|van-198_1|LCV|ResFinderFG|KF628501.1	L	
C2|~erm-59_1|erm-59_1|LCV|ResFinderFG|KF627609.1	erm	L	C	V	ResFinderFG	C1|~erm-59_1|erm-59_1|LCV|ResFinderFG|KF627609.1	L	
C2|~aph3p-20_1|aph3p-20_1|LCV|ResFinderFG|AY566825.1	aph3p	L	C	V	ResFinderFG	C1|~aph3p-20_1|aph3p-20_1|LCV|ResFinderFG|AY566825.1	L	
C2|~van-457_1|van-457_1|LCV|ResFinderFG|KJ694377.1	van	L	C	V	ResFinderFG	C1|~van-457_1|van-457_1|LCV|ResFinderFG|KJ694377.1	L	
C2|~aac-6_1|aac-6_1|LCV|ResFinderFG|KJ695675.1	aac	L	C	V	ResFinderFG	C1|~aac-6_1|aac-6_1|LCV|ResFinderFG|KJ695675.1	L	
C2|~aac-3_1|aac-3_1|LCV|ResFinderFG|KJ694287.1	aac	L	C	V	ResFinderFG	C1|~aac-3_1|aac-3_1|LCV|ResFinderFG|KJ694287.1	L	
C2|~erm-82_8|erm-82_8|LCV|ResFinderFG|KU549029.1	erm	L	C	V	ResFinderFG	C1|~erm-82_8|erm-82_8|LCV|ResFinderFG|KU549029.1	L	
C2|~van-272_1|van-272_1|LCV|ResFinderFG|KF629246.1	van	L	C	V	ResFinderFG	C1|~van-272_1|van-272_1|LCV|ResFinderFG|KF629246.1	L	
C2|~erm-74_1|erm-74_1|LCV|ResFinderFG|KU546692.1	erm	L	C	V	ResFinderFG	C1|~erm-74_1|erm-74_1|LCV|ResFinderFG|KU546692.1	L	
C2|~erm-78_1|erm-78_1|LCV|ResFinderFG|KU546708.1	erm	L	C	V	ResFinderFG	C1|~erm-78_1|erm-78_1|LCV|ResFinderFG|KU546708.1	L	
C2|~van-374_1|van-374_1|LCV|ResFinderFG|KJ691950.1	van	L	C	V	ResFinderFG	C1|~van-374_1|van-374_1|LCV|ResFinderFG|KJ691950.1	L	
C2|~erm-88_1|erm-88_1|LCV|ResFinderFG|MK935868.1	erm	L	C	V	ResFinderFG	C1|~erm-88_1|erm-88_1|LCV|ResFinderFG|MK935868.1	L	
C2|~erm-84_1|erm-84_1|LCV|ResFinderFG|MK935860.1	erm	L	C	V	ResFinderFG	C1|~erm-84_1|erm-84_1|LCV|ResFinderFG|MK935860.1	L	
C2|~erm-76_1|erm-76_1|LCV|ResFinderFG|KU546700.1	erm	L	C	V	ResFinderFG	C1|~erm-76_1|erm-76_1|LCV|ResFinderFG|KU546700.1	L	
C2|~van-490_1|van-490_1|LCV|ResFinderFG|KJ695078.1	van	L	C	V	ResFinderFG	C1|~van-490_1|van-490_1|LCV|ResFinderFG|KJ695078.1	L	
C2|~van-599_1|van-599_1|LMV|ResFinderFG|KX128220.1	van	L	M	V	ResFinderFG	C1|~van-599_1|van-599_1|LCV|ResFinderFG|KX128220.1	L	
C2|~van-516_1|van-516_1|LCV|ResFinderFG|KJ695428.1	van	L	C	V	ResFinderFG	C1|~van-516_1|van-516_1|LCV|ResFinderFG|KJ695428.1	L	
C2|~van-597_1|van-597_1|LCV|ResFinderFG|KX128055.1	van	L	C	V	ResFinderFG	C1|~van-597_1|van-597_1|LCV|ResFinderFG|KX128055.1	L	
C2|~van-400_1|van-400_1|LCV|ResFinderFG|KJ693361.1	van	L	C	V	ResFinderFG	C1|~van-400_1|van-400_1|LCV|ResFinderFG|KJ693361.1	L	
C2|~van-141_1|van-141_1|LCV|ResFinderFG|KF627313.1	van	L	C	V	ResFinderFG	C1|~van-141_1|van-141_1|LCV|ResFinderFG|KF627313.1	L	
C2|~van-242_1|van-242_1|LCV|ResFinderFG|KF629052.1	van	L	C	V	ResFinderFG	C1|~van-242_1|van-242_1|LCV|ResFinderFG|KF629052.1	L	
C2|~van-545_1|van-545_1|LCV|ResFinderFG|KJ696171.1	van	L	C	V	ResFinderFG	C1|~van-545_1|van-545_1|LCV|ResFinderFG|KJ696171.1	L	
C2|~van-428_1|van-428_1|LCV|ResFinderFG|KJ693949.1	van	L	C	V	ResFinderFG	C1|~van-428_1|van-428_1|LCV|ResFinderFG|KJ693949.1	L	
C2|~van-421_1|van-421_1|LCV|ResFinderFG|KJ693751.1	van	L	C	V	ResFinderFG	C1|~van-421_1|van-421_1|LCV|ResFinderFG|KJ693751.1	L	
C2|~cat-85_1|cat-85_1|LCV|ResFinderFG|KX125721.1	cat	L	C	V	ResFinderFG	C1|~cat-85_1|cat-85_1|LCV|ResFinderFG|KX125721.1	L	
C2|~van-241_1|van-241_1|LCV|ResFinderFG|KF629051.1	van	L	C	V	ResFinderFG	C1|~van-241_1|van-241_1|LCV|ResFinderFG|KF629051.1	L	
C2|~tetEFF-86_1|tetEFF-86_1|LCV|ResFinderFG|KU547120.1	tetEFF	L	C	V	ResFinderFG	C1|~tetEFF-86_1|tetEFF-86_1|LCV|ResFinderFG|KU547120.1	L	
C2|~cat-59_2|cat-59_2|LCV|ResFinderFG|KU545087.1	cat	L	C	V	ResFinderFG	C1|~cat-59_2|cat-59_2|LCV|ResFinderFG|KU545087.1	L	
C2|~aac3-35_1|aac3-35_1|LCV|ResFinderFG|KJ695408.1	aac3	L	C	V	ResFinderFG	C1|~aac3-35_1|aac3-35_1|LCV|ResFinderFG|KJ695408.1	L	
C2|~cat-57_1|cat-57_1|LCV|ResFinderFG|KU544052.1	cat	L	C	V	ResFinderFG	C1|~cat-57_1|cat-57_1|LCV|ResFinderFG|KU544052.1	L	
C2|~cat-38_3|cat-38_3|LCV|ResFinderFG|KF629790.1	cat	L	C	V	ResFinderFG	C1|~cat-38_3|cat-38_3|LCV|ResFinderFG|KF629790.1	L	
C2|~cat-44_1|cat-44_1|LCV|ResFinderFG|KJ512923.1	cat	L	C	V	ResFinderFG	C1|~cat-44_1|cat-44_1|LCV|ResFinderFG|KJ512923.1	L	
C2|~tetEFF-22_1|tetEFF-22_1|LMV|ResFinderFG|GQ343144.1	tetEFF	L	M	V	ResFinderFG	C1|~tetEFF-22_1|tetEFF-22_1|LCV|ResFinderFG|GQ343144.1	L	
C2|~cat-72_1|cat-72_1|LCV|ResFinderFG|KU546776.1	cat	L	C	V	ResFinderFG	C1|~cat-72_1|cat-72_1|LCV|ResFinderFG|KU546776.1	L	
C2|~aac3-27_1|aac3-27_1|LCV|ResFinderFG|FN640468.1	aac3	L	C	V	ResFinderFG	C1|~aac3-27_1|aac3-27_1|LCV|ResFinderFG|FN640468.1	L	
C2|~cat-81_1|cat-81_1|ECV|ResFinderFG|KU548556.1	cat	E	C	V	ResFinderFG	C1|~cat-81_1|cat-81_1|LCV|ResFinderFG|KU548556.1	L	
C2|~van-292_1|van-292_1|LCV|ResFinderFG|KF629375.1	van	L	C	V	ResFinderFG	C1|~van-292_1|van-292_1|LCV|ResFinderFG|KF629375.1	L	
C2|~aac6p-73_2|aac6p-73_2|LCV|ResFinderFG|KU544342.1	aac6p	L	C	V	ResFinderFG	C1|~aac6p-73_2|aac6p-73_2|LCV|ResFinderFG|KU544342.1	L	
C2|~dhr-167_13|dhr-167_13|LCV|ResFinderFG|KF630148.1	dhr	L	C	V	ResFinderFG	C1|~dhr-167_13|dhr-167_13|LCV|ResFinderFG|KF630148.1	L	
C2|~van-580_1|van-580_1|LCV|ResFinderFG|KX125848.1	van	L	C	V	ResFinderFG	C1|~van-580_1|van-580_1|LCV|ResFinderFG|KX125848.1	L	
C2|~cat-47_1|cat-47_1|LCV|ResFinderFG|KJ691889.1	cat	L	C	V	ResFinderFG	C1|~cat-47_1|cat-47_1|LCV|ResFinderFG|KJ691889.1	L	
C2|~cat-65_1|cat-65_1|LCV|ResFinderFG|KU545752.1	cat	L	C	V	ResFinderFG	C1|~cat-65_1|cat-65_1|LCV|ResFinderFG|KU545752.1	L	
C2|~van-325_1|van-325_1|LCV|ResFinderFG|KF629740.1	van	L	C	V	ResFinderFG	C1|~van-325_1|van-325_1|LCV|ResFinderFG|KF629740.1	L	
C2|~van-180_1|van-180_1|LCV|ResFinderFG|KF627999.1	van	L	C	V	ResFinderFG	C1|~van-180_1|van-180_1|LCV|ResFinderFG|KF627999.1	L	
C2|~cat-76_1|cat-76_1|EMV|ResFinderFG|KU547059.1	cat	E	M	V	ResFinderFG	C1|~cat-76_1|cat-76_1|LCV|ResFinderFG|KU547059.1	L	
C2|~cat-37_3|cat-37_3|LCV|ResFinderFG|KF629772.1	cat	L	C	V	ResFinderFG	C1|~cat-37_3|cat-37_3|LCV|ResFinderFG|KF629772.1	L	
C2|~cat-33_2|cat-33_2|LCV|ResFinderFG|KF628080.1	cat	L	C	V	ResFinderFG	C1|~cat-33_2|cat-33_2|LCV|ResFinderFG|KF628080.1	L	
C2|~dhr-102_6|dhr-102_6|LCV|ResFinderFG|KF628068.1	dhr	L	C	V	ResFinderFG	C1|~dhr-102_6|dhr-102_6|LCV|ResFinderFG|KF628068.1	L	
C2|~van-576_1|van-576_1|LCV|ResFinderFG|KX125830.1	van	L	C	V	ResFinderFG	C1|~van-576_1|van-576_1|LCV|ResFinderFG|KX125830.1	L	
C2|~cat-52_1|cat-52_1|LCV|ResFinderFG|KJ694322.1	cat	L	C	V	ResFinderFG	C1|~cat-52_1|cat-52_1|LCV|ResFinderFG|KJ694322.1	L	
C2|~cat-48_1|cat-48_1|LCV|ResFinderFG|KJ693717.1	cat	L	C	V	ResFinderFG	C1|~cat-48_1|cat-48_1|LCV|ResFinderFG|KJ693717.1	L	
C2|~tetEFF-41_1|tetEFF-41_1|LCV|ResFinderFG|KJ693682.1	tetEFF	L	C	V	ResFinderFG	C1|~tetEFF-41_1|tetEFF-41_1|LCV|ResFinderFG|KJ693682.1	L	
C2|~cat-53_1|cat-53_1|LCV|ResFinderFG|KJ694546.1	cat	L	C	V	ResFinderFG	C1|~cat-53_1|cat-53_1|LCV|ResFinderFG|KJ694546.1	L	
C2|~cat-79_1|cat-79_1|LCV|ResFinderFG|KU547759.1	cat	L	C	V	ResFinderFG	C1|~cat-79_1|cat-79_1|LCV|ResFinderFG|KU547759.1	L	
C2|~van-366_1|van-366_1|LCV|ResFinderFG|KF630327.1	van	L	C	V	ResFinderFG	C1|~van-366_1|van-366_1|LCV|ResFinderFG|KF630327.1	L	
C2|~cat-32_1|cat-32_1|LCV|ResFinderFG|KF627991.1	cat	L	C	V	ResFinderFG	C1|~cat-32_1|cat-32_1|LCV|ResFinderFG|KF627991.1	L	
C2|~cat-61_1|cat-61_1|LCV|ResFinderFG|KU545655.1	cat	L	C	V	ResFinderFG	C1|~cat-61_1|cat-61_1|LCV|ResFinderFG|KU545655.1	L	
C2|~aac6p-69_1|aac6p-69_1|LCV|ResFinderFG|KF628366.1	aac6p	L	C	V	ResFinderFG	C1|~aac6p-69_1|aac6p-69_1|LCV|ResFinderFG|KF628366.1	L	
C2|~cat-29_1|cat-29_1|LCV|ResFinderFG|JX009375.1	cat	L	C	V	ResFinderFG	C1|~cat-29_1|cat-29_1|LCV|ResFinderFG|JX009375.1	L	
C2|~van-360_1|van-360_1|LCV|ResFinderFG|KF630206.1	van	L	C	V	ResFinderFG	C1|~van-360_1|van-360_1|LCV|ResFinderFG|KF630206.1	L	
C2|~cat-84_1|cat-84_1|LCV|ResFinderFG|KX125720.1	cat	L	C	V	ResFinderFG	C1|~cat-84_1|cat-84_1|LCV|ResFinderFG|KX125720.1	L	
C2|~cat-73_1|cat-73_1|LCV|ResFinderFG|KU546899.1	cat	L	C	V	ResFinderFG	C1|~cat-73_1|cat-73_1|LCV|ResFinderFG|KU546899.1	L	
C2|~van-196_1|van-196_1|LCV|ResFinderFG|KF628471.1	van	L	C	V	ResFinderFG	C1|~van-196_1|van-196_1|LCV|ResFinderFG|KF628471.1	L	
C2|~cat-87_1|cat-87_1|LCV|ResFinderFG|KX127531.1	cat	L	C	V	ResFinderFG	C1|~cat-87_1|cat-87_1|LCV|ResFinderFG|KX127531.1	L	
C2|~cat-86_2|cat-86_2|LCV|ResFinderFG|KX127529.1	cat	L	C	V	ResFinderFG	C1|~cat-86_2|cat-86_2|LCV|ResFinderFG|KX127529.1	L	
C2|~tetRPG-54_1|tetRPG-54_1|LCV|ResFinderFG|KU607965.1	tetRPG	L	C	V	ResFinderFG	C1|~tetRPG-54_1|tetRPG-54_1|LCV|ResFinderFG|KU607965.1	L	
C2|~cat-71_1|cat-71_1|LCV|ResFinderFG|KU546271.1	cat	L	C	V	ResFinderFG	C1|~cat-71_1|cat-71_1|LCV|ResFinderFG|KU546271.1	L	
C2|~van-300_1|van-300_1|LCV|ResFinderFG|KF629416.1	van	L	C	V	ResFinderFG	C1|~van-300_1|van-300_1|LCV|ResFinderFG|KF629416.1	L	
C2|~van-144_1|van-144_1|LCV|ResFinderFG|KF627419.1	van	L	C	V	ResFinderFG	C1|~van-144_1|van-144_1|LCV|ResFinderFG|KF627419.1	L	
C2|~cat-82_1|cat-82_1|LCV|ResFinderFG|KU548587.1	cat	L	C	V	ResFinderFG	C1|~cat-82_1|cat-82_1|LCV|ResFinderFG|KU548587.1	L	
C2|~van-344_1|van-344_1|LCV|ResFinderFG|KF629916.1	van	L	C	V	ResFinderFG	C1|~van-344_1|van-344_1|LCV|ResFinderFG|KF629916.1	L	
C2|~van-375_1|van-375_1|LCV|ResFinderFG|KJ691967.1	van	L	C	V	ResFinderFG	C1|~van-375_1|van-375_1|LCV|ResFinderFG|KJ691967.1	L	
C2|~aac6p-74_1|aac6p-74_1|LCV|ResFinderFG|KU544893.1	aac6p	L	C	V	ResFinderFG	C1|~aac6p-74_1|aac6p-74_1|LCV|ResFinderFG|KU544893.1	L	
C2|~cat-34_1|cat-34_1|LCV|ResFinderFG|KF628201.1	cat	L	C	V	ResFinderFG	C1|~cat-34_1|cat-34_1|LCV|ResFinderFG|KF628201.1	L	
C2|~cat-83_1|cat-83_1|LCV|ResFinderFG|KX125106.1	cat	L	C	V	ResFinderFG	C1|~cat-83_1|cat-83_1|LCV|ResFinderFG|KX125106.1	L	
C2|~van-432_1|van-432_1|LCV|ResFinderFG|KJ694013.1	van	L	C	V	ResFinderFG	C1|~van-432_1|van-432_1|LCV|ResFinderFG|KJ694013.1	L	
C2|~cat-40_1|cat-40_1|LCV|ResFinderFG|KJ512911.1	cat	L	C	V	ResFinderFG	C1|~cat-40_1|cat-40_1|LCV|ResFinderFG|KJ512911.1	L	
C2|~cat-66_1|cat-66_1|LCV|ResFinderFG|KU545753.1	cat	L	C	V	ResFinderFG	C1|~cat-66_1|cat-66_1|LCV|ResFinderFG|KU545753.1	L	
C2|~cat-63_1|cat-63_1|LCV|ResFinderFG|KU545664.1	cat	L	C	V	ResFinderFG	C1|~cat-63_1|cat-63_1|LCV|ResFinderFG|KU545664.1	L	
C2|~van-275_1|van-275_1|LCV|ResFinderFG|KF629252.1	van	L	C	V	ResFinderFG	C1|~van-275_1|van-275_1|LCV|ResFinderFG|KF629252.1	L	
C2|~van-213_1|van-213_1|LCV|ResFinderFG|KF628660.1	van	L	C	V	ResFinderFG	C1|~van-213_1|van-213_1|LCV|ResFinderFG|KF628660.1	L	
C2|~cat-78_6|cat-78_6|LCV|ResFinderFG|KU547411.1	cat	L	C	V	ResFinderFG	C1|~cat-78_6|cat-78_6|LCV|ResFinderFG|KU547411.1	L	
C2|~cat-36_1|cat-36_1|LCV|ResFinderFG|KF629212.1	cat	L	C	V	ResFinderFG	C1|~cat-36_1|cat-36_1|LCV|ResFinderFG|KF629212.1	L	
C2|~cat-35_1|cat-35_1|LCV|ResFinderFG|KF628977.1	cat	L	C	V	ResFinderFG	C1|~cat-35_1|cat-35_1|LCV|ResFinderFG|KF628977.1	L	
C2|~cat-30_1|cat-30_1|LCV|ResFinderFG|KF626988.1	cat	L	C	V	ResFinderFG	C1|~cat-30_1|cat-30_1|LCV|ResFinderFG|KF626988.1	L	
C2|~dhr-465_1|dhr-465_1|LCV|ResFinderFG|KJ695344.1	dhr	L	C	V	ResFinderFG	C1|~dhr-465_1|dhr-465_1|LCV|ResFinderFG|KJ695344.1	L	
C2|~dhr-531_1|dhr-531_1|LCV|ResFinderFG|KJ695846.1	dhr	L	C	V	ResFinderFG	C1|~dhr-531_1|dhr-531_1|LCV|ResFinderFG|KJ695846.1	L	
C2|~van-389_1|van-389_1|LCV|ResFinderFG|KJ692878.1	van	L	C	V	ResFinderFG	C1|~van-389_1|van-389_1|LCV|ResFinderFG|KJ692878.1	L	
C2|~tetRPG-28_1|tetRPG-28_1|LMV|ResFinderFG|KU543826.1	tetRPG	L	M	V	ResFinderFG	C1|~tetRPG-28_1|tetRPG-28_1|LCV|ResFinderFG|KU543826.1	L	
C2|~van-512_1|van-512_1|LCV|ResFinderFG|KJ695414.1	van	L	C	V	ResFinderFG	C1|~van-512_1|van-512_1|LCV|ResFinderFG|KJ695414.1	L	
C2|~tetEFF-40_1|tetEFF-40_1|LCV|ResFinderFG|KJ693474.1	tetEFF	L	C	V	ResFinderFG	C1|~tetEFF-40_1|tetEFF-40_1|LCV|ResFinderFG|KJ693474.1	L	
C2|~dhr-245_1|dhr-245_1|LCV|ResFinderFG|KJ692911.1	dhr	L	C	V	ResFinderFG	C1|~dhr-245_1|dhr-245_1|LCV|ResFinderFG|KJ692911.1	L	
C2|~tetEFF-25_1|tetEFF-25_1|LMV|ResFinderFG|JS807568.1	tetEFF	L	M	V	ResFinderFG	C1|~tetEFF-25_1|tetEFF-25_1|LCV|ResFinderFG|JS807568.1	L	
C2|~tetRPG-47_1|tetRPG-47_1|LMV|ResFinderFG|KU547706.1	tetRPG	L	M	V	ResFinderFG	C1|~tetRPG-47_1|tetRPG-47_1|LCV|ResFinderFG|KU547706.1	L	
C2|~dhr-250_1|dhr-250_1|LCV|ResFinderFG|KJ693041.1	dhr	L	C	V	ResFinderFG	C1|~dhr-250_1|dhr-250_1|LCV|ResFinderFG|KJ693041.1	L	
C2|~van-303_1|van-303_1|LCV|ResFinderFG|KF629456.1	van	L	C	V	ResFinderFG	C1|~van-303_1|van-303_1|LCV|ResFinderFG|KF629456.1	L	
C2|~dhr-42_1|dhr-42_1|LCV|ResFinderFG|KF627647.1	dhr	L	C	V	ResFinderFG	C1|~dhr-42_1|dhr-42_1|LCV|ResFinderFG|KF627647.1	L	
C2|~tetEFF-91_1|tetEFF-91_1|LCV|ResFinderFG|KU607619.1	tetEFF	L	C	V	ResFinderFG	C1|~tetEFF-91_1|tetEFF-91_1|LCV|ResFinderFG|KU607619.1	L	
C2|~dhr-535_1|dhr-535_1|LCV|ResFinderFG|KJ695892.1	dhr	L	C	V	ResFinderFG	C1|~dhr-535_1|dhr-535_1|LCV|ResFinderFG|KJ695892.1	L	
C2|~tetEFF-85_1|tetEFF-85_1|LCV|ResFinderFG|KU547113.1	tetEFF	L	C	V	ResFinderFG	C1|~tetEFF-85_1|tetEFF-85_1|LCV|ResFinderFG|KU547113.1	L	
C2|~van-221_1|van-221_1|LCV|ResFinderFG|KF628828.1	van	L	C	V	ResFinderFG	C1|~van-221_1|van-221_1|LCV|ResFinderFG|KF628828.1	L	
C2|~dhr-654_2|dhr-654_2|LMV|ResFinderFG|KX126573.1	dhr	L	M	V	ResFinderFG	C1|~dhr-654_2|dhr-654_2|LCV|ResFinderFG|KX126573.1	L	
C2|~dhr-682_1|dhr-682_1|LCV|ResFinderFG|MG585977.1	dhr	L	C	V	ResFinderFG	C1|~dhr-682_1|dhr-682_1|LCV|ResFinderFG|MG585977.1	L	
C2|~van-129_1|van-129_1|LCV|ResFinderFG|KF627127.1	van	L	C	V	ResFinderFG	C1|~van-129_1|van-129_1|LCV|ResFinderFG|KF627127.1	L	
C2|~dhr-374_1|dhr-374_1|LCV|ResFinderFG|KJ694610.1	dhr	L	C	V	ResFinderFG	C1|~dhr-374_1|dhr-374_1|LCV|ResFinderFG|KJ694610.1	L	
C2|~dhr-288_1|dhr-288_1|LCV|ResFinderFG|KJ693627.1	dhr	L	C	V	ResFinderFG	C1|~dhr-288_1|dhr-288_1|LCV|ResFinderFG|KJ693627.1	L	
C2|~dhr-570_1|dhr-570_1|LCV|ResFinderFG|KJ696110.1	dhr	L	C	V	ResFinderFG	C1|~dhr-570_1|dhr-570_1|LCV|ResFinderFG|KJ696110.1	L	
C2|~dhr-543_1|dhr-543_1|LCV|ResFinderFG|KJ695972.1	dhr	L	C	V	ResFinderFG	C1|~dhr-543_1|dhr-543_1|LCV|ResFinderFG|KJ695972.1	L	
C2|~dhr-466_1|dhr-466_1|LCV|ResFinderFG|KJ695354.1	dhr	L	C	V	ResFinderFG	C1|~dhr-466_1|dhr-466_1|LCV|ResFinderFG|KJ695354.1	L	
C2|~van-460_1|van-460_1|LCV|ResFinderFG|KJ694458.1	van	L	C	V	ResFinderFG	C1|~van-460_1|van-460_1|LCV|ResFinderFG|KJ694458.1	L	
C2|~dhr-117_1|dhr-117_1|LCV|ResFinderFG|KF629291.1	dhr	L	C	V	ResFinderFG	C1|~dhr-117_1|dhr-117_1|LCV|ResFinderFG|KF629291.1	L	
C2|~dhr-286_1|dhr-286_1|LCV|ResFinderFG|KJ693600.1	dhr	L	C	V	ResFinderFG	C1|~dhr-286_1|dhr-286_1|LCV|ResFinderFG|KJ693600.1	L	
C2|~dhr-179_1|dhr-179_1|LCV|ResFinderFG|KJ691954.1	dhr	L	C	V	ResFinderFG	C1|~dhr-179_1|dhr-179_1|LCV|ResFinderFG|KJ691954.1	L	
C2|~dhr-75_2|dhr-75_2|LCV|ResFinderFG|KF628177.1	dhr	L	C	V	ResFinderFG	C1|~dhr-75_2|dhr-75_2|LCV|ResFinderFG|KF628177.1	L	
C2|~van-584_1|van-584_1|LCV|ResFinderFG|KX127184.1	van	L	C	V	ResFinderFG	C1|~van-584_1|van-584_1|LCV|ResFinderFG|KX127184.1	L	
C2|~dhr-591_1|dhr-591_1|LCV|ResFinderFG|KJ696260.1	dhr	L	C	V	ResFinderFG	C1|~dhr-591_1|dhr-591_1|LCV|ResFinderFG|KJ696260.1	L	
C2|~dhr-312_1|dhr-312_1|LCV|ResFinderFG|KJ693933.1	dhr	L	C	V	ResFinderFG	C1|~dhr-312_1|dhr-312_1|LCV|ResFinderFG|KJ693933.1	L	
C2|~dhr-261_1|dhr-261_1|LCV|ResFinderFG|KJ693213.1	dhr	L	C	V	ResFinderFG	C1|~dhr-261_1|dhr-261_1|LCV|ResFinderFG|KJ693213.1	L	
C2|~van-224_1|van-224_1|LCV|ResFinderFG|KF628865.1	van	L	C	V	ResFinderFG	C1|~van-224_1|van-224_1|LCV|ResFinderFG|KF628865.1	L	
C2|~dhr-586_1|dhr-586_1|LCV|ResFinderFG|KJ696245.1	dhr	L	C	V	ResFinderFG	C1|~dhr-586_1|dhr-586_1|LCV|ResFinderFG|KJ696245.1	L	
C2|~cat-75_1|cat-75_1|LCV|ResFinderFG|KU546907.1	cat	L	C	V	ResFinderFG	C1|~cat-75_1|cat-75_1|LCV|ResFinderFG|KU546907.1	L	
C2|~dhr-462_1|dhr-462_1|LCV|ResFinderFG|KJ695339.1	dhr	L	C	V	ResFinderFG	C1|~dhr-462_1|dhr-462_1|LCV|ResFinderFG|KJ695339.1	L	
C2|~dhr-375_1|dhr-375_1|LCV|ResFinderFG|KJ694611.1	dhr	L	C	V	ResFinderFG	C1|~dhr-375_1|dhr-375_1|LCV|ResFinderFG|KJ694611.1	L	
C2|~dhr-244_1|dhr-244_1|LCV|ResFinderFG|KJ692910.1	dhr	L	C	V	ResFinderFG	C1|~dhr-244_1|dhr-244_1|LCV|ResFinderFG|KJ692910.1	L	
C2|~dhr-9_1|dhr-9_1|LCV|ResFinderFG|JF924893.1	dhr	L	C	V	ResFinderFG	C1|~dhr-9_1|dhr-9_1|LCV|ResFinderFG|JF924893.1	L	
C2|~dhr-7_1|dhr-7_1|LCV|ResFinderFG|JF924890.1	dhr	L	C	V	ResFinderFG	C1|~dhr-7_1|dhr-7_1|LCV|ResFinderFG|JF924890.1	L	
C2|~van-485_1|van-485_1|LCV|ResFinderFG|KJ694873.1	van	L	C	V	ResFinderFG	C1|~van-485_1|van-485_1|LCV|ResFinderFG|KJ694873.1	L	
C2|~dhr-404_1|dhr-404_1|LCV|ResFinderFG|KJ694800.1	dhr	L	C	V	ResFinderFG	C1|~dhr-404_1|dhr-404_1|LCV|ResFinderFG|KJ694800.1	L	
C2|~tetRPG-56_1|tetRPG-56_1|LCV|ResFinderFG|KX125919.1	tetRPG	L	C	V	ResFinderFG	C1|~tetRPG-56_1|tetRPG-56_1|LCV|ResFinderFG|KX125919.1	L	
C2|~dhr-581_1|dhr-581_1|LCV|ResFinderFG|KJ696224.1	dhr	L	C	V	ResFinderFG	C1|~dhr-581_1|dhr-581_1|LCV|ResFinderFG|KJ696224.1	L	
C2|~dhr-415_1|dhr-415_1|LCV|ResFinderFG|KJ694860.1	dhr	L	C	V	ResFinderFG	C1|~dhr-415_1|dhr-415_1|LCV|ResFinderFG|KJ694860.1	L	
C2|~dhr-27_1|dhr-27_1|LCV|ResFinderFG|KX125684.1	dhr	L	C	V	ResFinderFG	C1|~dhr-27_1|dhr-27_1|LCV|ResFinderFG|KX125684.1	L	
C2|~dpr-1_1|dpr-1_1|LCV|ResFinderFG|KS307948.1	dpr	L	C	V	ResFinderFG	C1|~dpr-1_1|dpr-1_1|LCV|ResFinderFG|KS307948.1	L	
C2|~dhr-515_1|dhr-515_1|LCV|ResFinderFG|KJ695747.1	dhr	L	C	V	ResFinderFG	C1|~dhr-515_1|dhr-515_1|LCV|ResFinderFG|KJ695747.1	L	
C2|~dhr-409_1|dhr-409_1|LCV|ResFinderFG|KJ694808.1	dhr	L	C	V	ResFinderFG	C1|~dhr-409_1|dhr-409_1|LCV|ResFinderFG|KJ694808.1	L	
C2|~dhr-354_1|dhr-354_1|LCV|ResFinderFG|KJ694502.1	dhr	L	C	V	ResFinderFG	C1|~dhr-354_1|dhr-354_1|LCV|ResFinderFG|KJ694502.1	L	
C2|~van-356_1|van-356_1|LCV|ResFinderFG|KF630128.1	van	L	C	V	ResFinderFG	C1|~van-356_1|van-356_1|LCV|ResFinderFG|KF630128.1	L	
C2|~dhr-666_1|dhr-666_1|LCV|ResFinderFG|KX127658.1	dhr	L	C	V	ResFinderFG	C1|~dhr-666_1|dhr-666_1|LCV|ResFinderFG|KX127658.1	L	
C2|~dhr-552_1|dhr-552_1|LCV|ResFinderFG|KJ696010.1	dhr	L	C	V	ResFinderFG	C1|~dhr-552_1|dhr-552_1|LCV|ResFinderFG|KJ696010.1	L	
C2|~dhr-523_1|dhr-523_1|LCV|ResFinderFG|KJ695803.1	dhr	L	C	V	ResFinderFG	C1|~dhr-523_1|dhr-523_1|LCV|ResFinderFG|KJ695803.1	L	
C2|~dhr-485_1|dhr-485_1|LCV|ResFinderFG|KJ695522.1	dhr	L	C	V	ResFinderFG	C1|~dhr-485_1|dhr-485_1|LCV|ResFinderFG|KJ695522.1	L	
C2|~dhr-618_1|dhr-618_1|LCV|ResFinderFG|KJ696442.1	dhr	L	C	V	ResFinderFG	C1|~dhr-618_1|dhr-618_1|LCV|ResFinderFG|KJ696442.1	L	
C2|~dhr-517_1|dhr-517_1|LCV|ResFinderFG|KJ695761.1	dhr	L	C	V	ResFinderFG	C1|~dhr-517_1|dhr-517_1|LCV|ResFinderFG|KJ695761.1	L	
C2|~dhr-453_1|dhr-453_1|LCV|ResFinderFG|KJ695264.1	dhr	L	C	V	ResFinderFG	C1|~dhr-453_1|dhr-453_1|LCV|ResFinderFG|KJ695264.1	L	
C2|~dhr-4_1|dhr-4_1|LCV|ResFinderFG|JF924886.1	dhr	L	C	V	ResFinderFG	C1|~dhr-4_1|dhr-4_1|LCV|ResFinderFG|JF924886.1	L	
C2|~dhr-616_1|dhr-616_1|LCV|ResFinderFG|KJ696418.1	dhr	L	C	V	ResFinderFG	C1|~dhr-616_1|dhr-616_1|LCV|ResFinderFG|KJ696418.1	L	
C2|~van-394_1|van-394_1|LCV|ResFinderFG|KJ692995.1	van	L	C	V	ResFinderFG	C1|~van-394_1|van-394_1|LCV|ResFinderFG|KJ692995.1	L	
C2|~dhr-248_1|dhr-248_1|LCV|ResFinderFG|KJ692974.1	dhr	L	C	V	ResFinderFG	C1|~dhr-248_1|dhr-248_1|LCV|ResFinderFG|KJ692974.1	L	
C2|~dhr-242_1|dhr-242_1|LCV|ResFinderFG|KJ692892.1	dhr	L	C	V	ResFinderFG	C1|~dhr-242_1|dhr-242_1|LCV|ResFinderFG|KJ692892.1	L	
C2|~dhr-226_1|dhr-226_1|LCV|ResFinderFG|KJ692714.1	dhr	L	C	V	ResFinderFG	C1|~dhr-226_1|dhr-226_1|LCV|ResFinderFG|KJ692714.1	L	
C2|~dhr-194_1|dhr-194_1|LCV|ResFinderFG|KJ692133.1	dhr	L	C	V	ResFinderFG	C1|~dhr-194_1|dhr-194_1|LCV|ResFinderFG|KJ692133.1	L	
C2|~dhr-178_1|dhr-178_1|LCV|ResFinderFG|KJ691932.1	dhr	L	C	V	ResFinderFG	C1|~dhr-178_1|dhr-178_1|LCV|ResFinderFG|KJ691932.1	L	
C2|~dhr-537_1|dhr-537_1|LCV|ResFinderFG|KJ695927.1	dhr	L	C	V	ResFinderFG	C1|~dhr-537_1|dhr-537_1|LCV|ResFinderFG|KJ695927.1	L	
C2|~dhr-447_1|dhr-447_1|LCV|ResFinderFG|KJ695232.1	dhr	L	C	V	ResFinderFG	C1|~dhr-447_1|dhr-447_1|LCV|ResFinderFG|KJ695232.1	L	
C2|~dhr-392_1|dhr-392_1|LCV|ResFinderFG|KJ694745.1	dhr	L	C	V	ResFinderFG	C1|~dhr-392_1|dhr-392_1|LCV|ResFinderFG|KJ694745.1	L	
C2|~dhr-104_2|dhr-104_2|LCV|ResFinderFG|KF628925.1	dhr	L	C	V	ResFinderFG	C1|~dhr-104_2|dhr-104_2|LCV|ResFinderFG|KF628925.1	L	
C2|~dhr-295_1|dhr-295_1|LCV|ResFinderFG|KJ693742.1	dhr	L	C	V	ResFinderFG	C1|~dhr-295_1|dhr-295_1|LCV|ResFinderFG|KJ693742.1	L	
C2|~dhr-209_1|dhr-209_1|LCV|ResFinderFG|KJ692428.1	dhr	L	C	V	ResFinderFG	C1|~dhr-209_1|dhr-209_1|LCV|ResFinderFG|KJ692428.1	L	
C2|~dhr-190_1|dhr-190_1|LCV|ResFinderFG|KJ692061.1	dhr	L	C	V	ResFinderFG	C1|~dhr-190_1|dhr-190_1|LCV|ResFinderFG|KJ692061.1	L	
C2|~aac6p-70_15|aac6p-70_15|LCV|ResFinderFG|KJ512971.1	aac6p	L	C	V	ResFinderFG	C1|~aac6p-70_15|aac6p-70_15|LCV|ResFinderFG|KJ512971.1	L	
C2|~dhr-633_1|dhr-633_1|LCV|ResFinderFG|KT387199.1	dhr	L	C	V	ResFinderFG	C1|~dhr-633_1|dhr-633_1|LCV|ResFinderFG|KT387199.1	L	
C2|~dhr-129_1|dhr-129_1|LCV|ResFinderFG|KF629501.1	dhr	L	C	V	ResFinderFG	C1|~dhr-129_1|dhr-129_1|LCV|ResFinderFG|KF629501.1	L	
C2|~dhr-123_1|dhr-123_1|LCV|ResFinderFG|KF629394.1	dhr	L	C	V	ResFinderFG	C1|~dhr-123_1|dhr-123_1|LCV|ResFinderFG|KF629394.1	L	
C2|~dhr-612_1|dhr-612_1|LCV|ResFinderFG|KJ696399.1	dhr	L	C	V	ResFinderFG	C1|~dhr-612_1|dhr-612_1|LCV|ResFinderFG|KJ696399.1	L	
C2|~dhr-521_1|dhr-521_1|LCV|ResFinderFG|KJ695782.1	dhr	L	C	V	ResFinderFG	C1|~dhr-521_1|dhr-521_1|LCV|ResFinderFG|KJ695782.1	L	
C2|~dhr-313_1|dhr-313_1|LCV|ResFinderFG|KJ693940.1	dhr	L	C	V	ResFinderFG	C1|~dhr-313_1|dhr-313_1|LCV|ResFinderFG|KJ693940.1	L	
C2|~dhr-182_1|dhr-182_1|LCV|ResFinderFG|KJ691968.1	dhr	L	C	V	ResFinderFG	C1|~dhr-182_1|dhr-182_1|LCV|ResFinderFG|KJ691968.1	L	
C2|~dhr-623_1|dhr-623_1|LCV|ResFinderFG|KJ696480.1	dhr	L	C	V	ResFinderFG	C1|~dhr-623_1|dhr-623_1|LCV|ResFinderFG|KJ696480.1	L	
C2|~dhr-607_2|dhr-607_2|LCV|ResFinderFG|KJ696376.1	dhr	L	C	V	ResFinderFG	C1|~dhr-607_2|dhr-607_2|LCV|ResFinderFG|KJ696376.1	L	
C2|~dhr-589_1|dhr-589_1|LCV|ResFinderFG|KJ696248.1	dhr	L	C	V	ResFinderFG	C1|~dhr-589_1|dhr-589_1|LCV|ResFinderFG|KJ696248.1	L	
C2|~dhr-512_1|dhr-512_1|LCV|ResFinderFG|KJ695720.1	dhr	L	C	V	ResFinderFG	C1|~dhr-512_1|dhr-512_1|LCV|ResFinderFG|KJ695720.1	L	
C2|~dhr-503_2|dhr-503_2|LCV|ResFinderFG|KJ695631.1	dhr	L	C	V	ResFinderFG	C1|~dhr-503_2|dhr-503_2|LCV|ResFinderFG|KJ695631.1	L	
C2|~van-519_1|van-519_1|LCV|ResFinderFG|KJ695513.1	van	L	C	V	ResFinderFG	C1|~van-519_1|van-519_1|LCV|ResFinderFG|KJ695513.1	L	
C2|~dhr-457_3|dhr-457_3|LCV|ResFinderFG|KJ695282.1	dhr	L	C	V	ResFinderFG	C1|~dhr-457_3|dhr-457_3|LCV|ResFinderFG|KJ695282.1	L	
C2|~dhr-441_1|dhr-441_1|LCV|ResFinderFG|KJ695155.1	dhr	L	C	V	ResFinderFG	C1|~dhr-441_1|dhr-441_1|LCV|ResFinderFG|KJ695155.1	L	
C2|~dhr-330_1|dhr-330_1|LCV|ResFinderFG|KJ694177.1	dhr	L	C	V	ResFinderFG	C1|~dhr-330_1|dhr-330_1|LCV|ResFinderFG|KJ694177.1	L	
C2|~dhr-315_1|dhr-315_1|LCV|ResFinderFG|KJ693978.1	dhr	L	C	V	ResFinderFG	C1|~dhr-315_1|dhr-315_1|LCV|ResFinderFG|KJ693978.1	L	
C2|~dhr-640_1|dhr-640_1|LCV|ResFinderFG|KU577926.1	dhr	L	C	V	ResFinderFG	C1|~dhr-640_1|dhr-640_1|LCV|ResFinderFG|KU577926.1	L	
C2|~dhr-1_1|dhr-1_1|LCV|ResFinderFG|FN640471.1	dhr	L	C	V	ResFinderFG	C1|~dhr-1_1|dhr-1_1|LCV|ResFinderFG|FN640471.1	L	
C2|~dhr-172_8|dhr-172_8|LCV|ResFinderFG|KF630289.1	dhr	L	C	V	ResFinderFG	C1|~dhr-172_8|dhr-172_8|LCV|ResFinderFG|KF630289.1	L	
C2|~dhr-65_1|dhr-65_1|LCV|ResFinderFG|KF628140.1	dhr	L	C	V	ResFinderFG	C1|~dhr-65_1|dhr-65_1|LCV|ResFinderFG|KF628140.1	L	
C2|~dhr-611_1|dhr-611_1|LCV|ResFinderFG|KJ696394.1	dhr	L	C	V	ResFinderFG	C1|~dhr-611_1|dhr-611_1|LCV|ResFinderFG|KJ696394.1	L	
C2|~dhr-577_1|dhr-577_1|LCV|ResFinderFG|KJ696204.1	dhr	L	C	V	ResFinderFG	C1|~dhr-577_1|dhr-577_1|LCV|ResFinderFG|KJ696204.1	L	
C2|~dhr-542_1|dhr-542_1|LCV|ResFinderFG|KJ695966.1	dhr	L	C	V	ResFinderFG	C1|~dhr-542_1|dhr-542_1|LCV|ResFinderFG|KJ695966.1	L	
C2|~dhr-538_1|dhr-538_1|LCV|ResFinderFG|KJ695933.1	dhr	L	C	V	ResFinderFG	C1|~dhr-538_1|dhr-538_1|LCV|ResFinderFG|KJ695933.1	L	
C2|~dhr-525_1|dhr-525_1|LCV|ResFinderFG|KJ695808.1	dhr	L	C	V	ResFinderFG	C1|~dhr-525_1|dhr-525_1|LCV|ResFinderFG|KJ695808.1	L	
C2|~dhr-518_1|dhr-518_1|LCV|ResFinderFG|KJ695762.1	dhr	L	C	V	ResFinderFG	C1|~dhr-518_1|dhr-518_1|LCV|ResFinderFG|KJ695762.1	L	
C2|~dhr-498_1|dhr-498_1|LCV|ResFinderFG|KJ695613.1	dhr	L	C	V	ResFinderFG	C1|~dhr-498_1|dhr-498_1|LCV|ResFinderFG|KJ695613.1	L	
C2|~dhr-419_1|dhr-419_1|LCV|ResFinderFG|KJ694899.1	dhr	L	C	V	ResFinderFG	C1|~dhr-419_1|dhr-419_1|LCV|ResFinderFG|KJ694899.1	L	
C2|~dhr-379_1|dhr-379_1|LCV|ResFinderFG|KJ694651.1	dhr	L	C	V	ResFinderFG	C1|~dhr-379_1|dhr-379_1|LCV|ResFinderFG|KJ694651.1	L	
C2|~dhr-326_1|dhr-326_1|LCV|ResFinderFG|KJ694097.1	dhr	L	C	V	ResFinderFG	C1|~dhr-326_1|dhr-326_1|LCV|ResFinderFG|KJ694097.1	L	
C2|~tetEFF-43_1|tetEFF-43_1|LCV|ResFinderFG|KJ693916.1	tetEFF	L	C	V	ResFinderFG	C1|~tetEFF-43_1|tetEFF-43_1|LCV|ResFinderFG|KJ693916.1	L	
C2|~dhr-241_1|dhr-241_1|LCV|ResFinderFG|KJ692888.1	dhr	L	C	V	ResFinderFG	C1|~dhr-241_1|dhr-241_1|LCV|ResFinderFG|KJ692888.1	L	
C2|~dhr-237_1|dhr-237_1|LCV|ResFinderFG|KJ692815.1	dhr	L	C	V	ResFinderFG	C1|~dhr-237_1|dhr-237_1|LCV|ResFinderFG|KJ692815.1	L	
C2|~dhr-308_1|dhr-308_1|LCV|ResFinderFG|KJ692108.1	dhr	L	C	V	ResFinderFG	C1|~dhr-308_1|dhr-308_1|LCV|ResFinderFG|KJ692108.1	L	
C2|~dhr-183_1|dhr-183_1|LCV|ResFinderFG|KJ692002.1	dhr	L	C	V	ResFinderFG	C1|~dhr-183_1|dhr-183_1|LCV|ResFinderFG|KJ692002.1	L	
C2|~tetRPG-43_1|tetRPG-43_1|LCV|ResFinderFG|KU546937.1	tetRPG	L	C	V	ResFinderFG	C1|~tetRPG-43_1|tetRPG-43_1|LCV|ResFinderFG|KU546937.1	L	
C2|~dhr-602_1|dhr-602_1|LCV|ResFinderFG|KJ696338.1	dhr	L	C	V	ResFinderFG	C1|~dhr-602_1|dhr-602_1|LCV|ResFinderFG|KJ696338.1	L	
C2|~dhr-593_1|dhr-593_1|LCV|ResFinderFG|KJ696283.1	dhr	L	C	V	ResFinderFG	C1|~dhr-593_1|dhr-593_1|LCV|ResFinderFG|KJ696283.1	L	
C2|~dhr-500_1|dhr-500_1|LCV|ResFinderFG|KJ695620.1	dhr	L	C	V	ResFinderFG	C1|~dhr-500_1|dhr-500_1|LCV|ResFinderFG|KJ695620.1	L	
C2|~dhr-455_1|dhr-455_1|LCV|ResFinderFG|KJ695274.1	dhr	L	C	V	ResFinderFG	C1|~dhr-455_1|dhr-455_1|LCV|ResFinderFG|KJ695274.1	L	
C2|~dhr-444_1|dhr-444_1|LCV|ResFinderFG|KJ695184.1	dhr	L	C	V	ResFinderFG	C1|~dhr-444_1|dhr-444_1|LCV|ResFinderFG|KJ695184.1	L	
C2|~dhr-413_1|dhr-413_1|LCV|ResFinderFG|KJ694854.1	dhr	L	C	V	ResFinderFG	C1|~dhr-413_1|dhr-413_1|LCV|ResFinderFG|KJ694854.1	L	
C2|~dhr-333_1|dhr-333_1|LCV|ResFinderFG|KJ694226.1	dhr	L	C	V	ResFinderFG	C1|~dhr-333_1|dhr-333_1|LCV|ResFinderFG|KJ694226.1	L	
C2|~dhr-316_1|dhr-316_1|LCV|ResFinderFG|KJ694004.1	dhr	L	C	V	ResFinderFG	C1|~dhr-316_1|dhr-316_1|LCV|ResFinderFG|KJ694004.1	L	
C2|~dhr-285_1|dhr-285_1|LCV|ResFinderFG|KJ693588.1	dhr	L	C	V	ResFinderFG	C1|~dhr-285_1|dhr-285_1|LCV|ResFinderFG|KJ693588.1	L	
C2|~dhr-278_2|dhr-278_2|LCV|ResFinderFG|KJ693505.1	dhr	L	C	V	ResFinderFG	C1|~dhr-278_2|dhr-278_2|LCV|ResFinderFG|KJ693505.1	L	
C2|~dhr-228_1|dhr-228_1|LCV|ResFinderFG|KJ692719.1	dhr	L	C	V	ResFinderFG	C1|~dhr-228_1|dhr-228_1|LCV|ResFinderFG|KJ692719.1	L	
C2|~dhr-638_1|dhr-638_1|LCV|ResFinderFG|KT387212.1	dhr	L	C	V	ResFinderFG	C1|~dhr-638_1|dhr-638_1|LCV|ResFinderFG|KT387212.1	L	
C2|~dhr-152_7|dhr-152_7|LCV|ResFinderFG|KF629976.1	dhr	L	C	V	ResFinderFG	C1|~dhr-152_7|dhr-152_7|LCV|ResFinderFG|KF629976.1	L	
C2|~dhr-5_1|dhr-5_1|LCV|ResFinderFG|JF924887.1	dhr	L	C	V	ResFinderFG	C1|~dhr-5_1|dhr-5_1|LCV|ResFinderFG|JF924887.1	L	
C2|~dhr-624_1|dhr-624_1|LCV|ResFinderFG|KJ696503.1	dhr	L	C	V	ResFinderFG	C1|~dhr-624_1|dhr-624_1|LCV|ResFinderFG|KJ696503.1	L	
C2|~dhr-572_1|dhr-572_1|LCV|ResFinderFG|KJ696137.1	dhr	L	C	V	ResFinderFG	C1|~dhr-572_1|dhr-572_1|LCV|ResFinderFG|KJ696137.1	L	
C2|~dhr-490_1|dhr-490_1|LCV|ResFinderFG|KJ695556.1	dhr	L	C	V	ResFinderFG	C1|~dhr-490_1|dhr-490_1|LCV|ResFinderFG|KJ695556.1	L	
C2|~dhr-469_1|dhr-469_1|LCV|ResFinderFG|KJ695401.1	dhr	L	C	V	ResFinderFG	C1|~dhr-469_1|dhr-469_1|LCV|ResFinderFG|KJ695401.1	L	
C2|~dhr-461_1|dhr-461_1|LCV|ResFinderFG|KJ695316.1	dhr	L	C	V	ResFinderFG	C1|~dhr-461_1|dhr-461_1|LCV|ResFinderFG|KJ695316.1	L	
C2|~dhr-639_1|dhr-639_1|LCV|ResFinderFG|KU577924.1	dhr	L	C	V	ResFinderFG	C1|~dhr-639_1|dhr-639_1|LCV|ResFinderFG|KU577924.1	L	
C2|~van-171_2|van-171_2|LCV|ResFinderFG|KF627892.1	van	L	C	V	ResFinderFG	C1|~van-171_2|van-171_2|LCV|ResFinderFG|KF627892.1	L	
C2|~dhr-51_1|dhr-51_1|LCV|ResFinderFG|KF627812.1	dhr	L	C	V	ResFinderFG	C1|~dhr-51_1|dhr-51_1|LCV|ResFinderFG|KF627812.1	L	
C2|~dhr-606_1|dhr-606_1|LCV|ResFinderFG|KJ696375.1	dhr	L	C	V	ResFinderFG	C1|~dhr-606_1|dhr-606_1|LCV|ResFinderFG|KJ696375.1	L	
C2|~dhr-604_1|dhr-604_1|LCV|ResFinderFG|KJ696353.1	dhr	L	C	V	ResFinderFG	C1|~dhr-604_1|dhr-604_1|LCV|ResFinderFG|KJ696353.1	L	
C2|~dhr-590_1|dhr-590_1|LCV|ResFinderFG|KJ696256.1	dhr	L	C	V	ResFinderFG	C1|~dhr-590_1|dhr-590_1|LCV|ResFinderFG|KJ696256.1	L	
C2|~dhr-569_2|dhr-569_2|LCV|ResFinderFG|KJ696109.1	dhr	L	C	V	ResFinderFG	C1|~dhr-569_2|dhr-569_2|LCV|ResFinderFG|KJ696109.1	L	
C2|~dhr-502_1|dhr-502_1|LCV|ResFinderFG|KJ695630.1	dhr	L	C	V	ResFinderFG	C1|~dhr-502_1|dhr-502_1|LCV|ResFinderFG|KJ695630.1	L	
C2|~dhr-483_1|dhr-483_1|LCV|ResFinderFG|KJ695519.1	dhr	L	C	V	ResFinderFG	C1|~dhr-483_1|dhr-483_1|LCV|ResFinderFG|KJ695519.1	L	
C2|~dhr-371_1|dhr-371_1|LCV|ResFinderFG|KJ694602.1	dhr	L	C	V	ResFinderFG	C1|~dhr-371_1|dhr-371_1|LCV|ResFinderFG|KJ694602.1	L	
C2|~dhr-307_1|dhr-307_1|LCV|ResFinderFG|KJ693874.1	dhr	L	C	V	ResFinderFG	C1|~dhr-307_1|dhr-307_1|LCV|ResFinderFG|KJ693874.1	L	
C2|~dhr-284_1|dhr-284_1|LCV|ResFinderFG|KJ693562.1	dhr	L	C	V	ResFinderFG	C1|~dhr-284_1|dhr-284_1|LCV|ResFinderFG|KJ693562.1	L	
C2|~dhr-281_1|dhr-281_1|LCV|ResFinderFG|KJ693536.1	dhr	L	C	V	ResFinderFG	C1|~dhr-281_1|dhr-281_1|LCV|ResFinderFG|KJ693536.1	L	
C2|~dhr-171_4|dhr-171_4|LCV|ResFinderFG|KF630233.1	dhr	L	C	V	ResFinderFG	C1|~dhr-171_4|dhr-171_4|LCV|ResFinderFG|KF630233.1	L	
C2|~dhr-141_1|dhr-141_1|LCV|ResFinderFG|KF629797.1	dhr	L	C	V	ResFinderFG	C1|~dhr-141_1|dhr-141_1|LCV|ResFinderFG|KF629797.1	L	
C2|~dhr-620_2|dhr-620_2|LCV|ResFinderFG|KJ696468.1	dhr	L	C	V	ResFinderFG	C1|~dhr-620_2|dhr-620_2|LCV|ResFinderFG|KJ696468.1	L	
C2|~dhr-554_1|dhr-554_1|LCV|ResFinderFG|KJ696015.1	dhr	L	C	V	ResFinderFG	C1|~dhr-554_1|dhr-554_1|LCV|ResFinderFG|KJ696015.1	L	
C2|~dhr-497_1|dhr-497_1|LCV|ResFinderFG|KJ695610.1	dhr	L	C	V	ResFinderFG	C1|~dhr-497_1|dhr-497_1|LCV|ResFinderFG|KJ695610.1	L	
C2|~dhr-489_1|dhr-489_1|LCV|ResFinderFG|KJ695548.1	dhr	L	C	V	ResFinderFG	C1|~dhr-489_1|dhr-489_1|LCV|ResFinderFG|KJ695548.1	L	
C2|~dhr-487_1|dhr-487_1|LCV|ResFinderFG|KJ695537.1	dhr	L	C	V	ResFinderFG	C1|~dhr-487_1|dhr-487_1|LCV|ResFinderFG|KJ695537.1	L	
C2|~dhr-477_1|dhr-477_1|LCV|ResFinderFG|KJ695457.1	dhr	L	C	V	ResFinderFG	C1|~dhr-477_1|dhr-477_1|LCV|ResFinderFG|KJ695457.1	L	
C2|~dhr-470_1|dhr-470_1|LCV|ResFinderFG|KJ695419.1	dhr	L	C	V	ResFinderFG	C1|~dhr-470_1|dhr-470_1|LCV|ResFinderFG|KJ695419.1	L	
C2|~dhr-454_1|dhr-454_1|LCV|ResFinderFG|KJ695266.1	dhr	L	C	V	ResFinderFG	C1|~dhr-454_1|dhr-454_1|LCV|ResFinderFG|KJ695266.1	L	
C2|~dhr-412_1|dhr-412_1|LCV|ResFinderFG|KJ694842.1	dhr	L	C	V	ResFinderFG	C1|~dhr-412_1|dhr-412_1|LCV|ResFinderFG|KJ694842.1	L	
C2|~dhr-388_1|dhr-388_1|LCV|ResFinderFG|KJ694713.1	dhr	L	C	V	ResFinderFG	C1|~dhr-388_1|dhr-388_1|LCV|ResFinderFG|KJ694713.1	L	
C2|~dhr-387_1|dhr-387_1|LCV|ResFinderFG|KJ694712.1	dhr	L	C	V	ResFinderFG	C1|~dhr-387_1|dhr-387_1|LCV|ResFinderFG|KJ694712.1	L	
C2|~dhr-365_1|dhr-365_1|LCV|ResFinderFG|KJ694543.1	dhr	L	C	V	ResFinderFG	C1|~dhr-365_1|dhr-365_1|LCV|ResFinderFG|KJ694543.1	L	
C2|~dhr-353_1|dhr-353_1|LCV|ResFinderFG|KJ694497.1	dhr	L	C	V	ResFinderFG	C1|~dhr-353_1|dhr-353_1|LCV|ResFinderFG|KJ694497.1	L	
C2|~dhr-350_1|dhr-350_1|LCV|ResFinderFG|KJ694478.1	dhr	L	C	V	ResFinderFG	C1|~dhr-350_1|dhr-350_1|LCV|ResFinderFG|KJ694478.1	L	
C2|~dhr-346_1|dhr-346_1|LCV|ResFinderFG|KJ694415.1	dhr	L	C	V	ResFinderFG	C1|~dhr-346_1|dhr-346_1|LCV|ResFinderFG|KJ694415.1	L	
C2|~dhr-337_1|dhr-337_1|LCV|ResFinderFG|KJ694295.1	dhr	L	C	V	ResFinderFG	C1|~dhr-337_1|dhr-337_1|LCV|ResFinderFG|KJ694295.1	L	
C2|~dhr-323_1|dhr-323_1|LCV|ResFinderFG|KJ694067.1	dhr	L	C	V	ResFinderFG	C1|~dhr-323_1|dhr-323_1|LCV|ResFinderFG|KJ694067.1	L	
C2|~dhr-207_1|dhr-207_1|LCV|ResFinderFG|KJ692402.1	dhr	L	C	V	ResFinderFG	C1|~dhr-207_1|dhr-207_1|LCV|ResFinderFG|KJ692402.1	L	
C2|~dhr-196_1|dhr-196_1|LCV|ResFinderFG|KJ692170.1	dhr	L	C	V	ResFinderFG	C1|~dhr-196_1|dhr-196_1|LCV|ResFinderFG|KJ692170.1	L	
C2|~tetRPG-48_1|tetRPG-48_1|LMV|ResFinderFG|KU547942.1	tetRPG	L	M	V	ResFinderFG	C1|~tetRPG-48_1|tetRPG-48_1|LCV|ResFinderFG|KU547942.1	L	
C2|~dhr-637_1|dhr-637_1|LCV|ResFinderFG|KT387211.1	dhr	L	C	V	ResFinderFG	C1|~dhr-637_1|dhr-637_1|LCV|ResFinderFG|KT387211.1	L	
C2|~dhr-630_1|dhr-630_1|LCV|ResFinderFG|KT387188.1	dhr	L	C	V	ResFinderFG	C1|~dhr-630_1|dhr-630_1|LCV|ResFinderFG|KT387188.1	L	
C2|~dhr-121_3|dhr-121_3|LCV|ResFinderFG|KF629351.1	dhr	L	C	V	ResFinderFG	C1|~dhr-121_3|dhr-121_3|LCV|ResFinderFG|KF629351.1	L	
C2|~dhr-113_2|dhr-113_2|LCV|ResFinderFG|KF629233.1	dhr	L	C	V	ResFinderFG	C1|~dhr-113_2|dhr-113_2|LCV|ResFinderFG|KF629233.1	L	
C2|~van-577_1|van-577_1|LCV|ResFinderFG|KX125831.1	van	L	C	V	ResFinderFG	C1|~van-577_1|van-577_1|LCV|ResFinderFG|KX125831.1	L	
C2|~dhr-629_1|dhr-629_1|LCV|ResFinderFG|KJ696521.1	dhr	L	C	V	ResFinderFG	C1|~dhr-629_1|dhr-629_1|LCV|ResFinderFG|KJ696521.1	L	
C2|~dhr-547_1|dhr-547_1|LCV|ResFinderFG|KJ695988.1	dhr	L	C	V	ResFinderFG	C1|~dhr-547_1|dhr-547_1|LCV|ResFinderFG|KJ695988.1	L	
C2|~dhr-539_2|dhr-539_2|LCV|ResFinderFG|KJ695938.1	dhr	L	C	V	ResFinderFG	C1|~dhr-539_2|dhr-539_2|LCV|ResFinderFG|KJ695938.1	L	
C2|~aac6p-67_1|aac6p-67_1|LCV|ResFinderFG|KJ695674.1	aac6p	L	C	V	ResFinderFG	C1|~aac6p-67_1|aac6p-67_1|LCV|ResFinderFG|KJ695674.1	L	
C2|~dhr-506_1|dhr-506_1|LCV|ResFinderFG|KJ695643.1	dhr	L	C	V	ResFinderFG	C1|~dhr-506_1|dhr-506_1|LCV|ResFinderFG|KJ695643.1	L	
C2|~dhr-426_1|dhr-426_1|LCV|ResFinderFG|KJ694981.1	dhr	L	C	V	ResFinderFG	C1|~dhr-426_1|dhr-426_1|LCV|ResFinderFG|KJ694981.1	L	
C2|~dhr-417_1|dhr-417_1|LCV|ResFinderFG|KJ694879.1	dhr	L	C	V	ResFinderFG	C1|~dhr-417_1|dhr-417_1|LCV|ResFinderFG|KJ694879.1	L	
C2|~dhr-393_1|dhr-393_1|LCV|ResFinderFG|KJ694751.1	dhr	L	C	V	ResFinderFG	C1|~dhr-393_1|dhr-393_1|LCV|ResFinderFG|KJ694751.1	L	
C2|~dhr-361_2|dhr-361_2|LCV|ResFinderFG|KJ694516.1	dhr	L	C	V	ResFinderFG	C1|~dhr-361_2|dhr-361_2|LCV|ResFinderFG|KJ694516.1	L	
C2|~dhr-359_1|dhr-359_1|LCV|ResFinderFG|KJ694514.1	dhr	L	C	V	ResFinderFG	C1|~dhr-359_1|dhr-359_1|LCV|ResFinderFG|KJ694514.1	L	
C2|~dhr-294_1|dhr-294_1|LCV|ResFinderFG|KJ693706.1	dhr	L	C	V	ResFinderFG	C1|~dhr-294_1|dhr-294_1|LCV|ResFinderFG|KJ693706.1	L	
C2|~dhr-255_1|dhr-255_1|LCV|ResFinderFG|KJ693101.1	dhr	L	C	V	ResFinderFG	C1|~dhr-255_1|dhr-255_1|LCV|ResFinderFG|KJ693101.1	L	
C2|~dhr-246_1|dhr-246_1|LCV|ResFinderFG|KJ692914.1	dhr	L	C	V	ResFinderFG	C1|~dhr-246_1|dhr-246_1|LCV|ResFinderFG|KJ692914.1	L	
C2|~dhr-238_1|dhr-238_1|LCV|ResFinderFG|KJ692822.1	dhr	L	C	V	ResFinderFG	C1|~dhr-238_1|dhr-238_1|LCV|ResFinderFG|KJ692822.1	L	
C2|~dhr-188_1|dhr-188_1|LCV|ResFinderFG|KJ692038.1	dhr	L	C	V	ResFinderFG	C1|~dhr-188_1|dhr-188_1|LCV|ResFinderFG|KJ692038.1	L	
C2|~dhr-641_1|dhr-641_1|LCV|ResFinderFG|KU577930.1	dhr	L	C	V	ResFinderFG	C1|~dhr-641_1|dhr-641_1|LCV|ResFinderFG|KU577930.1	L	
C2|~dhr-168_13|dhr-168_13|LCV|ResFinderFG|KF630154.1	dhr	L	C	V	ResFinderFG	C1|~dhr-168_13|dhr-168_13|LCV|ResFinderFG|KF630154.1	L	
C2|~dhr-118_1|dhr-118_1|LCV|ResFinderFG|KF629302.1	dhr	L	C	V	ResFinderFG	C1|~dhr-118_1|dhr-118_1|LCV|ResFinderFG|KF629302.1	L	
C2|~dhr-59_3|dhr-59_3|LCV|ResFinderFG|KF628009.1	dhr	L	C	V	ResFinderFG	C1|~dhr-59_3|dhr-59_3|LCV|ResFinderFG|KF628009.1	L	
C2|~dhr-672_1|dhr-672_1|LCV|ResFinderFG|KX128171.1	dhr	L	C	V	ResFinderFG	C1|~dhr-672_1|dhr-672_1|LCV|ResFinderFG|KX128171.1	L	
C2|~dhr-603_1|dhr-603_1|LCV|ResFinderFG|KJ696350.1	dhr	L	C	V	ResFinderFG	C1|~dhr-603_1|dhr-603_1|LCV|ResFinderFG|KJ696350.1	L	
C2|~dhr-595_2|dhr-595_2|LCV|ResFinderFG|KJ696296.1	dhr	L	C	V	ResFinderFG	C1|~dhr-595_2|dhr-595_2|LCV|ResFinderFG|KJ696296.1	L	
C2|~dhr-532_1|dhr-532_1|LCV|ResFinderFG|KJ695852.1	dhr	L	C	V	ResFinderFG	C1|~dhr-532_1|dhr-532_1|LCV|ResFinderFG|KJ695852.1	L	
C2|~dhr-460_1|dhr-460_1|LCV|ResFinderFG|KJ695315.1	dhr	L	C	V	ResFinderFG	C1|~dhr-460_1|dhr-460_1|LCV|ResFinderFG|KJ695315.1	L	
C2|~dhr-446_1|dhr-446_1|LCV|ResFinderFG|KJ695231.1	dhr	L	C	V	ResFinderFG	C1|~dhr-446_1|dhr-446_1|LCV|ResFinderFG|KJ695231.1	L	
C2|~dhr-436_1|dhr-436_1|LCV|ResFinderFG|KJ695086.1	dhr	L	C	V	ResFinderFG	C1|~dhr-436_1|dhr-436_1|LCV|ResFinderFG|KJ695086.1	L	
C2|~dhr-410_1|dhr-410_1|LCV|ResFinderFG|KJ694811.1	dhr	L	C	V	ResFinderFG	C1|~dhr-410_1|dhr-410_1|LCV|ResFinderFG|KJ694811.1	L	
C2|~dhr-403_1|dhr-403_1|LCV|ResFinderFG|KJ694791.1	dhr	L	C	V	ResFinderFG	C1|~dhr-403_1|dhr-403_1|LCV|ResFinderFG|KJ694791.1	L	
C2|~dhr-351_1|dhr-351_1|LCV|ResFinderFG|KJ694486.1	dhr	L	C	V	ResFinderFG	C1|~dhr-351_1|dhr-351_1|LCV|ResFinderFG|KJ694486.1	L	
C2|~dhr-349_1|dhr-349_1|LCV|ResFinderFG|KJ694455.1	dhr	L	C	V	ResFinderFG	C1|~dhr-349_1|dhr-349_1|LCV|ResFinderFG|KJ694455.1	L	
C2|~dhr-287_1|dhr-287_1|LCV|ResFinderFG|KJ693619.1	dhr	L	C	V	ResFinderFG	C1|~dhr-287_1|dhr-287_1|LCV|ResFinderFG|KJ693619.1	L	
C2|~dhr-203_1|dhr-203_1|LCV|ResFinderFG|KJ692321.1	dhr	L	C	V	ResFinderFG	C1|~dhr-203_1|dhr-203_1|LCV|ResFinderFG|KJ692321.1	L	
C2|~aph3p-21_1|aph3p-21_1|LCV|ResFinderFG|KJ512974.1	aph3p	L	C	V	ResFinderFG	C1|~aph3p-21_1|aph3p-21_1|LCV|ResFinderFG|KJ512974.1	L	
C2|~tetRPG-46_2|tetRPG-46_2|LMV|ResFinderFG|KU547629.1	tetRPG	L	M	V	ResFinderFG	C1|~tetRPG-46_2|tetRPG-46_2|LCV|ResFinderFG|KU547629.1	L	
C2|~aac6p-68_1|aac6p-68_1|LCV|ResFinderFG|KT387215.1	aac6p	L	C	V	ResFinderFG	C1|~aac6p-68_1|aac6p-68_1|LCV|ResFinderFG|KT387215.1	L	
C2|~dhr-634_1|dhr-634_1|LCV|ResFinderFG|KT387201.1	dhr	L	C	V	ResFinderFG	C1|~dhr-634_1|dhr-634_1|LCV|ResFinderFG|KT387201.1	L	
C2|~dhr-49_3|dhr-49_3|LCV|ResFinderFG|KF627801.1	dhr	L	C	V	ResFinderFG	C1|~dhr-49_3|dhr-49_3|LCV|ResFinderFG|KF627801.1	L	
C2|~dhr-16_1|dhr-16_1|LCV|ResFinderFG|KF626925.1	dhr	L	C	V	ResFinderFG	C1|~dhr-16_1|dhr-16_1|LCV|ResFinderFG|KF626925.1	L	
C2|~dhr-677_2|dhr-677_2|LCV|ResFinderFG|KX128328.1	dhr	L	C	V	ResFinderFG	C1|~dhr-677_2|dhr-677_2|LCV|ResFinderFG|KX128328.1	L	
C2|~dhr-663_4|dhr-663_4|LCV|ResFinderFG|KX127139.1	dhr	L	C	V	ResFinderFG	C1|~dhr-663_4|dhr-663_4|LCV|ResFinderFG|KX127139.1	L	
C2|~dhr-685_1|dhr-685_1|LCV|ResFinderFG|MG585995.1	dhr	L	C	V	ResFinderFG	C1|~dhr-685_1|dhr-685_1|LCV|ResFinderFG|MG585995.1	L	
C2|~dhr-613_1|dhr-613_1|LCV|ResFinderFG|KJ696401.1	dhr	L	C	V	ResFinderFG	C1|~dhr-613_1|dhr-613_1|LCV|ResFinderFG|KJ696401.1	L	
C2|~dhr-478_1|dhr-478_1|LCV|ResFinderFG|KJ695467.1	dhr	L	C	V	ResFinderFG	C1|~dhr-478_1|dhr-478_1|LCV|ResFinderFG|KJ695467.1	L	
C2|~dhr-443_1|dhr-443_1|LCV|ResFinderFG|KJ695183.1	dhr	L	C	V	ResFinderFG	C1|~dhr-443_1|dhr-443_1|LCV|ResFinderFG|KJ695183.1	L	
C2|~dhr-432_1|dhr-432_1|LCV|ResFinderFG|KJ695032.1	dhr	L	C	V	ResFinderFG	C1|~dhr-432_1|dhr-432_1|LCV|ResFinderFG|KJ695032.1	L	
C2|~dhr-430_1|dhr-430_1|LCV|ResFinderFG|KJ695026.1	dhr	L	C	V	ResFinderFG	C1|~dhr-430_1|dhr-430_1|LCV|ResFinderFG|KJ695026.1	L	
C2|~dhr-428_1|dhr-428_1|LCV|ResFinderFG|KJ694997.1	dhr	L	C	V	ResFinderFG	C1|~dhr-428_1|dhr-428_1|LCV|ResFinderFG|KJ694997.1	L	
C2|~dhr-385_1|dhr-385_1|LCV|ResFinderFG|KJ694690.1	dhr	L	C	V	ResFinderFG	C1|~dhr-385_1|dhr-385_1|LCV|ResFinderFG|KJ694690.1	L	
C2|~dhr-357_2|dhr-357_2|LCV|ResFinderFG|KJ694512.1	dhr	L	C	V	ResFinderFG	C1|~dhr-357_2|dhr-357_2|LCV|ResFinderFG|KJ694512.1	L	
C2|~dhr-256_1|dhr-256_1|LCV|ResFinderFG|KJ693103.1	dhr	L	C	V	ResFinderFG	C1|~dhr-256_1|dhr-256_1|LCV|ResFinderFG|KJ693103.1	L	
C2|~dhr-235_1|dhr-235_1|LCV|ResFinderFG|KJ692774.1	dhr	L	C	V	ResFinderFG	C1|~dhr-235_1|dhr-235_1|LCV|ResFinderFG|KJ692774.1	L	
C2|~dhr-215_1|dhr-215_1|LCV|ResFinderFG|KJ692572.1	dhr	L	C	V	ResFinderFG	C1|~dhr-215_1|dhr-215_1|LCV|ResFinderFG|KJ692572.1	L	
C2|~dhr-214_1|dhr-214_1|LCV|ResFinderFG|KJ692570.1	dhr	L	C	V	ResFinderFG	C1|~dhr-214_1|dhr-214_1|LCV|ResFinderFG|KJ692570.1	L	
C2|~dhr-198_1|dhr-198_1|LCV|ResFinderFG|KJ692226.1	dhr	L	C	V	ResFinderFG	C1|~dhr-198_1|dhr-198_1|LCV|ResFinderFG|KJ692226.1	L	
C2|~dhr-97_2|dhr-97_2|LCV|ResFinderFG|KF628671.1	dhr	L	C	V	ResFinderFG	C1|~dhr-97_2|dhr-97_2|LCV|ResFinderFG|KF628671.1	L	
C2|~dhr-82_2|dhr-82_2|LCV|ResFinderFG|KF628233.1	dhr	L	C	V	ResFinderFG	C1|~dhr-82_2|dhr-82_2|LCV|ResFinderFG|KF628233.1	L	
C2|~dhr-60_2|dhr-60_2|LCV|ResFinderFG|KF628013.1	dhr	L	C	V	ResFinderFG	C1|~dhr-60_2|dhr-60_2|LCV|ResFinderFG|KF628013.1	L	
C2|~dhr-55_1|dhr-55_1|LCV|ResFinderFG|KF627848.1	dhr	L	C	V	ResFinderFG	C1|~dhr-55_1|dhr-55_1|LCV|ResFinderFG|KF627848.1	L	
C2|~dhr-53_1|dhr-53_1|LCV|ResFinderFG|KF627829.1	dhr	L	C	V	ResFinderFG	C1|~dhr-53_1|dhr-53_1|LCV|ResFinderFG|KF627829.1	L	
C2|~dhr-31_2|dhr-31_2|LCV|ResFinderFG|KF627516.1	dhr	L	C	V	ResFinderFG	C1|~dhr-31_2|dhr-31_2|LCV|ResFinderFG|KF627516.1	L	
C2|~aac-2_1|aac-2_1|LCV|ResFinderFG|JF924867.1	aac	L	C	V	ResFinderFG	C1|~aac-2_1|aac-2_1|LCV|ResFinderFG|JF924867.1	L	
C2|~dhr-580_1|dhr-580_1|LCV|ResFinderFG|KJ696222.1	dhr	L	C	V	ResFinderFG	C1|~dhr-580_1|dhr-580_1|LCV|ResFinderFG|KJ696222.1	L	
C2|~dhr-496_1|dhr-496_1|LCV|ResFinderFG|KJ695584.1	dhr	L	C	V	ResFinderFG	C1|~dhr-496_1|dhr-496_1|LCV|ResFinderFG|KJ695584.1	L	
C2|~dhr-482_1|dhr-482_1|LCV|ResFinderFG|KJ695518.1	dhr	L	C	V	ResFinderFG	C1|~dhr-482_1|dhr-482_1|LCV|ResFinderFG|KJ695518.1	L	
C2|~dhr-464_1|dhr-464_1|LCV|ResFinderFG|KJ695342.1	dhr	L	C	V	ResFinderFG	C1|~dhr-464_1|dhr-464_1|LCV|ResFinderFG|KJ695342.1	L	
C2|~dhr-456_1|dhr-456_1|LCV|ResFinderFG|KJ695279.1	dhr	L	C	V	ResFinderFG	C1|~dhr-456_1|dhr-456_1|LCV|ResFinderFG|KJ695279.1	L	
C2|~dhr-445_1|dhr-445_1|LCV|ResFinderFG|KJ695200.1	dhr	L	C	V	ResFinderFG	C1|~dhr-445_1|dhr-445_1|LCV|ResFinderFG|KJ695200.1	L	
C2|~dhr-440_1|dhr-440_1|LCV|ResFinderFG|KJ695151.1	dhr	L	C	V	ResFinderFG	C1|~dhr-440_1|dhr-440_1|LCV|ResFinderFG|KJ695151.1	L	
C2|~dhr-431_1|dhr-431_1|LCV|ResFinderFG|KJ695031.1	dhr	L	C	V	ResFinderFG	C1|~dhr-431_1|dhr-431_1|LCV|ResFinderFG|KJ695031.1	L	
C2|~dhr-423_1|dhr-423_1|LCV|ResFinderFG|KJ694958.1	dhr	L	C	V	ResFinderFG	C1|~dhr-423_1|dhr-423_1|LCV|ResFinderFG|KJ694958.1	L	
C2|~dhr-421_1|dhr-421_1|LCV|ResFinderFG|KJ694930.1	dhr	L	C	V	ResFinderFG	C1|~dhr-421_1|dhr-421_1|LCV|ResFinderFG|KJ694930.1	L	
C2|~dhr-377_1|dhr-377_1|LCV|ResFinderFG|KJ694620.1	dhr	L	C	V	ResFinderFG	C1|~dhr-377_1|dhr-377_1|LCV|ResFinderFG|KJ694620.1	L	
C2|~dhr-341_1|dhr-341_1|LCV|ResFinderFG|KJ694386.1	dhr	L	C	V	ResFinderFG	C1|~dhr-341_1|dhr-341_1|LCV|ResFinderFG|KJ694386.1	L	
C2|~dhr-329_1|dhr-329_1|LCV|ResFinderFG|KJ694122.1	dhr	L	C	V	ResFinderFG	C1|~dhr-329_1|dhr-329_1|LCV|ResFinderFG|KJ694122.1	L	
C2|~dhr-292_1|dhr-292_1|LCV|ResFinderFG|KJ693658.1	dhr	L	C	V	ResFinderFG	C1|~dhr-292_1|dhr-292_1|LCV|ResFinderFG|KJ693658.1	L	
C2|~dhr-276_1|dhr-276_1|LCV|ResFinderFG|KJ693492.1	dhr	L	C	V	ResFinderFG	C1|~dhr-276_1|dhr-276_1|LCV|ResFinderFG|KJ693492.1	L	
C2|~dhr-265_1|dhr-265_1|LCV|ResFinderFG|KJ693318.1	dhr	L	C	V	ResFinderFG	C1|~dhr-265_1|dhr-265_1|LCV|ResFinderFG|KJ693318.1	L	
C2|~dhr-219_2|dhr-219_2|LCV|ResFinderFG|KJ692644.1	dhr	L	C	V	ResFinderFG	C1|~dhr-219_2|dhr-219_2|LCV|ResFinderFG|KJ692644.1	L	
C2|~dhr-210_1|dhr-210_1|LCV|ResFinderFG|KJ692432.1	dhr	L	C	V	ResFinderFG	C1|~dhr-210_1|dhr-210_1|LCV|ResFinderFG|KJ692432.1	L	
C2|~dhr-181_1|dhr-181_1|LCV|ResFinderFG|KJ691960.1	dhr	L	C	V	ResFinderFG	C1|~dhr-181_1|dhr-181_1|LCV|ResFinderFG|KJ691960.1	L	
C2|~dhr-643_1|dhr-643_1|LCV|ResFinderFG|KU577942.1	dhr	L	C	V	ResFinderFG	C1|~dhr-643_1|dhr-643_1|LCV|ResFinderFG|KU577942.1	L	
C2|~tetRPG-51_1|tetRPG-51_1|LCV|ResFinderFG|KU548379.1	tetRPG	L	C	V	ResFinderFG	C1|~tetRPG-51_1|tetRPG-51_1|LCV|ResFinderFG|KU548379.1	L	
C2|~tetRPG-38_1|tetRPG-38_1|LCV|ResFinderFG|KU545898.1	tetRPG	L	C	V	ResFinderFG	C1|~tetRPG-38_1|tetRPG-38_1|LCV|ResFinderFG|KU545898.1	L	
C2|~dhr-160_14|dhr-160_14|LCV|ResFinderFG|KF630067.1	dhr	L	C	V	ResFinderFG	C1|~dhr-160_14|dhr-160_14|LCV|ResFinderFG|KF630067.1	L	
C2|~dhr-156_14|dhr-156_14|LCV|ResFinderFG|KF630038.1	dhr	L	C	V	ResFinderFG	C1|~dhr-156_14|dhr-156_14|LCV|ResFinderFG|KF630038.1	L	
C2|~dhr-154_3|dhr-154_3|LCV|ResFinderFG|KF629998.1	dhr	L	C	V	ResFinderFG	C1|~dhr-154_3|dhr-154_3|LCV|ResFinderFG|KF629998.1	L	
C2|~dhr-77_3|dhr-77_3|LCV|ResFinderFG|KF628207.1	dhr	L	C	V	ResFinderFG	C1|~dhr-77_3|dhr-77_3|LCV|ResFinderFG|KF628207.1	L	
C2|~dhr-61_1|dhr-61_1|LCV|ResFinderFG|KF628083.1	dhr	L	C	V	ResFinderFG	C1|~dhr-61_1|dhr-61_1|LCV|ResFinderFG|KF628083.1	L	
C2|~dhr-50_1|dhr-50_1|LCV|ResFinderFG|KF627809.1	dhr	L	C	V	ResFinderFG	C1|~dhr-50_1|dhr-50_1|LCV|ResFinderFG|KF627809.1	L	
C2|~dhr-48_1|dhr-48_1|LCV|ResFinderFG|KF627779.1	dhr	L	C	V	ResFinderFG	C1|~dhr-48_1|dhr-48_1|LCV|ResFinderFG|KF627779.1	L	
C2|~dhr-680_1|dhr-680_1|LMV|ResFinderFG|KX128902.1	dhr	L	M	V	ResFinderFG	C1|~dhr-680_1|dhr-680_1|LCV|ResFinderFG|KX128902.1	L	
C2|~dhr-628_1|dhr-628_1|LCV|ResFinderFG|KJ696520.1	dhr	L	C	V	ResFinderFG	C1|~dhr-628_1|dhr-628_1|LCV|ResFinderFG|KJ696520.1	L	
C2|~dhr-584_1|dhr-584_1|LCV|ResFinderFG|KJ696235.1	dhr	L	C	V	ResFinderFG	C1|~dhr-584_1|dhr-584_1|LCV|ResFinderFG|KJ696235.1	L	
C2|~dhr-578_1|dhr-578_1|LCV|ResFinderFG|KJ696205.1	dhr	L	C	V	ResFinderFG	C1|~dhr-578_1|dhr-578_1|LCV|ResFinderFG|KJ696205.1	L	
C2|~dhr-549_1|dhr-549_1|LCV|ResFinderFG|KJ695994.1	dhr	L	C	V	ResFinderFG	C1|~dhr-549_1|dhr-549_1|LCV|ResFinderFG|KJ695994.1	L	
C2|~dhr-544_1|dhr-544_1|LCV|ResFinderFG|KJ695975.1	dhr	L	C	V	ResFinderFG	C1|~dhr-544_1|dhr-544_1|LCV|ResFinderFG|KJ695975.1	L	
C2|~dhr-541_1|dhr-541_1|LCV|ResFinderFG|KJ695957.1	dhr	L	C	V	ResFinderFG	C1|~dhr-541_1|dhr-541_1|LCV|ResFinderFG|KJ695957.1	L	
C2|~dhr-534_1|dhr-534_1|LCV|ResFinderFG|KJ695887.1	dhr	L	C	V	ResFinderFG	C1|~dhr-534_1|dhr-534_1|LCV|ResFinderFG|KJ695887.1	L	
C2|~dhr-526_1|dhr-526_1|LCV|ResFinderFG|KJ695809.1	dhr	L	C	V	ResFinderFG	C1|~dhr-526_1|dhr-526_1|LCV|ResFinderFG|KJ695809.1	L	
C2|~dhr-511_1|dhr-511_1|LCV|ResFinderFG|KJ695680.1	dhr	L	C	V	ResFinderFG	C1|~dhr-511_1|dhr-511_1|LCV|ResFinderFG|KJ695680.1	L	
C2|~dhr-479_1|dhr-479_1|LCV|ResFinderFG|KJ695498.1	dhr	L	C	V	ResFinderFG	C1|~dhr-479_1|dhr-479_1|LCV|ResFinderFG|KJ695498.1	L	
C2|~dhr-472_1|dhr-472_1|LCV|ResFinderFG|KJ695435.1	dhr	L	C	V	ResFinderFG	C1|~dhr-472_1|dhr-472_1|LCV|ResFinderFG|KJ695435.1	L	
C2|~dhr-459_3|dhr-459_3|LCV|ResFinderFG|KJ695305.1	dhr	L	C	V	ResFinderFG	C1|~dhr-459_3|dhr-459_3|LCV|ResFinderFG|KJ695305.1	L	
C2|~dhr-452_1|dhr-452_1|LCV|ResFinderFG|KJ695262.1	dhr	L	C	V	ResFinderFG	C1|~dhr-452_1|dhr-452_1|LCV|ResFinderFG|KJ695262.1	L	
C2|~dhr-439_1|dhr-439_1|LCV|ResFinderFG|KJ695123.1	dhr	L	C	V	ResFinderFG	C1|~dhr-439_1|dhr-439_1|LCV|ResFinderFG|KJ695123.1	L	
C2|~dhr-405_1|dhr-405_1|LCV|ResFinderFG|KJ694802.1	dhr	L	C	V	ResFinderFG	C1|~dhr-405_1|dhr-405_1|LCV|ResFinderFG|KJ694802.1	L	
C2|~dhr-364_1|dhr-364_1|LCV|ResFinderFG|KJ694521.1	dhr	L	C	V	ResFinderFG	C1|~dhr-364_1|dhr-364_1|LCV|ResFinderFG|KJ694521.1	L	
C2|~dhr-348_1|dhr-348_1|LCV|ResFinderFG|KJ694450.1	dhr	L	C	V	ResFinderFG	C1|~dhr-348_1|dhr-348_1|LCV|ResFinderFG|KJ694450.1	L	
C2|~dhr-331_1|dhr-331_1|LCV|ResFinderFG|KJ694204.1	dhr	L	C	V	ResFinderFG	C1|~dhr-331_1|dhr-331_1|LCV|ResFinderFG|KJ694204.1	L	
C2|~dhr-321_1|dhr-321_1|LCV|ResFinderFG|KJ694062.1	dhr	L	C	V	ResFinderFG	C1|~dhr-321_1|dhr-321_1|LCV|ResFinderFG|KJ694062.1	L	
C2|~dhr-289_1|dhr-289_1|LCV|ResFinderFG|KJ693628.1	dhr	L	C	V	ResFinderFG	C1|~dhr-289_1|dhr-289_1|LCV|ResFinderFG|KJ693628.1	L	
C2|~dhr-267_1|dhr-267_1|LCV|ResFinderFG|KJ693328.1	dhr	L	C	V	ResFinderFG	C1|~dhr-267_1|dhr-267_1|LCV|ResFinderFG|KJ693328.1	L	
C2|~dhr-262_1|dhr-262_1|LCV|ResFinderFG|KJ693242.1	dhr	L	C	V	ResFinderFG	C1|~dhr-262_1|dhr-262_1|LCV|ResFinderFG|KJ693242.1	L	
C2|~dhr-252_1|dhr-252_1|LCV|ResFinderFG|KJ693067.1	dhr	L	C	V	ResFinderFG	C1|~dhr-252_1|dhr-252_1|LCV|ResFinderFG|KJ693067.1	L	
C2|~dhr-220_1|dhr-220_1|LCV|ResFinderFG|KJ692648.1	dhr	L	C	V	ResFinderFG	C1|~dhr-220_1|dhr-220_1|LCV|ResFinderFG|KJ692648.1	L	
C2|~dhr-208_1|dhr-208_1|LCV|ResFinderFG|KJ692427.1	dhr	L	C	V	ResFinderFG	C1|~dhr-208_1|dhr-208_1|LCV|ResFinderFG|KJ692427.1	L	
C2|~dhr-204_1|dhr-204_1|LCV|ResFinderFG|KJ692376.1	dhr	L	C	V	ResFinderFG	C1|~dhr-204_1|dhr-204_1|LCV|ResFinderFG|KJ692376.1	L	
C2|~dhr-186_1|dhr-186_1|LCV|ResFinderFG|KJ692032.1	dhr	L	C	V	ResFinderFG	C1|~dhr-186_1|dhr-186_1|LCV|ResFinderFG|KJ692032.1	L	
C2|~dhr-180_1|dhr-180_1|LCV|ResFinderFG|KJ691959.1	dhr	L	C	V	ResFinderFG	C1|~dhr-180_1|dhr-180_1|LCV|ResFinderFG|KJ691959.1	L	
C2|~dhr-686_1|dhr-686_1|LCV|ResFinderFG|MW601946.1	dhr	L	C	V	ResFinderFG	C1|~dhr-686_1|dhr-686_1|LCV|ResFinderFG|MW601946.1	L	
C2|~dhr-632_1|dhr-632_1|LCV|ResFinderFG|KT387195.1	dhr	L	C	V	ResFinderFG	C1|~dhr-632_1|dhr-632_1|LCV|ResFinderFG|KT387195.1	L	
C2|~dhr-140_1|dhr-140_1|LCV|ResFinderFG|KF629791.1	dhr	L	C	V	ResFinderFG	C1|~dhr-140_1|dhr-140_1|LCV|ResFinderFG|KF629791.1	L	
C2|~dhr-99_1|dhr-99_1|LCV|ResFinderFG|KF628725.1	dhr	L	C	V	ResFinderFG	C1|~dhr-99_1|dhr-99_1|LCV|ResFinderFG|KF628725.1	L	
C2|~dhr-56_1|dhr-56_1|LCV|ResFinderFG|KF627876.1	dhr	L	C	V	ResFinderFG	C1|~dhr-56_1|dhr-56_1|LCV|ResFinderFG|KF627876.1	L	
C2|~dhr-47_1|dhr-47_1|LCV|ResFinderFG|KF627716.1	dhr	L	C	V	ResFinderFG	C1|~dhr-47_1|dhr-47_1|LCV|ResFinderFG|KF627716.1	L	
C2|~dhr-45_1|dhr-45_1|LCV|ResFinderFG|KF627679.1	dhr	L	C	V	ResFinderFG	C1|~dhr-45_1|dhr-45_1|LCV|ResFinderFG|KF627679.1	L	
C2|~dhr-37_1|dhr-37_1|LCV|ResFinderFG|KF627590.1	dhr	L	C	V	ResFinderFG	C1|~dhr-37_1|dhr-37_1|LCV|ResFinderFG|KF627590.1	L	
C2|~dhr-673_1|dhr-673_1|LCV|ResFinderFG|KX128177.1	dhr	L	C	V	ResFinderFG	C1|~dhr-673_1|dhr-673_1|LCV|ResFinderFG|KX128177.1	L	
C2|~dhr-664_1|dhr-664_1|LCV|ResFinderFG|KX127144.1	dhr	L	C	V	ResFinderFG	C1|~dhr-664_1|dhr-664_1|LCV|ResFinderFG|KX127144.1	L	
C2|~dhr-585_1|dhr-585_1|LCV|ResFinderFG|KJ696243.1	dhr	L	C	V	ResFinderFG	C1|~dhr-585_1|dhr-585_1|LCV|ResFinderFG|KJ696243.1	L	
C2|~dhr-573_1|dhr-573_1|LCV|ResFinderFG|KJ696158.1	dhr	L	C	V	ResFinderFG	C1|~dhr-573_1|dhr-573_1|LCV|ResFinderFG|KJ696158.1	L	
C2|~dhr-553_1|dhr-553_1|LCV|ResFinderFG|KJ696012.1	dhr	L	C	V	ResFinderFG	C1|~dhr-553_1|dhr-553_1|LCV|ResFinderFG|KJ696012.1	L	
C2|~dhr-551_1|dhr-551_1|LCV|ResFinderFG|KJ696008.1	dhr	L	C	V	ResFinderFG	C1|~dhr-551_1|dhr-551_1|LCV|ResFinderFG|KJ696008.1	L	
C2|~dhr-494_1|dhr-494_1|LCV|ResFinderFG|KJ695581.1	dhr	L	C	V	ResFinderFG	C1|~dhr-494_1|dhr-494_1|LCV|ResFinderFG|KJ695581.1	L	
C2|~dhr-492_2|dhr-492_2|LCV|ResFinderFG|KJ695570.1	dhr	L	C	V	ResFinderFG	C1|~dhr-492_2|dhr-492_2|LCV|ResFinderFG|KJ695570.1	L	
C2|~dhr-458_1|dhr-458_1|LCV|ResFinderFG|KJ695288.1	dhr	L	C	V	ResFinderFG	C1|~dhr-458_1|dhr-458_1|LCV|ResFinderFG|KJ695288.1	L	
C2|~dhr-450_1|dhr-450_1|LCV|ResFinderFG|KJ695254.1	dhr	L	C	V	ResFinderFG	C1|~dhr-450_1|dhr-450_1|LCV|ResFinderFG|KJ695254.1	L	
C2|~dhr-384_1|dhr-384_1|LCV|ResFinderFG|KJ694689.1	dhr	L	C	V	ResFinderFG	C1|~dhr-384_1|dhr-384_1|LCV|ResFinderFG|KJ694689.1	L	
C2|~dhr-382_1|dhr-382_1|LCV|ResFinderFG|KJ694672.1	dhr	L	C	V	ResFinderFG	C1|~dhr-382_1|dhr-382_1|LCV|ResFinderFG|KJ694672.1	L	
C2|~dhr-380_2|dhr-380_2|LCV|ResFinderFG|KJ694654.1	dhr	L	C	V	ResFinderFG	C1|~dhr-380_2|dhr-380_2|LCV|ResFinderFG|KJ694654.1	L	
C2|~dhr-367_1|dhr-367_1|LCV|ResFinderFG|KJ694553.1	dhr	L	C	V	ResFinderFG	C1|~dhr-367_1|dhr-367_1|LCV|ResFinderFG|KJ694553.1	L	
C2|~dhr-320_1|dhr-320_1|LCV|ResFinderFG|KJ694061.1	dhr	L	C	V	ResFinderFG	C1|~dhr-320_1|dhr-320_1|LCV|ResFinderFG|KJ694061.1	L	
C2|~dhr-306_1|dhr-306_1|LCV|ResFinderFG|KJ693864.1	dhr	L	C	V	ResFinderFG	C1|~dhr-306_1|dhr-306_1|LCV|ResFinderFG|KJ693864.1	L	
C2|~dhr-305_1|dhr-305_1|LCV|ResFinderFG|KJ693843.1	dhr	L	C	V	ResFinderFG	C1|~dhr-305_1|dhr-305_1|LCV|ResFinderFG|KJ693843.1	L	
C2|~dhr-303_1|dhr-303_1|LCV|ResFinderFG|KJ693829.1	dhr	L	C	V	ResFinderFG	C1|~dhr-303_1|dhr-303_1|LCV|ResFinderFG|KJ693829.1	L	
C2|~dhr-296_2|dhr-296_2|LCV|ResFinderFG|KJ693743.1	dhr	L	C	V	ResFinderFG	C1|~dhr-296_2|dhr-296_2|LCV|ResFinderFG|KJ693743.1	L	
C2|~dhr-283_1|dhr-283_1|LCV|ResFinderFG|KJ693554.1	dhr	L	C	V	ResFinderFG	C1|~dhr-283_1|dhr-283_1|LCV|ResFinderFG|KJ693554.1	L	
C2|~dhr-263_1|dhr-263_1|LCV|ResFinderFG|KJ693291.1	dhr	L	C	V	ResFinderFG	C1|~dhr-263_1|dhr-263_1|LCV|ResFinderFG|KJ693291.1	L	
C2|~dhr-229_1|dhr-229_1|LCV|ResFinderFG|KJ692725.1	dhr	L	C	V	ResFinderFG	C1|~dhr-229_1|dhr-229_1|LCV|ResFinderFG|KJ692725.1	L	
C2|~dhr-224_1|dhr-224_1|LCV|ResFinderFG|KJ692692.1	dhr	L	C	V	ResFinderFG	C1|~dhr-224_1|dhr-224_1|LCV|ResFinderFG|KJ692692.1	L	
C2|~dhr-201_1|dhr-201_1|LCV|ResFinderFG|KJ692272.1	dhr	L	C	V	ResFinderFG	C1|~dhr-201_1|dhr-201_1|LCV|ResFinderFG|KJ692272.1	L	
C2|~dhr-193_1|dhr-193_1|LCV|ResFinderFG|KJ692107.1	dhr	L	C	V	ResFinderFG	C1|~dhr-193_1|dhr-193_1|LCV|ResFinderFG|KJ692107.1	L	
C2|~dhr-192_1|dhr-192_1|LCV|ResFinderFG|KJ692100.1	dhr	L	C	V	ResFinderFG	C1|~dhr-192_1|dhr-192_1|LCV|ResFinderFG|KJ692100.1	L	
C2|~dhr-176_1|dhr-176_1|LCV|ResFinderFG|KJ691913.1	dhr	L	C	V	ResFinderFG	C1|~dhr-176_1|dhr-176_1|LCV|ResFinderFG|KJ691913.1	L	
C2|~aac3-26_1|aac3-26_1|LCV|ResFinderFG|FN640465.1	aac3	L	C	V	ResFinderFG	C1|~aac3-26_1|aac3-26_1|LCV|ResFinderFG|FN640465.1	L	
C2|~dhr-108_1|dhr-108_1|LCV|ResFinderFG|KF629065.1	dhr	L	C	V	ResFinderFG	C1|~dhr-108_1|dhr-108_1|LCV|ResFinderFG|KF629065.1	L	
C2|~dhr-100_2|dhr-100_2|LCV|ResFinderFG|KF628807.1	dhr	L	C	V	ResFinderFG	C1|~dhr-100_2|dhr-100_2|LCV|ResFinderFG|KF628807.1	L	
C2|~dhr-94_1|dhr-94_1|LCV|ResFinderFG|KF628587.1	dhr	L	C	V	ResFinderFG	C1|~dhr-94_1|dhr-94_1|LCV|ResFinderFG|KF628587.1	L	
C2|~dhr-87_1|dhr-87_1|LCV|ResFinderFG|KF628362.1	dhr	L	C	V	ResFinderFG	C1|~dhr-87_1|dhr-87_1|LCV|ResFinderFG|KF628362.1	L	
C2|~dhr-62_6|dhr-62_6|LCV|ResFinderFG|KF628101.1	dhr	L	C	V	ResFinderFG	C1|~dhr-62_6|dhr-62_6|LCV|ResFinderFG|KF628101.1	L	
C2|~dhr-11_1|dhr-11_1|LCV|ResFinderFG|KF626780.1	dhr	L	C	V	ResFinderFG	C1|~dhr-11_1|dhr-11_1|LCV|ResFinderFG|KF626780.1	L	
C2|~dhr-667_1|dhr-667_1|LCV|ResFinderFG|KX127660.1	dhr	L	C	V	ResFinderFG	C1|~dhr-667_1|dhr-667_1|LCV|ResFinderFG|KX127660.1	L	
C2|~dhr-656_2|dhr-656_2|LCV|ResFinderFG|KX126577.1	dhr	L	C	V	ResFinderFG	C1|~dhr-656_2|dhr-656_2|LCV|ResFinderFG|KX126577.1	L	
C2|~dhr-3_1|dhr-3_1|LCV|ResFinderFG|JF924884.1	dhr	L	C	V	ResFinderFG	C1|~dhr-3_1|dhr-3_1|LCV|ResFinderFG|JF924884.1	L	
C2|~dhr-683_1|dhr-683_1|LCV|ResFinderFG|MG585978.1	dhr	L	C	V	ResFinderFG	C1|~dhr-683_1|dhr-683_1|LCV|ResFinderFG|MG585978.1	L	
C2|~dhr-609_2|dhr-609_2|LCV|ResFinderFG|KJ696381.1	dhr	L	C	V	ResFinderFG	C1|~dhr-609_2|dhr-609_2|LCV|ResFinderFG|KJ696381.1	L	
C2|~dhr-605_2|dhr-605_2|LCV|ResFinderFG|KJ696354.1	dhr	L	C	V	ResFinderFG	C1|~dhr-605_2|dhr-605_2|LCV|ResFinderFG|KJ696354.1	L	
C2|~dhr-600_2|dhr-600_2|LCV|ResFinderFG|KJ696323.1	dhr	L	C	V	ResFinderFG	C1|~dhr-600_2|dhr-600_2|LCV|ResFinderFG|KJ696323.1	L	
C2|~dhr-587_1|dhr-587_1|LCV|ResFinderFG|KJ696246.1	dhr	L	C	V	ResFinderFG	C1|~dhr-587_1|dhr-587_1|LCV|ResFinderFG|KJ696246.1	L	
C2|~dhr-567_1|dhr-567_1|LCV|ResFinderFG|KJ696081.1	dhr	L	C	V	ResFinderFG	C1|~dhr-567_1|dhr-567_1|LCV|ResFinderFG|KJ696081.1	L	
C2|~dhr-563_1|dhr-563_1|LCV|ResFinderFG|KJ696073.1	dhr	L	C	V	ResFinderFG	C1|~dhr-563_1|dhr-563_1|LCV|ResFinderFG|KJ696073.1	L	
C2|~dhr-545_1|dhr-545_1|LCV|ResFinderFG|KJ695983.1	dhr	L	C	V	ResFinderFG	C1|~dhr-545_1|dhr-545_1|LCV|ResFinderFG|KJ695983.1	L	
C2|~dhr-522_1|dhr-522_1|LCV|ResFinderFG|KJ695802.1	dhr	L	C	V	ResFinderFG	C1|~dhr-522_1|dhr-522_1|LCV|ResFinderFG|KJ695802.1	L	
C2|~dhr-481_1|dhr-481_1|LCV|ResFinderFG|KJ695516.1	dhr	L	C	V	ResFinderFG	C1|~dhr-481_1|dhr-481_1|LCV|ResFinderFG|KJ695516.1	L	
C2|~dhr-474_1|dhr-474_1|LCV|ResFinderFG|KJ695441.1	dhr	L	C	V	ResFinderFG	C1|~dhr-474_1|dhr-474_1|LCV|ResFinderFG|KJ695441.1	L	
C2|~dhr-449_1|dhr-449_1|LCV|ResFinderFG|KJ695244.1	dhr	L	C	V	ResFinderFG	C1|~dhr-449_1|dhr-449_1|LCV|ResFinderFG|KJ695244.1	L	
C2|~dhr-400_1|dhr-400_1|LCV|ResFinderFG|KJ694779.1	dhr	L	C	V	ResFinderFG	C1|~dhr-400_1|dhr-400_1|LCV|ResFinderFG|KJ694779.1	L	
C2|~dhr-396_1|dhr-396_1|LCV|ResFinderFG|KJ694757.1	dhr	L	C	V	ResFinderFG	C1|~dhr-396_1|dhr-396_1|LCV|ResFinderFG|KJ694757.1	L	
C2|~dhr-376_1|dhr-376_1|LCV|ResFinderFG|KJ694619.1	dhr	L	C	V	ResFinderFG	C1|~dhr-376_1|dhr-376_1|LCV|ResFinderFG|KJ694619.1	L	
C2|~dhr-369_1|dhr-369_1|LCV|ResFinderFG|KJ694571.1	dhr	L	C	V	ResFinderFG	C1|~dhr-369_1|dhr-369_1|LCV|ResFinderFG|KJ694571.1	L	
C2|~dhr-347_1|dhr-347_1|LCV|ResFinderFG|KJ694442.1	dhr	L	C	V	ResFinderFG	C1|~dhr-347_1|dhr-347_1|LCV|ResFinderFG|KJ694442.1	L	
C2|~dhr-343_1|dhr-343_1|LCV|ResFinderFG|KJ694389.1	dhr	L	C	V	ResFinderFG	C1|~dhr-343_1|dhr-343_1|LCV|ResFinderFG|KJ694389.1	L	
C2|~dhr-338_1|dhr-338_1|LCV|ResFinderFG|KJ694316.1	dhr	L	C	V	ResFinderFG	C1|~dhr-338_1|dhr-338_1|LCV|ResFinderFG|KJ694316.1	L	
C2|~dhr-336_1|dhr-336_1|LCV|ResFinderFG|KJ694271.1	dhr	L	C	V	ResFinderFG	C1|~dhr-336_1|dhr-336_1|LCV|ResFinderFG|KJ694271.1	L	
C2|~dhr-319_1|dhr-319_1|LCV|ResFinderFG|KJ694059.1	dhr	L	C	V	ResFinderFG	C1|~dhr-319_1|dhr-319_1|LCV|ResFinderFG|KJ694059.1	L	
C2|~dhr-314_2|dhr-314_2|LCV|ResFinderFG|KJ693958.1	dhr	L	C	V	ResFinderFG	C1|~dhr-314_2|dhr-314_2|LCV|ResFinderFG|KJ693958.1	L	
C2|~dhr-299_1|dhr-299_1|LCV|ResFinderFG|KJ693810.1	dhr	L	C	V	ResFinderFG	C1|~dhr-299_1|dhr-299_1|LCV|ResFinderFG|KJ693810.1	L	
C2|~dhr-243_1|dhr-243_1|LCV|ResFinderFG|KJ692900.1	dhr	L	C	V	ResFinderFG	C1|~dhr-243_1|dhr-243_1|LCV|ResFinderFG|KJ692900.1	L	
C2|~dhr-230_1|dhr-230_1|LCV|ResFinderFG|KJ692737.1	dhr	L	C	V	ResFinderFG	C1|~dhr-230_1|dhr-230_1|LCV|ResFinderFG|KJ692737.1	L	
C2|~dhr-212_1|dhr-212_1|LCV|ResFinderFG|KJ692494.1	dhr	L	C	V	ResFinderFG	C1|~dhr-212_1|dhr-212_1|LCV|ResFinderFG|KJ692494.1	L	
C2|~dhr-202_1|dhr-202_1|LCV|ResFinderFG|KJ692286.1	dhr	L	C	V	ResFinderFG	C1|~dhr-202_1|dhr-202_1|LCV|ResFinderFG|KJ692286.1	L	
C2|~dhr-631_4|dhr-631_4|LCV|ResFinderFG|KT387194.1	dhr	L	C	V	ResFinderFG	C1|~dhr-631_4|dhr-631_4|LCV|ResFinderFG|KT387194.1	L	
C2|~dhr-173_11|dhr-173_11|LCV|ResFinderFG|KF630320.1	dhr	L	C	V	ResFinderFG	C1|~dhr-173_11|dhr-173_11|LCV|ResFinderFG|KF630320.1	L	
C2|~dhr-166_17|dhr-166_17|LCV|ResFinderFG|KF630141.1	dhr	L	C	V	ResFinderFG	C1|~dhr-166_17|dhr-166_17|LCV|ResFinderFG|KF630141.1	L	
C2|~dhr-165_3|dhr-165_3|LCV|ResFinderFG|KF630129.1	dhr	L	C	V	ResFinderFG	C1|~dhr-165_3|dhr-165_3|LCV|ResFinderFG|KF630129.1	L	
C2|~dhr-161_1|dhr-161_1|LCV|ResFinderFG|KF630070.1	dhr	L	C	V	ResFinderFG	C1|~dhr-161_1|dhr-161_1|LCV|ResFinderFG|KF630070.1	L	
C2|~dhr-153_1|dhr-153_1|LCV|ResFinderFG|KF629990.1	dhr	L	C	V	ResFinderFG	C1|~dhr-153_1|dhr-153_1|LCV|ResFinderFG|KF629990.1	L	
C2|~dhr-145_4|dhr-145_4|LCV|ResFinderFG|KF629893.1	dhr	L	C	V	ResFinderFG	C1|~dhr-145_4|dhr-145_4|LCV|ResFinderFG|KF629893.1	L	
C2|~dhr-127_3|dhr-127_3|LCV|ResFinderFG|KF629480.1	dhr	L	C	V	ResFinderFG	C1|~dhr-127_3|dhr-127_3|LCV|ResFinderFG|KF629480.1	L	
C2|~dhr-122_2|dhr-122_2|LCV|ResFinderFG|KF629391.1	dhr	L	C	V	ResFinderFG	C1|~dhr-122_2|dhr-122_2|LCV|ResFinderFG|KF629391.1	L	
C2|~dhr-111_6|dhr-111_6|LCV|ResFinderFG|KF629163.1	dhr	L	C	V	ResFinderFG	C1|~dhr-111_6|dhr-111_6|LCV|ResFinderFG|KF629163.1	L	
C2|~dhr-107_4|dhr-107_4|LCV|ResFinderFG|KF629059.1	dhr	L	C	V	ResFinderFG	C1|~dhr-107_4|dhr-107_4|LCV|ResFinderFG|KF629059.1	L	
C2|~dhr-106_1|dhr-106_1|LCV|ResFinderFG|KF629033.1	dhr	L	C	V	ResFinderFG	C1|~dhr-106_1|dhr-106_1|LCV|ResFinderFG|KF629033.1	L	
C2|~dhr-98_2|dhr-98_2|LCV|ResFinderFG|KF628672.1	dhr	L	C	V	ResFinderFG	C1|~dhr-98_2|dhr-98_2|LCV|ResFinderFG|KF628672.1	L	
C2|~dhr-95_2|dhr-95_2|LCV|ResFinderFG|KF628604.1	dhr	L	C	V	ResFinderFG	C1|~dhr-95_2|dhr-95_2|LCV|ResFinderFG|KF628604.1	L	
C2|~dhr-71_2|dhr-71_2|LCV|ResFinderFG|KF628163.1	dhr	L	C	V	ResFinderFG	C1|~dhr-71_2|dhr-71_2|LCV|ResFinderFG|KF628163.1	L	
C2|~dhr-63_1|dhr-63_1|LCV|ResFinderFG|KF627865.1	dhr	L	C	V	ResFinderFG	C1|~dhr-63_1|dhr-63_1|LCV|ResFinderFG|KF627865.1	L	
C2|~dhr-40_3|dhr-40_3|LCV|ResFinderFG|KF627605.1	dhr	L	C	V	ResFinderFG	C1|~dhr-40_3|dhr-40_3|LCV|ResFinderFG|KF627605.1	L	
C2|~dhr-675_1|dhr-675_1|LCV|ResFinderFG|KX128317.1	dhr	L	C	V	ResFinderFG	C1|~dhr-675_1|dhr-675_1|LCV|ResFinderFG|KX128317.1	L	
C2|~dhr-669_1|dhr-669_1|LCV|ResFinderFG|KX127685.1	dhr	L	C	V	ResFinderFG	C1|~dhr-669_1|dhr-669_1|LCV|ResFinderFG|KX127685.1	L	
C2|~dhr-659_1|dhr-659_1|LMV|ResFinderFG|KX127014.1	dhr	L	M	V	ResFinderFG	C1|~dhr-659_1|dhr-659_1|LCV|ResFinderFG|KX127014.1	L	
C2|~dhr-648_1|dhr-648_1|LCV|ResFinderFG|KX125412.1	dhr	L	C	V	ResFinderFG	C1|~dhr-648_1|dhr-648_1|LCV|ResFinderFG|KX125412.1	L	
C2|~dhr-6_1|dhr-6_1|LCV|ResFinderFG|JF924889.1	dhr	L	C	V	ResFinderFG	C1|~dhr-6_1|dhr-6_1|LCV|ResFinderFG|JF924889.1	L	
C2|~dhr-599_1|dhr-599_1|LCV|ResFinderFG|KJ696320.1	dhr	L	C	V	ResFinderFG	C1|~dhr-599_1|dhr-599_1|LCV|ResFinderFG|KJ696320.1	L	
C2|~dhr-574_1|dhr-574_1|LCV|ResFinderFG|KJ696179.1	dhr	L	C	V	ResFinderFG	C1|~dhr-574_1|dhr-574_1|LCV|ResFinderFG|KJ696179.1	L	
C2|~dhr-556_1|dhr-556_1|LCV|ResFinderFG|KJ696017.1	dhr	L	C	V	ResFinderFG	C1|~dhr-556_1|dhr-556_1|LCV|ResFinderFG|KJ696017.1	L	
C2|~dhr-529_1|dhr-529_1|LCV|ResFinderFG|KJ695829.1	dhr	L	C	V	ResFinderFG	C1|~dhr-529_1|dhr-529_1|LCV|ResFinderFG|KJ695829.1	L	
C2|~dhr-528_1|dhr-528_1|LCV|ResFinderFG|KJ695814.1	dhr	L	C	V	ResFinderFG	C1|~dhr-528_1|dhr-528_1|LCV|ResFinderFG|KJ695814.1	L	
C2|~dhr-519_1|dhr-519_1|LCV|ResFinderFG|KJ695769.1	dhr	L	C	V	ResFinderFG	C1|~dhr-519_1|dhr-519_1|LCV|ResFinderFG|KJ695769.1	L	
C2|~dhr-504_1|dhr-504_1|LCV|ResFinderFG|KJ695634.1	dhr	L	C	V	ResFinderFG	C1|~dhr-504_1|dhr-504_1|LCV|ResFinderFG|KJ695634.1	L	
C2|~dhr-429_1|dhr-429_1|LCV|ResFinderFG|KJ695002.1	dhr	L	C	V	ResFinderFG	C1|~dhr-429_1|dhr-429_1|LCV|ResFinderFG|KJ695002.1	L	
C2|~dhr-418_1|dhr-418_1|LCV|ResFinderFG|KJ694894.1	dhr	L	C	V	ResFinderFG	C1|~dhr-418_1|dhr-418_1|LCV|ResFinderFG|KJ694894.1	L	
C2|~dhr-394_3|dhr-394_3|LCV|ResFinderFG|KJ694752.1	dhr	L	C	V	ResFinderFG	C1|~dhr-394_3|dhr-394_3|LCV|ResFinderFG|KJ694752.1	L	
C2|~dhr-372_1|dhr-372_1|LCV|ResFinderFG|KJ694605.1	dhr	L	C	V	ResFinderFG	C1|~dhr-372_1|dhr-372_1|LCV|ResFinderFG|KJ694605.1	L	
C2|~dhr-362_1|dhr-362_1|LCV|ResFinderFG|KJ694518.1	dhr	L	C	V	ResFinderFG	C1|~dhr-362_1|dhr-362_1|LCV|ResFinderFG|KJ694518.1	L	
C2|~dhr-355_1|dhr-355_1|LCV|ResFinderFG|KJ694508.1	dhr	L	C	V	ResFinderFG	C1|~dhr-355_1|dhr-355_1|LCV|ResFinderFG|KJ694508.1	L	
C2|~dhr-335_1|dhr-335_1|LCV|ResFinderFG|KJ694269.1	dhr	L	C	V	ResFinderFG	C1|~dhr-335_1|dhr-335_1|LCV|ResFinderFG|KJ694269.1	L	
C2|~dhr-302_1|dhr-302_1|LCV|ResFinderFG|KJ693819.1	dhr	L	C	V	ResFinderFG	C1|~dhr-302_1|dhr-302_1|LCV|ResFinderFG|KJ693819.1	L	
C2|~dhr-266_1|dhr-266_1|LCV|ResFinderFG|KJ693325.1	dhr	L	C	V	ResFinderFG	C1|~dhr-266_1|dhr-266_1|LCV|ResFinderFG|KJ693325.1	L	
C2|~dhr-236_1|dhr-236_1|LCV|ResFinderFG|KJ692803.1	dhr	L	C	V	ResFinderFG	C1|~dhr-236_1|dhr-236_1|LCV|ResFinderFG|KJ692803.1	L	
C2|~dhr-231_1|dhr-231_1|LCV|ResFinderFG|KJ692746.1	dhr	L	C	V	ResFinderFG	C1|~dhr-231_1|dhr-231_1|LCV|ResFinderFG|KJ692746.1	L	
C2|~dhr-187_1|dhr-187_1|LCV|ResFinderFG|KJ692033.1	dhr	L	C	V	ResFinderFG	C1|~dhr-187_1|dhr-187_1|LCV|ResFinderFG|KJ692033.1	L	
C2|~aac6p-71_1|aac6p-71_1|LCV|ResFinderFG|KJ512975.1	aac6p	L	C	V	ResFinderFG	C1|~aac6p-71_1|aac6p-71_1|LCV|ResFinderFG|KJ512975.1	L	
C2|~aac6p-49_1|aac6p-49_1|LCV|ResFinderFG|JX875571.1	aac6p	L	C	V	ResFinderFG	C1|~aac6p-49_1|aac6p-49_1|LCV|ResFinderFG|JX875571.1	L	
C2|~dhr-155_3|dhr-155_3|LCV|ResFinderFG|KF630008.1	dhr	L	C	V	ResFinderFG	C1|~dhr-155_3|dhr-155_3|LCV|ResFinderFG|KF630008.1	L	
C2|~dhr-146_1|dhr-146_1|LCV|ResFinderFG|KF629896.1	dhr	L	C	V	ResFinderFG	C1|~dhr-146_1|dhr-146_1|LCV|ResFinderFG|KF629896.1	L	
C2|~dhr-142_1|dhr-142_1|LCV|ResFinderFG|KF629798.1	dhr	L	C	V	ResFinderFG	C1|~dhr-142_1|dhr-142_1|LCV|ResFinderFG|KF629798.1	L	
C2|~dhr-136_6|dhr-136_6|LCV|ResFinderFG|KF629732.1	dhr	L	C	V	ResFinderFG	C1|~dhr-136_6|dhr-136_6|LCV|ResFinderFG|KF629732.1	L	
C2|~dhr-64_1|dhr-64_1|LCV|ResFinderFG|KF628119.1	dhr	L	C	V	ResFinderFG	C1|~dhr-64_1|dhr-64_1|LCV|ResFinderFG|KF628119.1	L	
C2|~dhr-41_1|dhr-41_1|LCV|ResFinderFG|KF627622.1	dhr	L	C	V	ResFinderFG	C1|~dhr-41_1|dhr-41_1|LCV|ResFinderFG|KF627622.1	L	
C2|~dhr-18_1|dhr-18_1|LCV|ResFinderFG|KF626957.1	dhr	L	C	V	ResFinderFG	C1|~dhr-18_1|dhr-18_1|LCV|ResFinderFG|KF626957.1	L	
C2|~dhr-13_1|dhr-13_1|LCV|ResFinderFG|KF626864.1	dhr	L	C	V	ResFinderFG	C1|~dhr-13_1|dhr-13_1|LCV|ResFinderFG|KF626864.1	L	
C2|~dhr-676_3|dhr-676_3|LCV|ResFinderFG|KX128322.1	dhr	L	C	V	ResFinderFG	C1|~dhr-676_3|dhr-676_3|LCV|ResFinderFG|KX128322.1	L	
C2|~dhr-674_1|dhr-674_1|LCV|ResFinderFG|KX128311.1	dhr	L	C	V	ResFinderFG	C1|~dhr-674_1|dhr-674_1|LCV|ResFinderFG|KX128311.1	L	
C2|~dhr-671_3|dhr-671_3|LCV|ResFinderFG|KX127944.1	dhr	L	C	V	ResFinderFG	C1|~dhr-671_3|dhr-671_3|LCV|ResFinderFG|KX127944.1	L	
C2|~dhr-653_1|dhr-653_1|LCV|ResFinderFG|KX126534.1	dhr	L	C	V	ResFinderFG	C1|~dhr-653_1|dhr-653_1|LCV|ResFinderFG|KX126534.1	L	
C2|~dhr-645_1|dhr-645_1|LCV|ResFinderFG|KX125266.1	dhr	L	C	V	ResFinderFG	C1|~dhr-645_1|dhr-645_1|LCV|ResFinderFG|KX125266.1	L	
C2|~dhr-627_1|dhr-627_1|LCV|ResFinderFG|KJ696518.1	dhr	L	C	V	ResFinderFG	C1|~dhr-627_1|dhr-627_1|LCV|ResFinderFG|KJ696518.1	L	
C2|~dhr-625_1|dhr-625_1|LCV|ResFinderFG|KJ696506.1	dhr	L	C	V	ResFinderFG	C1|~dhr-625_1|dhr-625_1|LCV|ResFinderFG|KJ696506.1	L	
C2|~dhr-617_1|dhr-617_1|LCV|ResFinderFG|KJ696431.1	dhr	L	C	V	ResFinderFG	C1|~dhr-617_1|dhr-617_1|LCV|ResFinderFG|KJ696431.1	L	
C2|~dhr-597_2|dhr-597_2|LCV|ResFinderFG|KJ696300.1	dhr	L	C	V	ResFinderFG	C1|~dhr-597_2|dhr-597_2|LCV|ResFinderFG|KJ696300.1	L	
C2|~dhr-582_2|dhr-582_2|LCV|ResFinderFG|KJ696227.1	dhr	L	C	V	ResFinderFG	C1|~dhr-582_2|dhr-582_2|LCV|ResFinderFG|KJ696227.1	L	
C2|~dhr-564_1|dhr-564_1|LCV|ResFinderFG|KJ696075.1	dhr	L	C	V	ResFinderFG	C1|~dhr-564_1|dhr-564_1|LCV|ResFinderFG|KJ696075.1	L	
C2|~dhr-509_1|dhr-509_1|LCV|ResFinderFG|KJ695661.1	dhr	L	C	V	ResFinderFG	C1|~dhr-509_1|dhr-509_1|LCV|ResFinderFG|KJ695661.1	L	
C2|~dhr-501_1|dhr-501_1|LCV|ResFinderFG|KJ695624.1	dhr	L	C	V	ResFinderFG	C1|~dhr-501_1|dhr-501_1|LCV|ResFinderFG|KJ695624.1	L	
C2|~dhr-499_1|dhr-499_1|LCV|ResFinderFG|KJ695617.1	dhr	L	C	V	ResFinderFG	C1|~dhr-499_1|dhr-499_1|LCV|ResFinderFG|KJ695617.1	L	
C2|~van-496_1|van-496_1|LCV|ResFinderFG|KJ695204.1	van	L	C	V	ResFinderFG	C1|~van-496_1|van-496_1|LCV|ResFinderFG|KJ695204.1	L	
C2|~dhr-411_1|dhr-411_1|LCV|ResFinderFG|KJ694840.1	dhr	L	C	V	ResFinderFG	C1|~dhr-411_1|dhr-411_1|LCV|ResFinderFG|KJ694840.1	L	
C2|~dhr-373_1|dhr-373_1|LCV|ResFinderFG|KJ694608.1	dhr	L	C	V	ResFinderFG	C1|~dhr-373_1|dhr-373_1|LCV|ResFinderFG|KJ694608.1	L	
C2|~dhr-339_1|dhr-339_1|LCV|ResFinderFG|KJ694345.1	dhr	L	C	V	ResFinderFG	C1|~dhr-339_1|dhr-339_1|LCV|ResFinderFG|KJ694345.1	L	
C2|~dhr-317_1|dhr-317_1|LCV|ResFinderFG|KJ694016.1	dhr	L	C	V	ResFinderFG	C1|~dhr-317_1|dhr-317_1|LCV|ResFinderFG|KJ694016.1	L	
C2|~dhr-304_1|dhr-304_1|LCV|ResFinderFG|KJ693842.1	dhr	L	C	V	ResFinderFG	C1|~dhr-304_1|dhr-304_1|LCV|ResFinderFG|KJ693842.1	L	
C2|~dhr-274_1|dhr-274_1|LCV|ResFinderFG|KJ693486.1	dhr	L	C	V	ResFinderFG	C1|~dhr-274_1|dhr-274_1|LCV|ResFinderFG|KJ693486.1	L	
C2|~dhr-273_1|dhr-273_1|LCV|ResFinderFG|KJ693485.1	dhr	L	C	V	ResFinderFG	C1|~dhr-273_1|dhr-273_1|LCV|ResFinderFG|KJ693485.1	L	
C2|~dhr-270_1|dhr-270_1|LCV|ResFinderFG|KJ693430.1	dhr	L	C	V	ResFinderFG	C1|~dhr-270_1|dhr-270_1|LCV|ResFinderFG|KJ693430.1	L	
C2|~dhr-258_1|dhr-258_1|LCV|ResFinderFG|KJ693129.1	dhr	L	C	V	ResFinderFG	C1|~dhr-258_1|dhr-258_1|LCV|ResFinderFG|KJ693129.1	L	
C2|~dhr-211_1|dhr-211_1|LCV|ResFinderFG|KJ692440.1	dhr	L	C	V	ResFinderFG	C1|~dhr-211_1|dhr-211_1|LCV|ResFinderFG|KJ692440.1	L	
C2|~dhr-191_1|dhr-191_1|LCV|ResFinderFG|KJ692073.1	dhr	L	C	V	ResFinderFG	C1|~dhr-191_1|dhr-191_1|LCV|ResFinderFG|KJ692073.1	L	
C2|~tetRPG-45_1|tetRPG-45_1|LMV|ResFinderFG|KU547444.1	tetRPG	L	M	V	ResFinderFG	C1|~tetRPG-45_1|tetRPG-45_1|LCV|ResFinderFG|KU547444.1	L	
C2|~dhr-151_10|dhr-151_10|LCV|ResFinderFG|KF629967.1	dhr	L	C	V	ResFinderFG	C1|~dhr-151_10|dhr-151_10|LCV|ResFinderFG|KF629967.1	L	
C2|~dhr-119_5|dhr-119_5|LCV|ResFinderFG|KF629329.1	dhr	L	C	V	ResFinderFG	C1|~dhr-119_5|dhr-119_5|LCV|ResFinderFG|KF629329.1	L	
C2|~dhr-114_1|dhr-114_1|LCV|ResFinderFG|KF629243.1	dhr	L	C	V	ResFinderFG	C1|~dhr-114_1|dhr-114_1|LCV|ResFinderFG|KF629243.1	L	
C2|~dhr-109_1|dhr-109_1|LCV|ResFinderFG|KF629072.1	dhr	L	C	V	ResFinderFG	C1|~dhr-109_1|dhr-109_1|LCV|ResFinderFG|KF629072.1	L	
C2|~dhr-86_2|dhr-86_2|LCV|ResFinderFG|KF628329.1	dhr	L	C	V	ResFinderFG	C1|~dhr-86_2|dhr-86_2|LCV|ResFinderFG|KF628329.1	L	
C2|~dhr-84_1|dhr-84_1|LCV|ResFinderFG|KF628264.1	dhr	L	C	V	ResFinderFG	C1|~dhr-84_1|dhr-84_1|LCV|ResFinderFG|KF628264.1	L	
C2|~van-175_1|van-175_1|LCV|ResFinderFG|KF627966.1	van	L	C	V	ResFinderFG	C1|~van-175_1|van-175_1|LCV|ResFinderFG|KF627966.1	L	
C2|~dhr-35_1|dhr-35_1|LCV|ResFinderFG|KF627563.1	dhr	L	C	V	ResFinderFG	C1|~dhr-35_1|dhr-35_1|LCV|ResFinderFG|KF627563.1	L	
C2|~dhr-54_1|dhr-54_1|LCV|ResFinderFG|KF627497.1	dhr	L	C	V	ResFinderFG	C1|~dhr-54_1|dhr-54_1|LCV|ResFinderFG|KF627497.1	L	
C2|~dhr-14_2|dhr-14_2|LCV|ResFinderFG|KF626878.1	dhr	L	C	V	ResFinderFG	C1|~dhr-14_2|dhr-14_2|LCV|ResFinderFG|KF626878.1	L	
C2|~van-587_1|van-587_1|LCV|ResFinderFG|KX127205.1	van	L	C	V	ResFinderFG	C1|~van-587_1|van-587_1|LCV|ResFinderFG|KX127205.1	L	
C2|~dhr-649_1|dhr-649_1|LCV|ResFinderFG|KX125921.1	dhr	L	C	V	ResFinderFG	C1|~dhr-649_1|dhr-649_1|LCV|ResFinderFG|KX125921.1	L	
C2|~dhr-647_1|dhr-647_1|LCV|ResFinderFG|KX125394.1	dhr	L	C	V	ResFinderFG	C1|~dhr-647_1|dhr-647_1|LCV|ResFinderFG|KX125394.1	L	
C2|~dhr-568_2|dhr-568_2|LCV|ResFinderFG|KJ696095.1	dhr	L	C	V	ResFinderFG	C1|~dhr-568_2|dhr-568_2|LCV|ResFinderFG|KJ696095.1	L	
C2|~dhr-562_2|dhr-562_2|LCV|ResFinderFG|KJ696072.1	dhr	L	C	V	ResFinderFG	C1|~dhr-562_2|dhr-562_2|LCV|ResFinderFG|KJ696072.1	L	
C2|~dhr-530_1|dhr-530_1|LCV|ResFinderFG|KJ695839.1	dhr	L	C	V	ResFinderFG	C1|~dhr-530_1|dhr-530_1|LCV|ResFinderFG|KJ695839.1	L	
C2|~dhr-495_1|dhr-495_1|LCV|ResFinderFG|KJ695582.1	dhr	L	C	V	ResFinderFG	C1|~dhr-495_1|dhr-495_1|LCV|ResFinderFG|KJ695582.1	L	
C2|~dhr-488_1|dhr-488_1|LCV|ResFinderFG|KJ695541.1	dhr	L	C	V	ResFinderFG	C1|~dhr-488_1|dhr-488_1|LCV|ResFinderFG|KJ695541.1	L	
C2|~dhr-473_1|dhr-473_1|LCV|ResFinderFG|KJ695440.1	dhr	L	C	V	ResFinderFG	C1|~dhr-473_1|dhr-473_1|LCV|ResFinderFG|KJ695440.1	L	
C2|~dhr-386_1|dhr-386_1|LCV|ResFinderFG|KJ694708.1	dhr	L	C	V	ResFinderFG	C1|~dhr-386_1|dhr-386_1|LCV|ResFinderFG|KJ694708.1	L	
C2|~dhr-358_1|dhr-358_1|LCV|ResFinderFG|KJ694513.1	dhr	L	C	V	ResFinderFG	C1|~dhr-358_1|dhr-358_1|LCV|ResFinderFG|KJ694513.1	L	
C2|~dhr-344_1|dhr-344_1|LCV|ResFinderFG|KJ694406.1	dhr	L	C	V	ResFinderFG	C1|~dhr-344_1|dhr-344_1|LCV|ResFinderFG|KJ694406.1	L	
C2|~dhr-327_1|dhr-327_1|LCV|ResFinderFG|KJ694101.1	dhr	L	C	V	ResFinderFG	C1|~dhr-327_1|dhr-327_1|LCV|ResFinderFG|KJ694101.1	L	
C2|~dhr-642_1|dhr-642_1|LCV|ResFinderFG|KU577934.1	dhr	L	C	V	ResFinderFG	C1|~dhr-642_1|dhr-642_1|LCV|ResFinderFG|KU577934.1	L	
C2|~dhr-91_4|dhr-91_4|LCV|ResFinderFG|KF628527.1	dhr	L	C	V	ResFinderFG	C1|~dhr-91_4|dhr-91_4|LCV|ResFinderFG|KF628527.1	L	
C2|~dhr-89_2|dhr-89_2|LCV|ResFinderFG|KF628386.1	dhr	L	C	V	ResFinderFG	C1|~dhr-89_2|dhr-89_2|LCV|ResFinderFG|KF628386.1	L	
C2|~dhr-80_1|dhr-80_1|LCV|ResFinderFG|KF628216.1	dhr	L	C	V	ResFinderFG	C1|~dhr-80_1|dhr-80_1|LCV|ResFinderFG|KF628216.1	L	
C2|~dhr-78_1|dhr-78_1|LCV|ResFinderFG|KF628210.1	dhr	L	C	V	ResFinderFG	C1|~dhr-78_1|dhr-78_1|LCV|ResFinderFG|KF628210.1	L	
C2|~dhr-70_2|dhr-70_2|LCV|ResFinderFG|KF628162.1	dhr	L	C	V	ResFinderFG	C1|~dhr-70_2|dhr-70_2|LCV|ResFinderFG|KF628162.1	L	
C2|~dhr-68_1|dhr-68_1|LCV|ResFinderFG|KF628146.1	dhr	L	C	V	ResFinderFG	C1|~dhr-68_1|dhr-68_1|LCV|ResFinderFG|KF628146.1	L	
C2|~dhr-39_2|dhr-39_2|LCV|ResFinderFG|KF627599.1	dhr	L	C	V	ResFinderFG	C1|~dhr-39_2|dhr-39_2|LCV|ResFinderFG|KF627599.1	L	
C2|~dhr-17_1|dhr-17_1|LCV|ResFinderFG|KF626948.1	dhr	L	C	V	ResFinderFG	C1|~dhr-17_1|dhr-17_1|LCV|ResFinderFG|KF626948.1	L	
C2|~dhr-670_1|dhr-670_1|LCV|ResFinderFG|KX127692.1	dhr	L	C	V	ResFinderFG	C1|~dhr-670_1|dhr-670_1|LCV|ResFinderFG|KX127692.1	L	
C2|~van-568_1|van-568_1|LCV|ResFinderFG|KX125769.1	van	L	C	V	ResFinderFG	C1|~van-568_1|van-568_1|LCV|ResFinderFG|KX125769.1	L	
C2|~dhr-684_1|dhr-684_1|LCV|ResFinderFG|MG585992.1	dhr	L	C	V	ResFinderFG	C1|~dhr-684_1|dhr-684_1|LCV|ResFinderFG|MG585992.1	L	
C2|~dhr-614_1|dhr-614_1|LCV|ResFinderFG|KJ696403.1	dhr	L	C	V	ResFinderFG	C1|~dhr-614_1|dhr-614_1|LCV|ResFinderFG|KJ696403.1	L	
C2|~dhr-592_1|dhr-592_1|LCV|ResFinderFG|KJ696282.1	dhr	L	C	V	ResFinderFG	C1|~dhr-592_1|dhr-592_1|LCV|ResFinderFG|KJ696282.1	L	
C2|~dhr-575_1|dhr-575_1|LCV|ResFinderFG|KJ696184.1	dhr	L	C	V	ResFinderFG	C1|~dhr-575_1|dhr-575_1|LCV|ResFinderFG|KJ696184.1	L	
C2|~dhr-434_1|dhr-434_1|LCV|ResFinderFG|KJ695067.1	dhr	L	C	V	ResFinderFG	C1|~dhr-434_1|dhr-434_1|LCV|ResFinderFG|KJ695067.1	L	
C2|~dhr-422_1|dhr-422_1|LCV|ResFinderFG|KJ694938.1	dhr	L	C	V	ResFinderFG	C1|~dhr-422_1|dhr-422_1|LCV|ResFinderFG|KJ694938.1	L	
C2|~dhr-398_2|dhr-398_2|LCV|ResFinderFG|KJ694763.1	dhr	L	C	V	ResFinderFG	C1|~dhr-398_2|dhr-398_2|LCV|ResFinderFG|KJ694763.1	L	
C2|~dhr-383_2|dhr-383_2|LCV|ResFinderFG|KJ694686.1	dhr	L	C	V	ResFinderFG	C1|~dhr-383_2|dhr-383_2|LCV|ResFinderFG|KJ694686.1	L	
C2|~dhr-378_1|dhr-378_1|LCV|ResFinderFG|KJ694621.1	dhr	L	C	V	ResFinderFG	C1|~dhr-378_1|dhr-378_1|LCV|ResFinderFG|KJ694621.1	L	
C2|~dhr-368_1|dhr-368_1|LCV|ResFinderFG|KJ694570.1	dhr	L	C	V	ResFinderFG	C1|~dhr-368_1|dhr-368_1|LCV|ResFinderFG|KJ694570.1	L	
C2|~dhr-334_1|dhr-334_1|LCV|ResFinderFG|KJ694231.1	dhr	L	C	V	ResFinderFG	C1|~dhr-334_1|dhr-334_1|LCV|ResFinderFG|KJ694231.1	L	
C2|~van-424_1|van-424_1|LCV|ResFinderFG|KJ693793.1	van	L	C	V	ResFinderFG	C1|~van-424_1|van-424_1|LCV|ResFinderFG|KJ693793.1	L	
C2|~dhr-251_1|dhr-251_1|LCV|ResFinderFG|KJ693064.1	dhr	L	C	V	ResFinderFG	C1|~dhr-251_1|dhr-251_1|LCV|ResFinderFG|KJ693064.1	L	
C2|~dhr-249_1|dhr-249_1|LCV|ResFinderFG|KJ692983.1	dhr	L	C	V	ResFinderFG	C1|~dhr-249_1|dhr-249_1|LCV|ResFinderFG|KJ692983.1	L	
C2|~aac6p-59_1|aac6p-59_1|LCV|ResFinderFG|KJ512967.1	aac6p	L	C	V	ResFinderFG	C1|~aac6p-59_1|aac6p-59_1|LCV|ResFinderFG|KJ512967.1	L	
C2|~dhr-636_1|dhr-636_1|LCV|ResFinderFG|KT387206.1	dhr	L	C	V	ResFinderFG	C1|~dhr-636_1|dhr-636_1|LCV|ResFinderFG|KT387206.1	L	
C2|~dhr-110_4|dhr-110_4|LCV|ResFinderFG|KF629142.1	dhr	L	C	V	ResFinderFG	C1|~dhr-110_4|dhr-110_4|LCV|ResFinderFG|KF629142.1	L	
C2|~dhr-76_1|dhr-76_1|LCV|ResFinderFG|KF628186.1	dhr	L	C	V	ResFinderFG	C1|~dhr-76_1|dhr-76_1|LCV|ResFinderFG|KF628186.1	L	
C2|~dhr-69_1|dhr-69_1|LCV|ResFinderFG|KF628153.1	dhr	L	C	V	ResFinderFG	C1|~dhr-69_1|dhr-69_1|LCV|ResFinderFG|KF628153.1	L	
C2|~dhr-26_1|dhr-26_1|LCV|ResFinderFG|KF627333.1	dhr	L	C	V	ResFinderFG	C1|~dhr-26_1|dhr-26_1|LCV|ResFinderFG|KF627333.1	L	
C2|~dhr-12_1|dhr-12_1|LCV|ResFinderFG|KF626858.1	dhr	L	C	V	ResFinderFG	C1|~dhr-12_1|dhr-12_1|LCV|ResFinderFG|KF626858.1	L	
C2|~dhr-681_1|dhr-681_1|LCV|ResFinderFG|MG585976.1	dhr	L	C	V	ResFinderFG	C1|~dhr-681_1|dhr-681_1|LCV|ResFinderFG|MG585976.1	L	
C2|~dhr-622_1|dhr-622_1|LCV|ResFinderFG|KJ696472.1	dhr	L	C	V	ResFinderFG	C1|~dhr-622_1|dhr-622_1|LCV|ResFinderFG|KJ696472.1	L	
C2|~dhr-621_2|dhr-621_2|LCV|ResFinderFG|KJ696470.1	dhr	L	C	V	ResFinderFG	C1|~dhr-621_2|dhr-621_2|LCV|ResFinderFG|KJ696470.1	L	
C2|~dhr-610_1|dhr-610_1|LCV|ResFinderFG|KJ696393.1	dhr	L	C	V	ResFinderFG	C1|~dhr-610_1|dhr-610_1|LCV|ResFinderFG|KJ696393.1	L	
C2|~dhr-588_1|dhr-588_1|LCV|ResFinderFG|KJ696247.1	dhr	L	C	V	ResFinderFG	C1|~dhr-588_1|dhr-588_1|LCV|ResFinderFG|KJ696247.1	L	
C2|~dhr-579_1|dhr-579_1|LCV|ResFinderFG|KJ696218.1	dhr	L	C	V	ResFinderFG	C1|~dhr-579_1|dhr-579_1|LCV|ResFinderFG|KJ696218.1	L	
C2|~dhr-558_1|dhr-558_1|LCV|ResFinderFG|KJ696039.1	dhr	L	C	V	ResFinderFG	C1|~dhr-558_1|dhr-558_1|LCV|ResFinderFG|KJ696039.1	L	
C2|~dhr-516_1|dhr-516_1|LCV|ResFinderFG|KJ695748.1	dhr	L	C	V	ResFinderFG	C1|~dhr-516_1|dhr-516_1|LCV|ResFinderFG|KJ695748.1	L	
C2|~dhr-493_1|dhr-493_1|LCV|ResFinderFG|KJ695580.1	dhr	L	C	V	ResFinderFG	C1|~dhr-493_1|dhr-493_1|LCV|ResFinderFG|KJ695580.1	L	
C2|~dhr-491_1|dhr-491_1|LCV|ResFinderFG|KJ695558.1	dhr	L	C	V	ResFinderFG	C1|~dhr-491_1|dhr-491_1|LCV|ResFinderFG|KJ695558.1	L	
C2|~dhr-416_1|dhr-416_1|LCV|ResFinderFG|KJ694878.1	dhr	L	C	V	ResFinderFG	C1|~dhr-416_1|dhr-416_1|LCV|ResFinderFG|KJ694878.1	L	
C2|~dhr-402_2|dhr-402_2|LCV|ResFinderFG|KJ694789.1	dhr	L	C	V	ResFinderFG	C1|~dhr-402_2|dhr-402_2|LCV|ResFinderFG|KJ694789.1	L	
C2|~dhr-322_1|dhr-322_1|LCV|ResFinderFG|KJ694063.1	dhr	L	C	V	ResFinderFG	C1|~dhr-322_1|dhr-322_1|LCV|ResFinderFG|KJ694063.1	L	
C2|~dhr-280_1|dhr-280_1|LCV|ResFinderFG|KJ693535.1	dhr	L	C	V	ResFinderFG	C1|~dhr-280_1|dhr-280_1|LCV|ResFinderFG|KJ693535.1	L	
C2|~dhr-279_1|dhr-279_1|LCV|ResFinderFG|KJ693531.1	dhr	L	C	V	ResFinderFG	C1|~dhr-279_1|dhr-279_1|LCV|ResFinderFG|KJ693531.1	L	
C2|~dhr-272_1|dhr-272_1|LCV|ResFinderFG|KJ693436.1	dhr	L	C	V	ResFinderFG	C1|~dhr-272_1|dhr-272_1|LCV|ResFinderFG|KJ693436.1	L	
C2|~van-109_1|van-109_1|LCV|ResFinderFG|JX009269.1	van	L	C	V	ResFinderFG	C1|~van-109_1|van-109_1|LCV|ResFinderFG|JX009269.1	L	
C2|~dhr-149_5|dhr-149_5|LCV|ResFinderFG|KF629827.1	dhr	L	C	V	ResFinderFG	C1|~dhr-149_5|dhr-149_5|LCV|ResFinderFG|KF629827.1	L	
C2|~dhr-112_1|dhr-112_1|LCV|ResFinderFG|KF629219.1	dhr	L	C	V	ResFinderFG	C1|~dhr-112_1|dhr-112_1|LCV|ResFinderFG|KF629219.1	L	
C2|~dhr-79_1|dhr-79_1|LCV|ResFinderFG|KF628214.1	dhr	L	C	V	ResFinderFG	C1|~dhr-79_1|dhr-79_1|LCV|ResFinderFG|KF628214.1	L	
C2|~dhr-67_1|dhr-67_1|LCV|ResFinderFG|KF628145.1	dhr	L	C	V	ResFinderFG	C1|~dhr-67_1|dhr-67_1|LCV|ResFinderFG|KF628145.1	L	
C2|~dhr-30_1|dhr-30_1|LCV|ResFinderFG|KF627508.1	dhr	L	C	V	ResFinderFG	C1|~dhr-30_1|dhr-30_1|LCV|ResFinderFG|KF627508.1	L	
C2|~van-593_1|van-593_1|LCV|ResFinderFG|KX127561.1	van	L	C	V	ResFinderFG	C1|~van-593_1|van-593_1|LCV|ResFinderFG|KX127561.1	L	
C2|~dhr-651_1|dhr-651_1|LCV|ResFinderFG|KX125928.1	dhr	L	C	V	ResFinderFG	C1|~dhr-651_1|dhr-651_1|LCV|ResFinderFG|KX125928.1	L	
C2|~dhr-8_1|dhr-8_1|LCV|ResFinderFG|JF924891.1	dhr	L	C	V	ResFinderFG	C1|~dhr-8_1|dhr-8_1|LCV|ResFinderFG|JF924891.1	L	
C2|~tetEFF-81_1|tetEFF-81_1|LCV|ResFinderFG|KS307388.1	tetEFF	L	C	V	ResFinderFG	C1|~tetEFF-81_1|tetEFF-81_1|LCV|ResFinderFG|KS307388.1	L	
C2|~dhr-619_2|dhr-619_2|LCV|ResFinderFG|KJ696448.1	dhr	L	C	V	ResFinderFG	C1|~dhr-619_2|dhr-619_2|LCV|ResFinderFG|KJ696448.1	L	
C2|~dhr-608_1|dhr-608_1|LCV|ResFinderFG|KJ696379.1	dhr	L	C	V	ResFinderFG	C1|~dhr-608_1|dhr-608_1|LCV|ResFinderFG|KJ696379.1	L	
C2|~dhr-561_1|dhr-561_1|LCV|ResFinderFG|KJ696064.1	dhr	L	C	V	ResFinderFG	C1|~dhr-561_1|dhr-561_1|LCV|ResFinderFG|KJ696064.1	L	
C2|~dhr-527_1|dhr-527_1|LCV|ResFinderFG|KJ695812.1	dhr	L	C	V	ResFinderFG	C1|~dhr-527_1|dhr-527_1|LCV|ResFinderFG|KJ695812.1	L	
C2|~dhr-513_1|dhr-513_1|LCV|ResFinderFG|KJ695735.1	dhr	L	C	V	ResFinderFG	C1|~dhr-513_1|dhr-513_1|LCV|ResFinderFG|KJ695735.1	L	
C2|~dhr-510_1|dhr-510_1|LCV|ResFinderFG|KJ695666.1	dhr	L	C	V	ResFinderFG	C1|~dhr-510_1|dhr-510_1|LCV|ResFinderFG|KJ695666.1	L	
C2|~dhr-508_1|dhr-508_1|LCV|ResFinderFG|KJ695659.1	dhr	L	C	V	ResFinderFG	C1|~dhr-508_1|dhr-508_1|LCV|ResFinderFG|KJ695659.1	L	
C2|~dhr-427_1|dhr-427_1|LCV|ResFinderFG|KJ694992.1	dhr	L	C	V	ResFinderFG	C1|~dhr-427_1|dhr-427_1|LCV|ResFinderFG|KJ694992.1	L	
C2|~dhr-397_1|dhr-397_1|LCV|ResFinderFG|KJ694762.1	dhr	L	C	V	ResFinderFG	C1|~dhr-397_1|dhr-397_1|LCV|ResFinderFG|KJ694762.1	L	
C2|~van-437_1|van-437_1|LCV|ResFinderFG|KJ694198.1	van	L	C	V	ResFinderFG	C1|~van-437_1|van-437_1|LCV|ResFinderFG|KJ694198.1	L	
C2|~dhr-232_1|dhr-232_1|LCV|ResFinderFG|KJ692747.1	dhr	L	C	V	ResFinderFG	C1|~dhr-232_1|dhr-232_1|LCV|ResFinderFG|KJ692747.1	L	
C2|~dhr-213_1|dhr-213_1|LCV|ResFinderFG|KJ692500.1	dhr	L	C	V	ResFinderFG	C1|~dhr-213_1|dhr-213_1|LCV|ResFinderFG|KJ692500.1	L	
C2|~dhr-206_1|dhr-206_1|LCV|ResFinderFG|KJ692379.1	dhr	L	C	V	ResFinderFG	C1|~dhr-206_1|dhr-206_1|LCV|ResFinderFG|KJ692379.1	L	
C2|~aac3-42_1|aac3-42_1|LCV|ResFinderFG|KU547157.1	aac3	L	C	V	ResFinderFG	C1|~aac3-42_1|aac3-42_1|LCV|ResFinderFG|KU547157.1	L	
C2|~dhr-128_2|dhr-128_2|LCV|ResFinderFG|KF629500.1	dhr	L	C	V	ResFinderFG	C1|~dhr-128_2|dhr-128_2|LCV|ResFinderFG|KF629500.1	L	
C2|~dhr-124_1|dhr-124_1|LCV|ResFinderFG|KF629448.1	dhr	L	C	V	ResFinderFG	C1|~dhr-124_1|dhr-124_1|LCV|ResFinderFG|KF629448.1	L	
C2|~dhr-88_1|dhr-88_1|LCV|ResFinderFG|KF628377.1	dhr	L	C	V	ResFinderFG	C1|~dhr-88_1|dhr-88_1|LCV|ResFinderFG|KF628377.1	L	
C2|~dhr-74_1|dhr-74_1|LCV|ResFinderFG|KF628173.1	dhr	L	C	V	ResFinderFG	C1|~dhr-74_1|dhr-74_1|LCV|ResFinderFG|KF628173.1	L	
C2|~van-559_1|van-559_1|LCV|ResFinderFG|KX125732.1	van	L	C	V	ResFinderFG	C1|~van-559_1|van-559_1|LCV|ResFinderFG|KX125732.1	L	
C2|~dhr-626_7|dhr-626_7|LCV|ResFinderFG|KJ696214.1	dhr	L	C	V	ResFinderFG	C1|~dhr-626_7|dhr-626_7|LCV|ResFinderFG|KJ696214.1	L	
C2|~dhr-548_1|dhr-548_1|LCV|ResFinderFG|KJ695990.1	dhr	L	C	V	ResFinderFG	C1|~dhr-548_1|dhr-548_1|LCV|ResFinderFG|KJ695990.1	L	
C2|~dhr-524_1|dhr-524_1|LCV|ResFinderFG|KJ695804.1	dhr	L	C	V	ResFinderFG	C1|~dhr-524_1|dhr-524_1|LCV|ResFinderFG|KJ695804.1	L	
C2|~dhr-514_1|dhr-514_1|LCV|ResFinderFG|KJ695736.1	dhr	L	C	V	ResFinderFG	C1|~dhr-514_1|dhr-514_1|LCV|ResFinderFG|KJ695736.1	L	
C2|~dhr-476_1|dhr-476_1|LCV|ResFinderFG|KJ695452.1	dhr	L	C	V	ResFinderFG	C1|~dhr-476_1|dhr-476_1|LCV|ResFinderFG|KJ695452.1	L	
C2|~dhr-424_1|dhr-424_1|LCV|ResFinderFG|KJ694961.1	dhr	L	C	V	ResFinderFG	C1|~dhr-424_1|dhr-424_1|LCV|ResFinderFG|KJ694961.1	L	
C2|~dhr-342_2|dhr-342_2|LCV|ResFinderFG|KJ694387.1	dhr	L	C	V	ResFinderFG	C1|~dhr-342_2|dhr-342_2|LCV|ResFinderFG|KJ694387.1	L	
C2|~aac-4_1|aac-4_1|LCV|ResFinderFG|KJ694371.1	aac	L	C	V	ResFinderFG	C1|~aac-4_1|aac-4_1|LCV|ResFinderFG|KJ694371.1	L	
C2|~dhr-332_1|dhr-332_1|LCV|ResFinderFG|KJ694225.1	dhr	L	C	V	ResFinderFG	C1|~dhr-332_1|dhr-332_1|LCV|ResFinderFG|KJ694225.1	L	
C2|~dhr-268_1|dhr-268_1|LCV|ResFinderFG|KJ693412.1	dhr	L	C	V	ResFinderFG	C1|~dhr-268_1|dhr-268_1|LCV|ResFinderFG|KJ693412.1	L	
C2|~aac3-29_1|aac3-29_1|LCV|ResFinderFG|KJ692598.1	aac3	L	C	V	ResFinderFG	C1|~aac3-29_1|aac3-29_1|LCV|ResFinderFG|KJ692598.1	L	
C2|~van-267_1|van-267_1|LCV|ResFinderFG|KF629209.1	van	L	C	V	ResFinderFG	C1|~van-267_1|van-267_1|LCV|ResFinderFG|KF629209.1	L	
C2|~van-215_1|van-215_1|LCV|ResFinderFG|KF628675.1	van	L	C	V	ResFinderFG	C1|~van-215_1|van-215_1|LCV|ResFinderFG|KF628675.1	L	
C2|~tetRPG-20_1|tetRPG-20_1|LCV|ResFinderFG|KF628943.1	tetRPG	L	C	V	ResFinderFG	C1|~tetRPG-20_1|tetRPG-20_1|LCV|ResFinderFG|KF628943.1	L	
C2|~van-147_1|van-147_1|LCV|ResFinderFG|KF627473.1	van	L	C	V	ResFinderFG	C1|~van-147_1|van-147_1|LCV|ResFinderFG|KF627473.1	L	
C2|~tetRPG-53_1|tetRPG-53_1|LMV|ResFinderFG|KU607847.1	tetRPG	L	M	V	ResFinderFG	C1|~tetRPG-53_1|tetRPG-53_1|LCV|ResFinderFG|KU607847.1	L	
C2|~aac-1_1|aac-1_1|LCV|ResFinderFG|JF924866.1	aac	L	C	V	ResFinderFG	C1|~aac-1_1|aac-1_1|LCV|ResFinderFG|JF924866.1	L	
C2|~aac3-32_1|aac3-32_1|LCV|ResFinderFG|KJ693494.1	aac3	L	C	V	ResFinderFG	C1|~aac3-32_1|aac3-32_1|LCV|ResFinderFG|KJ693494.1	L	
C2|~van-128_1|van-128_1|LCV|ResFinderFG|KF627117.1	van	L	C	V	ResFinderFG	C1|~van-128_1|van-128_1|LCV|ResFinderFG|KF627117.1	L	
C2|~aac6p-60_1|aac6p-60_1|LCV|ResFinderFG|KJ512968.1	aac6p	L	C	V	ResFinderFG	C1|~aac6p-60_1|aac6p-60_1|LCV|ResFinderFG|KJ512968.1	L	
C2|~aac3-28_1|aac3-28_1|LCV|ResFinderFG|JF924870.1	aac3	L	C	V	ResFinderFG	C1|~aac3-28_1|aac3-28_1|LCV|ResFinderFG|JF924870.1	L	
C2|~van-478_1|van-478_1|LCV|ResFinderFG|KJ694739.1	van	L	C	V	ResFinderFG	C1|~van-478_1|van-478_1|LCV|ResFinderFG|KJ694739.1	L	
C2|~aac6p-54_1|aac6p-54_1|LCV|ResFinderFG|KJ512959.1	aac6p	L	C	V	ResFinderFG	C1|~aac6p-54_1|aac6p-54_1|LCV|ResFinderFG|KJ512959.1	L	
C2|~tetEFF-24_1|tetEFF-24_1|LMV|ResFinderFG|JM427605.1	tetEFF	L	M	V	ResFinderFG	C1|~tetEFF-24_1|tetEFF-24_1|LCV|ResFinderFG|JM427605.1	L	
C2|~aac6p-57_1|aac6p-57_1|LCV|ResFinderFG|KJ512964.1	aac6p	L	C	V	ResFinderFG	C1|~aac6p-57_1|aac6p-57_1|LCV|ResFinderFG|KJ512964.1	L	
C2|~aac6p-64_1|aac6p-64_1|LCV|ResFinderFG|KJ512982.1	aac6p	L	C	V	ResFinderFG	C1|~aac6p-64_1|aac6p-64_1|LCV|ResFinderFG|KJ512982.1	L	
C2|~aac6p-61_1|aac6p-61_1|LCV|ResFinderFG|KJ512970.1	aac6p	L	C	V	ResFinderFG	C1|~aac6p-61_1|aac6p-61_1|LCV|ResFinderFG|KJ512970.1	L	
C2|~van-222_1|van-222_1|LCV|ResFinderFG|KF628833.1	van	L	C	V	ResFinderFG	C1|~van-222_1|van-222_1|LCV|ResFinderFG|KF628833.1	L	
C2|~aac6p-66_1|aac6p-66_1|LCV|ResFinderFG|KJ512984.1	aac6p	L	C	V	ResFinderFG	C1|~aac6p-66_1|aac6p-66_1|LCV|ResFinderFG|KJ512984.1	L	
C2|~aac6p-65_1|aac6p-65_1|LCV|ResFinderFG|KJ512983.1	aac6p	L	C	V	ResFinderFG	C1|~aac6p-65_1|aac6p-65_1|LCV|ResFinderFG|KJ512983.1	L	
C2|~van-586_1|van-586_1|LCV|ResFinderFG|KX127204.1	van	L	C	V	ResFinderFG	C1|~van-586_1|van-586_1|LCV|ResFinderFG|KX127204.1	L	
C2|~aac6p-62_1|aac6p-62_1|LCV|ResFinderFG|KJ512973.1	aac6p	L	C	V	ResFinderFG	C1|~aac6p-62_1|aac6p-62_1|LCV|ResFinderFG|KJ512973.1	L	
C2|~aac6p-56_1|aac6p-56_1|LCV|ResFinderFG|KJ512963.1	aac6p	L	C	V	ResFinderFG	C1|~aac6p-56_1|aac6p-56_1|LCV|ResFinderFG|KJ512963.1	L	
C2|~aac6p-55_1|aac6p-55_1|LCV|ResFinderFG|KJ512962.1	aac6p	L	C	V	ResFinderFG	C1|~aac6p-55_1|aac6p-55_1|LCV|ResFinderFG|KJ512962.1	L	
C2|~aac6p-52_5|aac6p-52_5|LCV|ResFinderFG|KJ512956.1	aac6p	L	C	V	ResFinderFG	C1|~aac6p-52_5|aac6p-52_5|LCV|ResFinderFG|KJ512956.1	L	
C2|~aac6p-47_1|aac6p-47_1|LCV|ResFinderFG|GQ343181.1	aac6p	L	C	V	ResFinderFG	C1|~aac6p-47_1|aac6p-47_1|LCV|ResFinderFG|GQ343181.1	L	
C2|~van-591_1|van-591_1|LCV|ResFinderFG|KX127224.1	van	L	C	V	ResFinderFG	C1|~van-591_1|van-591_1|LCV|ResFinderFG|KX127224.1	L	
C2|~aac6p-63_3|aac6p-63_3|LCV|ResFinderFG|KJ512981.1	aac6p	L	C	V	ResFinderFG	C1|~aac6p-63_3|aac6p-63_3|LCV|ResFinderFG|KJ512981.1	L	
C2|~aac6p-50_1|aac6p-50_1|LCV|ResFinderFG|KJ512948.1	aac6p	L	C	V	ResFinderFG	C1|~aac6p-50_1|aac6p-50_1|LCV|ResFinderFG|KJ512948.1	L	
C2|~aac6p-46_1|aac6p-46_1|LCV|ResFinderFG|GQ343178.1	aac6p	L	C	V	ResFinderFG	C1|~aac6p-46_1|aac6p-46_1|LCV|ResFinderFG|GQ343178.1	L	
C2|~dpr-2_1|dpr-2_1|LCV|ResFinderFG|KS307981.1	dpr	L	C	V	ResFinderFG	C1|~dpr-2_1|dpr-2_1|LCV|ResFinderFG|KS307981.1	L	
C2|~aac6p-48_1|aac6p-48_1|LCV|ResFinderFG|GQ343186.1	aac6p	L	C	V	ResFinderFG	C1|~aac6p-48_1|aac6p-48_1|LCV|ResFinderFG|GQ343186.1	L	
C2|~aac6p-58_1|aac6p-58_1|LCV|ResFinderFG|KJ512965.1	aac6p	L	C	V	ResFinderFG	C1|~aac6p-58_1|aac6p-58_1|LCV|ResFinderFG|KJ512965.1	L	
C2|~van-264_1|van-264_1|LCV|ResFinderFG|KF629179.1	van	L	C	V	ResFinderFG	C1|~van-264_1|van-264_1|LCV|ResFinderFG|KF629179.1	L	
C2|~tetEFF-82_1|tetEFF-82_1|LCV|ResFinderFG|KS307491.1	tetEFF	L	C	V	ResFinderFG	C1|~tetEFF-82_1|tetEFF-82_1|LCV|ResFinderFG|KS307491.1	L	
C2|~tetRPG-19_1|tetRPG-19_1|LMV|ResFinderFG|KF628895.1	tetRPG	L	M	V	ResFinderFG	C1|~tetRPG-19_1|tetRPG-19_1|LCV|ResFinderFG|KF628895.1	L	
C2|~van-513_1|van-513_1|LCV|ResFinderFG|KJ695425.1	van	L	C	V	ResFinderFG	C1|~van-513_1|van-513_1|LCV|ResFinderFG|KJ695425.1	L	
C2|~van-193_2|van-193_2|LCV|ResFinderFG|KF628445.1	van	L	C	V	ResFinderFG	C1|~van-193_2|van-193_2|LCV|ResFinderFG|KF628445.1	L	
C2|~van-122_1|van-122_1|LCV|ResFinderFG|KF627073.1	van	L	C	V	ResFinderFG	C1|~van-122_1|van-122_1|LCV|ResFinderFG|KF627073.1	L	
C2|~van-118_1|van-118_1|LCV|ResFinderFG|KF626959.1	van	L	C	V	ResFinderFG	C1|~van-118_1|van-118_1|LCV|ResFinderFG|KF626959.1	L	
C2|~van-296_1|van-296_1|LCV|ResFinderFG|KF629390.1	van	L	C	V	ResFinderFG	C1|~van-296_1|van-296_1|LCV|ResFinderFG|KF629390.1	L	
C2|~van-598_1|van-598_1|LMV|ResFinderFG|KX128059.1	van	L	M	V	ResFinderFG	C1|~van-598_1|van-598_1|LCV|ResFinderFG|KX128059.1	L	
C2|~pbp-6_1|pbp-6_1|LMV|ResFinderFG|KU607987.1	pbp	L	M	V	ResFinderFG	C1|~pbp-6_1|pbp-6_1|LCV|ResFinderFG|KU607987.1	L	
C2|~van-527_1|van-527_1|LCV|ResFinderFG|KJ695790.1	van	L	C	V	ResFinderFG	C1|~van-527_1|van-527_1|LCV|ResFinderFG|KJ695790.1	L	
C2|~van-439_1|van-439_1|LCV|ResFinderFG|KJ694202.1	van	L	C	V	ResFinderFG	C1|~van-439_1|van-439_1|LCV|ResFinderFG|KJ694202.1	L	
C2|~van-185_1|van-185_1|LCV|ResFinderFG|KF628109.1	van	L	C	V	ResFinderFG	C1|~van-185_1|van-185_1|LCV|ResFinderFG|KF628109.1	L	
C2|~van-544_1|van-544_1|LCV|ResFinderFG|KJ696135.1	van	L	C	V	ResFinderFG	C1|~van-544_1|van-544_1|LCV|ResFinderFG|KJ696135.1	L	
C2|~van-288_1|van-288_1|LCV|ResFinderFG|KF629352.1	van	L	C	V	ResFinderFG	C1|~van-288_1|van-288_1|LCV|ResFinderFG|KF629352.1	L	
C2|~van-354_1|van-354_1|LCV|ResFinderFG|KF630034.1	van	L	C	V	ResFinderFG	C1|~van-354_1|van-354_1|LCV|ResFinderFG|KF630034.1	L	
C2|~tetEFF-33_1|tetEFF-33_1|LCV|ResFinderFG|KJ692730.1	tetEFF	L	C	V	ResFinderFG	C1|~tetEFF-33_1|tetEFF-33_1|LCV|ResFinderFG|KJ692730.1	L	
C2|~aac3-41_1|aac3-41_1|LCV|ResFinderFG|KU545354.1	aac3	L	C	V	ResFinderFG	C1|~aac3-41_1|aac3-41_1|LCV|ResFinderFG|KU545354.1	L	
C2|~tetEFF-48_1|tetEFF-48_1|LCV|ResFinderFG|KJ694074.1	tetEFF	L	C	V	ResFinderFG	C1|~tetEFF-48_1|tetEFF-48_1|LCV|ResFinderFG|KJ694074.1	L	
C2|~van-270_1|van-270_1|LCV|ResFinderFG|KF629229.1	van	L	C	V	ResFinderFG	C1|~van-270_1|van-270_1|LCV|ResFinderFG|KF629229.1	L	
C2|~van-565_1|van-565_1|LCV|ResFinderFG|KX125757.1	van	L	C	V	ResFinderFG	C1|~van-565_1|van-565_1|LCV|ResFinderFG|KX125757.1	L	
C2|~tetRPG-39_1|tetRPG-39_1|LCV|ResFinderFG|KU546026.1	tetRPG	L	C	V	ResFinderFG	C1|~tetRPG-39_1|tetRPG-39_1|LCV|ResFinderFG|KU546026.1	L	
C2|~tetRPG-29_1|tetRPG-29_1|LMV|ResFinderFG|KU544454.1	tetRPG	L	M	V	ResFinderFG	C1|~tetRPG-29_1|tetRPG-29_1|LCV|ResFinderFG|KU544454.1	L	
C2|~van-274_1|van-274_1|LCV|ResFinderFG|KF629250.1	van	L	C	V	ResFinderFG	C1|~van-274_1|van-274_1|LCV|ResFinderFG|KF629250.1	L	
C2|~tetRPG-37_1|tetRPG-37_1|LMV|ResFinderFG|KU545788.1	tetRPG	L	M	V	ResFinderFG	C1|~tetRPG-37_1|tetRPG-37_1|LCV|ResFinderFG|KU545788.1	L	
C2|~van-338_1|van-338_1|LCV|ResFinderFG|KF629864.1	van	L	C	V	ResFinderFG	C1|~van-338_1|van-338_1|LCV|ResFinderFG|KF629864.1	L	
C2|~ant-17_1|ant-17_1|LMV|ResFinderFG|KU544318.1	ant	L	M	V	ResFinderFG	C1|~ant-17_1|ant-17_1|LCV|ResFinderFG|KU544318.1	L	
C2|~van-225_1|van-225_1|LCV|ResFinderFG|KF628877.1	van	L	C	V	ResFinderFG	C1|~van-225_1|van-225_1|LCV|ResFinderFG|KF628877.1	L	
C2|~tetRPG-62_2|tetRPG-62_2|LCP|IndaDiaz_2023|DEFL01000046.1	tetRPG	L	C	P	IndaDiaz_2023	C1|~tetRPG-62_2|tetRPG-62_2|LCP|IndaDiaz_2023|DEFL01000046.1	L	
C2|~tetRPG-67_1|tetRPG-67_1|LCP|IndaDiaz_2023|PBSR01000019.1	tetRPG	L	C	P	IndaDiaz_2023	C1|~tetRPG-67_1|tetRPG-67_1|LCP|IndaDiaz_2023|PBSR01000019.1	L	
C2|~tetRPG-63_6|tetRPG-63_6|LCP|IndaDiaz_2023|DJHH01000151.1	tetRPG	L	C	P	IndaDiaz_2023	C1|~tetRPG-63_6|tetRPG-63_6|LCP|IndaDiaz_2023|DJHH01000151.1	L	
C2|~tetRPG-71_2|tetRPG-71_2|LCP|IndaDiaz_2023|UQNY01000002.1	tetRPG	L	C	P	IndaDiaz_2023	C1|~tetRPG-71_2|tetRPG-71_2|LCP|IndaDiaz_2023|UQNY01000002.1	L	
C2|~blaC1-20_1|blaC1-20_1|LCP|IndaDiaz_2023|PHIK01000013.1	blaC1	L	C	P	IndaDiaz_2023	C1|~blaC1-20_1|blaC1-20_1|LCP|IndaDiaz_2023|PHIK01000013.1	L	
C2|~tetEFF1-8_1|tetEFF1-8_1|LCP|IndaDiaz_2023|KI912307.1	tetEFF1	L	C	P	IndaDiaz_2023	C1|~tetEFF1-8_1|tetEFF1-8_1|LCP|IndaDiaz_2023|KI912307.1	L	
C2|~tetEFF1-5_2|tetEFF1-5_2|LCP|IndaDiaz_2023|CYTU01000017.1	tetEFF1	L	C	P	IndaDiaz_2023	C1|~tetEFF1-5_2|tetEFF1-5_2|LCP|IndaDiaz_2023|CYTU01000017.1	L	
C2|~tetEFF1-10_1|tetEFF1-10_1|LCP|IndaDiaz_2023|VBUB01000008.1	tetEFF1	L	C	P	IndaDiaz_2023	C1|~tetEFF1-10_1|tetEFF1-10_1|LCP|IndaDiaz_2023|VBUB01000008.1	L	
C2|~tetEFF1-1_11|tetEFF1-1_11|LCP|IndaDiaz_2023|CABIYZ010000001.1	tetEFF1	L	C	P	IndaDiaz_2023	C1|~tetEFF1-1_11|tetEFF1-1_11|LCP|IndaDiaz_2023|CABIYZ010000001.1	L	
C2|~blaC1-3_5|blaC1-3_5|LCP|IndaDiaz_2023|BAEB01000020.1	blaC1	L	C	P	IndaDiaz_2023	C1|~blaC1-3_5|blaC1-3_5|LCP|IndaDiaz_2023|BAEB01000020.1	L	
C2|~blaC1-10_3|blaC1-10_3|LMP|IndaDiaz_2023|CP014646.1	blaC1	L	M	P	IndaDiaz_2023	C1|~blaC1-10_3|blaC1-10_3|LCP|IndaDiaz_2023|CP014646.1	L	
C2|~blaA1-15_1|blaA1-15_1|LCP|IndaDiaz_2023|DNAP01000098.1	blaA1	L	C	P	IndaDiaz_2023	C1|~blaA1-15_1|blaA1-15_1|LCP|IndaDiaz_2023|DNAP01000098.1	L	
C2|~blaB3-95_1|blaB3-95_1|LCP|IndaDiaz_2023|LURA01000034.1	blaB3	L	C	P	IndaDiaz_2023	C1|~blaB3-95_1|blaB3-95_1|LCP|IndaDiaz_2023|LURA01000034.1	L	
C2|~blaA1-29_1|blaA1-29_1|LCP|IndaDiaz_2023|LUNT01000033.1	blaA1	L	C	P	IndaDiaz_2023	C1|~blaA1-29_1|blaA1-29_1|LCP|IndaDiaz_2023|LUNT01000033.1	L	
C2|~blaA1-32_3|blaA1-32_3|LCP|IndaDiaz_2023|OMUL01000108.1	blaA1	L	C	P	IndaDiaz_2023	C1|~blaA1-32_3|blaA1-32_3|LCP|IndaDiaz_2023|OMUL01000108.1	L	
C2|~blaB3-96_2|blaB3-96_2|LCP|IndaDiaz_2023|MKUC01000007.1	blaB3	L	C	P	IndaDiaz_2023	C1|~blaB3-96_2|blaB3-96_2|LCP|IndaDiaz_2023|MKUC01000007.1	L	
C2|~erm-98_3|erm-98_3|LCP|IndaDiaz_2023|USAZ01000128.1	erm	L	C	P	IndaDiaz_2023	C1|~erm-98_3|erm-98_3|LCP|IndaDiaz_2023|USAZ01000128.1	L	
C2|~blaB3-94_4|blaB3-94_4|LCP|IndaDiaz_2023|CP013342.1	blaB3	L	C	P	IndaDiaz_2023	C1|~blaB3-94_4|blaB3-94_4|LCP|IndaDiaz_2023|CP013342.1	L	
C2|~blaA1-2_6|blaA1-2_6|LCP|IndaDiaz_2023|BCZQ01000012.1	blaA1	L	C	P	IndaDiaz_2023	C1|~blaA1-2_6|blaA1-2_6|LCP|IndaDiaz_2023|BCZQ01000012.1	L	
C2|~blaA1-11_1|blaA1-11_1|LCP|IndaDiaz_2023|DDFD01000018.1	blaA1	L	C	P	IndaDiaz_2023	C1|~blaA1-11_1|blaA1-11_1|LCP|IndaDiaz_2023|DDFD01000018.1	L	
C2|~erm-97_1|erm-97_1|LCP|IndaDiaz_2023|MSPQ01000001.1	erm	L	C	P	IndaDiaz_2023	C1|~erm-97_1|erm-97_1|LCP|IndaDiaz_2023|MSPQ01000001.1	L	
C2|~blaA1-34_1|blaA1-34_1|LCP|IndaDiaz_2023|ONCC01000028.1	blaA1	L	C	P	IndaDiaz_2023	C1|~blaA1-34_1|blaA1-34_1|LCP|IndaDiaz_2023|ONCC01000028.1	L	
C2|~aac3-53_7|aac3-53_7|LCP|IndaDiaz_2023|LJGP01000003.1	aac3	L	C	P	IndaDiaz_2023	C1|~aac3-53_7|aac3-53_7|LCP|IndaDiaz_2023|LJGP01000003.1	L	
C2|~blaA1-24_1|blaA1-24_1|LCP|IndaDiaz_2023|LMDQ01000018.1	blaA1	L	C	P	IndaDiaz_2023	C1|~blaA1-24_1|blaA1-24_1|LCP|IndaDiaz_2023|LMDQ01000018.1	L	
C2|~blaC1-13_10|blaC1-13_10|LCP|IndaDiaz_2023|CP024742.1	blaC1	L	C	P	IndaDiaz_2023	C1|~blaC1-13_10|blaC1-13_10|LCP|IndaDiaz_2023|CP024742.1	L	
C2|~blaA1-41_1|blaA1-41_1|LCP|IndaDiaz_2023|SFQU01000042.1	blaA1	L	C	P	IndaDiaz_2023	C1|~blaA1-41_1|blaA1-41_1|LCP|IndaDiaz_2023|SFQU01000042.1	L	
C2|~blaA1-38_1|blaA1-38_1|LCP|IndaDiaz_2023|PAGN01000011.1	blaA1	L	C	P	IndaDiaz_2023	C1|~blaA1-38_1|blaA1-38_1|LCP|IndaDiaz_2023|PAGN01000011.1	L	
C2|~blaA1-8_10|blaA1-8_10|LCP|IndaDiaz_2023|CP019597.1	blaA1	L	C	P	IndaDiaz_2023	C1|~blaA1-8_10|blaA1-8_10|LCP|IndaDiaz_2023|CP019597.1	L	
C2|~blaB3-97_1|blaB3-97_1|LCP|IndaDiaz_2023|NPKN01000010.1	blaB3	L	C	P	IndaDiaz_2023	C1|~blaB3-97_1|blaB3-97_1|LCP|IndaDiaz_2023|NPKN01000010.1	L	
C2|~blaA1-26_2|blaA1-26_2|LCP|IndaDiaz_2023|LMGW01000001.1	blaA1	L	C	P	IndaDiaz_2023	C1|~blaA1-26_2|blaA1-26_2|LCP|IndaDiaz_2023|LMGW01000001.1	L	
C2|~aac3-62_2|aac3-62_2|LCP|IndaDiaz_2023|SFTI01000088.1	aac3	L	C	P	IndaDiaz_2023	C1|~aac3-62_2|aac3-62_2|LCP|IndaDiaz_2023|SFTI01000088.1	L	
C2|~aph6-12_1|aph6-12_1|LCP|IndaDiaz_2023|LUPF01000024.1	aph6	L	C	P	IndaDiaz_2023	C1|~aph6-12_1|aph6-12_1|LCP|IndaDiaz_2023|LUPF01000024.1	L	
C2|~aph6-11_1|aph6-11_1|LCP|IndaDiaz_2023|LLNE01000036.1	aph6	L	C	P	IndaDiaz_2023	C1|~aph6-11_1|aph6-11_1|LCP|IndaDiaz_2023|LLNE01000036.1	L	
C2|~blaA1-36_1|blaA1-36_1|LCP|IndaDiaz_2023|ONEE01000132.1	blaA1	L	C	P	IndaDiaz_2023	C1|~blaA1-36_1|blaA1-36_1|LCP|IndaDiaz_2023|ONEE01000132.1	L	
C2|~aac3-61_2|aac3-61_2|LCP|IndaDiaz_2023|SFSJ01000036.1	aac3	L	C	P	IndaDiaz_2023	C1|~aac3-61_2|aac3-61_2|LCP|IndaDiaz_2023|SFSJ01000036.1	L	
C2|~aac3-46_1|aac3-46_1|LCP|IndaDiaz_2023|CABJBR010000003.1	aac3	L	C	P	IndaDiaz_2023	C1|~aac3-46_1|aac3-46_1|LCP|IndaDiaz_2023|CABJBR010000003.1	L	
C2|~aac3-58_1|aac3-58_1|LCP|IndaDiaz_2023|QENG01000118.1	aac3	L	C	P	IndaDiaz_2023	C1|~aac3-58_1|aac3-58_1|LCP|IndaDiaz_2023|QENG01000118.1	L	
C2|~blaD2-142_1|blaD2-142_1|LMP|IndaDiaz_2023|LT593747.1	blaD2	L	M	P	IndaDiaz_2023	C1|~blaD2-142_1|blaD2-142_1|LCP|IndaDiaz_2023|LT593747.1	L	
C2|~tetEFF1-2_16|tetEFF1-2_16|LCP|IndaDiaz_2023|CP014028.2	tetEFF1	L	C	P	IndaDiaz_2023	C1|~tetEFF1-2_16|tetEFF1-2_16|LCP|IndaDiaz_2023|CP014028.2	L	
C2|~aph3p-29_1|aph3p-29_1|LCP|IndaDiaz_2023|ONTM01000001.1	aph3p	L	C	P	IndaDiaz_2023	C1|~aph3p-29_1|aph3p-29_1|LCP|IndaDiaz_2023|ONTM01000001.1	L	
C2|~aph6-9_3|aph6-9_3|LCP|IndaDiaz_2023|CYTR01000009.1	aph6	L	C	P	IndaDiaz_2023	C1|~aph6-9_3|aph6-9_3|LCP|IndaDiaz_2023|CYTR01000009.1	L	
C2|~aac3-49_1|aac3-49_1|LCP|IndaDiaz_2023|FMUA01000047.1	aac3	L	C	P	IndaDiaz_2023	C1|~aac3-49_1|aac3-49_1|LCP|IndaDiaz_2023|FMUA01000047.1	L	
C2|~aac3-48_6|aac3-48_6|LCP|IndaDiaz_2023|CP031701.1	aac3	L	C	P	IndaDiaz_2023	C1|~aac3-48_6|aac3-48_6|LCP|IndaDiaz_2023|CP031701.1	L	
C2|~aph3p-24_1|aph3p-24_1|LCP|IndaDiaz_2023|CP001810.1	aph3p	L	C	P	IndaDiaz_2023	C1|~aph3p-24_1|aph3p-24_1|LCP|IndaDiaz_2023|CP001810.1	L	
C2|~erm-95_3|erm-95_3|LCP|IndaDiaz_2023|DJGT01000047.1	erm	L	C	P	IndaDiaz_2023	C1|~erm-95_3|erm-95_3|LCP|IndaDiaz_2023|DJGT01000047.1	L	
C2|~aph3p-30_2|aph3p-30_2|LCP|IndaDiaz_2023|SPHF01000030.1	aph3p	L	C	P	IndaDiaz_2023	C1|~aph3p-30_2|aph3p-30_2|LCP|IndaDiaz_2023|SPHF01000030.1	L	
C2|~aph3p-22_1|aph3p-22_1|LCP|IndaDiaz_2023|AZFM01000022.1	aph3p	L	C	P	IndaDiaz_2023	C1|~aph3p-22_1|aph3p-22_1|LCP|IndaDiaz_2023|AZFM01000022.1	L	
C2|~aac3-45_1|aac3-45_1|LCP|IndaDiaz_2023|AUKE01000007.1	aac3	L	C	P	IndaDiaz_2023	C1|~aac3-45_1|aac3-45_1|LCP|IndaDiaz_2023|AUKE01000007.1	L	
C2|~aac3-63_1|aac3-63_1|LCP|IndaDiaz_2023|UQAW01000146.1	aac3	L	C	P	IndaDiaz_2023	C1|~aac3-63_1|aac3-63_1|LCP|IndaDiaz_2023|UQAW01000146.1	L	
C2|~aac3-55_1|aac3-55_1|LCP|IndaDiaz_2023|OMXO01000113.1	aac3	L	C	P	IndaDiaz_2023	C1|~aac3-55_1|aac3-55_1|LCP|IndaDiaz_2023|OMXO01000113.1	L	
C2|~aph3p-31_2|aph3p-31_2|LCP|IndaDiaz_2023|URRV01000061.1	aph3p	L	C	P	IndaDiaz_2023	C1|~aph3p-31_2|aph3p-31_2|LCP|IndaDiaz_2023|URRV01000061.1	L	
C2|~aac3-51_1|aac3-51_1|LCP|IndaDiaz_2023|FQTX01000002.1	aac3	L	C	P	IndaDiaz_2023	C1|~aac3-51_1|aac3-51_1|LCP|IndaDiaz_2023|FQTX01000002.1	L	
C2|~blaD2-144_3|blaD2-144_3|LCP|IndaDiaz_2023|NERS01000017.1	blaD2	L	C	P	IndaDiaz_2023	C1|~blaD2-144_3|blaD2-144_3|LCP|IndaDiaz_2023|NERS01000017.1	L	
C2|~blaC2-2_11|blaC2-2_11|LCP|IndaDiaz_2023|CAADJR010000001.1	blaC2	L	C	P	IndaDiaz_2023	C1|~blaC2-2_11|blaC2-2_11|LCP|IndaDiaz_2023|CAADJR010000001.1	L	
C2|~erm-92_1|erm-92_1|LCP|IndaDiaz_2023|CAAAHG010000023.1	erm	L	C	P	IndaDiaz_2023	C1|~erm-92_1|erm-92_1|LCP|IndaDiaz_2023|CAAAHG010000023.1	L	
C2|~aph3p-23_8|aph3p-23_8|LCP|IndaDiaz_2023|CAADJR010000001.1	aph3p	L	C	P	IndaDiaz_2023	C1|~aph3p-23_8|aph3p-23_8|LCP|IndaDiaz_2023|CAADJR010000001.1	L	
C2|~blaC1-15_1|blaC1-15_1|LCP|IndaDiaz_2023|GL982453.1	blaC1	L	C	P	IndaDiaz_2023	C1|~blaC1-15_1|blaC1-15_1|LCP|IndaDiaz_2023|GL982453.1	L	
C2|~aac6p-77_1|aac6p-77_1|LCP|IndaDiaz_2023|UQNY01000047.1	aac6p	L	C	P	IndaDiaz_2023	C1|~aac6p-77_1|aac6p-77_1|LCP|IndaDiaz_2023|UQNY01000047.1	L	
C2|~aac6p-78_1|aac6p-78_1|LCP|IndaDiaz_2023|UQRL01000029.1	aac6p	L	C	P	IndaDiaz_2023	C1|~aac6p-78_1|aac6p-78_1|LCP|IndaDiaz_2023|UQRL01000029.1	L	
C2|~blaD2-139_10|blaD2-139_10|LCP|IndaDiaz_2023|CAADJR010000001.1	blaD2	L	C	P	IndaDiaz_2023	C1|~blaD2-139_10|blaD2-139_10|LCP|IndaDiaz_2023|CAADJR010000001.1	L	
C2|~aph6-23_1|aph6-23_1|LCP|IndaDiaz_2023|SSFT01000033.1	aph6	L	C	P	IndaDiaz_2023	C1|~aph6-23_1|aph6-23_1|LCP|IndaDiaz_2023|SSFT01000033.1	L	
C2|~aph6-14_2|aph6-14_2|LCP|IndaDiaz_2023|MWXV01000003.1	aph6	L	C	P	IndaDiaz_2023	C1|~aph6-14_2|aph6-14_2|LCP|IndaDiaz_2023|MWXV01000003.1	L	
C2|~tetEFF2-1_2|tetEFF2-1_2|LCP|IndaDiaz_2023|CP014028.2	tetEFF2	L	C	P	IndaDiaz_2023	C1|~tetEFF2-1_2|tetEFF2-1_2|LCP|IndaDiaz_2023|CP014028.2	L	
C2|~aph6-13_1|aph6-13_1|LCP|IndaDiaz_2023|MVGV01000015.1	aph6	L	C	P	IndaDiaz_2023	C1|~aph6-13_1|aph6-13_1|LCP|IndaDiaz_2023|MVGV01000015.1	L	
C2|~aph6-22_1|aph6-22_1|LCP|IndaDiaz_2023|SSFT01000033.1	aph6	L	C	P	IndaDiaz_2023	C1|~aph6-22_1|aph6-22_1|LCP|IndaDiaz_2023|SSFT01000033.1	L	
C2|~aac6p-76_2|aac6p-76_2|LCP|IndaDiaz_2023|SFDP01000036.1	aac6p	L	C	P	IndaDiaz_2023	C1|~aac6p-76_2|aac6p-76_2|LCP|IndaDiaz_2023|SFDP01000036.1	L	
C2|~blaA1-16_12|blaA1-16_12|LCP|IndaDiaz_2023|DPDQ01000020.1	blaA1	L	C	P	IndaDiaz_2023	C1|~blaA1-16_12|blaA1-16_12|LCP|IndaDiaz_2023|DPDQ01000020.1	L	
C2|~blaC2-3_2|blaC2-3_2|LCP|IndaDiaz_2023|CP020560.1	blaC2	L	C	P	IndaDiaz_2023	C1|~blaC2-3_2|blaC2-3_2|LCP|IndaDiaz_2023|CP020560.1	L	
C2|~blaC1-6_13|blaC1-6_13|LCP|IndaDiaz_2023|CAADJR010000001.1	blaC1	L	C	P	IndaDiaz_2023	C1|~blaC1-6_13|blaC1-6_13|LCP|IndaDiaz_2023|CAADJR010000001.1	L	
C2|~aph6-20_2|aph6-20_2|LCP|IndaDiaz_2023|QZYD01000225.1	aph6	L	C	P	IndaDiaz_2023	C1|~aph6-20_2|aph6-20_2|LCP|IndaDiaz_2023|QZYD01000225.1	L	
C2|~blaC1-16_1|blaC1-16_1|LCP|IndaDiaz_2023|JH959989.1	blaC1	L	C	P	IndaDiaz_2023	C1|~blaC1-16_1|blaC1-16_1|LCP|IndaDiaz_2023|JH959989.1	L	
C2|~blaC1-21_1|blaC1-21_1|LCP|IndaDiaz_2023|PUGT01000710.1	blaC1	L	C	P	IndaDiaz_2023	C1|~blaC1-21_1|blaC1-21_1|LCP|IndaDiaz_2023|PUGT01000710.1	L	
C2|~blaC3-1_2|blaC3-1_2|LCP|IndaDiaz_2023|CP020560.1	blaC3	L	C	P	IndaDiaz_2023	C1|~blaC3-1_2|blaC3-1_2|LCP|IndaDiaz_2023|CP020560.1	L	
C2|~blaC1-12_16|blaC1-12_16|LMP|IndaDiaz_2023|CP022609.1	blaC1	L	M	P	IndaDiaz_2023	C1|~blaC1-12_16|blaC1-12_16|LCP|IndaDiaz_2023|CP022609.1	L	
C2|~aph6-16_3|aph6-16_3|LCP|IndaDiaz_2023|NIOZ01000053.1	aph6	L	C	P	IndaDiaz_2023	C1|~aph6-16_3|aph6-16_3|LCP|IndaDiaz_2023|NIOZ01000053.1	L	
C2|~blaC1-4_1|blaC1-4_1|LCP|IndaDiaz_2023|BDPG01000043.1	blaC1	L	C	P	IndaDiaz_2023	C1|~blaC1-4_1|blaC1-4_1|LCP|IndaDiaz_2023|BDPG01000043.1	L	
C2|~aph6-15_1|aph6-15_1|LCP|IndaDiaz_2023|MWXV01000003.1	aph6	L	C	P	IndaDiaz_2023	C1|~aph6-15_1|aph6-15_1|LCP|IndaDiaz_2023|MWXV01000003.1	L	
C2|~blaC1-2_7|blaC1-2_7|LMP|IndaDiaz_2023|AEJZ01000222.1	blaC1	L	M	P	IndaDiaz_2023	C1|~blaC1-2_7|blaC1-2_7|LCP|IndaDiaz_2023|AEJZ01000222.1	L	
C2|~aph6-7_1|aph6-7_1|LCP|IndaDiaz_2023|ASQW01000229.1	aph6	L	C	P	IndaDiaz_2023	C1|~aph6-7_1|aph6-7_1|LCP|IndaDiaz_2023|ASQW01000229.1	L	
C2|~aph6-729_1|aph6-729_1|LCP|IndaDiaz_2023|CAADMD010000566.1	aph6	L	C	P	IndaDiaz_2023	C1|~aph6-XXX_1|aph6-XXX_1|LCP|IndaDiaz_2023|CAADMD010000566.1	L	
C2|str3|misc-320_1|EMV|ResFinder|AM932524.1	misc	E	M	V	ResFinder	C1|str3|unc-320_1|EMV|ResFinder|AM932524.1	L	
C2|vgb(C)|vgb-3_1|ECV|CARD|APB03225.1	vgb	E	C	V	CARD	C1|vgb(C)|vgb-XXX_10|ECV|CARD|APB03225.1	L	
C2|mfpA|qnr-45_1|ECV|CARD|CCP46182.1	qnr	E	C	V	CARD	C1|mfpA|unc-XXX_20|ECV|CARD|CCP46182.1	L	
C2|~van-218_3|van-218_3|LCV|ResFinderFG|KF628771.1	van	L	C	V	ResFinderFG	C1|~van-218_3|van-218_3|LCV|ResFinderFG|KF628771.1	L	
C2|~van-172_1|van-172_1|LCV|ResFinderFG|KF627895.1	van	L	C	V	ResFinderFG	C1|~van-172_1|van-172_1|LCV|ResFinderFG|KF627895.1	L	
C2|~van-252_1|van-252_1|LCV|ResFinderFG|KF629109.1	van	L	C	V	ResFinderFG	C1|~van-252_1|van-252_1|LCV|ResFinderFG|KF629109.1	L	
C2|~van-554_1|van-554_1|LCV|ResFinderFG|KX125163.1	van	L	C	V	ResFinderFG	C1|~van-554_1|van-554_1|LCV|ResFinderFG|KX125163.1	L	
C2|~van-455_1|van-455_1|LCV|ResFinderFG|KJ694369.1	van	L	C	V	ResFinderFG	C1|~van-455_1|van-455_1|LCV|ResFinderFG|KJ694369.1	L	
C2|~dhr-184_2|dhr-184_2|LCV|ResFinderFG|KJ692014.1	dhr	L	C	V	ResFinderFG	C1|~dhr-184_2|dhr-184_2|LCV|ResFinderFG|KJ692014.1	L	
C2|~tetRPG-1419|tetRPG-1419_1|LMV|ResFinderFG|JN625760.1	tetRPG	L	M	V	ResFinderFG	ResFinderFG-tet_protection|JN625760.1|chicken_microbiota|TET	L	
C2|~adt-1_1|adt-1_1|LCV|ResFinderFG|JN625765.1	adt	L	C	V	ResFinderFG	ResFinderFG-ADT|JN625765.1|chicken_microbiota|SPT	L	
C2|~adt-2_1|adt-2_1|LMV|ResFinderFG|JN625762.1	adt	L	M	V	ResFinderFG	ResFinderFG-ADT|JN625762.1|chicken_microbiota|SPT	L	
C2|~cat-89_1|cat-89_1|LCV|ResFinderFG|JN625764.1	cat	L	C	V	ResFinderFG	ResFinderFG-cat|JN625764.1|chicken_microbiota|CHL	L	
C2|~tetRPG-72_1|tetRPG-72_1|LCS|Ruppe_2019|MC3.MG11.AS1.GP1.C6051.G4	tetRPG	L	C	S	Ruppe_2019	Ruppe_2019-1|151250|39|Human-Microbiome-3.9M-Gene-Catalog-(metahit-v2)|MC3.MG11.AS1.GP1.C6051.G4|tetM	L	
C2|~tetRPG-73_1|tetRPG-73_1|LMS|Ruppe_2019|MC3.MG288.AS1.GP1.C25494.G5	tetRPG	L	M	S	Ruppe_2019	Ruppe_2019-1|1910019|39|Human-Microbiome-3.9M-Gene-Catalog-(metahit-v2)|MC3.MG288.AS1.GP1.C25494.G5|tetM	L	
C2|~tetRPG-74_1|tetRPG-74_1|LCS|Ruppe_2019|MC3.MG103.AS1.GP1.C45470.G27	tetRPG	L	C	S	Ruppe_2019	Ruppe_2019-1|72188|39|Human-Microbiome-3.9M-Gene-Catalog-(metahit-v2)|MC3.MG103.AS1.GP1.C45470.G27|tetM	L	
C2|~tetRPG-75_1|tetRPG-75_1|LMS|Ruppe_2019|MC3.MG378.AS1.GP1.C51618.G7	tetRPG	L	M	S	Ruppe_2019	Ruppe_2019-1|3039613|39|Human-Microbiome-3.9M-Gene-Catalog-(metahit-v2)|MC3.MG378.AS1.GP1.C51618.G7|tetM	L	
C2|~tetRPG-76_1|tetRPG-76_1|LCS|Ruppe_2019|MC3.MG385.AS1.GP1.C3291.G3	tetRPG	L	C	S	Ruppe_2019	Ruppe_2019-1|3115032|39|Human-Microbiome-3.9M-Gene-Catalog-(metahit-v2)|MC3.MG385.AS1.GP1.C3291.G3|tetM	L	
C2|~tetRPG-77_1|tetRPG-77_1|LCS|Ruppe_2019|MC3.MG12.AS1.GP1.C30664.G4	tetRPG	L	C	S	Ruppe_2019	Ruppe_2019-1|275902|39|Human-Microbiome-3.9M-Gene-Catalog-(metahit-v2)|MC3.MG12.AS1.GP1.C30664.G4|tetM	L	
C2|~tetRPG-78_1|tetRPG-78_1|LCS|Ruppe_2019|MC3.MG344.AS1.GP1.C41874.G1	tetRPG	L	C	S	Ruppe_2019	Ruppe_2019-1|2609527|39|Human-Microbiome-3.9M-Gene-Catalog-(metahit-v2)|MC3.MG344.AS1.GP1.C41874.G1|tetM	L	
C2|~tetRPG-79_1|tetRPG-79_1|LCS|Ruppe_2019|MC3.MG174.AS1.GP1.C26410.G25	tetRPG	L	C	S	Ruppe_2019	Ruppe_2019-1|955385|39|Human-Microbiome-3.9M-Gene-Catalog-(metahit-v2)|MC3.MG174.AS1.GP1.C26410.G25|tetM	L	
C2|~tetRPG-80_1|tetRPG-80_1|LCS|Ruppe_2019|MC3.MG332.AS1.GP1.C24300.G1	tetRPG	L	C	S	Ruppe_2019	Ruppe_2019-1|2499847|39|Human-Microbiome-3.9M-Gene-Catalog-(metahit-v2)|MC3.MG332.AS1.GP1.C24300.G1|tetM	L	
C2|~tetRPG-81_1|tetRPG-81_1|LCS|Ruppe_2019|MC3.MG142.AS1.GP1.C55513.G4	tetRPG	L	C	S	Ruppe_2019	Ruppe_2019-1|660442|39|Human-Microbiome-3.9M-Gene-Catalog-(metahit-v2)|MC3.MG142.AS1.GP1.C55513.G4|tetM	L	
C2|~tetRPG-83_1|tetRPG-83_1|LCS|Ruppe_2019|MC3.MG135.AS1.GP1.C8370.G5	tetRPG	L	C	S	Ruppe_2019	Ruppe_2019-1|523132|39|Human-Microbiome-3.9M-Gene-Catalog-(metahit-v2)|MC3.MG135.AS1.GP1.C8370.G5|tetM	L	
C2|~tetRPG-86_1|tetRPG-86_1|LCS|Ruppe_2019|MC3.MG385.AS1.GP1.C26361.G7	tetRPG	L	C	S	Ruppe_2019	Ruppe_2019-1|3112398|39|Human-Microbiome-3.9M-Gene-Catalog-(metahit-v2)|MC3.MG385.AS1.GP1.C26361.G7|tetM	L	
C2|~tetRPG-89_1|tetRPG-89_1|LCS|Ruppe_2019|MC3.MG332.AS1.GP1.C49413.G18	tetRPG	L	C	S	Ruppe_2019	Ruppe_2019-1|2523072|39|Human-Microbiome-3.9M-Gene-Catalog-(metahit-v2)|MC3.MG332.AS1.GP1.C49413.G18|tetM	L	
C2|~tetRPG-90_1|tetRPG-90_1|LCS|Ruppe_2019|MC3.MG290.AS1.GP1.C24256.G2	tetRPG	L	C	S	Ruppe_2019	Ruppe_2019-1|1941714|39|Human-Microbiome-3.9M-Gene-Catalog-(metahit-v2)|MC3.MG290.AS1.GP1.C24256.G2|tetM	L	
C2|~tetRPG-91_1|tetRPG-91_1|LCS|Ruppe_2019|MC3.MG3.AS1.GP1.C14315.G24	tetRPG	L	C	S	Ruppe_2019	Ruppe_2019-1|2082256|39|Human-Microbiome-3.9M-Gene-Catalog-(metahit-v2)|MC3.MG3.AS1.GP1.C14315.G24|tetM	L	
C2|~tetRPG-92_1|tetRPG-92_1|LCS|Ruppe_2019|MC3.MG221.AS1.GP1.C22090.G6	tetRPG	L	C	S	Ruppe_2019	Ruppe_2019-1|1384172|39|Human-Microbiome-3.9M-Gene-Catalog-(metahit-v2)|MC3.MG221.AS1.GP1.C22090.G6|tetM	L	
C2|~tetRPG-93_1|tetRPG-93_1|LCS|Ruppe_2019|MC3.MG282.AS1.GP1.C2057.G3	tetRPG	L	C	S	Ruppe_2019	Ruppe_2019-1|1839620|39|Human-Microbiome-3.9M-Gene-Catalog-(metahit-v2)|MC3.MG282.AS1.GP1.C2057.G3|tetM	L	
C2|~tetRPG-95_1|tetRPG-95_1|LCS|Ruppe_2019|MC3.MG303.AS1.GP1.C3826.G125	tetRPG	L	C	S	Ruppe_2019	Ruppe_2019-1|2149527|39|Human-Microbiome-3.9M-Gene-Catalog-(metahit-v2)|MC3.MG303.AS1.GP1.C3826.G125|tetM	L	
C2|~tetRPG-96_1|tetRPG-96_1|LCS|Ruppe_2019|MC3.MG382.AS1.GP1.C5220.G12	tetRPG	L	C	S	Ruppe_2019	Ruppe_2019-1|3082562|39|Human-Microbiome-3.9M-Gene-Catalog-(metahit-v2)|MC3.MG382.AS1.GP1.C5220.G12|tetM	L	
C2|~tetRPG-98_1|tetRPG-98_1|LMS|Ruppe_2019|MC3.MG49.AS1.GP1.C26702.G2	tetRPG	L	M	S	Ruppe_2019	Ruppe_2019-1|3317104|39|Human-Microbiome-3.9M-Gene-Catalog-(metahit-v2)|MC3.MG49.AS1.GP1.C26702.G2|tetM	L	
C2|~tetRPG-99_1|tetRPG-99_1|LCS|Ruppe_2019|MC3.MG256.AS1.GP1.C36975.G1	tetRPG	L	C	S	Ruppe_2019	Ruppe_2019-1|1671537|39|Human-Microbiome-3.9M-Gene-Catalog-(metahit-v2)|MC3.MG256.AS1.GP1.C36975.G1|tetM	L	
C2|~tetRPG-100_1|tetRPG-100_1|LMS|Ruppe_2019|MC3.MG309.AS1.GP1.C39097.G11	tetRPG	L	M	S	Ruppe_2019	Ruppe_2019-1|2212581|39|Human-Microbiome-3.9M-Gene-Catalog-(metahit-v2)|MC3.MG309.AS1.GP1.C39097.G11|tetM	L	
C2|~tetRPG-101_1|tetRPG-101_1|LCS|Ruppe_2019|MC3.MG12.AS1.GP1.C70983.G14	tetRPG	L	C	S	Ruppe_2019	Ruppe_2019-1|316380|39|Human-Microbiome-3.9M-Gene-Catalog-(metahit-v2)|MC3.MG12.AS1.GP1.C70983.G14|tetM	L	
C2|~tetRPG-102_1|tetRPG-102_1|LCS|Ruppe_2019|MC3.MG179.AS1.GP1.C42673.G3	tetRPG	L	C	S	Ruppe_2019	Ruppe_2019-1|1003985|39|Human-Microbiome-3.9M-Gene-Catalog-(metahit-v2)|MC3.MG179.AS1.GP1.C42673.G3|tetM	L	
C2|~tetRPG-104_1|tetRPG-104_1|LCS|Ruppe_2019|MC3.MG321.AS1.GP1.C2517.G2	tetRPG	L	C	S	Ruppe_2019	Ruppe_2019-1|2327691|39|Human-Microbiome-3.9M-Gene-Catalog-(metahit-v2)|MC3.MG321.AS1.GP1.C2517.G2|tetM	L	
C2|~tetRPG-105_1|tetRPG-105_1|LCS|Ruppe_2019|MC3.MG6.AS1.GP1.C59921.G13	tetRPG	L	C	S	Ruppe_2019	Ruppe_2019-1|3449320|39|Human-Microbiome-3.9M-Gene-Catalog-(metahit-v2)|MC3.MG6.AS1.GP1.C59921.G13|tetM	L	
C2|~tetRPG-106_1|tetRPG-106_1|LCS|Ruppe_2019|MC3.MG12.AS1.GP1.C52607.G1	tetRPG	L	C	S	Ruppe_2019	Ruppe_2019-1|298969|39|Human-Microbiome-3.9M-Gene-Catalog-(metahit-v2)|MC3.MG12.AS1.GP1.C52607.G1|tetM	L	
C2|~tetRPG-107_1|tetRPG-107_1|LMS|Ruppe_2019|MC3.MG330.AS1.GP1.C144.G4	tetRPG	L	M	S	Ruppe_2019	Ruppe_2019-1|2460549|39|Human-Microbiome-3.9M-Gene-Catalog-(metahit-v2)|MC3.MG330.AS1.GP1.C144.G4|tetM	L	
C2|~tetRPG-108_1|tetRPG-108_1|LCS|Ruppe_2019|MC3.MG103.AS1.GP1.C56308.G2	tetRPG	L	C	S	Ruppe_2019	Ruppe_2019-1|76165|39|Human-Microbiome-3.9M-Gene-Catalog-(metahit-v2)|MC3.MG103.AS1.GP1.C56308.G2|tetM	L	
C2|~tetRPG-110_1|tetRPG-110_1|LMS|Ruppe_2019|MC3.MG128.AS1.GP1.C12733.G2	tetRPG	L	M	S	Ruppe_2019	Ruppe_2019-1|454075|39|Human-Microbiome-3.9M-Gene-Catalog-(metahit-v2)|MC3.MG128.AS1.GP1.C12733.G2|tetM	L	
C2|~tetRPG-113_1|tetRPG-113_1|LCS|Ruppe_2019|MC3.MG375.AS1.GP1.C37902.G1	tetRPG	L	C	S	Ruppe_2019	Ruppe_2019-1|2965135|39|Human-Microbiome-3.9M-Gene-Catalog-(metahit-v2)|MC3.MG375.AS1.GP1.C37902.G1|tetM	L	
C2|~tetRPG-115_1|tetRPG-115_1|LCS|Ruppe_2019|MC3.MG153.AS1.GP1.C32438.G9	tetRPG	L	C	S	Ruppe_2019	Ruppe_2019-1|773480|39|Human-Microbiome-3.9M-Gene-Catalog-(metahit-v2)|MC3.MG153.AS1.GP1.C32438.G9|tetM	L	
C2|~tetRPG-116_1|tetRPG-116_1|LCS|Ruppe_2019|MC3.MG130.AS1.GP1.C27990.G4	tetRPG	L	C	S	Ruppe_2019	Ruppe_2019-1|476511|39|Human-Microbiome-3.9M-Gene-Catalog-(metahit-v2)|MC3.MG130.AS1.GP1.C27990.G4|tetM	L	
C2|~tetRPG-134_1|tetRPG-134_1|LMS|Ruppe_2019|MC3.MG35.AS1.GP1.C16410.G13	tetRPG	L	M	S	Ruppe_2019	Ruppe_2019-1|2676642|39|Human-Microbiome-3.9M-Gene-Catalog-(metahit-v2)|MC3.MG35.AS1.GP1.C16410.G13|tetM	L	
C2|~tetRPG-135_1|tetRPG-135_1|LMS|Ruppe_2019|MC3.MG3.AS1.GP1.C45013.G8	tetRPG	L	M	S	Ruppe_2019	Ruppe_2019-1|2098806|39|Human-Microbiome-3.9M-Gene-Catalog-(metahit-v2)|MC3.MG3.AS1.GP1.C45013.G8|tetM	L	
C2|~tetRPG-137_1|tetRPG-137_1|LMS|Ruppe_2019|MC3.MG255.AS1.GP1.C11428.G4	tetRPG	L	M	S	Ruppe_2019	Ruppe_2019-1|1651716|39|Human-Microbiome-3.9M-Gene-Catalog-(metahit-v2)|MC3.MG255.AS1.GP1.C11428.G4|tetM	L	
C2|~tetRPG-147_1|tetRPG-147_1|LCS|Ruppe_2019|MC3.MG345.AS1.GP1.C1266.G13	tetRPG	L	C	S	Ruppe_2019	Ruppe_2019-1|2627483|39|Human-Microbiome-3.9M-Gene-Catalog-(metahit-v2)|MC3.MG345.AS1.GP1.C1266.G13|tetM	L	
C2|~tetRPG-150_1|tetRPG-150_1|LCS|Ruppe_2019|MC3.MG296.AS1.GP1.C5260.G2	tetRPG	L	C	S	Ruppe_2019	Ruppe_2019-1|2041414|39|Human-Microbiome-3.9M-Gene-Catalog-(metahit-v2)|MC3.MG296.AS1.GP1.C5260.G2|tetM	L	
C2|~tetRPG-165_1|tetRPG-165_1|LCS|Ruppe_2019|MC3.MG70.AS1.GP1.C24091.G11	tetRPG	L	C	S	Ruppe_2019	Ruppe_2019-1|3554160|39|Human-Microbiome-3.9M-Gene-Catalog-(metahit-v2)|MC3.MG70.AS1.GP1.C24091.G11|tetM	L	
C2|~tetRPG-170_1|tetRPG-170_1|LCS|Ruppe_2019|MC3.MG393.AS1.GP1.C55298.G2	tetRPG	L	C	S	Ruppe_2019	Ruppe_2019-1|3240667|39|Human-Microbiome-3.9M-Gene-Catalog-(metahit-v2)|MC3.MG393.AS1.GP1.C55298.G2|tetM	L	
C2|~tetRPG-171_1|tetRPG-171_1|LCS|Ruppe_2019|MC3.MG120.AS1.GP1.C21039.G16	tetRPG	L	C	S	Ruppe_2019	Ruppe_2019-1|341792|39|Human-Microbiome-3.9M-Gene-Catalog-(metahit-v2)|MC3.MG120.AS1.GP1.C21039.G16|tetM	L	
C2|~tetRPG-172_1|tetRPG-172_1|LMS|Ruppe_2019|MC3.MG2.AS1.GP1.C318.G3	tetRPG	L	M	S	Ruppe_2019	Ruppe_2019-1|1193104|39|Human-Microbiome-3.9M-Gene-Catalog-(metahit-v2)|MC3.MG2.AS1.GP1.C318.G3|tetM	L	
C2|~tetRPG-173_1|tetRPG-173_1|LCS|Ruppe_2019|MC3.MG288.AS1.GP1.C55018.G9	tetRPG	L	C	S	Ruppe_2019	Ruppe_2019-1|1915848|39|Human-Microbiome-3.9M-Gene-Catalog-(metahit-v2)|MC3.MG288.AS1.GP1.C55018.G9|tetM	L	
C2|~tetRPG-174_1|tetRPG-174_1|LCS|Ruppe_2019|MC3.MG252.AS1.GP1.C14082.G2	tetRPG	L	C	S	Ruppe_2019	Ruppe_2019-1|1623651|39|Human-Microbiome-3.9M-Gene-Catalog-(metahit-v2)|MC3.MG252.AS1.GP1.C14082.G2|tetM	L	
C2|~tetRPG-176_1|tetRPG-176_1|LCS|Ruppe_2019|MC3.MG12.AS1.GP1.C40507.G1	tetRPG	L	C	S	Ruppe_2019	Ruppe_2019-1|286417|39|Human-Microbiome-3.9M-Gene-Catalog-(metahit-v2)|MC3.MG12.AS1.GP1.C40507.G1|tetM	L	
C2|~tetRPG-177_1|tetRPG-177_1|LCS|Ruppe_2019|MC3.MG386.AS1.GP1.C53365.G5	tetRPG	L	C	S	Ruppe_2019	Ruppe_2019-1|3158280|39|Human-Microbiome-3.9M-Gene-Catalog-(metahit-v2)|MC3.MG386.AS1.GP1.C53365.G5|tetM	L	
C2|~tetRPG-178_1|tetRPG-178_1|LCS|Ruppe_2019|MC3.MG321.AS1.GP1.C16266.G2	tetRPG	L	C	S	Ruppe_2019	Ruppe_2019-1|2317832|39|Human-Microbiome-3.9M-Gene-Catalog-(metahit-v2)|MC3.MG321.AS1.GP1.C16266.G2|tetM	L	
C2|~tetRPG-179_1|tetRPG-179_1|LCS|Ruppe_2019|MC3.MG30.AS1.GP1.C16968.G16	tetRPG	L	C	S	Ruppe_2019	Ruppe_2019-1|2108332|39|Human-Microbiome-3.9M-Gene-Catalog-(metahit-v2)|MC3.MG30.AS1.GP1.C16968.G16|tetM	L	
C2|~tetRPG-180_1|tetRPG-180_1|LCS|Ruppe_2019|MC3.MG12.AS1.GP1.C13836.G12	tetRPG	L	C	S	Ruppe_2019	Ruppe_2019-1|256775|39|Human-Microbiome-3.9M-Gene-Catalog-(metahit-v2)|MC3.MG12.AS1.GP1.C13836.G12|tetM	L	
C2|~tetRPG-181_1|tetRPG-181_1|LCS|Ruppe_2019|MC3.MG98.AS1.GP1.C14513.G9	tetRPG	L	C	S	Ruppe_2019	Ruppe_2019-1|3840332|39|Human-Microbiome-3.9M-Gene-Catalog-(metahit-v2)|MC3.MG98.AS1.GP1.C14513.G9|tetM	L	
C2|~tetRPG-182_1|tetRPG-182_1|LMS|Ruppe_2019|MC3.MG183.AS1.GP1.C21192.G2	tetRPG	L	M	S	Ruppe_2019	Ruppe_2019-1|1044867|39|Human-Microbiome-3.9M-Gene-Catalog-(metahit-v2)|MC3.MG183.AS1.GP1.C21192.G2|tetM	L	
C2|~tetRPG-183_1|tetRPG-183_1|LCS|Ruppe_2019|MC3.MG375.AS1.GP1.C1785.G80	tetRPG	L	C	S	Ruppe_2019	Ruppe_2019-1|2956826|39|Human-Microbiome-3.9M-Gene-Catalog-(metahit-v2)|MC3.MG375.AS1.GP1.C1785.G80|tetM	L	
C2|~tetRPG-184_1|tetRPG-184_1|LMS|Ruppe_2019|MC3.MG138.AS1.GP1.C35640.G3	tetRPG	L	M	S	Ruppe_2019	Ruppe_2019-1|572316|39|Human-Microbiome-3.9M-Gene-Catalog-(metahit-v2)|MC3.MG138.AS1.GP1.C35640.G3|tetM	L	
C2|~tetRPG-185_1|tetRPG-185_1|LCS|Ruppe_2019|MC3.MG12.AS1.GP1.C52559.G9	tetRPG	L	C	S	Ruppe_2019	Ruppe_2019-1|298839|39|Human-Microbiome-3.9M-Gene-Catalog-(metahit-v2)|MC3.MG12.AS1.GP1.C52559.G9|tetM	L	
C2|~tetRPG-187_1|tetRPG-187_1|LCS|Ruppe_2019|MC3.MG99.AS1.GP1.C48664.G5	tetRPG	L	C	S	Ruppe_2019	Ruppe_2019-1|3862689|39|Human-Microbiome-3.9M-Gene-Catalog-(metahit-v2)|MC3.MG99.AS1.GP1.C48664.G5|tetM	L	
C2|~tetRPG-188_1|tetRPG-188_1|LCS|Ruppe_2019|MC3.MG291.AS1.GP1.C18927.G2	tetRPG	L	C	S	Ruppe_2019	Ruppe_2019-1|1965480|39|Human-Microbiome-3.9M-Gene-Catalog-(metahit-v2)|MC3.MG291.AS1.GP1.C18927.G2|tetM	L	
C2|~tetRPG-189_1|tetRPG-189_1|LCS|Ruppe_2019|MC3.MG228.AS1.GP1.C28399.G3	tetRPG	L	C	S	Ruppe_2019	Ruppe_2019-1|1438337|39|Human-Microbiome-3.9M-Gene-Catalog-(metahit-v2)|MC3.MG228.AS1.GP1.C28399.G3|tetM	L	
C2|~tetRPG-191_1|tetRPG-191_1|LCS|Ruppe_2019|MC3.MG12.AS1.GP1.C11813.G6	tetRPG	L	C	S	Ruppe_2019	Ruppe_2019-1|253911|39|Human-Microbiome-3.9M-Gene-Catalog-(metahit-v2)|MC3.MG12.AS1.GP1.C11813.G6|tetM	L	
C2|~tetRPG-192_1|tetRPG-192_1|LMS|Ruppe_2019|MC3.MG61.AS1.GP1.C9766.G2	tetRPG	L	M	S	Ruppe_2019	Ruppe_2019-1|3489413|39|Human-Microbiome-3.9M-Gene-Catalog-(metahit-v2)|MC3.MG61.AS1.GP1.C9766.G2|tetM	L	
C2|~tetRPG-196_1|tetRPG-196_1|LMS|Ruppe_2019|MC3.MG244.AS1.GP1.C32927.G1	tetRPG	L	M	S	Ruppe_2019	Ruppe_2019-1|1555806|39|Human-Microbiome-3.9M-Gene-Catalog-(metahit-v2)|MC3.MG244.AS1.GP1.C32927.G1|tetM	L	
C2|~tetRPG-197_1|tetRPG-197_1|LCS|Ruppe_2019|MC3.MG2.AS1.GP1.C2658.G20	tetRPG	L	C	S	Ruppe_2019	Ruppe_2019-1|1191571|39|Human-Microbiome-3.9M-Gene-Catalog-(metahit-v2)|MC3.MG2.AS1.GP1.C2658.G20|tetM	L	
C2|~tetRPG-199_1|tetRPG-199_1|LMS|Ruppe_2019|MC3.MG353.AS1.GP1.C33848.G3	tetRPG	L	M	S	Ruppe_2019	Ruppe_2019-1|2711548|39|Human-Microbiome-3.9M-Gene-Catalog-(metahit-v2)|MC3.MG353.AS1.GP1.C33848.G3|tetM	L	
C2|~tetRPG-206_1|tetRPG-206_1|LMS|Ruppe_2019|MC3.MG12.AS1.GP1.C66429.G34	tetRPG	L	M	S	Ruppe_2019	Ruppe_2019-1|312210|39|Human-Microbiome-3.9M-Gene-Catalog-(metahit-v2)|MC3.MG12.AS1.GP1.C66429.G34|tetM	L	
C2|~tetRPG-211_1|tetRPG-211_1|LMS|Ruppe_2019|MC3.MG324.AS1.GP1.C7597.G2	tetRPG	L	M	S	Ruppe_2019	Ruppe_2019-1|2385299|39|Human-Microbiome-3.9M-Gene-Catalog-(metahit-v2)|MC3.MG324.AS1.GP1.C7597.G2|tetM	L	
C2|~tetRPG-214_1|tetRPG-214_1|LMS|Ruppe_2019|MC3.MG172.AS1.GP1.C9149.G4	tetRPG	L	M	S	Ruppe_2019	Ruppe_2019-1|944856|39|Human-Microbiome-3.9M-Gene-Catalog-(metahit-v2)|MC3.MG172.AS1.GP1.C9149.G4|tetM	L	
C2|~tetRPG-218_1|tetRPG-218_1|LMS|Ruppe_2019|MC3.MG365.AS1.GP1.C11906.G2	tetRPG	L	M	S	Ruppe_2019	Ruppe_2019-1|2854680|39|Human-Microbiome-3.9M-Gene-Catalog-(metahit-v2)|MC3.MG365.AS1.GP1.C11906.G2|tetM	L	
C2|~tetRPG-234_1|tetRPG-234_1|LMS|Ruppe_2019|MC3.MG382.AS1.GP1.C1383.G4	tetRPG	L	M	S	Ruppe_2019	Ruppe_2019-1|3071407|39|Human-Microbiome-3.9M-Gene-Catalog-(metahit-v2)|MC3.MG382.AS1.GP1.C1383.G4|tetM	L	
C2|~tetRPG-242_1|tetRPG-242_1|LCS|Ruppe_2019|MC3.MG98.AS1.GP1.C30714.G30	tetRPG	L	C	S	Ruppe_2019	Ruppe_2019-1|3843385|39|Human-Microbiome-3.9M-Gene-Catalog-(metahit-v2)|MC3.MG98.AS1.GP1.C30714.G30|tetM	L	
C2|~tetRPG-245_1|tetRPG-245_1|LMS|Ruppe_2019|MC3.MG8.AS1.GP1.C3157.G1	tetRPG	L	M	S	Ruppe_2019	Ruppe_2019-1|3613389|39|Human-Microbiome-3.9M-Gene-Catalog-(metahit-v2)|MC3.MG8.AS1.GP1.C3157.G1|tetM	L	
C2|~tetRPG-246_1|tetRPG-246_1|LCS|Ruppe_2019|MC3.MG49.AS1.GP1.C30106.G1	tetRPG	L	C	S	Ruppe_2019	Ruppe_2019-1|3317907|39|Human-Microbiome-3.9M-Gene-Catalog-(metahit-v2)|MC3.MG49.AS1.GP1.C30106.G1|tetM	L	
C2|~tetRPG-249_1|tetRPG-249_1|LCS|Ruppe_2019|MC3.MG345.AS1.GP1.C20287.G4	tetRPG	L	C	S	Ruppe_2019	Ruppe_2019-1|2631179|39|Human-Microbiome-3.9M-Gene-Catalog-(metahit-v2)|MC3.MG345.AS1.GP1.C20287.G4|tetM	L	
C2|~tetRPG-251_1|tetRPG-251_1|LMS|Ruppe_2019|MC3.MG255.AS1.GP1.C33646.G4	tetRPG	L	M	S	Ruppe_2019	Ruppe_2019-1|1660498|39|Human-Microbiome-3.9M-Gene-Catalog-(metahit-v2)|MC3.MG255.AS1.GP1.C33646.G4|tetM	L	
C2|~tetRPG-252_1|tetRPG-252_1|LCS|Ruppe_2019|MC3.MG199.AS1.GP1.C10653.G2	tetRPG	L	C	S	Ruppe_2019	Ruppe_2019-1|1169720|39|Human-Microbiome-3.9M-Gene-Catalog-(metahit-v2)|MC3.MG199.AS1.GP1.C10653.G2|tetM	L	
C2|~tetRPG-254_1|tetRPG-254_1|LCS|Ruppe_2019|MC3.MG103.AS1.GP1.C20878.G5	tetRPG	L	C	S	Ruppe_2019	Ruppe_2019-1|64627|39|Human-Microbiome-3.9M-Gene-Catalog-(metahit-v2)|MC3.MG103.AS1.GP1.C20878.G5|tetM	L	
C2|~tetRPG-259_1|tetRPG-259_1|LMS|Ruppe_2019|MC3.MG332.AS1.GP1.C36655.G4	tetRPG	L	M	S	Ruppe_2019	Ruppe_2019-1|2510386|39|Human-Microbiome-3.9M-Gene-Catalog-(metahit-v2)|MC3.MG332.AS1.GP1.C36655.G4|tetM	L	
C2|~tetRPG-260_1|tetRPG-260_1|LCS|Ruppe_2019|MC3.MG296.AS1.GP1.C16471.G2	tetRPG	L	C	S	Ruppe_2019	Ruppe_2019-1|2027772|39|Human-Microbiome-3.9M-Gene-Catalog-(metahit-v2)|MC3.MG296.AS1.GP1.C16471.G2|tetM	L	
C2|~tetRPG-265_1|tetRPG-265_1|LCS|Ruppe_2019|MC3.MG232.AS1.GP1.C30464.G2	tetRPG	L	C	S	Ruppe_2019	Ruppe_2019-1|1462791|39|Human-Microbiome-3.9M-Gene-Catalog-(metahit-v2)|MC3.MG232.AS1.GP1.C30464.G2|tetM	L	
C2|~tetRPG-269_1|tetRPG-269_1|LCP|Li_2025|k141_103010_seq1_1	tetRPG	L	C	P	Li_2025	Li_2025-tet_rpg|swine|k141_103010_seq1_1	L	
C2|~tetRPG-271_1|tetRPG-271_1|LCS|Ruppe_2019|MC3.MG52.AS1.GP1.C20765.G1	tetRPG	L	C	S	Ruppe_2019	Ruppe_2019-1|3344099|39|Human-Microbiome-3.9M-Gene-Catalog-(metahit-v2)|MC3.MG52.AS1.GP1.C20765.G1|tetM	L	
C2|~tetRPG-272_1|tetRPG-272_1|LMS|Ruppe_2019|MC3.MG390.AS1.GP1.C27947.G2	tetRPG	L	M	S	Ruppe_2019	Ruppe_2019-1|3220219|39|Human-Microbiome-3.9M-Gene-Catalog-(metahit-v2)|MC3.MG390.AS1.GP1.C27947.G2|tetM	L	
C2|~tetRPG-281_1|tetRPG-281_1|LCS|Ruppe_2019|MC3.MG216.AS1.GP1.C58706.G8	tetRPG	L	C	S	Ruppe_2019	Ruppe_2019-1|1345006|39|Human-Microbiome-3.9M-Gene-Catalog-(metahit-v2)|MC3.MG216.AS1.GP1.C58706.G8|tetM	L	
C2|~tetRPG-287_1|tetRPG-287_1|LMS|Ruppe_2019|MC3.MG46.AS1.GP1.C11199.G2	tetRPG	L	M	S	Ruppe_2019	Ruppe_2019-1|3295715|39|Human-Microbiome-3.9M-Gene-Catalog-(metahit-v2)|MC3.MG46.AS1.GP1.C11199.G2|tetM	L	
C2|~tetRPG-292_1|tetRPG-292_1|LMS|Ruppe_2019|MC3.MG288.AS1.GP1.C75994.G1	tetRPG	L	M	S	Ruppe_2019	Ruppe_2019-1|1921764|39|Human-Microbiome-3.9M-Gene-Catalog-(metahit-v2)|MC3.MG288.AS1.GP1.C75994.G1|tetM	L	
C2|~tetRPG-294_1|tetRPG-294_1|LMS|Ruppe_2019|MC3.MG254.AS1.GP1.C19322.G1	tetRPG	L	M	S	Ruppe_2019	Ruppe_2019-1|1635662|39|Human-Microbiome-3.9M-Gene-Catalog-(metahit-v2)|MC3.MG254.AS1.GP1.C19322.G1|tetM	L	
C2|~tetRPG-295_1|tetRPG-295_1|LMS|Ruppe_2019|MC3.MG229.AS1.GP1.C21469.G11	tetRPG	L	M	S	Ruppe_2019	Ruppe_2019-1|1445607|39|Human-Microbiome-3.9M-Gene-Catalog-(metahit-v2)|MC3.MG229.AS1.GP1.C21469.G11|tetM	L	
C2|~tetRPG-298_1|tetRPG-298_1|LCS|Ruppe_2019|MC3.MG138.AS1.GP1.C57333.G12	tetRPG	L	C	S	Ruppe_2019	Ruppe_2019-1|587411|39|Human-Microbiome-3.9M-Gene-Catalog-(metahit-v2)|MC3.MG138.AS1.GP1.C57333.G12|tetM	L	
C2|~tetRPG-299_1|tetRPG-299_1|LMS|Ruppe_2019|MC3.MG138.AS1.GP1.C32363.G3	tetRPG	L	M	S	Ruppe_2019	Ruppe_2019-1|570261|39|Human-Microbiome-3.9M-Gene-Catalog-(metahit-v2)|MC3.MG138.AS1.GP1.C32363.G3|tetM	L	
C2|~tetRPG-303_1|tetRPG-303_1|LCS|Ruppe_2019|MC3.MG377.AS1.GP1.C8662.G1	tetRPG	L	C	S	Ruppe_2019	Ruppe_2019-1|3005403|39|Human-Microbiome-3.9M-Gene-Catalog-(metahit-v2)|MC3.MG377.AS1.GP1.C8662.G1|tetM	L	
C2|~tetRPG-305_1|tetRPG-305_1|LMS|Ruppe_2019|MC3.MG181.AS1.GP1.C16770.G2	tetRPG	L	M	S	Ruppe_2019	Ruppe_2019-1|1021127|39|Human-Microbiome-3.9M-Gene-Catalog-(metahit-v2)|MC3.MG181.AS1.GP1.C16770.G2|tetM	L	
C2|~tetRPG-306_1|tetRPG-306_1|LMS|Ruppe_2019|MC3.MG120.AS1.GP1.C23466.G10	tetRPG	L	M	S	Ruppe_2019	Ruppe_2019-1|343189|39|Human-Microbiome-3.9M-Gene-Catalog-(metahit-v2)|MC3.MG120.AS1.GP1.C23466.G10|tetM	L	
C2|~tetRPG-308_1|tetRPG-308_1|LCS|Ruppe_2019|MC3.MG108.AS1.GP1.C4338.G3	tetRPG	L	C	S	Ruppe_2019	Ruppe_2019-1|112939|39|Human-Microbiome-3.9M-Gene-Catalog-(metahit-v2)|MC3.MG108.AS1.GP1.C4338.G3|tetM	L	
C2|~tetRPG-315_1|tetRPG-315_1|LCS|Ruppe_2019|MC3.MG232.AS1.GP1.C49177.G7	tetRPG	L	C	S	Ruppe_2019	Ruppe_2019-1|1466976|39|Human-Microbiome-3.9M-Gene-Catalog-(metahit-v2)|MC3.MG232.AS1.GP1.C49177.G7|tetM	L	
C2|~tetRPG-316_1|tetRPG-316_1|LCS|Ruppe_2019|MC3.MG22.AS1.GP1.C9623.G1	tetRPG	L	C	S	Ruppe_2019	Ruppe_2019-1|1375614|39|Human-Microbiome-3.9M-Gene-Catalog-(metahit-v2)|MC3.MG22.AS1.GP1.C9623.G1|tetM	L	
C2|~tetRPG-319_1|tetRPG-319_1|LCS|Ruppe_2019|MC3.MG96.AS1.GP1.C35500.G48	tetRPG	L	C	S	Ruppe_2019	Ruppe_2019-1|3820540|39|Human-Microbiome-3.9M-Gene-Catalog-(metahit-v2)|MC3.MG96.AS1.GP1.C35500.G48|tetM	L	
C2|~tetRPG-325_1|tetRPG-325_1|LCS|Ruppe_2019|MC3.MG305.AS1.GP1.C27363.G12	tetRPG	L	C	S	Ruppe_2019	Ruppe_2019-1|2174052|39|Human-Microbiome-3.9M-Gene-Catalog-(metahit-v2)|MC3.MG305.AS1.GP1.C27363.G12|tetM	L	
C2|~tetRPG-327_1|tetRPG-327_1|LCS|Ruppe_2019|MC3.MG195.AS1.GP1.C43140.G3	tetRPG	L	C	S	Ruppe_2019	Ruppe_2019-1|1144484|39|Human-Microbiome-3.9M-Gene-Catalog-(metahit-v2)|MC3.MG195.AS1.GP1.C43140.G3|tetM	L	
C2|~tetRPG-329_1|tetRPG-329_1|LCS|Ruppe_2019|MC3.MG179.AS1.GP1.C64867.G2	tetRPG	L	C	S	Ruppe_2019	Ruppe_2019-1|1011000|39|Human-Microbiome-3.9M-Gene-Catalog-(metahit-v2)|MC3.MG179.AS1.GP1.C64867.G2|tetM	L	
C2|~tetRPG-335_1|tetRPG-335_1|LCS|Ruppe_2019|MC3.MG68.AS1.GP1.C7528.G10	tetRPG	L	C	S	Ruppe_2019	Ruppe_2019-1|3541148|39|Human-Microbiome-3.9M-Gene-Catalog-(metahit-v2)|MC3.MG68.AS1.GP1.C7528.G10|tetM	L	
C2|~tetRPG-338_1|tetRPG-338_1|LCS|Ruppe_2019|MC3.MG320.AS1.GP1.C32625.G2	tetRPG	L	C	S	Ruppe_2019	Ruppe_2019-1|2302837|39|Human-Microbiome-3.9M-Gene-Catalog-(metahit-v2)|MC3.MG320.AS1.GP1.C32625.G2|tetM	L	
C2|~tetRPG-340_1|tetRPG-340_1|LCS|Ruppe_2019|MC3.MG295.AS1.GP1.C8745.G9	tetRPG	L	C	S	Ruppe_2019	Ruppe_2019-1|2024836|39|Human-Microbiome-3.9M-Gene-Catalog-(metahit-v2)|MC3.MG295.AS1.GP1.C8745.G9|tetM	L	
C2|~tetRPG-344_1|tetRPG-344_1|LCS|Ruppe_2019|MC3.MG224.AS1.GP1.C68720.G26	tetRPG	L	C	S	Ruppe_2019	Ruppe_2019-1|1414544|39|Human-Microbiome-3.9M-Gene-Catalog-(metahit-v2)|MC3.MG224.AS1.GP1.C68720.G26|tetM	L	
C2|~tetRPG-349_1|tetRPG-349_1|LCS|Ruppe_2019|MC3.MG92.AS1.GP1.C26088.G3	tetRPG	L	C	S	Ruppe_2019	Ruppe_2019-1|3760418|39|Human-Microbiome-3.9M-Gene-Catalog-(metahit-v2)|MC3.MG92.AS1.GP1.C26088.G3|tetM	L	
C2|~tetRPG-356_1|tetRPG-356_1|LCS|Ruppe_2019|MC3.MG359.AS1.GP1.C11798.G1	tetRPG	L	C	S	Ruppe_2019	Ruppe_2019-1|2775637|39|Human-Microbiome-3.9M-Gene-Catalog-(metahit-v2)|MC3.MG359.AS1.GP1.C11798.G1|tetM	L	
C2|~tetRPG-359_1|tetRPG-359_1|LCS|Ruppe_2019|MC3.MG181.AS1.GP1.C45555.G7	tetRPG	L	C	S	Ruppe_2019	Ruppe_2019-1|1033738|39|Human-Microbiome-3.9M-Gene-Catalog-(metahit-v2)|MC3.MG181.AS1.GP1.C45555.G7|tetM	L	
C2|~tetRPG-365_1|tetRPG-365_1|LCS|Ruppe_2019|MC3.MG78.AS1.GP1.C14237.G8	tetRPG	L	C	S	Ruppe_2019	Ruppe_2019-1|3593077|39|Human-Microbiome-3.9M-Gene-Catalog-(metahit-v2)|MC3.MG78.AS1.GP1.C14237.G8|tetM	L	
C2|~tetRPG-374_1|tetRPG-374_1|LCS|Ruppe_2019|MC3.MG274.AS1.GP1.C12718.G1	tetRPG	L	C	S	Ruppe_2019	Ruppe_2019-1|1791643|39|Human-Microbiome-3.9M-Gene-Catalog-(metahit-v2)|MC3.MG274.AS1.GP1.C12718.G1|tetM	L	
C2|~tetRPG-378_1|tetRPG-378_1|LCS|Ruppe_2019|MC3.MG218.AS1.GP1.C22027.G3	tetRPG	L	C	S	Ruppe_2019	Ruppe_2019-1|1355591|39|Human-Microbiome-3.9M-Gene-Catalog-(metahit-v2)|MC3.MG218.AS1.GP1.C22027.G3|tetM	L	
C2|~tetRPG-391_1|tetRPG-391_1|LCS|Ruppe_2019|MC3.MG92.AS1.GP1.C20277.G2	tetRPG	L	C	S	Ruppe_2019	Ruppe_2019-1|3759138|39|Human-Microbiome-3.9M-Gene-Catalog-(metahit-v2)|MC3.MG92.AS1.GP1.C20277.G2|tetM	L	
C2|~tetRPG-397_1|tetRPG-397_1|LCS|Ruppe_2019|MC3.MG3.AS1.GP1.C17208.G6	tetRPG	L	C	S	Ruppe_2019	Ruppe_2019-1|2084245|39|Human-Microbiome-3.9M-Gene-Catalog-(metahit-v2)|MC3.MG3.AS1.GP1.C17208.G6|tetM	L	
C2|~tetRPG-399_1|tetRPG-399_1|LMS|Ruppe_2019|MC3.MG287.AS1.GP1.C7904.G3	tetRPG	L	M	S	Ruppe_2019	Ruppe_2019-1|1905263|39|Human-Microbiome-3.9M-Gene-Catalog-(metahit-v2)|MC3.MG287.AS1.GP1.C7904.G3|tetM	L	
C2|~tetRPG-405_1|tetRPG-405_1|LCS|Ruppe_2019|MC3.MG234.AS1.GP1.C60858.G2	tetRPG	L	C	S	Ruppe_2019	Ruppe_2019-1|1486518|39|Human-Microbiome-3.9M-Gene-Catalog-(metahit-v2)|MC3.MG234.AS1.GP1.C60858.G2|tetM	L	
C2|~tetRPG-417_1|tetRPG-417_1|LMS|Ruppe_2019|MC3.MG324.AS1.GP1.C7249.G6	tetRPG	L	M	S	Ruppe_2019	Ruppe_2019-1|2385069|39|Human-Microbiome-3.9M-Gene-Catalog-(metahit-v2)|MC3.MG324.AS1.GP1.C7249.G6|tetM	L	
C2|~tetRPG-424_1|tetRPG-424_1|LCS|Ruppe_2019|MC3.MG207.AS1.GP1.C42145.G3	tetRPG	L	C	S	Ruppe_2019	Ruppe_2019-1|1267968|39|Human-Microbiome-3.9M-Gene-Catalog-(metahit-v2)|MC3.MG207.AS1.GP1.C42145.G3|tetM	L	
C2|~tetRPG-425_1|tetRPG-425_1|LCS|Ruppe_2019|MC3.MG142.AS1.GP1.C29281.G4	tetRPG	L	C	S	Ruppe_2019	Ruppe_2019-1|653471|39|Human-Microbiome-3.9M-Gene-Catalog-(metahit-v2)|MC3.MG142.AS1.GP1.C29281.G4|tetM	L	
C2|~tetRPG-426_1|tetRPG-426_1|LMS|Ruppe_2019|MC3.MG140.AS1.GP1.C65129.G25	tetRPG	L	M	S	Ruppe_2019	Ruppe_2019-1|642281|39|Human-Microbiome-3.9M-Gene-Catalog-(metahit-v2)|MC3.MG140.AS1.GP1.C65129.G25|tetM	L	
C2|~tetRPG-431_1|tetRPG-431_1|LCS|Ruppe_2019|MC3.MG110.AS1.GP1.C38765.G1	tetRPG	L	C	S	Ruppe_2019	Ruppe_2019-1|163221|39|Human-Microbiome-3.9M-Gene-Catalog-(metahit-v2)|MC3.MG110.AS1.GP1.C38765.G1|tetM	L	
C2|~tetRPG-435_1|tetRPG-435_1|LMS|Ruppe_2019|MC3.MG86.AS1.GP1.C4397.G2	tetRPG	L	M	S	Ruppe_2019	Ruppe_2019-1|3668255|39|Human-Microbiome-3.9M-Gene-Catalog-(metahit-v2)|MC3.MG86.AS1.GP1.C4397.G2|tetM	L	
C2|~tetRPG-436_1|tetRPG-436_1|LMS|Ruppe_2019|MC3.MG6.AS1.GP1.C32037.G3	tetRPG	L	M	S	Ruppe_2019	Ruppe_2019-1|3429150|39|Human-Microbiome-3.9M-Gene-Catalog-(metahit-v2)|MC3.MG6.AS1.GP1.C32037.G3|tetM	L	
C2|~tetRPG-438_1|tetRPG-438_1|LCS|Ruppe_2019|MC3.MG386.AS1.GP1.C22884.G4	tetRPG	L	C	S	Ruppe_2019	Ruppe_2019-1|3138332|39|Human-Microbiome-3.9M-Gene-Catalog-(metahit-v2)|MC3.MG386.AS1.GP1.C22884.G4|tetM	L	
C2|~tetRPG-439_1|tetRPG-439_1|LCS|Ruppe_2019|MC3.MG358.AS1.GP1.C18256.G1	tetRPG	L	C	S	Ruppe_2019	Ruppe_2019-1|2753169|39|Human-Microbiome-3.9M-Gene-Catalog-(metahit-v2)|MC3.MG358.AS1.GP1.C18256.G1|tetM	L	
C2|~tetRPG-441_1|tetRPG-441_1|LMS|Ruppe_2019|MC3.MG345.AS1.GP1.C7678.G3	tetRPG	L	M	S	Ruppe_2019	Ruppe_2019-1|2655594|39|Human-Microbiome-3.9M-Gene-Catalog-(metahit-v2)|MC3.MG345.AS1.GP1.C7678.G3|tetM	L	
C2|~tetRPG-461_1|tetRPG-461_1|LCS|Ruppe_2019|MC3.MG12.AS1.GP1.C12028.G28	tetRPG	L	C	S	Ruppe_2019	Ruppe_2019-1|254316|39|Human-Microbiome-3.9M-Gene-Catalog-(metahit-v2)|MC3.MG12.AS1.GP1.C12028.G28|tetM	L	
C2|~tetRPG-464_1|tetRPG-464_1|LCS|Ruppe_2019|MC3.MG96.AS1.GP1.C811.G8	tetRPG	L	C	S	Ruppe_2019	Ruppe_2019-1|3823762|39|Human-Microbiome-3.9M-Gene-Catalog-(metahit-v2)|MC3.MG96.AS1.GP1.C811.G8|tetM	L	
C2|~tetRPG-466_1|tetRPG-466_1|LCS|Ruppe_2019|MC3.MG95.AS1.GP1.C3623.G2	tetRPG	L	C	S	Ruppe_2019	Ruppe_2019-1|3799383|39|Human-Microbiome-3.9M-Gene-Catalog-(metahit-v2)|MC3.MG95.AS1.GP1.C3623.G2|tetM	L	
C2|~tetRPG-469_1|tetRPG-469_1|LMS|Ruppe_2019|MC3.MG78.AS1.GP1.C9438.G13	tetRPG	L	M	S	Ruppe_2019	Ruppe_2019-1|3603374|39|Human-Microbiome-3.9M-Gene-Catalog-(metahit-v2)|MC3.MG78.AS1.GP1.C9438.G13|tetM	L	
C2|~tetRPG-471_1|tetRPG-471_1|LMS|Ruppe_2019|MC3.MG69.AS1.GP1.C24143.G1	tetRPG	L	M	S	Ruppe_2019	Ruppe_2019-1|3544258|39|Human-Microbiome-3.9M-Gene-Catalog-(metahit-v2)|MC3.MG69.AS1.GP1.C24143.G1|tetM	L	
C2|~tetRPG-480_1|tetRPG-480_1|LCS|Ruppe_2019|MC3.MG30.AS1.GP1.C11921.G1	tetRPG	L	C	S	Ruppe_2019	Ruppe_2019-1|2105336|39|Human-Microbiome-3.9M-Gene-Catalog-(metahit-v2)|MC3.MG30.AS1.GP1.C11921.G1|tetM	L	
C2|~tetRPG-485_1|tetRPG-485_1|LCS|Ruppe_2019|MC3.MG243.AS1.GP1.C1900.G3	tetRPG	L	C	S	Ruppe_2019	Ruppe_2019-1|1537824|39|Human-Microbiome-3.9M-Gene-Catalog-(metahit-v2)|MC3.MG243.AS1.GP1.C1900.G3|tetM	L	
C2|~tetRPG-486_1|tetRPG-486_1|LCS|Ruppe_2019|MC3.MG240.AS1.GP1.C57590.G2	tetRPG	L	C	S	Ruppe_2019	Ruppe_2019-1|1525906|39|Human-Microbiome-3.9M-Gene-Catalog-(metahit-v2)|MC3.MG240.AS1.GP1.C57590.G2|tetM	L	
C2|~tetRPG-498_1|tetRPG-498_1|LCS|Ruppe_2019|MC3.MG145.AS1.GP1.C30076.G47	tetRPG	L	C	S	Ruppe_2019	Ruppe_2019-1|699203|39|Human-Microbiome-3.9M-Gene-Catalog-(metahit-v2)|MC3.MG145.AS1.GP1.C30076.G47|tetM	L	
C2|~tetRPG-513_1|tetRPG-513_1|LCP|Li_2025|k141_42376_seq1_1	tetRPG	L	C	P	Li_2025	Li_2025-tet_rpg|swine|k141_42376_seq1_1	L	
C2|~tetRPG-514_1|tetRPG-514_1|LCP|Li_2025|k141_576970_seq1_1	tetRPG	L	C	P	Li_2025	Li_2025-tet_rpg|cattle|k141_576970_seq1_1	L	
C2|~tetRPG-524_1|tetRPG-524_1|LCS|Ruppe_2019|MC3.MG332.AS1.GP1.C44594.G5	tetRPG	L	C	S	Ruppe_2019	Ruppe_2019-1|2517670|39|Human-Microbiome-3.9M-Gene-Catalog-(metahit-v2)|MC3.MG332.AS1.GP1.C44594.G5|tetM	L	
C2|~tetRPG-530_1|tetRPG-530_1|LCS|Ruppe_2019|MC3.MG283.AS1.GP1.C27218.G3	tetRPG	L	C	S	Ruppe_2019	Ruppe_2019-1|1857723|39|Human-Microbiome-3.9M-Gene-Catalog-(metahit-v2)|MC3.MG283.AS1.GP1.C27218.G3|tetM	L	
C2|~tetRPG-532_1|tetRPG-532_1|LCS|Ruppe_2019|MC3.MG233.AS1.GP1.C33965.G1	tetRPG	L	C	S	Ruppe_2019	Ruppe_2019-1|1476667|39|Human-Microbiome-3.9M-Gene-Catalog-(metahit-v2)|MC3.MG233.AS1.GP1.C33965.G1|tetM	L	
C2|~tetRPG-534_1|tetRPG-534_1|LCS|Ruppe_2019|MC3.MG137.AS1.GP1.C28325.G1	tetRPG	L	C	S	Ruppe_2019	Ruppe_2019-1|545825|39|Human-Microbiome-3.9M-Gene-Catalog-(metahit-v2)|MC3.MG137.AS1.GP1.C28325.G1|tetM	L	
C2|~tetRPG-537_1|tetRPG-537_1|LCS|Ruppe_2019|MC3.MG95.AS1.GP1.C40705.G12	tetRPG	L	C	S	Ruppe_2019	Ruppe_2019-1|3803036|39|Human-Microbiome-3.9M-Gene-Catalog-(metahit-v2)|MC3.MG95.AS1.GP1.C40705.G12|tetM	L	
C2|~tetRPG-539_1|tetRPG-539_1|LCS|Ruppe_2019|MC3.MG43.AS1.GP1.C32152.G1	tetRPG	L	C	S	Ruppe_2019	Ruppe_2019-1|3281799|39|Human-Microbiome-3.9M-Gene-Catalog-(metahit-v2)|MC3.MG43.AS1.GP1.C32152.G1|tetM	L	
C2|~tetRPG-540_1|tetRPG-540_1|LCS|Ruppe_2019|MC3.MG4.AS1.GP1.C3662.G2	tetRPG	L	C	S	Ruppe_2019	Ruppe_2019-1|3257159|39|Human-Microbiome-3.9M-Gene-Catalog-(metahit-v2)|MC3.MG4.AS1.GP1.C3662.G2|tetM	L	
C2|~tetRPG-541_1|tetRPG-541_1|LMS|Ruppe_2019|MC3.MG39.AS1.GP1.C32851.G5	tetRPG	L	M	S	Ruppe_2019	Ruppe_2019-1|3213976|39|Human-Microbiome-3.9M-Gene-Catalog-(metahit-v2)|MC3.MG39.AS1.GP1.C32851.G5|tetM	L	
C2|~tetRPG-548_1|tetRPG-548_1|LCS|Ruppe_2019|MC3.MG327.AS1.GP1.C8151.G1	tetRPG	L	C	S	Ruppe_2019	Ruppe_2019-1|2437256|39|Human-Microbiome-3.9M-Gene-Catalog-(metahit-v2)|MC3.MG327.AS1.GP1.C8151.G1|tetM	L	
C2|~tetRPG-550_1|tetRPG-550_1|LMS|Ruppe_2019|MC3.MG287.AS1.GP1.C7901.G8	tetRPG	L	M	S	Ruppe_2019	Ruppe_2019-1|1905256|39|Human-Microbiome-3.9M-Gene-Catalog-(metahit-v2)|MC3.MG287.AS1.GP1.C7901.G8|tetM	L	
C2|~tetRPG-555_1|tetRPG-555_1|LCS|Ruppe_2019|MC3.MG218.AS1.GP1.C22444.G1	tetRPG	L	C	S	Ruppe_2019	Ruppe_2019-1|1355639|39|Human-Microbiome-3.9M-Gene-Catalog-(metahit-v2)|MC3.MG218.AS1.GP1.C22444.G1|tetM	L	
C2|~tetRPG-556_1|tetRPG-556_1|LCS|Ruppe_2019|MC3.MG120.AS1.GP1.C58235.G17	tetRPG	L	C	S	Ruppe_2019	Ruppe_2019-1|360419|39|Human-Microbiome-3.9M-Gene-Catalog-(metahit-v2)|MC3.MG120.AS1.GP1.C58235.G17|tetM	L	
C2|~tetRPG-557_1|tetRPG-557_1|LCS|Ruppe_2019|MC3.MG12.AS1.GP1.C75364.G3	tetRPG	L	C	S	Ruppe_2019	Ruppe_2019-1|321297|39|Human-Microbiome-3.9M-Gene-Catalog-(metahit-v2)|MC3.MG12.AS1.GP1.C75364.G3|tetM	L	
C2|~tetRPG-559_1|tetRPG-559_1|LCP|Li_2025|k141_1746089_seq1_1	tetRPG	L	C	P	Li_2025	Li_2025-tet_rpg|cattle|k141_1746089_seq1_1	L	
C2|~tetRPG-563_1|tetRPG-563_1|LCS|Ruppe_2019|MC3.MG345.AS1.GP1.C28313.G12	tetRPG	L	C	S	Ruppe_2019	Ruppe_2019-1|2634626|39|Human-Microbiome-3.9M-Gene-Catalog-(metahit-v2)|MC3.MG345.AS1.GP1.C28313.G12|tetM	L	
C2|~tetRPG-569_1|tetRPG-569_1|LCS|Ruppe_2019|MC3.MG172.AS1.GP1.C9149.G3	tetRPG	L	C	S	Ruppe_2019	Ruppe_2019-1|944855|39|Human-Microbiome-3.9M-Gene-Catalog-(metahit-v2)|MC3.MG172.AS1.GP1.C9149.G3|tetM	L	
C2|~tetRPG-571_1|tetRPG-571_1|LCS|Ruppe_2019|MC3.MG12.AS1.GP1.C73960.G3	tetRPG	L	C	S	Ruppe_2019	Ruppe_2019-1|319793|39|Human-Microbiome-3.9M-Gene-Catalog-(metahit-v2)|MC3.MG12.AS1.GP1.C73960.G3|tetM	L	
C2|~tetRPG-573_1|tetRPG-573_1|LCS|Ruppe_2019|MC3.MG12.AS1.GP1.C31653.G1	tetRPG	L	C	S	Ruppe_2019	Ruppe_2019-1|276866|39|Human-Microbiome-3.9M-Gene-Catalog-(metahit-v2)|MC3.MG12.AS1.GP1.C31653.G1|tetM	L	
C2|~tetRPG-574_1|tetRPG-574_1|LCS|Ruppe_2019|MC3.MG46.AS1.GP1.C12494.G3	tetRPG	L	C	S	Ruppe_2019	Ruppe_2019-1|3297329|39|Human-Microbiome-3.9M-Gene-Catalog-(metahit-v2)|MC3.MG46.AS1.GP1.C12494.G3|tetM	L	
C2|~tetRPG-575_1|tetRPG-575_1|LCS|Ruppe_2019|MC3.MG4.AS1.GP1.C14248.G2	tetRPG	L	C	S	Ruppe_2019	Ruppe_2019-1|3255712|39|Human-Microbiome-3.9M-Gene-Catalog-(metahit-v2)|MC3.MG4.AS1.GP1.C14248.G2|tetM	L	
C2|~tetRPG-576_1|tetRPG-576_1|LCS|Ruppe_2019|MC3.MG351.AS1.GP1.C30230.G11	tetRPG	L	C	S	Ruppe_2019	Ruppe_2019-1|2690798|39|Human-Microbiome-3.9M-Gene-Catalog-(metahit-v2)|MC3.MG351.AS1.GP1.C30230.G11|tetM	L	
C2|~tetRPG-577_1|tetRPG-577_1|LCS|Ruppe_2019|MC3.MG345.AS1.GP1.C57006.G1	tetRPG	L	C	S	Ruppe_2019	Ruppe_2019-1|2648116|39|Human-Microbiome-3.9M-Gene-Catalog-(metahit-v2)|MC3.MG345.AS1.GP1.C57006.G1|tetM	L	
C2|~tetRPG-579_1|tetRPG-579_1|LCS|Ruppe_2019|MC3.MG332.AS1.GP1.C554.G9	tetRPG	L	C	S	Ruppe_2019	Ruppe_2019-1|2528294|39|Human-Microbiome-3.9M-Gene-Catalog-(metahit-v2)|MC3.MG332.AS1.GP1.C554.G9|tetM	L	
C2|~tetRPG-580_1|tetRPG-580_1|LCS|Ruppe_2019|MC3.MG303.AS1.GP1.C14038.G1	tetRPG	L	C	S	Ruppe_2019	Ruppe_2019-1|2140776|39|Human-Microbiome-3.9M-Gene-Catalog-(metahit-v2)|MC3.MG303.AS1.GP1.C14038.G1|tetM	L	
C2|~tetRPG-583_1|tetRPG-583_1|LCS|Ruppe_2019|MC3.MG97.AS1.GP1.C53924.G1	tetRPG	L	C	S	Ruppe_2019	Ruppe_2019-1|3837817|39|Human-Microbiome-3.9M-Gene-Catalog-(metahit-v2)|MC3.MG97.AS1.GP1.C53924.G1|tetM	L	
C2|~tetRPG-584_1|tetRPG-584_1|LCS|Ruppe_2019|MC3.MG91.AS1.GP1.C60767.G2	tetRPG	L	C	S	Ruppe_2019	Ruppe_2019-1|3754842|39|Human-Microbiome-3.9M-Gene-Catalog-(metahit-v2)|MC3.MG91.AS1.GP1.C60767.G2|tetM	L	
C2|~tetRPG-585_1|tetRPG-585_1|LCS|Ruppe_2019|MC3.MG78.AS1.GP1.C5474.G2	tetRPG	L	C	S	Ruppe_2019	Ruppe_2019-1|3600905|39|Human-Microbiome-3.9M-Gene-Catalog-(metahit-v2)|MC3.MG78.AS1.GP1.C5474.G2|tetM	L	
C2|~tetRPG-586_1|tetRPG-586_1|LCS|Ruppe_2019|MC3.MG382.AS1.GP1.C26113.G2	tetRPG	L	C	S	Ruppe_2019	Ruppe_2019-1|3075076|39|Human-Microbiome-3.9M-Gene-Catalog-(metahit-v2)|MC3.MG382.AS1.GP1.C26113.G2|tetM	L	
C2|~tetRPG-592_1|tetRPG-592_1|LCS|Ruppe_2019|MC3.MG138.AS1.GP1.C59875.G4	tetRPG	L	C	S	Ruppe_2019	Ruppe_2019-1|589958|39|Human-Microbiome-3.9M-Gene-Catalog-(metahit-v2)|MC3.MG138.AS1.GP1.C59875.G4|tetM	L	
C2|~tetRPG-593_1|tetRPG-593_1|LCS|Ruppe_2019|MC3.MG114.AS1.GP1.C19308.G1	tetRPG	L	C	S	Ruppe_2019	Ruppe_2019-1|195093|39|Human-Microbiome-3.9M-Gene-Catalog-(metahit-v2)|MC3.MG114.AS1.GP1.C19308.G1|tetM	L	
C2|~tetRPG-594_1|tetRPG-594_1|LCS|Ruppe_2019|MC3.MG111.AS1.GP1.C14188.G3	tetRPG	L	C	S	Ruppe_2019	Ruppe_2019-1|169096|39|Human-Microbiome-3.9M-Gene-Catalog-(metahit-v2)|MC3.MG111.AS1.GP1.C14188.G3|tetM	L	
C2|~tetRPG-595_1|tetRPG-595_1|LCS|Ruppe_2019|MC3.MG37.AS1.GP1.C10037.G3	tetRPG	L	C	S	Ruppe_2019	Ruppe_2019-1|2916723|39|Human-Microbiome-3.9M-Gene-Catalog-(metahit-v2)|MC3.MG37.AS1.GP1.C10037.G3|tetM	L	
C2|~tetRPG-596_1|tetRPG-596_1|LCS|Ruppe_2019|MC3.MG114.AS1.GP1.C30337.G2	tetRPG	L	C	S	Ruppe_2019	Ruppe_2019-1|198986|39|Human-Microbiome-3.9M-Gene-Catalog-(metahit-v2)|MC3.MG114.AS1.GP1.C30337.G2|tetM	L	
C2|~tetRPG-597_1|tetRPG-597_1|LCP|Li_2025|k141_106217_seq1_1	tetRPG	L	C	P	Li_2025	Li_2025-tet_rpg|swine|k141_106217_seq1_1	L	
C2|~tetRPG-598_1|tetRPG-598_1|LCS|Ruppe_2019|MC3.MG53.AS1.GP1.C15299.G1	tetRPG	L	C	S	Ruppe_2019	Ruppe_2019-1|3357323|39|Human-Microbiome-3.9M-Gene-Catalog-(metahit-v2)|MC3.MG53.AS1.GP1.C15299.G1|tetM	L	
C2|~tetRPG-599_1|tetRPG-599_1|LCS|Ruppe_2019|MC3.MG387.AS1.GP1.C4481.G16	tetRPG	L	C	S	Ruppe_2019	Ruppe_2019-1|3181434|39|Human-Microbiome-3.9M-Gene-Catalog-(metahit-v2)|MC3.MG387.AS1.GP1.C4481.G16|tetM	L	
C2|~tetRPG-600_1|tetRPG-600_1|LMS|Ruppe_2019|MC3.MG327.AS1.GP1.C23575.G4	tetRPG	L	M	S	Ruppe_2019	Ruppe_2019-1|2422473|39|Human-Microbiome-3.9M-Gene-Catalog-(metahit-v2)|MC3.MG327.AS1.GP1.C23575.G4|tetM	L	
C2|~tetRPG-601_1|tetRPG-601_1|LCS|Ruppe_2019|MC3.MG304.AS1.GP1.C17114.G14	tetRPG	L	C	S	Ruppe_2019	Ruppe_2019-1|2165787|39|Human-Microbiome-3.9M-Gene-Catalog-(metahit-v2)|MC3.MG304.AS1.GP1.C17114.G14|tetM	L	
C2|~tetRPG-604_1|tetRPG-604_1|LCS|Ruppe_2019|MC3.MG282.AS1.GP1.C24078.G1	tetRPG	L	C	S	Ruppe_2019	Ruppe_2019-1|1841542|39|Human-Microbiome-3.9M-Gene-Catalog-(metahit-v2)|MC3.MG282.AS1.GP1.C24078.G1|tetM	L	
C2|~tetRPG-606_1|tetRPG-606_1|LCS|Ruppe_2019|MC3.MG207.AS1.GP1.C14984.G32	tetRPG	L	C	S	Ruppe_2019	Ruppe_2019-1|1250077|39|Human-Microbiome-3.9M-Gene-Catalog-(metahit-v2)|MC3.MG207.AS1.GP1.C14984.G32|tetM	L	
C2|~tetRPG-608_1|tetRPG-608_1|LCS|Ruppe_2019|MC3.MG120.AS1.GP1.C48492.G22	tetRPG	L	C	S	Ruppe_2019	Ruppe_2019-1|355053|39|Human-Microbiome-3.9M-Gene-Catalog-(metahit-v2)|MC3.MG120.AS1.GP1.C48492.G22|tetM	L	
C2|~tetRPG-609_1|tetRPG-609_1|LMS|Ruppe_2019|MC3.MG12.AS1.GP1.C37834.G3	tetRPG	L	M	S	Ruppe_2019	Ruppe_2019-1|283600|39|Human-Microbiome-3.9M-Gene-Catalog-(metahit-v2)|MC3.MG12.AS1.GP1.C37834.G3|tetM	L	
C2|~tetRPG-618_1|tetRPG-618_1|LCS|Ruppe_2019|MC3.MG12.AS1.GP1.C2937.G18	tetRPG	L	C	S	Ruppe_2019	Ruppe_2019-1|274232|39|Human-Microbiome-3.9M-Gene-Catalog-(metahit-v2)|MC3.MG12.AS1.GP1.C2937.G18|tetM	L	
C2|~tetRPG-619_1|tetRPG-619_1|LCP|Li_2025|k141_222555_seq1_1	tetRPG	L	C	P	Li_2025	Li_2025-tet_rpg|swine|k141_222555_seq1_1	L	
C2|~tetRPG-620_1|tetRPG-620_1|LCS|Ruppe_2019|MC3.MG7.AS1.GP1.C11769.G4	tetRPG	L	C	S	Ruppe_2019	Ruppe_2019-1|3548612|39|Human-Microbiome-3.9M-Gene-Catalog-(metahit-v2)|MC3.MG7.AS1.GP1.C11769.G4|tetM	L	
C2|~tetRPG-621_1|tetRPG-621_1|LCS|Ruppe_2019|MC3.MG53.AS1.GP1.C18066.G2	tetRPG	L	C	S	Ruppe_2019	Ruppe_2019-1|3358288|39|Human-Microbiome-3.9M-Gene-Catalog-(metahit-v2)|MC3.MG53.AS1.GP1.C18066.G2|tetM	L	
C2|~tetRPG-622_1|tetRPG-622_1|LCS|Ruppe_2019|MC3.MG332.AS1.GP1.C48725.G4	tetRPG	L	C	S	Ruppe_2019	Ruppe_2019-1|2522345|39|Human-Microbiome-3.9M-Gene-Catalog-(metahit-v2)|MC3.MG332.AS1.GP1.C48725.G4|tetM	L	
C2|~tetRPG-623_1|tetRPG-623_1|LCS|Ruppe_2019|MC3.MG144.AS1.GP1.C16397.G3	tetRPG	L	C	S	Ruppe_2019	Ruppe_2019-1|676494|39|Human-Microbiome-3.9M-Gene-Catalog-(metahit-v2)|MC3.MG144.AS1.GP1.C16397.G3|tetM	L	
C2|~tetRPG-631_1|tetRPG-631_1|LCP|Li_2025|k141_307538_seq1_1	tetRPG	L	C	P	Li_2025	Li_2025-tet_rpg|cattle|k141_307538_seq1_1	L	
C2|~tetRPG-635_1|tetRPG-635_1|LCP|Li_2025|k141_401842_seq1_1	tetRPG	L	C	P	Li_2025	Li_2025-tet_rpg|cattle|k141_401842_seq1_1	L	
C2|~tetRPG-637_1|tetRPG-637_1|LCS|Ruppe_2019|MC3.MG327.AS1.GP1.C13450.G10	tetRPG	L	C	S	Ruppe_2019	Ruppe_2019-1|2413328|39|Human-Microbiome-3.9M-Gene-Catalog-(metahit-v2)|MC3.MG327.AS1.GP1.C13450.G10|tetM	L	
C2|~tetRPG-638_1|tetRPG-638_1|LCP|Li_2025|k141_256934_seq1_1	tetRPG	L	C	P	Li_2025	Li_2025-tet_rpg|cattle|k141_256934_seq1_1	L	
C2|~tetRPG-639_1|tetRPG-639_1|LCP|Li_2025|k141_69034_seq1_1	tetRPG	L	C	P	Li_2025	Li_2025-tet_rpg|cattle|k141_69034_seq1_1	L	
C2|~tetRPG-640_1|tetRPG-640_1|LCS|Ruppe_2019|MC3.MG383.AS1.GP1.C22120.G1	tetRPG	L	C	S	Ruppe_2019	Ruppe_2019-1|3094895|39|Human-Microbiome-3.9M-Gene-Catalog-(metahit-v2)|MC3.MG383.AS1.GP1.C22120.G1|tetM	L	
C2|~tetRPG-641_1|tetRPG-641_1|LCS|Ruppe_2019|MC3.MG358.AS1.GP1.C66624.G1	tetRPG	L	C	S	Ruppe_2019	Ruppe_2019-1|2769361|39|Human-Microbiome-3.9M-Gene-Catalog-(metahit-v2)|MC3.MG358.AS1.GP1.C66624.G1|tetM	L	
C2|~tetRPG-642_1|tetRPG-642_1|LCS|Ruppe_2019|MC3.MG251.AS1.GP1.C4690.G2	tetRPG	L	C	S	Ruppe_2019	Ruppe_2019-1|1619260|39|Human-Microbiome-3.9M-Gene-Catalog-(metahit-v2)|MC3.MG251.AS1.GP1.C4690.G2|tetM	L	
C2|~tetRPG-644_1|tetRPG-644_1|LCS|Ruppe_2019|MC3.MG76.AS1.GP1.C10379.G10	tetRPG	L	C	S	Ruppe_2019	Ruppe_2019-1|3573836|39|Human-Microbiome-3.9M-Gene-Catalog-(metahit-v2)|MC3.MG76.AS1.GP1.C10379.G10|tetM	L	
C2|~tetRPG-645_1|tetRPG-645_1|LCS|Ruppe_2019|MC3.MG254.AS1.GP1.C64841.G1	tetRPG	L	C	S	Ruppe_2019	Ruppe_2019-1|1645961|39|Human-Microbiome-3.9M-Gene-Catalog-(metahit-v2)|MC3.MG254.AS1.GP1.C64841.G1|tetM	L	
C2|~tetRPG-647_1|tetRPG-647_1|LMS|Ruppe_2019|MC3.MG138.AS1.GP1.C49383.G1	tetRPG	L	M	S	Ruppe_2019	Ruppe_2019-1|581907|39|Human-Microbiome-3.9M-Gene-Catalog-(metahit-v2)|MC3.MG138.AS1.GP1.C49383.G1|tetM	L	
C2|~tetRPG-648_1|tetRPG-648_1|LCP|Li_2025|k141_172990_seq1_1	tetRPG	L	C	P	Li_2025	Li_2025-tet_rpg|swine|k141_172990_seq1_1	L	
C2|~tetRPG-653_1|tetRPG-653_1|LCP|Li_2025|k141_34433_seq1_1	tetRPG	L	C	P	Li_2025	Li_2025-tet_rpg|cattle|k141_34433_seq1_1	L	
C2|~tetRPG-654_1|tetRPG-654_1|LCP|Li_2025|k141_12171_seq1_1	tetRPG	L	C	P	Li_2025	Li_2025-tet_rpg|swine|k141_12171_seq1_1	L	
C2|~tetRPG-655_1|tetRPG-655_1|LCP|Li_2025|k141_1882623_seq1_1	tetRPG	L	C	P	Li_2025	Li_2025-tet_rpg|cattle|k141_1882623_seq1_1	L	
C2|~tetRPG-657_1|tetRPG-657_1|LCP|Li_2025|k141_657734_seq1_1	tetRPG	L	C	P	Li_2025	Li_2025-tet_rpg|cattle|k141_657734_seq1_1	L	
C2|~tetRPG-662_1|tetRPG-662_1|LCS|Ruppe_2019|MC3.MG12.AS1.GP1.C65994.G3	tetRPG	L	C	S	Ruppe_2019	Ruppe_2019-1|311743|39|Human-Microbiome-3.9M-Gene-Catalog-(metahit-v2)|MC3.MG12.AS1.GP1.C65994.G3|tetM	L	
C2|~tetRPG-664_1|tetRPG-664_1|LCS|Ruppe_2019|MC3.MG295.AS1.GP1.C2693.G2	tetRPG	L	C	S	Ruppe_2019	Ruppe_2019-1|2023014|39|Human-Microbiome-3.9M-Gene-Catalog-(metahit-v2)|MC3.MG295.AS1.GP1.C2693.G2|tetM	L	
C2|~tetRPG-665_1|tetRPG-665_1|LCP|Li_2025|k141_115764_seq1_1	tetRPG	L	C	P	Li_2025	Li_2025-tet_rpg|swine|k141_115764_seq1_1	L	
C2|~tetRPG-666_1|tetRPG-666_1|LCP|Li_2025|k141_358240_seq1_1	tetRPG	L	C	P	Li_2025	Li_2025-tet_rpg|swine|k141_358240_seq1_1	L	
C2|~tetRPG-672_1|tetRPG-672_1|LMS|Ruppe_2019|MC3.MG216.AS1.GP1.C51473.G1	tetRPG	L	M	S	Ruppe_2019	Ruppe_2019-1|1343342|39|Human-Microbiome-3.9M-Gene-Catalog-(metahit-v2)|MC3.MG216.AS1.GP1.C51473.G1|tetM	L	
C2|~tetRPG-674_1|tetRPG-674_1|LCP|Li_2025|k141_743102_seq1_1	tetRPG	L	C	P	Li_2025	Li_2025-tet_rpg|cattle|k141_743102_seq1_1	L	
C2|~tetRPG-677_1|tetRPG-677_1|LCP|Li_2025|k141_1038838_seq1_1	tetRPG	L	C	P	Li_2025	Li_2025-tet_rpg|chicken|k141_1038838_seq1_1	L	
C2|~tetRPG-679_1|tetRPG-679_1|LCS|Ruppe_2019|MC3.MG323.AS1.GP1.C62305.G1	tetRPG	L	C	S	Ruppe_2019	Ruppe_2019-1|2377259|39|Human-Microbiome-3.9M-Gene-Catalog-(metahit-v2)|MC3.MG323.AS1.GP1.C62305.G1|tetM	L	
C2|~tetRPG-680_1|tetRPG-680_1|LCS|Ruppe_2019|MC3.MG276.AS1.GP1.C143.G17	tetRPG	L	C	S	Ruppe_2019	Ruppe_2019-1|1800582|39|Human-Microbiome-3.9M-Gene-Catalog-(metahit-v2)|MC3.MG276.AS1.GP1.C143.G17|tetM	L	
C2|~tetRPG-681_1|tetRPG-681_1|LCS|Ruppe_2019|MC3.MG199.AS1.GP1.C38768.G1	tetRPG	L	C	S	Ruppe_2019	Ruppe_2019-1|1175783|39|Human-Microbiome-3.9M-Gene-Catalog-(metahit-v2)|MC3.MG199.AS1.GP1.C38768.G1|tetM	L	
C2|~tetRPG-682_1|tetRPG-682_1|LMS|Ruppe_2019|MC3.MG103.AS1.GP1.C56877.G2	tetRPG	L	M	S	Ruppe_2019	Ruppe_2019-1|76533|39|Human-Microbiome-3.9M-Gene-Catalog-(metahit-v2)|MC3.MG103.AS1.GP1.C56877.G2|tetM	L	
C2|~tetRPG-683_1|tetRPG-683_1|LCP|Li_2025|k141_120835_seq1_1	tetRPG	L	C	P	Li_2025	Li_2025-tet_rpg|chicken|k141_120835_seq1_1	L	
C2|~tetRPG-685_1|tetRPG-685_1|LCS|Ruppe_2019|MC3.MG288.AS1.GP1.C56927.G2	tetRPG	L	C	S	Ruppe_2019	Ruppe_2019-1|1916128|39|Human-Microbiome-3.9M-Gene-Catalog-(metahit-v2)|MC3.MG288.AS1.GP1.C56927.G2|tetM	L	
C2|~tetRPG-686_1|tetRPG-686_1|LCP|Li_2025|k141_1109152_seq1_1	tetRPG	L	C	P	Li_2025	Li_2025-tet_rpg|cattle|k141_1109152_seq1_1	L	
C2|~tetRPG-687_1|tetRPG-687_1|LCP|Li_2025|k141_248700_seq1_1	tetRPG	L	C	P	Li_2025	Li_2025-tet_rpg|cattle|k141_248700_seq1_1	L	
C2|~tetRPG-688_1|tetRPG-688_1|LCS|Ruppe_2019|MC3.MG321.AS1.GP1.C31239.G5	tetRPG	L	C	S	Ruppe_2019	Ruppe_2019-1|2333977|39|Human-Microbiome-3.9M-Gene-Catalog-(metahit-v2)|MC3.MG321.AS1.GP1.C31239.G5|tetM	L	
C2|~tetRPG-689_1|tetRPG-689_1|LMS|Ruppe_2019|MC3.MG314.AS1.GP1.C32577.G11	tetRPG	L	M	S	Ruppe_2019	Ruppe_2019-1|2257586|39|Human-Microbiome-3.9M-Gene-Catalog-(metahit-v2)|MC3.MG314.AS1.GP1.C32577.G11|tetM	L	
C2|~tetRPG-690_1|tetRPG-690_1|LCP|Li_2025|k141_1451652_seq1_1	tetRPG	L	C	P	Li_2025	Li_2025-tet_rpg|cattle|k141_1451652_seq1_1	L	
C2|~tetRPG-693_1|tetRPG-693_1|LCP|Li_2025|k141_2561711_seq1_1	tetRPG	L	C	P	Li_2025	Li_2025-tet_rpg|cattle|k141_2561711_seq1_1	L	
C2|~tetRPG-694_1|tetRPG-694_1|LCS|Ruppe_2019|MC3.MG332.AS1.GP1.C39837.G1	tetRPG	L	C	S	Ruppe_2019	Ruppe_2019-1|2513458|39|Human-Microbiome-3.9M-Gene-Catalog-(metahit-v2)|MC3.MG332.AS1.GP1.C39837.G1|tetM	L	
C2|~tetRPG-695_1|tetRPG-695_1|LMS|Ruppe_2019|MC3.MG321.AS1.GP1.C13733.G6	tetRPG	L	M	S	Ruppe_2019	Ruppe_2019-1|2314926|39|Human-Microbiome-3.9M-Gene-Catalog-(metahit-v2)|MC3.MG321.AS1.GP1.C13733.G6|tetM	L	
C2|~tetRPG-697_1|tetRPG-697_1|LCP|Li_2025|k141_213375_seq1_1	tetRPG	L	C	P	Li_2025	Li_2025-tet_rpg|chicken|k141_213375_seq1_1	L	
C2|~tetRPG-698_1|tetRPG-698_1|LMS|Ruppe_2019|MC3.MG324.AS1.GP1.C9935.G1	tetRPG	L	M	S	Ruppe_2019	Ruppe_2019-1|2386224|39|Human-Microbiome-3.9M-Gene-Catalog-(metahit-v2)|MC3.MG324.AS1.GP1.C9935.G1|tetM	L	
C2|~tetRPG-699_1|tetRPG-699_1|LCP|Li_2025|k141_969232_seq1_1	tetRPG	L	C	P	Li_2025	Li_2025-tet_rpg|swine|k141_969232_seq1_1	L	
C2|~tetRPG-700_1|tetRPG-700_1|LCP|Li_2025|k141_1721632_seq1_1	tetRPG	L	C	P	Li_2025	Li_2025-tet_rpg|cattle|k141_1721632_seq1_1	L	
C2|~tetRPG-701_1|tetRPG-701_1|LCP|Li_2025|k141_43654_seq1_1	tetRPG	L	C	P	Li_2025	Li_2025-tet_rpg|chicken|k141_43654_seq1_1	L	
C2|~tetRPG-702_1|tetRPG-702_1|LCP|Li_2025|k141_41240_seq1_1	tetRPG	L	C	P	Li_2025	Li_2025-tet_rpg|chicken|k141_41240_seq1_1	L	
C2|~tetRPG-703_1|tetRPG-703_1|LCP|Li_2025|k141_10898_seq1_1	tetRPG	L	C	P	Li_2025	Li_2025-tet_rpg|chicken|k141_10898_seq1_1	L	
C2|~tetRPG-704_1|tetRPG-704_1|LCP|Li_2025|k141_251057_seq1_1	tetRPG	L	C	P	Li_2025	Li_2025-tet_rpg|chicken|k141_251057_seq1_1	L	
C2|~tetRPG-705_1|tetRPG-705_1|LCS|Ruppe_2019|MC3.MG29.AS1.GP1.C92.G4	tetRPG	L	C	S	Ruppe_2019	Ruppe_2019-1|1936073|39|Human-Microbiome-3.9M-Gene-Catalog-(metahit-v2)|MC3.MG29.AS1.GP1.C92.G4|tetM	L	
C2|~tetRPG-706_1|tetRPG-706_1|LCS|Ruppe_2019|MC3.MG245.AS1.GP1.C22896.G2	tetRPG	L	C	S	Ruppe_2019	Ruppe_2019-1|1566246|39|Human-Microbiome-3.9M-Gene-Catalog-(metahit-v2)|MC3.MG245.AS1.GP1.C22896.G2|tetM	L	
C2|~tetRPG-707_1|tetRPG-707_1|LCP|Li_2025|k141_191017_seq1_1	tetRPG	L	C	P	Li_2025	Li_2025-tet_rpg|swine|k141_191017_seq1_1	L	
C2|~tetRPG-708_1|tetRPG-708_1|LCP|Li_2025|k141_293720_seq1_1	tetRPG	L	C	P	Li_2025	Li_2025-tet_rpg|cattle|k141_293720_seq1_1	L	
C2|~tetRPG-709_1|tetRPG-709_1|LCS|Ruppe_2019|MC3.MG396.AS1.GP1.C24661.G5	tetRPG	L	C	S	Ruppe_2019	Ruppe_2019-1|3249951|39|Human-Microbiome-3.9M-Gene-Catalog-(metahit-v2)|MC3.MG396.AS1.GP1.C24661.G5|tetM	L	
C2|~tetRPG-710_1|tetRPG-710_1|LCP|Li_2025|k141_807884_seq1_1	tetRPG	L	C	P	Li_2025	Li_2025-tet_rpg|chicken|k141_807884_seq1_1	L	
C2|~tetRPG-712_1|tetRPG-712_1|LMS|Ruppe_2019|MC3.MG223.AS1.GP1.C3817.G2	tetRPG	L	M	S	Ruppe_2019	Ruppe_2019-1|1405928|39|Human-Microbiome-3.9M-Gene-Catalog-(metahit-v2)|MC3.MG223.AS1.GP1.C3817.G2|tetM	L	
C2|~tetRPG-713_1|tetRPG-713_1|LCS|Ruppe_2019|MC3.MG115.AS1.GP1.C49459.G15	tetRPG	L	C	S	Ruppe_2019	Ruppe_2019-1|220337|39|Human-Microbiome-3.9M-Gene-Catalog-(metahit-v2)|MC3.MG115.AS1.GP1.C49459.G15|tetM	L	
C2|~tetRPG-714_1|tetRPG-714_1|LCP|Li_2025|k141_3422553_seq1_1	tetRPG	L	C	P	Li_2025	Li_2025-tet_rpg|cattle|k141_3422553_seq1_1	L	
C2|~tetRPG-715_1|tetRPG-715_1|LCS|Ruppe_2019|MC3.MG332.AS1.GP1.C23007.G18	tetRPG	L	C	S	Ruppe_2019	Ruppe_2019-1|2498546|39|Human-Microbiome-3.9M-Gene-Catalog-(metahit-v2)|MC3.MG332.AS1.GP1.C23007.G18|tetM	L	
C2|~tetRPG-717_1|tetRPG-717_1|LCP|Li_2025|k141_299575_seq1_1	tetRPG	L	C	P	Li_2025	Li_2025-tet_rpg|cattle|k141_299575_seq1_1	L	
C2|~tetRPG-718_1|tetRPG-718_1|LCS|Ruppe_2019|MC3.MG12.AS1.GP1.C75866.G1	tetRPG	L	C	S	Ruppe_2019	Ruppe_2019-1|321802|39|Human-Microbiome-3.9M-Gene-Catalog-(metahit-v2)|MC3.MG12.AS1.GP1.C75866.G1|tetM	L	
C2|~tetRPG-719_1|tetRPG-719_1|LCP|Li_2025|k141_1852715_seq1_1	tetRPG	L	C	P	Li_2025	Li_2025-tet_rpg|cattle|k141_1852715_seq1_1	L	
C2|~tetRPG-721_1|tetRPG-721_1|LCS|Ruppe_2019|MC3.MG181.AS1.GP1.C45393.G17	tetRPG	L	C	S	Ruppe_2019	Ruppe_2019-1|1033547|39|Human-Microbiome-3.9M-Gene-Catalog-(metahit-v2)|MC3.MG181.AS1.GP1.C45393.G17|tetM	L	
C2|~tetRPG-724_1|tetRPG-724_1|LCP|Li_2025|k141_901164_seq1_1	tetRPG	L	C	P	Li_2025	Li_2025-tet_rpg|swine|k141_901164_seq1_1	L	
C2|~tetRPG-725_1|tetRPG-725_1|LCP|Li_2025|k141_309905_seq1_1	tetRPG	L	C	P	Li_2025	Li_2025-tet_rpg|swine|k141_309905_seq1_1	L	
C2|~tetRPG-727_1|tetRPG-727_1|LCP|Li_2025|k141_123563_seq1_1	tetRPG	L	C	P	Li_2025	Li_2025-tet_rpg|swine|k141_123563_seq1_1	L	
C2|~tetRPG-729_1|tetRPG-729_1|LMS|Ruppe_2019|MC3.MG385.AS1.GP1.C909.G11	tetRPG	L	M	S	Ruppe_2019	Ruppe_2019-1|3128484|39|Human-Microbiome-3.9M-Gene-Catalog-(metahit-v2)|MC3.MG385.AS1.GP1.C909.G11|tetM	L	
C2|~tetRPG-730_1|tetRPG-730_1|LMS|Ruppe_2019|MC3.MG144.AS1.GP1.C36327.G10	tetRPG	L	M	S	Ruppe_2019	Ruppe_2019-1|683156|39|Human-Microbiome-3.9M-Gene-Catalog-(metahit-v2)|MC3.MG144.AS1.GP1.C36327.G10|tetM	L	
C2|~tetRPG-732_1|tetRPG-732_1|LCP|Li_2025|k141_38073_seq1_1	tetRPG	L	C	P	Li_2025	Li_2025-tet_rpg|chicken|k141_38073_seq1_1	L	
C2|~tetRPG-733_1|tetRPG-733_1|LCP|Li_2025|k141_317162_seq1_1	tetRPG	L	C	P	Li_2025	Li_2025-tet_rpg|chicken|k141_317162_seq1_1	L	
C2|~tetRPG-734_1|tetRPG-734_1|LCP|Li_2025|k141_1105607_seq1_1	tetRPG	L	C	P	Li_2025	Li_2025-tet_rpg|cattle|k141_1105607_seq1_1	L	
C2|~tetRPG-736_1|tetRPG-736_1|LCP|Li_2025|k141_990524_seq1_1	tetRPG	L	C	P	Li_2025	Li_2025-tet_rpg|cattle|k141_990524_seq1_1	L	
C2|~tetRPG-737_1|tetRPG-737_1|LCP|Li_2025|k141_1252609_seq1_1	tetRPG	L	C	P	Li_2025	Li_2025-tet_rpg|swine|k141_1252609_seq1_1	L	
C2|~tetRPG-738_1|tetRPG-738_1|LCP|Li_2025|k141_950767_seq1_1	tetRPG	L	C	P	Li_2025	Li_2025-tet_rpg|swine|k141_950767_seq1_1	L	
C2|~tetRPG-739_1|tetRPG-739_1|LCP|Li_2025|k141_376528_seq1_1	tetRPG	L	C	P	Li_2025	Li_2025-tet_rpg|swine|k141_376528_seq1_1	L	
C2|~tetRPG-742_1|tetRPG-742_1|LCS|Ruppe_2019|MC3.MG138.AS1.GP1.C41861.G2	tetRPG	L	C	S	Ruppe_2019	Ruppe_2019-1|576700|39|Human-Microbiome-3.9M-Gene-Catalog-(metahit-v2)|MC3.MG138.AS1.GP1.C41861.G2|tetM	L	
C2|~tetRPG-743_1|tetRPG-743_1|LCP|Li_2025|k141_496054_seq1_1	tetRPG	L	C	P	Li_2025	Li_2025-tet_rpg|cattle|k141_496054_seq1_1	L	
C2|~tetRPG-744_1|tetRPG-744_1|LCP|Li_2025|k141_988842_seq1_1	tetRPG	L	C	P	Li_2025	Li_2025-tet_rpg|cattle|k141_988842_seq1_1	L	
C2|~tetRPG-746_1|tetRPG-746_1|LMS|Ruppe_2019|MC3.MG32.AS1.GP1.C6934.G1	tetRPG	L	M	S	Ruppe_2019	Ruppe_2019-1|2293784|39|Human-Microbiome-3.9M-Gene-Catalog-(metahit-v2)|MC3.MG32.AS1.GP1.C6934.G1|tetM	L	
C2|~tetRPG-749_1|tetRPG-749_1|LCP|Li_2025|k141_1395707_seq1_1	tetRPG	L	C	P	Li_2025	Li_2025-tet_rpg|swine|k141_1395707_seq1_1	L	
C2|~tetRPG-751_1|tetRPG-751_1|LCP|Li_2025|k141_3886678_seq1_1	tetRPG	L	C	P	Li_2025	Li_2025-tet_rpg|cattle|k141_3886678_seq1_1	L	
C2|~tetRPG-752_1|tetRPG-752_1|LCS|Ruppe_2019|MC3.MG386.AS1.GP1.C33907.G1	tetRPG	L	C	S	Ruppe_2019	Ruppe_2019-1|3146173|39|Human-Microbiome-3.9M-Gene-Catalog-(metahit-v2)|MC3.MG386.AS1.GP1.C33907.G1|tetM	L	
C2|~tetRPG-753_1|tetRPG-753_1|LMS|Ruppe_2019|MC3.MG385.AS1.GP1.C24451.G3	tetRPG	L	M	S	Ruppe_2019	Ruppe_2019-1|3111730|39|Human-Microbiome-3.9M-Gene-Catalog-(metahit-v2)|MC3.MG385.AS1.GP1.C24451.G3|tetM	L	
C2|~tetRPG-754_1|tetRPG-754_1|LMS|Ruppe_2019|MC3.MG291.AS1.GP1.C9237.G4	tetRPG	L	M	S	Ruppe_2019	Ruppe_2019-1|1977656|39|Human-Microbiome-3.9M-Gene-Catalog-(metahit-v2)|MC3.MG291.AS1.GP1.C9237.G4|tetM	L	
C2|~tetRPG-756_1|tetRPG-756_1|LMS|Ruppe_2019|MC3.MG247.AS1.GP1.C9846.G11	tetRPG	L	M	S	Ruppe_2019	Ruppe_2019-1|1585861|39|Human-Microbiome-3.9M-Gene-Catalog-(metahit-v2)|MC3.MG247.AS1.GP1.C9846.G11|tetM	L	
C2|~tetRPG-758_1|tetRPG-758_1|LCP|Li_2025|k141_250066_seq1_1	tetRPG	L	C	P	Li_2025	Li_2025-tet_rpg|swine|k141_250066_seq1_1	L	
C2|~tetRPG-759_1|tetRPG-759_1|LCP|Li_2025|k141_1580155_seq1_1	tetRPG	L	C	P	Li_2025	Li_2025-tet_rpg|swine|k141_1580155_seq1_1	L	
C2|~tetRPG-761_1|tetRPG-761_1|LCP|Li_2025|k141_844104_seq1_1	tetRPG	L	C	P	Li_2025	Li_2025-tet_rpg|swine|k141_844104_seq1_1	L	
C2|~tetRPG-762_1|tetRPG-762_1|LCP|Li_2025|k141_150451_seq1_1	tetRPG	L	C	P	Li_2025	Li_2025-tet_rpg|chicken|k141_150451_seq1_1	L	
C2|~tetRPG-763_1|tetRPG-763_1|LCP|Li_2025|k141_2226422_seq1_1	tetRPG	L	C	P	Li_2025	Li_2025-tet_rpg|cattle|k141_2226422_seq1_1	L	
C2|~tetRPG-764_1|tetRPG-764_1|LCP|Li_2025|k141_3481771_seq1_1	tetRPG	L	C	P	Li_2025	Li_2025-tet_rpg|cattle|k141_3481771_seq1_1	L	
C2|~tetRPG-767_1|tetRPG-767_1|LCP|Li_2025|k141_470872_seq1_1	tetRPG	L	C	P	Li_2025	Li_2025-tet_rpg|cattle|k141_470872_seq1_1	L	
C2|~tetRPG-768_1|tetRPG-768_1|LCP|Li_2025|k141_475809_seq1_1	tetRPG	L	C	P	Li_2025	Li_2025-tet_rpg|cattle|k141_475809_seq1_1	L	
C2|~tetRPG-770_1|tetRPG-770_1|LCP|Li_2025|k141_438314_seq1_1	tetRPG	L	C	P	Li_2025	Li_2025-tet_rpg|cattle|k141_438314_seq1_1	L	
C2|~tetRPG-774_1|tetRPG-774_1|LCS|Ruppe_2019|MC3.MG201.AS1.GP1.C24795.G6	tetRPG	L	C	S	Ruppe_2019	Ruppe_2019-1|1210378|39|Human-Microbiome-3.9M-Gene-Catalog-(metahit-v2)|MC3.MG201.AS1.GP1.C24795.G6|tetM	L	
C2|~tetRPG-776_1|tetRPG-776_1|LCP|Li_2025|k141_917122_seq1_1	tetRPG	L	C	P	Li_2025	Li_2025-tet_rpg|swine|k141_917122_seq1_1	L	
C2|~tetRPG-778_1|tetRPG-778_1|LCP|Li_2025|k141_722513_seq1_1	tetRPG	L	C	P	Li_2025	Li_2025-tet_rpg|cattle|k141_722513_seq1_1	L	
C2|~tetRPG-779_1|tetRPG-779_1|LMS|Ruppe_2019|MC3.MG332.AS1.GP1.C42134.G4	tetRPG	L	M	S	Ruppe_2019	Ruppe_2019-1|2515606|39|Human-Microbiome-3.9M-Gene-Catalog-(metahit-v2)|MC3.MG332.AS1.GP1.C42134.G4|tetM	L	
C2|~tetRPG-781_1|tetRPG-781_1|LCS|Ruppe_2019|MC3.MG222.AS1.GP1.C43686.G13	tetRPG	L	C	S	Ruppe_2019	Ruppe_2019-1|1396162|39|Human-Microbiome-3.9M-Gene-Catalog-(metahit-v2)|MC3.MG222.AS1.GP1.C43686.G13|tetM	L	
C2|~tetRPG-782_1|tetRPG-782_1|LMS|Ruppe_2019|MC3.MG142.AS1.GP1.C49951.G4	tetRPG	L	M	S	Ruppe_2019	Ruppe_2019-1|658965|39|Human-Microbiome-3.9M-Gene-Catalog-(metahit-v2)|MC3.MG142.AS1.GP1.C49951.G4|tetM	L	
C2|~tetRPG-784_1|tetRPG-784_1|LCP|Li_2025|k141_1883861_seq1_1	tetRPG	L	C	P	Li_2025	Li_2025-tet_rpg|cattle|k141_1883861_seq1_1	L	
C2|~tetRPG-787_1|tetRPG-787_1|LCS|Ruppe_2019|MC3.MG299.AS1.GP1.C54598.G48	tetRPG	L	C	S	Ruppe_2019	Ruppe_2019-1|2071738|39|Human-Microbiome-3.9M-Gene-Catalog-(metahit-v2)|MC3.MG299.AS1.GP1.C54598.G48|tetM	L	
C2|~tetRPG-788_1|tetRPG-788_1|LMS|Ruppe_2019|MC3.MG210.AS1.GP1.C39791.G8	tetRPG	L	M	S	Ruppe_2019	Ruppe_2019-1|1304470|39|Human-Microbiome-3.9M-Gene-Catalog-(metahit-v2)|MC3.MG210.AS1.GP1.C39791.G8|tetM	L	
C2|~tetRPG-791_1|tetRPG-791_1|LCP|Li_2025|k141_23175_seq1_1	tetRPG	L	C	P	Li_2025	Li_2025-tet_rpg|chicken|k141_23175_seq1_1	L	
C2|~tetRPG-792_1|tetRPG-792_1|LMS|Ruppe_2019|MC3.MG306.AS1.GP1.C47727.G25	tetRPG	L	M	S	Ruppe_2019	Ruppe_2019-1|2185950|39|Human-Microbiome-3.9M-Gene-Catalog-(metahit-v2)|MC3.MG306.AS1.GP1.C47727.G25|tetM	L	
C2|~tetRPG-793_1|tetRPG-793_1|LCS|Ruppe_2019|MC3.MG302.AS1.GP1.C894.G1	tetRPG	L	C	S	Ruppe_2019	Ruppe_2019-1|2139096|39|Human-Microbiome-3.9M-Gene-Catalog-(metahit-v2)|MC3.MG302.AS1.GP1.C894.G1|tetM	L	
C2|~tetRPG-794_1|tetRPG-794_1|LCS|Ruppe_2019|MC3.MG288.AS1.GP1.C5077.G6	tetRPG	L	C	S	Ruppe_2019	Ruppe_2019-1|1914948|39|Human-Microbiome-3.9M-Gene-Catalog-(metahit-v2)|MC3.MG288.AS1.GP1.C5077.G6|tetM	L	
C2|~tetRPG-795_1|tetRPG-795_1|LMS|Ruppe_2019|MC3.MG254.AS1.GP1.C29803.G3	tetRPG	L	M	S	Ruppe_2019	Ruppe_2019-1|1637791|39|Human-Microbiome-3.9M-Gene-Catalog-(metahit-v2)|MC3.MG254.AS1.GP1.C29803.G3|tetM	L	
C2|~tetRPG-796_1|tetRPG-796_1|LCS|Ruppe_2019|MC3.MG225.AS1.GP1.C36182.G40	tetRPG	L	C	S	Ruppe_2019	Ruppe_2019-1|1417790|39|Human-Microbiome-3.9M-Gene-Catalog-(metahit-v2)|MC3.MG225.AS1.GP1.C36182.G40|tetM	L	
C2|~tetRPG-797_1|tetRPG-797_1|LCP|Li_2025|k141_3907_seq1_1	tetRPG	L	C	P	Li_2025	Li_2025-tet_rpg|swine|k141_3907_seq1_1	L	
C2|~tetRPG-798_1|tetRPG-798_1|LCP|Li_2025|k141_1166094_seq1_1	tetRPG	L	C	P	Li_2025	Li_2025-tet_rpg|cattle|k141_1166094_seq1_1	L	
C2|~tetRPG-800_1|tetRPG-800_1|LCP|Li_2025|k141_241650_seq1_1	tetRPG	L	C	P	Li_2025	Li_2025-tet_rpg|cattle|k141_241650_seq1_1	L	
C2|~tetRPG-801_1|tetRPG-801_1|LMS|Ruppe_2019|MC3.MG305.AS1.GP1.C316.G3	tetRPG	L	M	S	Ruppe_2019	Ruppe_2019-1|2174482|39|Human-Microbiome-3.9M-Gene-Catalog-(metahit-v2)|MC3.MG305.AS1.GP1.C316.G3|tetM	L	
C2|~tetRPG-803_1|tetRPG-803_1|LCS|Ruppe_2019|MC3.MG277.AS1.GP1.C2177.G2	tetRPG	L	C	S	Ruppe_2019	Ruppe_2019-1|1809537|39|Human-Microbiome-3.9M-Gene-Catalog-(metahit-v2)|MC3.MG277.AS1.GP1.C2177.G2|tetM	L	
C2|~tetRPG-807_1|tetRPG-807_1|LMS|Ruppe_2019|MC3.MG96.AS1.GP1.C21126.G1	tetRPG	L	M	S	Ruppe_2019	Ruppe_2019-1|3814904|39|Human-Microbiome-3.9M-Gene-Catalog-(metahit-v2)|MC3.MG96.AS1.GP1.C21126.G1|tetM	L	
C2|~tetRPG-809_1|tetRPG-809_1|LMS|Ruppe_2019|MC3.MG379.AS1.GP1.C33702.G2	tetRPG	L	M	S	Ruppe_2019	Ruppe_2019-1|3057930|39|Human-Microbiome-3.9M-Gene-Catalog-(metahit-v2)|MC3.MG379.AS1.GP1.C33702.G2|tetM	L	
C2|~tetRPG-810_1|tetRPG-810_1|LMS|Ruppe_2019|MC3.MG368.AS1.GP1.C55014.G1	tetRPG	L	M	S	Ruppe_2019	Ruppe_2019-1|2909063|39|Human-Microbiome-3.9M-Gene-Catalog-(metahit-v2)|MC3.MG368.AS1.GP1.C55014.G1|tetM	L	
C2|~tetRPG-812_1|tetRPG-812_1|LCS|Ruppe_2019|MC3.MG123.AS1.GP1.C32557.G16	tetRPG	L	C	S	Ruppe_2019	Ruppe_2019-1|405643|39|Human-Microbiome-3.9M-Gene-Catalog-(metahit-v2)|MC3.MG123.AS1.GP1.C32557.G16|tetM	L	
C2|~tetRPG-814_1|tetRPG-814_1|LMS|Ruppe_2019|MC3.MG87.AS1.GP1.C48155.G9	tetRPG	L	M	S	Ruppe_2019	Ruppe_2019-1|3692808|39|Human-Microbiome-3.9M-Gene-Catalog-(metahit-v2)|MC3.MG87.AS1.GP1.C48155.G9|tetM	L	
C2|~tetRPG-815_1|tetRPG-815_1|LMS|Ruppe_2019|MC3.MG393.AS1.GP1.C34977.G2	tetRPG	L	M	S	Ruppe_2019	Ruppe_2019-1|3236996|39|Human-Microbiome-3.9M-Gene-Catalog-(metahit-v2)|MC3.MG393.AS1.GP1.C34977.G2|tetM	L	
C2|~tetRPG-817_1|tetRPG-817_1|LMS|Ruppe_2019|MC3.MG332.AS1.GP1.C153.G13	tetRPG	L	M	S	Ruppe_2019	Ruppe_2019-1|2490939|39|Human-Microbiome-3.9M-Gene-Catalog-(metahit-v2)|MC3.MG332.AS1.GP1.C153.G13|tetM	L	
C2|~tetRPG-824_1|tetRPG-824_1|LCS|Ruppe_2019|MC3.MG378.AS1.GP1.C7215.G3	tetRPG	L	C	S	Ruppe_2019	Ruppe_2019-1|3053683|39|Human-Microbiome-3.9M-Gene-Catalog-(metahit-v2)|MC3.MG378.AS1.GP1.C7215.G3|tetM	L	
C2|~tetRPG-825_1|tetRPG-825_1|LMS|Ruppe_2019|MC3.MG327.AS1.GP1.C29421.G25	tetRPG	L	M	S	Ruppe_2019	Ruppe_2019-1|2428151|39|Human-Microbiome-3.9M-Gene-Catalog-(metahit-v2)|MC3.MG327.AS1.GP1.C29421.G25|tetM	L	
C2|~tetRPG-827_1|tetRPG-827_1|LMS|Ruppe_2019|MC3.MG321.AS1.GP1.C2742.G43	tetRPG	L	M	S	Ruppe_2019	Ruppe_2019-1|2330345|39|Human-Microbiome-3.9M-Gene-Catalog-(metahit-v2)|MC3.MG321.AS1.GP1.C2742.G43|tetM	L	
C2|~tetRPG-828_1|tetRPG-828_1|LMS|Ruppe_2019|MC3.MG204.AS1.GP1.C6104.G10	tetRPG	L	M	S	Ruppe_2019	Ruppe_2019-1|1229248|39|Human-Microbiome-3.9M-Gene-Catalog-(metahit-v2)|MC3.MG204.AS1.GP1.C6104.G10|tetM	L	
C2|~tetRPG-831_1|tetRPG-831_1|LCP|Li_2025|k141_1558784_seq1_1	tetRPG	L	C	P	Li_2025	Li_2025-tet_rpg|cattle|k141_1558784_seq1_1	L	
C2|~tetRPG-832_1|tetRPG-832_1|LMS|Ruppe_2019|MC3.MG345.AS1.GP1.C51844.G4	tetRPG	L	M	S	Ruppe_2019	Ruppe_2019-1|2645260|39|Human-Microbiome-3.9M-Gene-Catalog-(metahit-v2)|MC3.MG345.AS1.GP1.C51844.G4|tetM	L	
C2|~tetRPG-833_1|tetRPG-833_1|LMS|Ruppe_2019|MC3.MG172.AS1.GP1.C28612.G1	tetRPG	L	M	S	Ruppe_2019	Ruppe_2019-1|937085|39|Human-Microbiome-3.9M-Gene-Catalog-(metahit-v2)|MC3.MG172.AS1.GP1.C28612.G1|tetM	L	
C2|~tetRPG-834_1|tetRPG-834_1|LCP|Li_2025|k141_57123_seq1_1	tetRPG	L	C	P	Li_2025	Li_2025-tet_rpg|swine|k141_57123_seq1_1	L	
C2|~tetRPG-835_1|tetRPG-835_1|LCP|Li_2025|k141_493150_seq1_1	tetRPG	L	C	P	Li_2025	Li_2025-tet_rpg|swine|k141_493150_seq1_1	L	
C2|~tetRPG-836_1|tetRPG-836_1|LMS|Ruppe_2019|MC3.MG243.AS1.GP1.C8277.G2	tetRPG	L	M	S	Ruppe_2019	Ruppe_2019-1|1545804|39|Human-Microbiome-3.9M-Gene-Catalog-(metahit-v2)|MC3.MG243.AS1.GP1.C8277.G2|tetM	L	
C2|~tetRPG-838_1|tetRPG-838_1|LCS|Ruppe_2019|MC3.MG338.AS1.GP1.C27825.G2	tetRPG	L	C	S	Ruppe_2019	Ruppe_2019-1|2552056|39|Human-Microbiome-3.9M-Gene-Catalog-(metahit-v2)|MC3.MG338.AS1.GP1.C27825.G2|tetM	L	
C2|~tetRPG-840_1|tetRPG-840_1|LMS|Ruppe_2019|MC3.MG283.AS1.GP1.C46450.G6	tetRPG	L	M	S	Ruppe_2019	Ruppe_2019-1|1862918|39|Human-Microbiome-3.9M-Gene-Catalog-(metahit-v2)|MC3.MG283.AS1.GP1.C46450.G6|tetM	L	
C2|~tetRPG-841_1|tetRPG-841_1|LMS|Ruppe_2019|MC3.MG243.AS1.GP1.C1884.G7	tetRPG	L	M	S	Ruppe_2019	Ruppe_2019-1|1537677|39|Human-Microbiome-3.9M-Gene-Catalog-(metahit-v2)|MC3.MG243.AS1.GP1.C1884.G7|tetM	L	
C2|~tetRPG-842_1|tetRPG-842_1|LMS|Ruppe_2019|MC3.MG382.AS1.GP1.C22562.G5	tetRPG	L	M	S	Ruppe_2019	Ruppe_2019-1|3074077|39|Human-Microbiome-3.9M-Gene-Catalog-(metahit-v2)|MC3.MG382.AS1.GP1.C22562.G5|tetM	L	
C2|~tetRPG-843_1|tetRPG-843_1|LMS|Ruppe_2019|MC3.MG232.AS1.GP1.C22795.G3	tetRPG	L	M	S	Ruppe_2019	Ruppe_2019-1|1460592|39|Human-Microbiome-3.9M-Gene-Catalog-(metahit-v2)|MC3.MG232.AS1.GP1.C22795.G3|tetM	L	
C2|~tetRPG-844_1|tetRPG-844_1|LMS|Ruppe_2019|MC3.MG179.AS1.GP1.C23724.G10	tetRPG	L	M	S	Ruppe_2019	Ruppe_2019-1|997372|39|Human-Microbiome-3.9M-Gene-Catalog-(metahit-v2)|MC3.MG179.AS1.GP1.C23724.G10|tetM	L	
C2|~tetRPG-845_1|tetRPG-845_1|LCP|Li_2025|k141_1140082_seq1_1	tetRPG	L	C	P	Li_2025	Li_2025-tet_rpg|swine|k141_1140082_seq1_1	L	
C2|~tetRPG-846_1|tetRPG-846_1|LCP|Li_2025|k141_774333_seq1_1	tetRPG	L	C	P	Li_2025	Li_2025-tet_rpg|cattle|k141_774333_seq1_1	L	
C2|~tetRPG-847_1|tetRPG-847_1|LMS|Ruppe_2019|MC3.MG332.AS1.GP1.C972.G15	tetRPG	L	M	S	Ruppe_2019	Ruppe_2019-1|2533403|39|Human-Microbiome-3.9M-Gene-Catalog-(metahit-v2)|MC3.MG332.AS1.GP1.C972.G15|tetM	L	
C2|~tetRPG-850_1|tetRPG-850_1|LMS|Ruppe_2019|MC3.MG358.AS1.GP1.C15909.G2	tetRPG	L	M	S	Ruppe_2019	Ruppe_2019-1|2752164|39|Human-Microbiome-3.9M-Gene-Catalog-(metahit-v2)|MC3.MG358.AS1.GP1.C15909.G2|tetM	L	
C2|~tetRPG-854_1|tetRPG-854_1|LMS|Ruppe_2019|MC3.MG276.AS1.GP1.C11017.G9	tetRPG	L	M	S	Ruppe_2019	Ruppe_2019-1|1798105|39|Human-Microbiome-3.9M-Gene-Catalog-(metahit-v2)|MC3.MG276.AS1.GP1.C11017.G9|tetM	L	
C2|~tetRPG-855_1|tetRPG-855_1|LCS|Ruppe_2019|MC3.MG12.AS1.GP1.C76314.G5	tetRPG	L	C	S	Ruppe_2019	Ruppe_2019-1|322352|39|Human-Microbiome-3.9M-Gene-Catalog-(metahit-v2)|MC3.MG12.AS1.GP1.C76314.G5|tetM	L	
C2|~tetRPG-856_1|tetRPG-856_1|LMS|Ruppe_2019|MC3.MG321.AS1.GP1.C22775.G2	tetRPG	L	M	S	Ruppe_2019	Ruppe_2019-1|2325035|39|Human-Microbiome-3.9M-Gene-Catalog-(metahit-v2)|MC3.MG321.AS1.GP1.C22775.G2|tetM	L	
C2|~tetRPG-857_1|tetRPG-857_1|LCS|Ruppe_2019|MC3.MG320.AS1.GP1.C37197.G1	tetRPG	L	C	S	Ruppe_2019	Ruppe_2019-1|2304674|39|Human-Microbiome-3.9M-Gene-Catalog-(metahit-v2)|MC3.MG320.AS1.GP1.C37197.G1|tetM	L	
C2|~tetRPG-858_1|tetRPG-858_1|LCS|Ruppe_2019|MC3.MG285.AS1.GP1.C19277.G3	tetRPG	L	C	S	Ruppe_2019	Ruppe_2019-1|1874624|39|Human-Microbiome-3.9M-Gene-Catalog-(metahit-v2)|MC3.MG285.AS1.GP1.C19277.G3|tetM	L	
C2|~tetRPG-860_1|tetRPG-860_1|LCS|Ruppe_2019|MC3.MG232.AS1.GP1.C40572.G1	tetRPG	L	C	S	Ruppe_2019	Ruppe_2019-1|1465019|39|Human-Microbiome-3.9M-Gene-Catalog-(metahit-v2)|MC3.MG232.AS1.GP1.C40572.G1|tetM	L	
C2|~tetRPG-861_1|tetRPG-861_1|LMS|Ruppe_2019|MC3.MG208.AS1.GP1.C11848.G8	tetRPG	L	M	S	Ruppe_2019	Ruppe_2019-1|1279525|39|Human-Microbiome-3.9M-Gene-Catalog-(metahit-v2)|MC3.MG208.AS1.GP1.C11848.G8|tetM	L	
C2|~tetRPG-863_1|tetRPG-863_1|LCS|Ruppe_2019|MC3.MG167.AS1.GP1.C47398.G3	tetRPG	L	C	S	Ruppe_2019	Ruppe_2019-1|896818|39|Human-Microbiome-3.9M-Gene-Catalog-(metahit-v2)|MC3.MG167.AS1.GP1.C47398.G3|tetM	L	
C2|~tetRPG-866_1|tetRPG-866_1|LMS|Ruppe_2019|MC3.MG361.AS1.GP1.C5052.G2	tetRPG	L	M	S	Ruppe_2019	Ruppe_2019-1|2820567|39|Human-Microbiome-3.9M-Gene-Catalog-(metahit-v2)|MC3.MG361.AS1.GP1.C5052.G2|tetM	L	
C2|~tetRPG-868_1|tetRPG-868_1|LMS|Ruppe_2019|MC3.MG138.AS1.GP1.C59214.G32	tetRPG	L	M	S	Ruppe_2019	Ruppe_2019-1|588813|39|Human-Microbiome-3.9M-Gene-Catalog-(metahit-v2)|MC3.MG138.AS1.GP1.C59214.G32|tetM	L	
C2|~tetRPG-870_1|tetRPG-870_1|LCS|Ruppe_2019|MC3.MG306.AS1.GP1.C28370.G55	tetRPG	L	C	S	Ruppe_2019	Ruppe_2019-1|2180436|39|Human-Microbiome-3.9M-Gene-Catalog-(metahit-v2)|MC3.MG306.AS1.GP1.C28370.G55|tetM	L	
C2|~tetRPG-871_1|tetRPG-871_1|LMS|Ruppe_2019|MC3.MG277.AS1.GP1.C21810.G3	tetRPG	L	M	S	Ruppe_2019	Ruppe_2019-1|1809663|39|Human-Microbiome-3.9M-Gene-Catalog-(metahit-v2)|MC3.MG277.AS1.GP1.C21810.G3|tetM	L	
C2|~tetRPG-872_1|tetRPG-872_1|LCS|Ruppe_2019|MC3.MG145.AS1.GP1.C40697.G39	tetRPG	L	C	S	Ruppe_2019	Ruppe_2019-1|703099|39|Human-Microbiome-3.9M-Gene-Catalog-(metahit-v2)|MC3.MG145.AS1.GP1.C40697.G39|tetM	L	
C2|~tetRPG-875_1|tetRPG-875_1|LCS|Ruppe_2019|MC3.MG6.AS1.GP1.C6764.G1	tetRPG	L	C	S	Ruppe_2019	Ruppe_2019-1|3455201|39|Human-Microbiome-3.9M-Gene-Catalog-(metahit-v2)|MC3.MG6.AS1.GP1.C6764.G1|tetM	L	
C2|~tetRPG-876_1|tetRPG-876_1|LCS|Ruppe_2019|MC3.MG351.AS1.GP1.C4305.G5	tetRPG	L	C	S	Ruppe_2019	Ruppe_2019-1|2694516|39|Human-Microbiome-3.9M-Gene-Catalog-(metahit-v2)|MC3.MG351.AS1.GP1.C4305.G5|tetM	L	
C2|~tetRPG-878_1|tetRPG-878_1|LCS|Ruppe_2019|MC3.MG320.AS1.GP1.C4340.G3	tetRPG	L	C	S	Ruppe_2019	Ruppe_2019-1|2307444|39|Human-Microbiome-3.9M-Gene-Catalog-(metahit-v2)|MC3.MG320.AS1.GP1.C4340.G3|tetM	L	
C2|~tetRPG-879_1|tetRPG-879_1|LMS|Ruppe_2019|MC3.MG309.AS1.GP1.C39097.G8	tetRPG	L	M	S	Ruppe_2019	Ruppe_2019-1|2212587|39|Human-Microbiome-3.9M-Gene-Catalog-(metahit-v2)|MC3.MG309.AS1.GP1.C39097.G8|tetM	L	
C2|~tetRPG-890_1|tetRPG-890_1|LCS|Ruppe_2019|MC3.MG162.AS1.GP1.C42684.G7	tetRPG	L	C	S	Ruppe_2019	Ruppe_2019-1|843917|39|Human-Microbiome-3.9M-Gene-Catalog-(metahit-v2)|MC3.MG162.AS1.GP1.C42684.G7|tetM	L	
C2|~tetRPG-893_1|tetRPG-893_1|LMS|Ruppe_2019|MC3.MG285.AS1.GP1.C4230.G7	tetRPG	L	M	S	Ruppe_2019	Ruppe_2019-1|1881694|39|Human-Microbiome-3.9M-Gene-Catalog-(metahit-v2)|MC3.MG285.AS1.GP1.C4230.G7|tetM	L	
C2|~tetRPG-897_1|tetRPG-897_1|LCP|Li_2025|k141_134257_seq1_1	tetRPG	L	C	P	Li_2025	Li_2025-tet_rpg|swine|k141_134257_seq1_1	L	
C2|~tetRPG-899_1|tetRPG-899_1|LCS|Ruppe_2019|MC3.MG353.AS1.GP1.C34429.G1	tetRPG	L	C	S	Ruppe_2019	Ruppe_2019-1|2711656|39|Human-Microbiome-3.9M-Gene-Catalog-(metahit-v2)|MC3.MG353.AS1.GP1.C34429.G1|tetM	L	
C2|~tetRPG-909_1|tetRPG-909_1|LMS|Ruppe_2019|MC3.MG106.AS1.GP1.C8515.G6	tetRPG	L	M	S	Ruppe_2019	Ruppe_2019-1|103786|39|Human-Microbiome-3.9M-Gene-Catalog-(metahit-v2)|MC3.MG106.AS1.GP1.C8515.G6|tetM	L	
C2|~tetRPG-916_1|tetRPG-916_1|LCS|Ruppe_2019|MC3.MG115.AS1.GP1.C54805.G2	tetRPG	L	C	S	Ruppe_2019	Ruppe_2019-1|222260|39|Human-Microbiome-3.9M-Gene-Catalog-(metahit-v2)|MC3.MG115.AS1.GP1.C54805.G2|tetM	L	
C2|~tetRPG-926_1|tetRPG-926_1|LCS|Ruppe_2019|MC3.MG285.AS1.GP1.C31196.G3	tetRPG	L	C	S	Ruppe_2019	Ruppe_2019-1|1878593|39|Human-Microbiome-3.9M-Gene-Catalog-(metahit-v2)|MC3.MG285.AS1.GP1.C31196.G3|tetM	L	
C2|~tetRPG-928_1|tetRPG-928_1|LCS|Ruppe_2019|MC3.MG97.AS1.GP1.C48324.G2	tetRPG	L	C	S	Ruppe_2019	Ruppe_2019-1|3835652|39|Human-Microbiome-3.9M-Gene-Catalog-(metahit-v2)|MC3.MG97.AS1.GP1.C48324.G2|tetM	L	
C2|~tetRPG-931_1|tetRPG-931_1|LCS|Ruppe_2019|MC3.MG345.AS1.GP1.C1298.G13	tetRPG	L	C	S	Ruppe_2019	Ruppe_2019-1|2627693|39|Human-Microbiome-3.9M-Gene-Catalog-(metahit-v2)|MC3.MG345.AS1.GP1.C1298.G13|tetM	L	
C2|~tetRPG-936_1|tetRPG-936_1|LCS|Ruppe_2019|MC3.MG222.AS1.GP1.C26657.G11	tetRPG	L	C	S	Ruppe_2019	Ruppe_2019-1|1393283|39|Human-Microbiome-3.9M-Gene-Catalog-(metahit-v2)|MC3.MG222.AS1.GP1.C26657.G11|tetM	L	
C2|~tetRPG-937_1|tetRPG-937_1|LMS|Ruppe_2019|MC3.MG195.AS1.GP1.C25711.G2	tetRPG	L	M	S	Ruppe_2019	Ruppe_2019-1|1132257|39|Human-Microbiome-3.9M-Gene-Catalog-(metahit-v2)|MC3.MG195.AS1.GP1.C25711.G2|tetM	L	
C2|~tetRPG-943_1|tetRPG-943_1|LCS|Ruppe_2019|MC3.MG314.AS1.GP1.C17785.G1	tetRPG	L	C	S	Ruppe_2019	Ruppe_2019-1|2249421|39|Human-Microbiome-3.9M-Gene-Catalog-(metahit-v2)|MC3.MG314.AS1.GP1.C17785.G1|tetM	L	
C2|~tetRPG-947_1|tetRPG-947_1|LMS|Ruppe_2019|MC3.MG242.AS1.GP1.C53644.G8	tetRPG	L	M	S	Ruppe_2019	Ruppe_2019-1|1535556|39|Human-Microbiome-3.9M-Gene-Catalog-(metahit-v2)|MC3.MG242.AS1.GP1.C53644.G8|tetM	L	
C2|~tetRPG-956_1|tetRPG-956_1|LMS|Ruppe_2019|MC3.MG39.AS1.GP1.C14151.G2	tetRPG	L	M	S	Ruppe_2019	Ruppe_2019-1|3207888|39|Human-Microbiome-3.9M-Gene-Catalog-(metahit-v2)|MC3.MG39.AS1.GP1.C14151.G2|tetM	L	
C2|~tetRPG-960_1|tetRPG-960_1|LMS|Ruppe_2019|MC3.MG37.AS1.GP1.C17660.G2	tetRPG	L	M	S	Ruppe_2019	Ruppe_2019-1|2919178|39|Human-Microbiome-3.9M-Gene-Catalog-(metahit-v2)|MC3.MG37.AS1.GP1.C17660.G2|tetM	L	
C2|~tetRPG-967_1|tetRPG-967_1|LMS|Ruppe_2019|MC3.MG162.AS1.GP1.C30899.G7	tetRPG	L	M	S	Ruppe_2019	Ruppe_2019-1|841917|39|Human-Microbiome-3.9M-Gene-Catalog-(metahit-v2)|MC3.MG162.AS1.GP1.C30899.G7|tetM	L	
C2|~tetRPG-968_1|tetRPG-968_1|LCS|Ruppe_2019|MC3.MG145.AS1.GP1.C30081.G13	tetRPG	L	C	S	Ruppe_2019	Ruppe_2019-1|699249|39|Human-Microbiome-3.9M-Gene-Catalog-(metahit-v2)|MC3.MG145.AS1.GP1.C30081.G13|tetM	L	
C2|~tetRPG-970_1|tetRPG-970_1|LCS|Ruppe_2019|MC3.MG46.AS1.GP1.C490.G21	tetRPG	L	C	S	Ruppe_2019	Ruppe_2019-1|3304920|39|Human-Microbiome-3.9M-Gene-Catalog-(metahit-v2)|MC3.MG46.AS1.GP1.C490.G21|tetM	L	
C2|~tetRPG-972_1|tetRPG-972_1|LMS|Ruppe_2019|MC3.MG355.AS1.GP1.C23615.G1	tetRPG	L	M	S	Ruppe_2019	Ruppe_2019-1|2728754|39|Human-Microbiome-3.9M-Gene-Catalog-(metahit-v2)|MC3.MG355.AS1.GP1.C23615.G1|tetM	L	
C2|~tetRPG-974_1|tetRPG-974_1|LCS|Ruppe_2019|MC3.MG267.AS1.GP1.C3773.G2	tetRPG	L	C	S	Ruppe_2019	Ruppe_2019-1|1739844|39|Human-Microbiome-3.9M-Gene-Catalog-(metahit-v2)|MC3.MG267.AS1.GP1.C3773.G2|tetM	L	
C2|~tetRPG-975_1|tetRPG-975_1|LMS|Ruppe_2019|MC3.MG193.AS1.GP1.C10796.G10	tetRPG	L	M	S	Ruppe_2019	Ruppe_2019-1|1108772|39|Human-Microbiome-3.9M-Gene-Catalog-(metahit-v2)|MC3.MG193.AS1.GP1.C10796.G10|tetM	L	
C2|~tetRPG-978_1|tetRPG-978_1|LCS|Ruppe_2019|MC3.MG122.AS1.GP1.C30081.G4	tetRPG	L	C	S	Ruppe_2019	Ruppe_2019-1|380263|39|Human-Microbiome-3.9M-Gene-Catalog-(metahit-v2)|MC3.MG122.AS1.GP1.C30081.G4|tetM	L	
C2|~tetRPG-981_1|tetRPG-981_1|LCS|Ruppe_2019|MC3.MG95.AS1.GP1.C27338.G2	tetRPG	L	C	S	Ruppe_2019	Ruppe_2019-1|3792587|39|Human-Microbiome-3.9M-Gene-Catalog-(metahit-v2)|MC3.MG95.AS1.GP1.C27338.G2|tetM	L	
C2|~tetRPG-984_1|tetRPG-984_1|LMS|Ruppe_2019|MC3.MG53.AS1.GP1.C29337.G4	tetRPG	L	M	S	Ruppe_2019	Ruppe_2019-1|3362659|39|Human-Microbiome-3.9M-Gene-Catalog-(metahit-v2)|MC3.MG53.AS1.GP1.C29337.G4|tetM	L	
C2|~tetRPG-986_1|tetRPG-986_1|LMS|Ruppe_2019|MC3.MG4.AS1.GP1.C13874.G7	tetRPG	L	M	S	Ruppe_2019	Ruppe_2019-1|3255035|39|Human-Microbiome-3.9M-Gene-Catalog-(metahit-v2)|MC3.MG4.AS1.GP1.C13874.G7|tetM	L	
C2|~tetRPG-995_1|tetRPG-995_1|LCS|Ruppe_2019|MC3.MG217.AS1.GP1.C26726.G3	tetRPG	L	C	S	Ruppe_2019	Ruppe_2019-1|1349068|39|Human-Microbiome-3.9M-Gene-Catalog-(metahit-v2)|MC3.MG217.AS1.GP1.C26726.G3|tetM	L	
C2|~tetRPG-997_1|tetRPG-997_1|LCS|Ruppe_2019|MC3.MG136.AS1.GP1.C41249.G5	tetRPG	L	C	S	Ruppe_2019	Ruppe_2019-1|532990|39|Human-Microbiome-3.9M-Gene-Catalog-(metahit-v2)|MC3.MG136.AS1.GP1.C41249.G5|tetM	L	
C2|~tetRPG-1001_1|tetRPG-1001_1|LCS|Ruppe_2019|MC3.MG12.AS1.GP1.C31378.G1	tetRPG	L	C	S	Ruppe_2019	Ruppe_2019-1|276525|39|Human-Microbiome-3.9M-Gene-Catalog-(metahit-v2)|MC3.MG12.AS1.GP1.C31378.G1|tetM	L	
C2|~tetRPG-1022_1|tetRPG-1022_1|LMS|Ruppe_2019|MC3.MG53.AS1.GP1.C29153.G5	tetRPG	L	M	S	Ruppe_2019	Ruppe_2019-1|3362548|39|Human-Microbiome-3.9M-Gene-Catalog-(metahit-v2)|MC3.MG53.AS1.GP1.C29153.G5|tetM	L	
C2|~tetRPG-1026_1|tetRPG-1026_1|LCS|Ruppe_2019|MC3.MG244.AS1.GP1.C20802.G1	tetRPG	L	C	S	Ruppe_2019	Ruppe_2019-1|1550913|39|Human-Microbiome-3.9M-Gene-Catalog-(metahit-v2)|MC3.MG244.AS1.GP1.C20802.G1|tetM	L	
C2|~tetRPG-1031_1|tetRPG-1031_1|LCS|Ruppe_2019|MC3.MG122.AS1.GP1.C49245.G24	tetRPG	L	C	S	Ruppe_2019	Ruppe_2019-1|390766|39|Human-Microbiome-3.9M-Gene-Catalog-(metahit-v2)|MC3.MG122.AS1.GP1.C49245.G24|tetM	L	
C2|~tetRPG-1036_1|tetRPG-1036_1|LCS|Ruppe_2019|MC3.MG64.AS1.GP1.C322.G40	tetRPG	L	C	S	Ruppe_2019	Ruppe_2019-1|3505882|39|Human-Microbiome-3.9M-Gene-Catalog-(metahit-v2)|MC3.MG64.AS1.GP1.C322.G40|tetM	L	
C2|~tetRPG-1045_1|tetRPG-1045_1|LMS|Ruppe_2019|MC3.MG208.AS1.GP1.C16789.G22	tetRPG	L	M	S	Ruppe_2019	Ruppe_2019-1|1281781|39|Human-Microbiome-3.9M-Gene-Catalog-(metahit-v2)|MC3.MG208.AS1.GP1.C16789.G22|tetM	L	
C2|~tetRPG-1073_1|tetRPG-1073_1|LCS|Ruppe_2019|MC3.MG95.AS1.GP1.C32777.G5	tetRPG	L	C	S	Ruppe_2019	Ruppe_2019-1|3796681|39|Human-Microbiome-3.9M-Gene-Catalog-(metahit-v2)|MC3.MG95.AS1.GP1.C32777.G5|tetM	L	
C2|~tetRPG-1076_1|tetRPG-1076_1|LMS|Ruppe_2019|MC3.MG52.AS1.GP1.C29394.G6	tetRPG	L	M	S	Ruppe_2019	Ruppe_2019-1|3349502|39|Human-Microbiome-3.9M-Gene-Catalog-(metahit-v2)|MC3.MG52.AS1.GP1.C29394.G6|tetM	L	
C2|~tetRPG-1080_2|tetRPG-1080_2|LMS|Ruppe_2019|MC3.MG332.AS1.GP1.C51116.G4	tetRPG	L	M	S	Ruppe_2019	Ruppe_2019-1|2524960|39|Human-Microbiome-3.9M-Gene-Catalog-(metahit-v2)|MC3.MG332.AS1.GP1.C51116.G4|tetM	L	
C2|~tetRPG-1052_2|tetRPG-1052_2|LCS|Ruppe_2019|MC3.MG306.AS1.GP1.C43479.G63	tetRPG	L	C	S	Ruppe_2019	Ruppe_2019-1|2184257|39|Human-Microbiome-3.9M-Gene-Catalog-(metahit-v2)|MC3.MG306.AS1.GP1.C43479.G63|tetM	L	
C2|~tetRPG-1100_1|tetRPG-1100_1|LCS|Ruppe_2019|MC3.MG143.AS1.GP1.C30603.G1	tetRPG	L	C	S	Ruppe_2019	Ruppe_2019-1|666443|39|Human-Microbiome-3.9M-Gene-Catalog-(metahit-v2)|MC3.MG143.AS1.GP1.C30603.G1|tetM	L	
C2|~tetRPG-1104_1|tetRPG-1104_1|LCS|Ruppe_2019|MC3.MG122.AS1.GP1.C30110.G5	tetRPG	L	C	S	Ruppe_2019	Ruppe_2019-1|380537|39|Human-Microbiome-3.9M-Gene-Catalog-(metahit-v2)|MC3.MG122.AS1.GP1.C30110.G5|tetM	L	
C2|~tetRPG-1107_1|tetRPG-1107_1|LCS|Ruppe_2019|MC3.MG12.AS1.GP1.C2446.G27	tetRPG	L	C	S	Ruppe_2019	Ruppe_2019-1|268633|39|Human-Microbiome-3.9M-Gene-Catalog-(metahit-v2)|MC3.MG12.AS1.GP1.C2446.G27|tetM	L	
C2|~tetRPG-1110_1|tetRPG-1110_1|LCS|Ruppe_2019|MC3.MG6.AS1.GP1.C27682.G2	tetRPG	L	C	S	Ruppe_2019	Ruppe_2019-1|3426041|39|Human-Microbiome-3.9M-Gene-Catalog-(metahit-v2)|MC3.MG6.AS1.GP1.C27682.G2|tetM	L	
C2|~tetRPG-1119_1|tetRPG-1119_1|LCS|Ruppe_2019|MC3.MG332.AS1.GP1.C33046.G8	tetRPG	L	C	S	Ruppe_2019	Ruppe_2019-1|2507395|39|Human-Microbiome-3.9M-Gene-Catalog-(metahit-v2)|MC3.MG332.AS1.GP1.C33046.G8|tetM	L	
C2|~tetRPG-1120_1|tetRPG-1120_1|LMS|Ruppe_2019|MC3.MG332.AS1.GP1.C27302.G6	tetRPG	L	M	S	Ruppe_2019	Ruppe_2019-1|2502448|39|Human-Microbiome-3.9M-Gene-Catalog-(metahit-v2)|MC3.MG332.AS1.GP1.C27302.G6|tetM	L	
C2|~tetRPG-1121_1|tetRPG-1121_1|LMS|Ruppe_2019|MC3.MG332.AS1.GP1.C1599.G10	tetRPG	L	M	S	Ruppe_2019	Ruppe_2019-1|2491595|39|Human-Microbiome-3.9M-Gene-Catalog-(metahit-v2)|MC3.MG332.AS1.GP1.C1599.G10|tetM	L	
C2|~tetRPG-1141_1|tetRPG-1141_1|LMS|Ruppe_2019|MC3.MG12.AS1.GP1.C27965.G8	tetRPG	L	M	S	Ruppe_2019	Ruppe_2019-1|272289|39|Human-Microbiome-3.9M-Gene-Catalog-(metahit-v2)|MC3.MG12.AS1.GP1.C27965.G8|tetM	L	
C2|~tetRPG-1143_1|tetRPG-1143_1|LCS|Ruppe_2019|MC3.MG11.AS1.GP1.C21020.G2	tetRPG	L	C	S	Ruppe_2019	Ruppe_2019-1|135821|39|Human-Microbiome-3.9M-Gene-Catalog-(metahit-v2)|MC3.MG11.AS1.GP1.C21020.G2|tetM	L	
C2|~tetRPG-1157_1|tetRPG-1157_1|LMS|Ruppe_2019|MC3.MG345.AS1.GP1.C1850.G11	tetRPG	L	M	S	Ruppe_2019	Ruppe_2019-1|2630140|39|Human-Microbiome-3.9M-Gene-Catalog-(metahit-v2)|MC3.MG345.AS1.GP1.C1850.G11|tetM	L	
C2|~tetRPG-1160_1|tetRPG-1160_1|LMS|Ruppe_2019|MC3.MG327.AS1.GP1.C10326.G1	tetRPG	L	M	S	Ruppe_2019	Ruppe_2019-1|2409336|39|Human-Microbiome-3.9M-Gene-Catalog-(metahit-v2)|MC3.MG327.AS1.GP1.C10326.G1|tetM	L	
C2|~tetRPG-1162_1|tetRPG-1162_1|LMS|Ruppe_2019|MC3.MG309.AS1.GP1.C5493.G1	tetRPG	L	M	S	Ruppe_2019	Ruppe_2019-1|2217295|39|Human-Microbiome-3.9M-Gene-Catalog-(metahit-v2)|MC3.MG309.AS1.GP1.C5493.G1|tetM	L	
C2|~tetRPG-1164_1|tetRPG-1164_1|LMS|Ruppe_2019|MC3.MG283.AS1.GP1.C27231.G22	tetRPG	L	M	S	Ruppe_2019	Ruppe_2019-1|1857888|39|Human-Microbiome-3.9M-Gene-Catalog-(metahit-v2)|MC3.MG283.AS1.GP1.C27231.G22|tetM	L	
C2|~tetRPG-1167_1|tetRPG-1167_1|LMS|Ruppe_2019|MC3.MG219.AS1.GP1.C41052.G10	tetRPG	L	M	S	Ruppe_2019	Ruppe_2019-1|1367828|39|Human-Microbiome-3.9M-Gene-Catalog-(metahit-v2)|MC3.MG219.AS1.GP1.C41052.G10|tetM	L	
C2|~tetRPG-1197_1|tetRPG-1197_1|LCS|Ruppe_2019|MC3.MG282.AS1.GP1.C13359.G2	tetRPG	L	C	S	Ruppe_2019	Ruppe_2019-1|1836100|39|Human-Microbiome-3.9M-Gene-Catalog-(metahit-v2)|MC3.MG282.AS1.GP1.C13359.G2|tetM	L	
C2|~tetRPG-1207_1|tetRPG-1207_1|LCS|Ruppe_2019|MC3.MG138.AS1.GP1.C2135.G4	tetRPG	L	C	S	Ruppe_2019	Ruppe_2019-1|562418|39|Human-Microbiome-3.9M-Gene-Catalog-(metahit-v2)|MC3.MG138.AS1.GP1.C2135.G4|tetM	L	
C2|~tetRPG-1215_1|tetRPG-1215_1|LMS|Ruppe_2019|MC3.MG99.AS1.GP1.C43802.G10	tetRPG	L	M	S	Ruppe_2019	Ruppe_2019-1|3860834|39|Human-Microbiome-3.9M-Gene-Catalog-(metahit-v2)|MC3.MG99.AS1.GP1.C43802.G10|tetM	L	
C2|~tetRPG-1216_1|tetRPG-1216_1|LMS|Ruppe_2019|MC3.MG98.AS1.GP1.C14483.G12	tetRPG	L	M	S	Ruppe_2019	Ruppe_2019-1|3840137|39|Human-Microbiome-3.9M-Gene-Catalog-(metahit-v2)|MC3.MG98.AS1.GP1.C14483.G12|tetM	L	
C2|~tetRPG-1220_1|tetRPG-1220_1|LCS|Ruppe_2019|MC3.MG359.AS1.GP1.C47593.G7	tetRPG	L	C	S	Ruppe_2019	Ruppe_2019-1|2786191|39|Human-Microbiome-3.9M-Gene-Catalog-(metahit-v2)|MC3.MG359.AS1.GP1.C47593.G7|tetM	L	
C2|~tetRPG-1227_1|tetRPG-1227_1|LCS|Ruppe_2019|MC3.MG2.AS1.GP1.C5943.G5	tetRPG	L	C	S	Ruppe_2019	Ruppe_2019-1|1195958|39|Human-Microbiome-3.9M-Gene-Catalog-(metahit-v2)|MC3.MG2.AS1.GP1.C5943.G5|tetM	L	
C2|~tetRPG-1229_1|tetRPG-1229_1|LMS|Ruppe_2019|MC3.MG174.AS1.GP1.C51190.G32	tetRPG	L	M	S	Ruppe_2019	Ruppe_2019-1|960335|39|Human-Microbiome-3.9M-Gene-Catalog-(metahit-v2)|MC3.MG174.AS1.GP1.C51190.G32|tetM	L	
C2|~tetRPG-1248_1|tetRPG-1248_1|LCS|Ruppe_2019|MC3.MG3.AS1.GP1.C14317.G26	tetRPG	L	C	S	Ruppe_2019	Ruppe_2019-1|2082361|39|Human-Microbiome-3.9M-Gene-Catalog-(metahit-v2)|MC3.MG3.AS1.GP1.C14317.G26|tetM	L	
C2|~tetRPG-1250_1|tetRPG-1250_1|LCS|Ruppe_2019|MC3.MG143.AS1.GP1.C3911.G1	tetRPG	L	C	S	Ruppe_2019	Ruppe_2019-1|668169|39|Human-Microbiome-3.9M-Gene-Catalog-(metahit-v2)|MC3.MG143.AS1.GP1.C3911.G1|tetM	L	
C2|~tetRPG-1263_1|tetRPG-1263_1|LCS|Ruppe_2019|MC3.MG34.AS1.GP1.C18149.G8	tetRPG	L	C	S	Ruppe_2019	Ruppe_2019-1|2567614|39|Human-Microbiome-3.9M-Gene-Catalog-(metahit-v2)|MC3.MG34.AS1.GP1.C18149.G8|tetM	L	
C2|~tetRPG-1309_1|tetRPG-1309_1|LMS|Ruppe_2019|MC3.MG264.AS1.GP1.C21725.G2	tetRPG	L	M	S	Ruppe_2019	Ruppe_2019-1|1720560|39|Human-Microbiome-3.9M-Gene-Catalog-(metahit-v2)|MC3.MG264.AS1.GP1.C21725.G2|tetM	L	
C2|~tetRPG-1311_1|tetRPG-1311_1|LMS|Ruppe_2019|MC3.MG283.AS1.GP1.C44564.G4	tetRPG	L	M	S	Ruppe_2019	Ruppe_2019-1|1862116|39|Human-Microbiome-3.9M-Gene-Catalog-(metahit-v2)|MC3.MG283.AS1.GP1.C44564.G4|tetM	L	
C2|~tetRPG-1316_1|tetRPG-1316_1|LMS|Ruppe_2019|MC3.MG299.AS1.GP1.C26947.G20	tetRPG	L	M	S	Ruppe_2019	Ruppe_2019-1|2065100|39|Human-Microbiome-3.9M-Gene-Catalog-(metahit-v2)|MC3.MG299.AS1.GP1.C26947.G20|tetM	L	
C2|~tetRPG-1321_1|tetRPG-1321_1|LCS|Ruppe_2019|MC3.MG386.AS1.GP1.C55653.G9	tetRPG	L	C	S	Ruppe_2019	Ruppe_2019-1|3159831|39|Human-Microbiome-3.9M-Gene-Catalog-(metahit-v2)|MC3.MG386.AS1.GP1.C55653.G9|tetM	L	
C2|~tetRPG-1326_1|tetRPG-1326_1|LCS|Ruppe_2019|MC3.MG325.AS1.GP1.C17881.G2	tetRPG	L	C	S	Ruppe_2019	Ruppe_2019-1|2389356|39|Human-Microbiome-3.9M-Gene-Catalog-(metahit-v2)|MC3.MG325.AS1.GP1.C17881.G2|tetM	L	
C2|~tetRPG-1327_1|tetRPG-1327_1|LMS|Ruppe_2019|MC3.MG85.AS1.GP1.C25807.G1	tetRPG	L	M	S	Ruppe_2019	Ruppe_2019-1|3654190|39|Human-Microbiome-3.9M-Gene-Catalog-(metahit-v2)|MC3.MG85.AS1.GP1.C25807.G1|tetM	L	
C2|~tetRPG-1331_1|tetRPG-1331_1|LCS|Ruppe_2019|MC3.MG327.AS1.GP1.C699.G2	tetRPG	L	C	S	Ruppe_2019	Ruppe_2019-1|2435961|39|Human-Microbiome-3.9M-Gene-Catalog-(metahit-v2)|MC3.MG327.AS1.GP1.C699.G2|tetM	L	
C2|~tetRPG-1335_1|tetRPG-1335_1|LCS|Ruppe_2019|MC3.MG220.AS1.GP1.C41393.G4	tetRPG	L	C	S	Ruppe_2019	Ruppe_2019-1|1379415|39|Human-Microbiome-3.9M-Gene-Catalog-(metahit-v2)|MC3.MG220.AS1.GP1.C41393.G4|tetM	L	
C2|~tetRPG-1339_1|tetRPG-1339_1|LMS|Ruppe_2019|MC3.MG366.AS1.GP1.C3003.G5	tetRPG	L	M	S	Ruppe_2019	Ruppe_2019-1|2882685|39|Human-Microbiome-3.9M-Gene-Catalog-(metahit-v2)|MC3.MG366.AS1.GP1.C3003.G5|tetM	L	
C2|~tetRPG-1343_1|tetRPG-1343_1|LMS|Ruppe_2019|MC3.MG312.AS1.GP1.C63590.G7	tetRPG	L	M	S	Ruppe_2019	Ruppe_2019-1|2238766|39|Human-Microbiome-3.9M-Gene-Catalog-(metahit-v2)|MC3.MG312.AS1.GP1.C63590.G7|tetM	L	
C2|~tetRPG-1345_1|tetRPG-1345_1|LCS|Ruppe_2019|MC3.MG227.AS1.GP1.C5313.G8	tetRPG	L	C	S	Ruppe_2019	Ruppe_2019-1|1434334|39|Human-Microbiome-3.9M-Gene-Catalog-(metahit-v2)|MC3.MG227.AS1.GP1.C5313.G8|tetM	L	
C2|~tetRPG-1361_1|tetRPG-1361_1|LCS|Ruppe_2019|MC3.MG103.AS1.GP1.C5704.G1	tetRPG	L	C	S	Ruppe_2019	Ruppe_2019-1|76684|39|Human-Microbiome-3.9M-Gene-Catalog-(metahit-v2)|MC3.MG103.AS1.GP1.C5704.G1|tetM	L	
C2|~tetRPG-1364_1|tetRPG-1364_1|LCS|Ruppe_2019|MC3.MG273.AS1.GP1.C48823.G1	tetRPG	L	C	S	Ruppe_2019	Ruppe_2019-1|1789171|39|Human-Microbiome-3.9M-Gene-Catalog-(metahit-v2)|MC3.MG273.AS1.GP1.C48823.G1|tetM	L	
C2|~dfr-53_1|dfr-53_1|LCS|Wang_2025|QZA70902.1	dfr	L	C	S	Wang_2025	Wang_2025-DfrA_QZA70902.1	L	
C2|~tetRPG-1368_1|tetRPG-1368_1|LCS|Ruppe_2019|MC3.MG325.AS1.GP1.C27369.G4	tetRPG	L	C	S	Ruppe_2019	Ruppe_2019-1|2393020|39|Human-Microbiome-3.9M-Gene-Catalog-(metahit-v2)|MC3.MG325.AS1.GP1.C27369.G4|tetM	L	
C2|~tetRPG-1373_1|tetRPG-1373_1|LCS|Ruppe_2019|MC3.MG354.AS1.GP1.C15960.G19	tetRPG	L	C	S	Ruppe_2019	Ruppe_2019-1|2717545|39|Human-Microbiome-3.9M-Gene-Catalog-(metahit-v2)|MC3.MG354.AS1.GP1.C15960.G19|tetM	L	
C2|~tetRPG-1374_1|tetRPG-1374_1|LCS|Ruppe_2019|MC3.MG284.AS1.GP1.C5776.G1	tetRPG	L	C	S	Ruppe_2019	Ruppe_2019-1|1870053|39|Human-Microbiome-3.9M-Gene-Catalog-(metahit-v2)|MC3.MG284.AS1.GP1.C5776.G1|tetM	L	
C2|~tetRPG-1377_1|tetRPG-1377_1|LCS|Ruppe_2019|MC3.MG351.AS1.GP1.C8626.G4	tetRPG	L	C	S	Ruppe_2019	Ruppe_2019-1|2698763|39|Human-Microbiome-3.9M-Gene-Catalog-(metahit-v2)|MC3.MG351.AS1.GP1.C8626.G4|tetM	L	
C2|~tetRPG-1390_1|tetRPG-1390_1|LCS|Ruppe_2019|MC3.MG314.AS1.GP1.C4127.G2	tetRPG	L	C	S	Ruppe_2019	Ruppe_2019-1|2259372|39|Human-Microbiome-3.9M-Gene-Catalog-(metahit-v2)|MC3.MG314.AS1.GP1.C4127.G2|tetM	L	
C2|~tetRPG-1394_1|tetRPG-1394_1|LMS|Ruppe_2019|MC3.MG382.AS1.GP1.C47625.G1	tetRPG	L	M	S	Ruppe_2019	Ruppe_2019-1|3081333|39|Human-Microbiome-3.9M-Gene-Catalog-(metahit-v2)|MC3.MG382.AS1.GP1.C47625.G1|tetM	L	
C2|~tetRPG-1397_1|tetRPG-1397_1|LCS|Ruppe_2019|MC3.MG302.AS1.GP1.C7991.G1	tetRPG	L	C	S	Ruppe_2019	Ruppe_2019-1|2138621|39|Human-Microbiome-3.9M-Gene-Catalog-(metahit-v2)|MC3.MG302.AS1.GP1.C7991.G1|tetM	L	
C2|~blaC-98_1|blaC-98_1|LCS|Ruppe_2019|MC3.MG327.AS1.GP1.C4715.G27	blaC	L	C	S	Ruppe_2019	Ruppe_2019-1|2432528|17|Human-Microbiome-3.9M-Gene-Catalog-(metahit-v2)|MC3.MG327.AS1.GP1.C4715.G27|blac	L	
C2|~blaC-99_1|blaC-99_1|LCS|Ruppe_2019|MC3.MG361.AS1.GP1.C8077.G9	blaC	L	C	S	Ruppe_2019	Ruppe_2019-1|2822911|17|Human-Microbiome-3.9M-Gene-Catalog-(metahit-v2)|MC3.MG361.AS1.GP1.C8077.G9|blac	L	
C2|~blaC-100_1|blaC-100_1|LCS|Ruppe_2019|MC3.MG332.AS1.GP1.C38478.G3	blaC	L	C	S	Ruppe_2019	Ruppe_2019-1|2512130|17|Human-Microbiome-3.9M-Gene-Catalog-(metahit-v2)|MC3.MG332.AS1.GP1.C38478.G3|blac	L	
C2|~tetRPG-1402_1|tetRPG-1402_1|LCS|Ruppe_2019|MC3.MG330.AS1.GP1.C27380.G2	tetRPG	L	C	S	Ruppe_2019	Ruppe_2019-1|2471209|39|Human-Microbiome-3.9M-Gene-Catalog-(metahit-v2)|MC3.MG330.AS1.GP1.C27380.G2|tetM	L	
C2|~tetRPG-1404_1|tetRPG-1404_1|LCS|Ruppe_2019|MC3.MG116.AS1.GP1.C5555.G1	tetRPG	L	C	S	Ruppe_2019	Ruppe_2019-1|233498|39|Human-Microbiome-3.9M-Gene-Catalog-(metahit-v2)|MC3.MG116.AS1.GP1.C5555.G1|tetM	L	
C2|~blaC-101_1|blaC-101_1|LCS|Ruppe_2019|MC3.MG91.AS1.GP1.C38331.G1	blaC	L	C	S	Ruppe_2019	Ruppe_2019-1|3748645|17|Human-Microbiome-3.9M-Gene-Catalog-(metahit-v2)|MC3.MG91.AS1.GP1.C38331.G1|blac	L	
C2|~blaC-102_1|blaC-102_1|LCS|Ruppe_2019|MC3.MG103.AS1.GP1.C23537.G7	blaC	L	C	S	Ruppe_2019	Ruppe_2019-1|65394|17|Human-Microbiome-3.9M-Gene-Catalog-(metahit-v2)|MC3.MG103.AS1.GP1.C23537.G7|blac	L	
C2|~tetRPG-1407_1|tetRPG-1407_1|LCS|Ruppe_2019|MC3.MG335.AS1.GP1.C24195.G2	tetRPG	L	C	S	Ruppe_2019	Ruppe_2019-1|2538367|39|Human-Microbiome-3.9M-Gene-Catalog-(metahit-v2)|MC3.MG335.AS1.GP1.C24195.G2|tetM	L	
C2|~blaC-103_1|blaC-103_1|LCS|Ruppe_2019|MC3.MG246.AS1.GP1.C8294.G18	blaC	L	C	S	Ruppe_2019	Ruppe_2019-1|1581374|17|Human-Microbiome-3.9M-Gene-Catalog-(metahit-v2)|MC3.MG246.AS1.GP1.C8294.G18|blac	L	
C2|~tetRPG-1408_1|tetRPG-1408_1|LCS|Ruppe_2019|MC3.MG386.AS1.GP1.C7884.G1	tetRPG	L	C	S	Ruppe_2019	Ruppe_2019-1|3172421|39|Human-Microbiome-3.9M-Gene-Catalog-(metahit-v2)|MC3.MG386.AS1.GP1.C7884.G1|tetM	L	
C2|~tetRPG-1409_1|tetRPG-1409_1|LMS|Ruppe_2019|MC3.MG76.AS1.GP1.C19095.G1	tetRPG	L	M	S	Ruppe_2019	Ruppe_2019-1|3578755|39|Human-Microbiome-3.9M-Gene-Catalog-(metahit-v2)|MC3.MG76.AS1.GP1.C19095.G1|tetM	L	
C2|~tetRPG-1410_1|tetRPG-1410_1|LCS|Ruppe_2019|MC3.MG301.AS1.GP1.C28225.G1	tetRPG	L	C	S	Ruppe_2019	Ruppe_2019-1|2118539|39|Human-Microbiome-3.9M-Gene-Catalog-(metahit-v2)|MC3.MG301.AS1.GP1.C28225.G1|tetM	L	
C2|~tetRPG-1411_1|tetRPG-1411_1|LCS|Ruppe_2019|MC3.MG21.AS1.GP1.C13442.G1	tetRPG	L	C	S	Ruppe_2019	Ruppe_2019-1|1292777|39|Human-Microbiome-3.9M-Gene-Catalog-(metahit-v2)|MC3.MG21.AS1.GP1.C13442.G1|tetM	L	
C2|~blaC-104_1|blaC-104_1|LCS|Ruppe_2019|MC3.MG103.AS1.GP1.C47044.G3	blaC	L	C	S	Ruppe_2019	Ruppe_2019-1|72832|17|Human-Microbiome-3.9M-Gene-Catalog-(metahit-v2)|MC3.MG103.AS1.GP1.C47044.G3|blac	L	
C2|~blaC-105_1|blaC-105_1|LCS|Ruppe_2019|MC3.MG293.AS1.GP1.C42165.G2	blaC	L	C	S	Ruppe_2019	Ruppe_2019-1|2003905|17|Human-Microbiome-3.9M-Gene-Catalog-(metahit-v2)|MC3.MG293.AS1.GP1.C42165.G2|blac	L	
C2|~blaC-106_1|blaC-106_1|LCS|Ruppe_2019|MC3.MG291.AS1.GP1.C2346.G1	blaC	L	C	S	Ruppe_2019	Ruppe_2019-1|1968731|17|Human-Microbiome-3.9M-Gene-Catalog-(metahit-v2)|MC3.MG291.AS1.GP1.C2346.G1|blac	L	
C2|~blaC-107_1|blaC-107_1|LCS|Ruppe_2019|MC3.MG122.AS1.GP1.C54582.G12	blaC	L	C	S	Ruppe_2019	Ruppe_2019-1|393952|17|Human-Microbiome-3.9M-Gene-Catalog-(metahit-v2)|MC3.MG122.AS1.GP1.C54582.G12|blac	L	
C2|~tetRPG-1416_1|tetRPG-1416_1|LCS|Ruppe_2019|MC3.MG143.AS1.GP1.C6233.G10	tetRPG	L	C	S	Ruppe_2019	Ruppe_2019-1|672398|39|Human-Microbiome-3.9M-Gene-Catalog-(metahit-v2)|MC3.MG143.AS1.GP1.C6233.G10|tetM	L	
C2|~blaC-108_1|blaC-108_1|LCS|Ruppe_2019|MC3.MG136.AS1.GP1.C48466.G10	blaC	L	C	S	Ruppe_2019	Ruppe_2019-1|537070|17|Human-Microbiome-3.9M-Gene-Catalog-(metahit-v2)|MC3.MG136.AS1.GP1.C48466.G10|blac	L	
C2|~tetRPG-1417_1|tetRPG-1417_1|LMS|Ruppe_2019|MC3.MG158.AS1.GP1.C16440.G1	tetRPG	L	M	S	Ruppe_2019	Ruppe_2019-1|802068|39|Human-Microbiome-3.9M-Gene-Catalog-(metahit-v2)|MC3.MG158.AS1.GP1.C16440.G1|tetM	L	
C2|~blaC-109_1|blaC-109_1|LCS|Ruppe_2019|MC3.MG320.AS1.GP1.C18742.G4	blaC	L	C	S	Ruppe_2019	Ruppe_2019-1|2297571|17|Human-Microbiome-3.9M-Gene-Catalog-(metahit-v2)|MC3.MG320.AS1.GP1.C18742.G4|blac	L	
C2|~blaC-110_1|blaC-110_1|LCS|Ruppe_2019|MC3.MG299.AS1.GP1.C64324.G12	blaC	L	C	S	Ruppe_2019	Ruppe_2019-1|2074092|17|Human-Microbiome-3.9M-Gene-Catalog-(metahit-v2)|MC3.MG299.AS1.GP1.C64324.G12|blac	L	
C2|~blaC-112_1|blaC-112_1|LCS|Ruppe_2019|MC3.MG12.AS1.GP1.C89679.G2	blaC	L	C	S	Ruppe_2019	Ruppe_2019-1|334490|17|Human-Microbiome-3.9M-Gene-Catalog-(metahit-v2)|MC3.MG12.AS1.GP1.C89679.G2|blac	L	
C2|~blaC-113_1|blaC-113_1|LCS|Ruppe_2019|MC3.MG86.AS1.GP1.C2119.G1	blaC	L	C	S	Ruppe_2019	Ruppe_2019-1|3666791|17|Human-Microbiome-3.9M-Gene-Catalog-(metahit-v2)|MC3.MG86.AS1.GP1.C2119.G1|blac	L	
C2|~blaC-114_1|blaC-114_1|LCS|Ruppe_2019|MC3.MG165.AS1.GP1.C41314.G7	blaC	L	C	S	Ruppe_2019	Ruppe_2019-1|871073|17|Human-Microbiome-3.9M-Gene-Catalog-(metahit-v2)|MC3.MG165.AS1.GP1.C41314.G7|blac	L	
C2|~blaC-115_1|blaC-115_1|LCS|Ruppe_2019|MC3.MG285.AS1.GP1.C3664.G8	blaC	L	C	S	Ruppe_2019	Ruppe_2019-1|1880026|17|Human-Microbiome-3.9M-Gene-Catalog-(metahit-v2)|MC3.MG285.AS1.GP1.C3664.G8|blac	L	
C2|~blaC-116_1|blaC-116_1|LCS|Ruppe_2019|MC3.MG245.AS1.GP1.C3903.G2	blaC	L	C	S	Ruppe_2019	Ruppe_2019-1|1569714|17|Human-Microbiome-3.9M-Gene-Catalog-(metahit-v2)|MC3.MG245.AS1.GP1.C3903.G2|blac	L	
C2|~blaC-118_1|blaC-118_1|LCS|Ruppe_2019|MC3.MG169.AS1.GP1.C23131.G1	blaC	L	C	S	Ruppe_2019	Ruppe_2019-1|908630|17|Human-Microbiome-3.9M-Gene-Catalog-(metahit-v2)|MC3.MG169.AS1.GP1.C23131.G1|blac	L	
C2|~blaC-119_1|blaC-119_1|LCS|Ruppe_2019|MC3.MG12.AS1.GP1.C14402.G5	blaC	L	C	S	Ruppe_2019	Ruppe_2019-1|257517|17|Human-Microbiome-3.9M-Gene-Catalog-(metahit-v2)|MC3.MG12.AS1.GP1.C14402.G5|blac	L	
C2|~blaC-120_1|blaC-120_1|LCS|Ruppe_2019|MC3.MG205.AS1.GP1.C46195.G3	blaC	L	C	S	Ruppe_2019	Ruppe_2019-1|1237648|17|Human-Microbiome-3.9M-Gene-Catalog-(metahit-v2)|MC3.MG205.AS1.GP1.C46195.G3|blac	L	
C2|~blaC-121_1|blaC-121_1|LCS|Ruppe_2019|MC3.MG122.AS1.GP1.C19216.G2	blaC	L	C	S	Ruppe_2019	Ruppe_2019-1|374927|17|Human-Microbiome-3.9M-Gene-Catalog-(metahit-v2)|MC3.MG122.AS1.GP1.C19216.G2|blac	L	
C2|~blaC-122_1|blaC-122_1|LCS|Ruppe_2019|MC3.MG244.AS1.GP1.C36363.G3	blaC	L	C	S	Ruppe_2019	Ruppe_2019-1|1557167|17|Human-Microbiome-3.9M-Gene-Catalog-(metahit-v2)|MC3.MG244.AS1.GP1.C36363.G3|blac	L	
C2|~blaC-123_1|blaC-123_1|LCS|Ruppe_2019|MC3.MG254.AS1.GP1.C47877.G6	blaC	L	C	S	Ruppe_2019	Ruppe_2019-1|1641769|17|Human-Microbiome-3.9M-Gene-Catalog-(metahit-v2)|MC3.MG254.AS1.GP1.C47877.G6|blac	L	
C2|~blaC-126_1|blaC-126_1|LCS|Ruppe_2019|MC3.MG292.AS1.GP1.C17579.G2	blaC	L	C	S	Ruppe_2019	Ruppe_2019-1|1982652|17|Human-Microbiome-3.9M-Gene-Catalog-(metahit-v2)|MC3.MG292.AS1.GP1.C17579.G2|blac	L	
C2|~blaC-127_1|blaC-127_1|LCS|Ruppe_2019|MC3.MG23.AS1.GP1.C10965.G2	blaC	L	C	S	Ruppe_2019	Ruppe_2019-1|1449649|17|Human-Microbiome-3.9M-Gene-Catalog-(metahit-v2)|MC3.MG23.AS1.GP1.C10965.G2|blac	L	
C2|~blaC-129_1|blaC-129_1|LCS|Ruppe_2019|MC3.MG325.AS1.GP1.C15579.G2	blaC	L	C	S	Ruppe_2019	Ruppe_2019-1|2388447|17|Human-Microbiome-3.9M-Gene-Catalog-(metahit-v2)|MC3.MG325.AS1.GP1.C15579.G2|blac	L	
C2|~blaC-130_1|blaC-130_1|LCS|Ruppe_2019|MC3.MG293.AS1.GP1.C74484.G6	blaC	L	C	S	Ruppe_2019	Ruppe_2019-1|2009665|17|Human-Microbiome-3.9M-Gene-Catalog-(metahit-v2)|MC3.MG293.AS1.GP1.C74484.G6|blac	L	
C2|~blaC-131_1|blaC-131_1|LCS|Ruppe_2019|MC3.MG167.AS1.GP1.C2424.G11	blaC	L	C	S	Ruppe_2019	Ruppe_2019-1|888217|17|Human-Microbiome-3.9M-Gene-Catalog-(metahit-v2)|MC3.MG167.AS1.GP1.C2424.G11|blac	L	
C2|~blaC-132_1|blaC-132_1|LMS|Ruppe_2019|MC3.MG117.AS1.GP1.C16515.G24	blaC	L	M	S	Ruppe_2019	Ruppe_2019-1|235014|17|Human-Microbiome-3.9M-Gene-Catalog-(metahit-v2)|MC3.MG117.AS1.GP1.C16515.G24|blac	L	
C2|~blaC-133_1|blaC-133_1|LCS|Ruppe_2019|MC3.MG366.AS1.GP1.C31625.G3	blaC	L	C	S	Ruppe_2019	Ruppe_2019-1|2883217|17|Human-Microbiome-3.9M-Gene-Catalog-(metahit-v2)|MC3.MG366.AS1.GP1.C31625.G3|blac	L	
C2|~tetX-16_1|tetX-16_1|LMS|Ruppe_2019|MC3.MG229.AS1.GP1.C136.G8	tetX	L	M	S	Ruppe_2019	Ruppe_2019-1|1444201|40|Human-Microbiome-3.9M-Gene-Catalog-(metahit-v2)|MC3.MG229.AS1.GP1.C136.G8|tetX	L	
C2|~blaC-134_1|blaC-134_1|LCS|Ruppe_2019|MC3.MG12.AS1.GP1.C953.G2	blaC	L	C	S	Ruppe_2019	Ruppe_2019-1|336290|17|Human-Microbiome-3.9M-Gene-Catalog-(metahit-v2)|MC3.MG12.AS1.GP1.C953.G2|blac	L	
C2|~blaC-136_1|blaC-136_1|LCS|Ruppe_2019|MC3.MG358.AS1.GP1.C24967.G2	blaC	L	C	S	Ruppe_2019	Ruppe_2019-1|2755607|17|Human-Microbiome-3.9M-Gene-Catalog-(metahit-v2)|MC3.MG358.AS1.GP1.C24967.G2|blac	L	
C2|~tetX-17_1|tetX-17_1|LCS|Ruppe_2019|MC3.MG109.AS1.GP1.C29890.G17	tetX	L	C	S	Ruppe_2019	Ruppe_2019-1|120832|40|Human-Microbiome-3.9M-Gene-Catalog-(metahit-v2)|MC3.MG109.AS1.GP1.C29890.G17|tetX	L	
C2|~blaC-138_1|blaC-138_1|LCS|Ruppe_2019|MC3.MG122.AS1.GP1.C3159.G4	blaC	L	C	S	Ruppe_2019	Ruppe_2019-1|381446|17|Human-Microbiome-3.9M-Gene-Catalog-(metahit-v2)|MC3.MG122.AS1.GP1.C3159.G4|blac	L	
C2|~tetEFF-102_1|tetEFF-102_1|LMP|Li_2025|k141_176910_seq1_1	tetEFF	L	M	P	Li_2025	Li_2025-tet_efflux|chicken|k141_176910_seq1_1	L	
C2|~blaC-140_1|blaC-140_1|LCP|Victor_2025|HoFCLASS_c_sequ1ence	blaC	L	C	P	Victor_2025	Victor_2025-HoFCLASS_c_sequ1ence	L	
C2|~blaB-1_1|blaB-1_1|LCS|Ruppe_2019|S07_CZ_2_KJ693150_1_3	blaB	L	C	S	Ruppe_2019	Ruppe_2019-3|3874041|13|ARD-Forsberg-gene-catalog|S07_CZ_2_KJ693150_1_3|blab	L	
C2|~blaC-141_1|blaC-141_1|LCP|Victor_2025|HoFCLASS_c_sequ2ence	blaC	L	C	P	Victor_2025	Victor_2025-HoFCLASS_c_sequ2ence	L	
C2|~blaA-272_1|blaA-272_1|LCS|Ruppe_2019|S16_PE_7_KJ695461_1_1	blaA	L	C	S	Ruppe_2019	Ruppe_2019-3|3873921|12|ARD-Forsberg-gene-catalog|S16_PE_7_KJ695461_1_1|blaa	L	
C2|~tetX-19_1|tetX-19_1|LMS|Ruppe_2019|MC3.MG338.AS1.GP1.C21977.G2	tetX	L	M	S	Ruppe_2019	Ruppe_2019-1|2550538|40|Human-Microbiome-3.9M-Gene-Catalog-(metahit-v2)|MC3.MG338.AS1.GP1.C21977.G2|tetX	L	
C2|~tetEFF-104_1|tetEFF-104_1|LCP|Victor_2025|SeFTET_eff_sequ4ence	tetEFF	L	C	P	Victor_2025	Victor_2025-SeFTET_eff_sequ4ence	L	
C2|~blaC-142_1|blaC-142_1|LCS|Ruppe_2019|NP_717978_1	blaC	L	C	S	Ruppe_2019	Ruppe_2019-7398|3876783|17|ARD-reference-gene-catalog|NP_717978_1|blac	L	
C2|~blaC-143_1|blaC-143_1|LCS|Ruppe_2019|CAA58569_1	blaC	L	C	S	Ruppe_2019	Ruppe_2019-7398|3876531|17|ARD-reference-gene-catalog|CAA58569_1|blac	L	
C2|~blaA-273_1|blaA-273_1|LCS|Ruppe_2019|MC3.MG298.AS1.GP1.C24224.G3	blaA	L	C	S	Ruppe_2019	Ruppe_2019-1|2056147|12|Human-Microbiome-3.9M-Gene-Catalog-(metahit-v2)|MC3.MG298.AS1.GP1.C24224.G3|blaa	L	
C2|~blaC-144_1|blaC-144_1|LCS|Ruppe_2019|MC3.MG12.AS1.GP1.C2802.G5	blaC	L	C	S	Ruppe_2019	Ruppe_2019-1|272373|17|Human-Microbiome-3.9M-Gene-Catalog-(metahit-v2)|MC3.MG12.AS1.GP1.C2802.G5|blac	L	
C2|~tetEFF-106_1|tetEFF-106_1|LMP|Victor_2025|HoATET_eff_sequ7ence	tetEFF	L	M	P	Victor_2025	Victor_2025-HoATET_eff_sequ7ence	L	
C2|~blaA-274_1|blaA-274_1|LCS|Ruppe_2019|MC3.MG132.AS1.GP1.C13114.G22	blaA	L	C	S	Ruppe_2019	Ruppe_2019-1|487562|12|Human-Microbiome-3.9M-Gene-Catalog-(metahit-v2)|MC3.MG132.AS1.GP1.C13114.G22|blaa	L	
C2|~blaC-145_1|blaC-145_1|LCP|Victor_2025|SeFCLASS_c_sequ2ence	blaC	L	C	P	Victor_2025	Victor_2025-SeFCLASS_c_sequ2ence	L	
C2|~blaC-147_1|blaC-147_1|LCP|Li_2025|k141_222224_seq1_1	blaC	L	C	P	Li_2025	Li_2025-class_c|cattle|k141_222224_seq1_1	L	
C2|~blaC-148_1|blaC-148_1|LCS|Ruppe_2019|YP_005818243_1	blaC	L	C	S	Ruppe_2019	Ruppe_2019-7398|3875720|17|ARD-reference-gene-catalog|YP_005818243_1|blac	L	
C2|~blaC-151_1|blaC-151_1|LMS|Ruppe_2019|YP_005190600_1	blaC	L	M	S	Ruppe_2019	Ruppe_2019-7398|3876603|17|ARD-reference-gene-catalog|YP_005190600_1|blac	L	
C2|~blaC-152_1|blaC-152_1|LCS|Ruppe_2019|MC3.MG219.AS1.GP1.C54963.G5	blaC	L	C	S	Ruppe_2019	Ruppe_2019-1|1371786|17|Human-Microbiome-3.9M-Gene-Catalog-(metahit-v2)|MC3.MG219.AS1.GP1.C54963.G5|blac	L	
C2|~tetEFF-107_1|tetEFF-107_1|LMP|Li_2025|k141_618927_seq1_1	tetEFF	L	M	P	Li_2025	Li_2025-tet_efflux|cattle|k141_618927_seq1_1	L	
C2|~new-1_1|new-1_1|LCP|CocheMiranda_2026|CocheMiranda_2026_SPA_MetaAn_8_l396_st215_e1402_se1_ID=54894_1	new	L	C	P	CocheMiranda_2026	CocheMiranda_2026-fARgene_CocheMiranda_2026.faa_class_c-CocheMiranda_2026_SPA_MetaAn_8_l396_st215_e1402_se1_ID=54894_1	L	
C2|~tetX-22_1|tetX-22_1|LCP|Victor_2025|HoFTET_enz_sequ1ence	tetX	L	C	P	Victor_2025	Victor_2025-HoFTET_enz_sequ1ence	L	
C2|~blaA-275_1|blaA-275_1|LCS|Ruppe_2019|MC3.MG65.AS1.GP1.C18773.G2	blaA	L	C	S	Ruppe_2019	Ruppe_2019-1|3511954|12|Human-Microbiome-3.9M-Gene-Catalog-(metahit-v2)|MC3.MG65.AS1.GP1.C18773.G2|blaa	L	
C2|~blaA-276_1|blaA-276_1|LCS|Ruppe_2019|MC3.MG12.AS1.GP1.C27971.G4	blaA	L	C	S	Ruppe_2019	Ruppe_2019-1|272323|12|Human-Microbiome-3.9M-Gene-Catalog-(metahit-v2)|MC3.MG12.AS1.GP1.C27971.G4|blaa	L	
C2|~blaC-154_1|blaC-154_1|LCP|Li_2025|k141_388556_seq1_1	blaC	L	C	P	Li_2025	Li_2025-class_c|cattle|k141_388556_seq1_1	L	
C2|~blaC-155_1|blaC-155_1|LMP|Victor_2025|SeFCLASS_c_sequ4ence	blaC	L	M	P	Victor_2025	Victor_2025-SeFCLASS_c_sequ4ence	L	
C2|~blaC-156_1|blaC-156_1|LCS|Ruppe_2019|JX009327.1	blaC	L	C	S	Ruppe_2019	Ruppe_2019-7398|3875157|17|ARD-reference-gene-catalog|JX009327.1|blac	L	
C2|~blaC-157_1|blaC-157_1|LMP|Li_2025|k141_306226_seq1_1	blaC	L	M	P	Li_2025	Li_2025-class_c|cattle|k141_306226_seq1_1	L	
C2|~blaC-158_1|blaC-158_1|LCS|Ruppe_2019|YP_261151_1	blaC	L	C	S	Ruppe_2019	Ruppe_2019-7398|3876527|17|ARD-reference-gene-catalog|YP_261151_1|blac	L	
C2|~blaC-159_1|blaC-159_1|LMP|Li_2025|k141_92470_seq1_1	blaC	L	M	P	Li_2025	Li_2025-class_c|cattle|k141_92470_seq1_1	L	
C2|~blaC-160_1|blaC-160_1|LCP|Li_2025|k141_106961_seq1_1	blaC	L	C	P	Li_2025	Li_2025-class_c|cattle|k141_106961_seq1_1	L	
C2|~blaC-162_1|blaC-162_1|LCS|Ruppe_2019|MC3.MG131.AS1.GP1.C3755.G2	blaC	L	C	S	Ruppe_2019	Ruppe_2019-1|484798|17|Human-Microbiome-3.9M-Gene-Catalog-(metahit-v2)|MC3.MG131.AS1.GP1.C3755.G2|blac	L	
C2|~blaA-279_1|blaA-279_1|LCS|Ruppe_2019|MC3.MG383.AS1.GP1.C5496.G1	blaA	L	C	S	Ruppe_2019	Ruppe_2019-1|3101670|12|Human-Microbiome-3.9M-Gene-Catalog-(metahit-v2)|MC3.MG383.AS1.GP1.C5496.G1|blaa	L	
C2|~blaC-165_1|blaC-165_1|LCS|Ruppe_2019|CAA44850.1	blaC	L	C	S	Ruppe_2019	Ruppe_2019-7398|3877159|17|ARD-reference-gene-catalog|CAA44850.1|blac	L	
C2|~blaC-167_1|blaC-167_1|LCP|Li_2025|k141_15692_seq1_1	blaC	L	C	P	Li_2025	Li_2025-class_c|chicken|k141_15692_seq1_1	L	
C2|~blaC-168_1|blaC-168_1|LCP|Li_2025|k141_38570_seq1_1	blaC	L	C	P	Li_2025	Li_2025-class_c|cattle|k141_38570_seq1_1	L	
C2|~new-2_1|new-2_1|LCP|CocheMiranda_2026|CocheMiranda_2026_SPA_MetaAn_83_l435_st3519_e4823_se1_ID=6932_4	new	L	C	P	CocheMiranda_2026	CocheMiranda_2026-fARgene_CocheMiranda_2026.faa_class_c-CocheMiranda_2026_SPA_MetaAn_83_l435_st3519_e4823_se1_ID=6932_4	L	
C2|~blaC-169_1|blaC-169_1|LCP|Victor_2025|SeFCLASS_c_sequ6ence	blaC	L	C	P	Victor_2025	Victor_2025-SeFCLASS_c_sequ6ence	L	
C2|~blaC-170_1|blaC-170_1|LMP|Victor_2025|SeACLASS_c_sequ8ence	blaC	L	M	P	Victor_2025	Victor_2025-SeACLASS_c_sequ8ence	L	
C2|~blaC-172_1|blaC-172_1|LMP|Li_2025|k119_188148_seq1_1	blaC	L	M	P	Li_2025	Li_2025-class_c|chicken|k119_188148_seq1_1	L	
C2|~new-fARgene_1|new-fARgene_1|LCP|CocheMiranda_2026|CocheMiranda_2026_SPA_MetaAn_61_l394_st2461_e3642_se	new	L	C	P	CocheMiranda_2026	CocheMiranda_2026-fARgene_CocheMiranda_2026.faa_class_c-CocheMiranda_2026_SPA_MetaAn_61_l394_st2461_e3642_se-1_ID=18709_3	L	
C2|~blaC-174_1|blaC-174_1|LCP|Victor_2025|HoFCLASS_c_sequ8ence	blaC	L	C	P	Victor_2025	Victor_2025-HoFCLASS_c_sequ8ence	L	
C2|~blaA-280_1|blaA-280_1|LMS|Ruppe_2019|MC3.MG306.AS1.GP1.C8377.G9	blaA	L	M	S	Ruppe_2019	Ruppe_2019-1|2187640|12|Human-Microbiome-3.9M-Gene-Catalog-(metahit-v2)|MC3.MG306.AS1.GP1.C8377.G9|blaa	L	
C2|~blaC-176_1|blaC-176_1|LCP|Li_2025|k141_1097974_seq1_1	blaC	L	C	P	Li_2025	Li_2025-class_c|swine|k141_1097974_seq1_1	L	
C2|~new-3_1|new-3_1|LCP|CocheMiranda_2026|CocheMiranda_2026_SPA_MetaAn_16_l390_st1220_e2389_se1_ID=8635_3	new	L	C	P	CocheMiranda_2026	CocheMiranda_2026-fARgene_CocheMiranda_2026.faa_class_c-CocheMiranda_2026_SPA_MetaAn_16_l390_st1220_e2389_se1_ID=8635_3	L	
C2|~new-4_1|new-4_1|LCP|CocheMiranda_2026|CocheMiranda_2026_16946453_len_391_MetaAn_8	new	L	C	P	CocheMiranda_2026	CocheMiranda_2026-fARgene_CocheMiranda_2026.faa_class_c-CocheMiranda_2026_16946453_len_391_MetaAn_8	L	
C2|~blaC-178_1|blaC-178_1|LCP|Li_2025|k141_1060518_seq1_1	blaC	L	C	P	Li_2025	Li_2025-class_c|swine|k141_1060518_seq1_1	L	
C2|~blaC-179_1|blaC-179_1|LCP|Li_2025|k141_44892_seq1_1	blaC	L	C	P	Li_2025	Li_2025-class_c|chicken|k141_44892_seq1_1	L	
C2|~blaC-180_1|blaC-180_1|LCS|Ruppe_2019|YP_003980337_1	blaC	L	C	S	Ruppe_2019	Ruppe_2019-7398|3875202|17|ARD-reference-gene-catalog|YP_003980337_1|blac	L	
C2|~blaC-182_1|blaC-182_1|LCS|Ruppe_2019|MC3.MG218.AS1.GP1.C31976.G2	blaC	L	C	S	Ruppe_2019	Ruppe_2019-1|1357245|17|Human-Microbiome-3.9M-Gene-Catalog-(metahit-v2)|MC3.MG218.AS1.GP1.C31976.G2|blac	L	
C2|~blaC-183_1|blaC-183_1|LCP|Victor_2025|HoFCLASS_c_sequ11ence	blaC	L	C	P	Victor_2025	Victor_2025-HoFCLASS_c_sequ11ence	L	
C2|~blaD-1_1|blaD-1_1|LCS|Ruppe_2019|MC3.MG98.AS1.GP1.C39106.G1	blaD	L	C	S	Ruppe_2019	Ruppe_2019-1|3844990|18|Human-Microbiome-3.9M-Gene-Catalog-(metahit-v2)|MC3.MG98.AS1.GP1.C39106.G1|blad	L	
C2|~blaC-184_1|blaC-184_1|LCP|Li_2025|k141_292133_seq1_1	blaC	L	C	P	Li_2025	Li_2025-class_c|swine|k141_292133_seq1_1	L	
C2|~blaC-185_1|blaC-185_1|LCP|Li_2025|k141_25626_seq1_1	blaC	L	C	P	Li_2025	Li_2025-class_c|chicken|k141_25626_seq1_1	L	
C2|~new-6_1|new-6_1|LCP|CocheMiranda_2026|CocheMiranda_2026_23210609_len_410_MetaAn_74	new	L	C	P	CocheMiranda_2026	CocheMiranda_2026-fARgene_CocheMiranda_2026.faa_class_c-CocheMiranda_2026_23210609_len_410_MetaAn_74	L	
C2|~blaC-186_1|blaC-186_1|LCS|Ruppe_2019|WP_004262799_1	blaC	L	C	S	Ruppe_2019	Ruppe_2019-7398|3876529|17|ARD-reference-gene-catalog|WP_004262799_1|blac	L	
C2|~blaC-187_1|blaC-187_1|LCS|Ruppe_2019|YP__888266_1	blaC	L	C	S	Ruppe_2019	Ruppe_2019-7398|3876170|17|ARD-reference-gene-catalog|YP__888266_1|blac	L	
C2|~blaC-188_1|blaC-188_1|LCS|Ruppe_2019|MC3.MG237.AS1.GP1.C29958.G4	blaC	L	C	S	Ruppe_2019	Ruppe_2019-1|1503494|17|Human-Microbiome-3.9M-Gene-Catalog-(metahit-v2)|MC3.MG237.AS1.GP1.C29958.G4|blac	L	
C2|~new-7_1|new-7_1|LCP|CocheMiranda_2026|CocheMiranda_2026_SPA_MetaAn_2_l390_st11201_e12370_se1_ID=2896_12	new	L	C	P	CocheMiranda_2026	CocheMiranda_2026-fARgene_CocheMiranda_2026.faa_class_c-CocheMiranda_2026_SPA_MetaAn_2_l390_st11201_e12370_se1_ID=2896_12	L	
C2|~blaA1-43_1|blaA1-43_1|LCP|Li_2025|k141_110425_seq1_1	blaA1	L	C	P	Li_2025	Li_2025-class_a|chicken|k141_110425_seq1_1	L	
C2|~blaA-281_1|blaA-281_1|LCS|Ruppe_2019|MC3.MG271.AS1.GP1.C38105.G6	blaA	L	C	S	Ruppe_2019	Ruppe_2019-1|1772291|12|Human-Microbiome-3.9M-Gene-Catalog-(metahit-v2)|MC3.MG271.AS1.GP1.C38105.G6|blaa	L	
C2|~blaA-282_1|blaA-282_1|LCS|Ruppe_2019|MC3.MG114.AS1.GP1.C28351.G2	blaA	L	C	S	Ruppe_2019	Ruppe_2019-1|198271|12|Human-Microbiome-3.9M-Gene-Catalog-(metahit-v2)|MC3.MG114.AS1.GP1.C28351.G2|blaa	L	
C2|~blaC-190_1|blaC-190_1|LCS|Ruppe_2019|MC3.MG53.AS1.GP1.C9424.G3	blaC	L	C	S	Ruppe_2019	Ruppe_2019-1|3367970|17|Human-Microbiome-3.9M-Gene-Catalog-(metahit-v2)|MC3.MG53.AS1.GP1.C9424.G3|blac	L	
C2|~tetEFF-110_1|tetEFF-110_1|LMP|Victor_2025|HoATET_eff_sequ9ence	tetEFF	L	M	P	Victor_2025	Victor_2025-HoATET_eff_sequ9ence	L	
C2|~blaA1-44_1|blaA1-44_1|LCP|Victor_2025b|Class_ANSF3A	blaA1	L	C	P	Victor_2025b	Victor_2025b-Class_ANSF3A	L	
C2|~blaA-283_1|blaA-283_1|LCS|Ruppe_2019|MC3.MG306.AS1.GP1.C40424.G53	blaA	L	C	S	Ruppe_2019	Ruppe_2019-1|2183309|12|Human-Microbiome-3.9M-Gene-Catalog-(metahit-v2)|MC3.MG306.AS1.GP1.C40424.G53|blaa	L	
C2|~ant-18_1|ant-18_1|LCS|Ruppe_2019|MC3.MG377.AS1.GP1.C36412.G7	ant	L	C	S	Ruppe_2019	Ruppe_2019-1|2992992|7|Human-Microbiome-3.9M-Gene-Catalog-(metahit-v2)|MC3.MG377.AS1.GP1.C36412.G7|ant	L	
C2|~blaC-191_1|blaC-191_1|LCS|Ruppe_2019|MC3.MG3.AS1.GP1.C14317.G33	blaC	L	C	S	Ruppe_2019	Ruppe_2019-1|2082369|17|Human-Microbiome-3.9M-Gene-Catalog-(metahit-v2)|MC3.MG3.AS1.GP1.C14317.G33|blac	L	
C2|~blaA1-45_1|blaA1-45_1|LCP|Victor_2025|HoACLASS_a_sequ24ence	blaA1	L	C	P	Victor_2025	Victor_2025-HoACLASS_a_sequ24ence	L	
C2|~blaB3-99_1|blaB3-99_1|LCP|Victor_2025b|Class_B3NSF25B3	blaB3	L	C	P	Victor_2025b	Victor_2025b-Class_B3NSF25B3	L	
C2|~blaA-284_1|blaA-284_1|LCS|Ruppe_2019|MC3.MG244.AS1.GP1.C6068.G4	blaA	L	C	S	Ruppe_2019	Ruppe_2019-1|1560885|12|Human-Microbiome-3.9M-Gene-Catalog-(metahit-v2)|MC3.MG244.AS1.GP1.C6068.G4|blaa	L	
C2|~blaA1-46_1|blaA1-46_1|LCP|Victor_2025|HoFCLASS_a_sequ18ence	blaA1	L	C	P	Victor_2025	Victor_2025-HoFCLASS_a_sequ18ence	L	
C2|~blaC-193_1|blaC-193_1|LCS|Ruppe_2019|MC3.MG119.AS1.GP1.C26893.G17	blaC	L	C	S	Ruppe_2019	Ruppe_2019-1|247436|17|Human-Microbiome-3.9M-Gene-Catalog-(metahit-v2)|MC3.MG119.AS1.GP1.C26893.G17|blac	L	
C2|~blaA-285_1|blaA-285_1|LCS|Ruppe_2019|MC3.MG386.AS1.GP1.C20856.G3	blaA	L	C	S	Ruppe_2019	Ruppe_2019-1|3136866|12|Human-Microbiome-3.9M-Gene-Catalog-(metahit-v2)|MC3.MG386.AS1.GP1.C20856.G3|blaa	L	
C2|~blaC-194_1|blaC-194_1|LCS|Ruppe_2019|MC3.MG365.AS1.GP1.C46750.G1	blaC	L	C	S	Ruppe_2019	Ruppe_2019-1|2866951|17|Human-Microbiome-3.9M-Gene-Catalog-(metahit-v2)|MC3.MG365.AS1.GP1.C46750.G1|blac	L	
C2|~blaA-286_1|blaA-286_1|LCS|Ruppe_2019|MC3.MG55.AS1.GP1.C13144.G2	blaA	L	C	S	Ruppe_2019	Ruppe_2019-1|3382882|12|Human-Microbiome-3.9M-Gene-Catalog-(metahit-v2)|MC3.MG55.AS1.GP1.C13144.G2|blaa	L	
C2|~blaA1-47_1|blaA1-47_1|LCP|Li_2025|k141_390934_seq1_1	blaA1	L	C	P	Li_2025	Li_2025-class_a|chicken|k141_390934_seq1_1	L	
C2|~blaB3-100_1|blaB3-100_1|LCP|Victor_2025|HoACLASS_b3_sequ6ence	blaB3	L	C	P	Victor_2025	Victor_2025-HoACLASS_b3_sequ6ence	L	
C2|~blaA1-48_1|blaA1-48_1|LCP|Victor_2025|HoACLASS_a_sequ33ence	blaA1	L	C	P	Victor_2025	Victor_2025-HoACLASS_a_sequ33ence	L	
C2|~blaA-287_1|blaA-287_1|LCS|Ruppe_2019|MC3.MG254.AS1.GP1.C51604.G12	blaA	L	C	S	Ruppe_2019	Ruppe_2019-1|1642663|12|Human-Microbiome-3.9M-Gene-Catalog-(metahit-v2)|MC3.MG254.AS1.GP1.C51604.G12|blaa	L	
C2|~blaA-288_1|blaA-288_1|LCS|Ruppe_2019|MC3.MG320.AS1.GP1.C25683.G2	blaA	L	C	S	Ruppe_2019	Ruppe_2019-1|2300321|12|Human-Microbiome-3.9M-Gene-Catalog-(metahit-v2)|MC3.MG320.AS1.GP1.C25683.G2|blaa	L	
C2|~blaB3-101_1|blaB3-101_1|LCP|Victor_2025|SeFCLASS_b3_sequ4ence	blaB3	L	C	P	Victor_2025	Victor_2025-SeFCLASS_b3_sequ4ence	L	
C2|~blaB3-102_1|blaB3-102_1|LCP|Victor_2025b|Class_B3NSF44B3	blaB3	L	C	P	Victor_2025b	Victor_2025b-Class_B3NSF44B3	L	
C2|~blaC-195_1|blaC-195_1|LCS|Ruppe_2019|MC3.MG293.AS1.GP1.C47639.G1	blaC	L	C	S	Ruppe_2019	Ruppe_2019-1|2004900|17|Human-Microbiome-3.9M-Gene-Catalog-(metahit-v2)|MC3.MG293.AS1.GP1.C47639.G1|blac	L	
C2|~blaA-289_1|blaA-289_1|LCS|Ruppe_2019|MC3.MG76.AS1.GP1.C3043.G2	blaA	L	C	S	Ruppe_2019	Ruppe_2019-1|3584828|12|Human-Microbiome-3.9M-Gene-Catalog-(metahit-v2)|MC3.MG76.AS1.GP1.C3043.G2|blaa	L	
C2|~blaA-290_1|blaA-290_1|LCS|Ruppe_2019|MC3.MG139.AS1.GP1.C30361.G10	blaA	L	C	S	Ruppe_2019	Ruppe_2019-1|599960|12|Human-Microbiome-3.9M-Gene-Catalog-(metahit-v2)|MC3.MG139.AS1.GP1.C30361.G10|blaa	L	
C2|~blaB3-103_1|blaB3-103_1|LCP|Victor_2025b|Class_B3NSF36B3	blaB3	L	C	P	Victor_2025b	Victor_2025b-Class_B3NSF36B3	L	
C2|~blaA1-49_1|blaA1-49_1|LCP|Victor_2025b|Class_ANSF23A	blaA1	L	C	P	Victor_2025b	Victor_2025b-Class_ANSF23A	L	
C2|~blaA-292_1|blaA-292_1|LCS|Ruppe_2019|MC3.MG385.AS1.GP1.C56556.G3	blaA	L	C	S	Ruppe_2019	Ruppe_2019-1|3122863|12|Human-Microbiome-3.9M-Gene-Catalog-(metahit-v2)|MC3.MG385.AS1.GP1.C56556.G3|blaa	L	
C2|~blaB3-104_1|blaB3-104_1|LCP|Victor_2025b|Class_B3NSF8B3	blaB3	L	C	P	Victor_2025b	Victor_2025b-Class_B3NSF8B3	L	
C2|~blaA-293_1|blaA-293_1|LCS|Ruppe_2019|MC3.MG76.AS1.GP1.C3952.G3	blaA	L	C	S	Ruppe_2019	Ruppe_2019-1|3585355|12|Human-Microbiome-3.9M-Gene-Catalog-(metahit-v2)|MC3.MG76.AS1.GP1.C3952.G3|blaa	L	
C2|~blaA-294_1|blaA-294_1|LCS|Ruppe_2019|MC3.MG136.AS1.GP1.C29308.G63	blaA	L	C	S	Ruppe_2019	Ruppe_2019-1|528531|12|Human-Microbiome-3.9M-Gene-Catalog-(metahit-v2)|MC3.MG136.AS1.GP1.C29308.G63|blaa	L	
C2|~blaA1-50_1|blaA1-50_1|LCP|Victor_2025b|Class_ANSF9A	blaA1	L	C	P	Victor_2025b	Victor_2025b-Class_ANSF9A	L	
C2|~blaA-295_1|blaA-295_1|LCS|Ruppe_2019|MC3.MG291.AS1.GP1.C6932.G8	blaA	L	C	S	Ruppe_2019	Ruppe_2019-1|1975157|12|Human-Microbiome-3.9M-Gene-Catalog-(metahit-v2)|MC3.MG291.AS1.GP1.C6932.G8|blaa	L	
C2|~blaA-296_1|blaA-296_1|LCS|Ruppe_2019|MC3.MG241.AS1.GP1.C8110.G3	blaA	L	C	S	Ruppe_2019	Ruppe_2019-1|1532569|12|Human-Microbiome-3.9M-Gene-Catalog-(metahit-v2)|MC3.MG241.AS1.GP1.C8110.G3|blaa	L	
C2|~blaA1-51_1|blaA1-51_1|LCP|CocheMiranda_2026|CocheMiranda_2026_SPA_MetaAn_74_l376_st224_e1351_se1_ID=47445_2	blaA1	L	C	P	CocheMiranda_2026	CocheMiranda_2026-fARgene_CocheMiranda_2026.faa_class_a-CocheMiranda_2026_SPA_MetaAn_74_l376_st224_e1351_se1_ID=47445_2	L	
C2|~blaC-197_1|blaC-197_1|LCS|Ruppe_2019|MC3.MG6.AS1.GP1.C70746.G4	blaC	L	C	S	Ruppe_2019	Ruppe_2019-1|3457271|17|Human-Microbiome-3.9M-Gene-Catalog-(metahit-v2)|MC3.MG6.AS1.GP1.C70746.G4|blac	L	
C2|~blaC-198_1|blaC-198_1|LCS|Ruppe_2019|MC3.MG143.AS1.GP1.C3126.G24	blaC	L	C	S	Ruppe_2019	Ruppe_2019-1|666624|17|Human-Microbiome-3.9M-Gene-Catalog-(metahit-v2)|MC3.MG143.AS1.GP1.C3126.G24|blac	L	
C2|~blaA-297_1|blaA-297_1|LCS|Ruppe_2019|MC3.MG199.AS1.GP1.C2130.G12	blaA	L	C	S	Ruppe_2019	Ruppe_2019-1|1171782|12|Human-Microbiome-3.9M-Gene-Catalog-(metahit-v2)|MC3.MG199.AS1.GP1.C2130.G12|blaa	L	
C2|~blaA1-53_1|blaA1-53_1|LCP|Li_2025|k119_4737_seq1_1	blaA1	L	C	P	Li_2025	Li_2025-class_a|cattle|k119_4737_seq1_1	L	
C2|~blaA-298_1|blaA-298_1|LCS|Ruppe_2019|MC3.MG12.AS1.GP1.C73012.G1	blaA	L	C	S	Ruppe_2019	Ruppe_2019-1|318650|12|Human-Microbiome-3.9M-Gene-Catalog-(metahit-v2)|MC3.MG12.AS1.GP1.C73012.G1|blaa	L	
C2|~blaA-299_1|blaA-299_1|LCS|Ruppe_2019|MC3.MG242.AS1.GP1.C50070.G1	blaA	L	C	S	Ruppe_2019	Ruppe_2019-1|1535343|12|Human-Microbiome-3.9M-Gene-Catalog-(metahit-v2)|MC3.MG242.AS1.GP1.C50070.G1|blaa	L	
C2|~blaA1-54_1|blaA1-54_1|LCP|Li_2025|k141_1060544_seq1_1	blaA1	L	C	P	Li_2025	Li_2025-class_a|swine|k141_1060544_seq1_1	L	
C2|~blaC-199_1|blaC-199_1|LCS|Ruppe_2019|MC3.MG382.AS1.GP1.C6725.G1	blaC	L	C	S	Ruppe_2019	Ruppe_2019-1|3086150|17|Human-Microbiome-3.9M-Gene-Catalog-(metahit-v2)|MC3.MG382.AS1.GP1.C6725.G1|blac	L	
C2|~blaB-3_1|blaB-3_1|LCS|Ruppe_2019|S11_CZ_9_KJ694525_1_2	blaB	L	C	S	Ruppe_2019	Ruppe_2019-3|3874039|13|ARD-Forsberg-gene-catalog|S11_CZ_9_KJ694525_1_2|blab	L	
C2|~blaA-300_1|blaA-300_1|LCS|Ruppe_2019|MC3.MG314.AS1.GP1.C2649.G5	blaA	L	C	S	Ruppe_2019	Ruppe_2019-1|2253870|12|Human-Microbiome-3.9M-Gene-Catalog-(metahit-v2)|MC3.MG314.AS1.GP1.C2649.G5|blaa	L	
C2|~blaA-301_1|blaA-301_1|LCS|Ruppe_2019|MC3.MG136.AS1.GP1.C29321.G8	blaA	L	C	S	Ruppe_2019	Ruppe_2019-1|528774|12|Human-Microbiome-3.9M-Gene-Catalog-(metahit-v2)|MC3.MG136.AS1.GP1.C29321.G8|blaa	L	
C2|~aph6-24_1|aph6-24_1|LCP|Li_2025|k141_35691_seq1_1	aph6	L	C	P	Li_2025	Li_2025-aminoglycoside_model_i|chicken|k141_35691_seq1_1	L	
C2|~blaA-302_1|blaA-302_1|LCS|Ruppe_2019|MC3.MG306.AS1.GP1.C34075.G2	blaA	L	C	S	Ruppe_2019	Ruppe_2019-1|2181950|12|Human-Microbiome-3.9M-Gene-Catalog-(metahit-v2)|MC3.MG306.AS1.GP1.C34075.G2|blaa	L	
C2|~blaA1-55_1|blaA1-55_1|LCP|Li_2025|k141_30930_seq1_1	blaA1	L	C	P	Li_2025	Li_2025-class_a|swine|k141_30930_seq1_1	L	
C2|~blaA1-56_1|blaA1-56_1|LCP|Li_2025|k119_160587_seq1_1	blaA1	L	C	P	Li_2025	Li_2025-class_a|chicken|k119_160587_seq1_1	L	
C2|~blaB3-105_1|blaB3-105_1|LCP|Victor_2025b|Class_B3NSF17B3	blaB3	L	C	P	Victor_2025b	Victor_2025b-Class_B3NSF17B3	L	
C2|~blaB3-106_1|blaB3-106_1|LCS|Ruppe_2019|MC3.MG321.AS1.GP1.C14378.G1	blaB3	L	C	S	Ruppe_2019	Ruppe_2019-1|2315582|16|Human-Microbiome-3.9M-Gene-Catalog-(metahit-v2)|MC3.MG321.AS1.GP1.C14378.G1|blab3	L	
C2|~blaB3-107_1|blaB3-107_1|LCS|Ruppe_2019|MC3.MG245.AS1.GP1.C21695.G13	blaB3	L	C	S	Ruppe_2019	Ruppe_2019-1|1565988|16|Human-Microbiome-3.9M-Gene-Catalog-(metahit-v2)|MC3.MG245.AS1.GP1.C21695.G13|blab3	L	
C2|~blaA-304_1|blaA-304_1|LCS|Ruppe_2019|MC3.MG2.AS1.GP1.C3982.G5	blaA	L	C	S	Ruppe_2019	Ruppe_2019-1|1193951|12|Human-Microbiome-3.9M-Gene-Catalog-(metahit-v2)|MC3.MG2.AS1.GP1.C3982.G5|blaa	L	
C2|~aph-3_1|aph-3_1|LCS|Ruppe_2019|MC3.MG63.AS1.GP1.C21462.G1	aph	L	C	S	Ruppe_2019	Ruppe_2019-1|3496890|8|Human-Microbiome-3.9M-Gene-Catalog-(metahit-v2)|MC3.MG63.AS1.GP1.C21462.G1|aph	L	
C2|~aph-4_1|aph-4_1|LCS|Ruppe_2019|MC3.MG244.AS1.GP1.C15606.G3	aph	L	C	S	Ruppe_2019	Ruppe_2019-1|1548682|8|Human-Microbiome-3.9M-Gene-Catalog-(metahit-v2)|MC3.MG244.AS1.GP1.C15606.G3|aph	L	
C2|~ant-19_1|ant-19_1|LCS|Ruppe_2019|MC3.MG323.AS1.GP1.C36381.G5	ant	L	C	S	Ruppe_2019	Ruppe_2019-1|2374108|7|Human-Microbiome-3.9M-Gene-Catalog-(metahit-v2)|MC3.MG323.AS1.GP1.C36381.G5|ant	L	
C2|~blaA1-57_1|blaA1-57_1|LCP|Li_2025|k141_407098_seq1_1	blaA1	L	C	P	Li_2025	Li_2025-class_a|cattle|k141_407098_seq1_1	L	
C2|~blaC-202_1|blaC-202_1|LCS|Ruppe_2019|MC3.MG6.AS1.GP1.C62552.G7	blaC	L	C	S	Ruppe_2019	Ruppe_2019-1|3451228|17|Human-Microbiome-3.9M-Gene-Catalog-(metahit-v2)|MC3.MG6.AS1.GP1.C62552.G7|blac	L	
C2|~blaA1-58_1|blaA1-58_1|LCP|Li_2025|k141_1076634_seq1_1	blaA1	L	C	P	Li_2025	Li_2025-class_a|cattle|k141_1076634_seq1_1	L	
C2|~blaA1-59_1|blaA1-59_1|LCP|Li_2025|k141_80914_seq1_1	blaA1	L	C	P	Li_2025	Li_2025-class_a|cattle|k141_80914_seq1_1	L	
C2|~blaA1-60_1|blaA1-60_1|LCP|Victor_2025|SeFCLASS_a_sequ49ence	blaA1	L	C	P	Victor_2025	Victor_2025-SeFCLASS_a_sequ49ence	L	
C2|~blaB3-108_1|blaB3-108_1|LCP|Victor_2025b|Class_B3NSF39B3	blaB3	L	C	P	Victor_2025b	Victor_2025b-Class_B3NSF39B3	L	
C2|~blaA1-63_1|blaA1-63_1|LMP|Victor_2025|SeFCLASS_a_sequ31ence	blaA1	L	M	P	Victor_2025	Victor_2025-SeFCLASS_a_sequ31ence	L	
C2|~blaA-305_1|blaA-305_1|LCS|Ruppe_2019|S09_PI_5_KJ693782_1_1	blaA	L	C	S	Ruppe_2019	Ruppe_2019-3|3873913|12|ARD-Forsberg-gene-catalog|S09_PI_5_KJ693782_1_1|blaa	L	
C2|~blaA1-64_1|blaA1-64_1|LCP|Victor_2025b|Class_ANSF5A	blaA1	L	C	P	Victor_2025b	Victor_2025b-Class_ANSF5A	L	
C2|~aph-5_1|aph-5_1|LCS|Ruppe_2019|MC3.MG140.AS1.GP1.C46854.G8	aph	L	C	S	Ruppe_2019	Ruppe_2019-1|637849|8|Human-Microbiome-3.9M-Gene-Catalog-(metahit-v2)|MC3.MG140.AS1.GP1.C46854.G8|aph	L	
C2|~blaA1-65_1|blaA1-65_1|LCP|Li_2025|k141_585171_seq1_1	blaA1	L	C	P	Li_2025	Li_2025-class_a|swine|k141_585171_seq1_1	L	
C2|~blaA1-67_1|blaA1-67_1|LCP|Li_2025|k141_475472_seq1_1	blaA1	L	C	P	Li_2025	Li_2025-class_a|chicken|k141_475472_seq1_1	L	
C2|~tetX-25_1|tetX-25_1|LCS|Ruppe_2019|S16_TE_20_KJ695595_1_2	tetX	L	C	S	Ruppe_2019	Ruppe_2019-3|3875016|40|ARD-Forsberg-gene-catalog|S16_TE_20_KJ695595_1_2|tetX	L	
C2|~blaA-306_1|blaA-306_1|LCS|Ruppe_2019|MC3.MG68.AS1.GP1.C7528.G12	blaA	L	C	S	Ruppe_2019	Ruppe_2019-1|3541150|12|Human-Microbiome-3.9M-Gene-Catalog-(metahit-v2)|MC3.MG68.AS1.GP1.C7528.G12|blaa	L	
C2|~aph-6_1|aph-6_1|LCS|Ruppe_2019|MC3.MG138.AS1.GP1.C63914.G13	aph	L	C	S	Ruppe_2019	Ruppe_2019-1|591729|8|Human-Microbiome-3.9M-Gene-Catalog-(metahit-v2)|MC3.MG138.AS1.GP1.C63914.G13|aph	L	
C2|~blaA1-69_1|blaA1-69_1|LCP|Victor_2025|SeFCLASS_a_sequ55ence	blaA1	L	C	P	Victor_2025	Victor_2025-SeFCLASS_a_sequ55ence	L	
C2|~mph-20_1|mph-20_1|LCP|Li_2025|k141_1013299_seq1_1	mph	L	C	P	Li_2025	Li_2025-mph|swine|k141_1013299_seq1_1	L	
C2|~blaA1-70_1|blaA1-70_1|LMP|Li_2025|k141_465977_seq1_1	blaA1	L	M	P	Li_2025	Li_2025-class_a|swine|k141_465977_seq1_1	L	
C2|~blaA1-71_1|blaA1-71_1|LCP|Li_2025|k119_3720_seq1_1	blaA1	L	C	P	Li_2025	Li_2025-class_a|chicken|k119_3720_seq1_1	L	
C2|~blaA1-72_1|blaA1-72_1|LCP|Li_2025|k141_89837_seq1_1	blaA1	L	C	P	Li_2025	Li_2025-class_a|chicken|k141_89837_seq1_1	L	
C2|~blaB1-88_1|blaB1-88_1|LCS|Ruppe_2019|MC3.MG287.AS1.GP1.C4035.G25	blaB1	L	C	S	Ruppe_2019	Ruppe_2019-1|1901996|14|Human-Microbiome-3.9M-Gene-Catalog-(metahit-v2)|MC3.MG287.AS1.GP1.C4035.G25|blab1	L	
C2|~blaB-6_1|blaB-6_1|LCS|Ruppe_2019|S05_PE_221_KJ692145_1_2	blaB	L	C	S	Ruppe_2019	Ruppe_2019-3|3874036|13|ARD-Forsberg-gene-catalog|S05_PE_221_KJ692145_1_2|blab	L	
C2|~aph-7_1|aph-7_1|LCS|Ruppe_2019|MC3.MG67.AS1.GP1.C21306.G3	aph	L	C	S	Ruppe_2019	Ruppe_2019-1|3526715|8|Human-Microbiome-3.9M-Gene-Catalog-(metahit-v2)|MC3.MG67.AS1.GP1.C21306.G3|aph	L	
C2|~aph-8_1|aph-8_1|LMS|Ruppe_2019|MC3.MG3.AS1.GP1.C45163.G12	aph	L	M	S	Ruppe_2019	Ruppe_2019-1|2099257|8|Human-Microbiome-3.9M-Gene-Catalog-(metahit-v2)|MC3.MG3.AS1.GP1.C45163.G12|aph	L	
C2|~aph-9_1|aph-9_1|LCS|Ruppe_2019|MC3.MG12.AS1.GP1.C66040.G8	aph	L	C	S	Ruppe_2019	Ruppe_2019-1|311794|8|Human-Microbiome-3.9M-Gene-Catalog-(metahit-v2)|MC3.MG12.AS1.GP1.C66040.G8|aph	L	
C2|~blaB3-109_1|blaB3-109_1|LCP|Victor_2025b|Class_B3NSF28B3	blaB3	L	C	P	Victor_2025b	Victor_2025b-Class_B3NSF28B3	L	
C2|~blaC-203_1|blaC-203_1|LCS|Ruppe_2019|MC3.MG167.AS1.GP1.C10621.G1	blaC	L	C	S	Ruppe_2019	Ruppe_2019-1|883672|17|Human-Microbiome-3.9M-Gene-Catalog-(metahit-v2)|MC3.MG167.AS1.GP1.C10621.G1|blac	L	
C2|~blaA-307_1|blaA-307_1|LCS|Ruppe_2019|MC3.MG64.AS1.GP1.C20042.G15	blaA	L	C	S	Ruppe_2019	Ruppe_2019-1|3504474|12|Human-Microbiome-3.9M-Gene-Catalog-(metahit-v2)|MC3.MG64.AS1.GP1.C20042.G15|blaa	L	
C2|~aph-10_1|aph-10_1|LCS|Ruppe_2019|MC3.MG6.AS1.GP1.C53946.G4	aph	L	C	S	Ruppe_2019	Ruppe_2019-1|3445293|8|Human-Microbiome-3.9M-Gene-Catalog-(metahit-v2)|MC3.MG6.AS1.GP1.C53946.G4|aph	L	
C2|~aph-11_1|aph-11_1|LCS|Ruppe_2019|MC3.MG209.AS1.GP1.C5415.G3	aph	L	C	S	Ruppe_2019	Ruppe_2019-1|1291755|8|Human-Microbiome-3.9M-Gene-Catalog-(metahit-v2)|MC3.MG209.AS1.GP1.C5415.G3|aph	L	
C2|~aph-12_1|aph-12_1|LCS|Ruppe_2019|MC3.MG170.AS1.GP1.C18296.G1	aph	L	C	S	Ruppe_2019	Ruppe_2019-1|920649|8|Human-Microbiome-3.9M-Gene-Catalog-(metahit-v2)|MC3.MG170.AS1.GP1.C18296.G1|aph	L	
C2|~aac3-64_1|aac3-64_1|LCS|Ruppe_2019|MC3.MG12.AS1.GP1.C43923.G4	aac3	L	C	S	Ruppe_2019	Ruppe_2019-1|289860|5|Human-Microbiome-3.9M-Gene-Catalog-(metahit-v2)|MC3.MG12.AS1.GP1.C43923.G4|aac3_2	L	
C2|~blaC-204_1|blaC-204_1|LMS|Ruppe_2019|MC3.MG54.AS1.GP1.C13672.G2	blaC	L	M	S	Ruppe_2019	Ruppe_2019-1|3370012|17|Human-Microbiome-3.9M-Gene-Catalog-(metahit-v2)|MC3.MG54.AS1.GP1.C13672.G2|blac	L	
C2|~blaB3-110_1|blaB3-110_1|LCS|Ruppe_2019|MC3.MG309.AS1.GP1.C4975.G4	blaB3	L	C	S	Ruppe_2019	Ruppe_2019-1|2215053|16|Human-Microbiome-3.9M-Gene-Catalog-(metahit-v2)|MC3.MG309.AS1.GP1.C4975.G4|blab3	L	
C2|~aph-13_1|aph-13_1|LCS|Ruppe_2019|MC3.MG321.AS1.GP1.C49372.G4	aph	L	C	S	Ruppe_2019	Ruppe_2019-1|2353020|8|Human-Microbiome-3.9M-Gene-Catalog-(metahit-v2)|MC3.MG321.AS1.GP1.C49372.G4|aph	L	
C2|~aph-14_1|aph-14_1|LCS|Ruppe_2019|MC3.MG285.AS1.GP1.C813.G13	aph	L	C	S	Ruppe_2019	Ruppe_2019-1|1885610|8|Human-Microbiome-3.9M-Gene-Catalog-(metahit-v2)|MC3.MG285.AS1.GP1.C813.G13|aph	L	
C2|~aph-15_1|aph-15_1|LCS|Ruppe_2019|MC3.MG195.AS1.GP1.C542.G2	aph	L	C	S	Ruppe_2019	Ruppe_2019-1|1146102|8|Human-Microbiome-3.9M-Gene-Catalog-(metahit-v2)|MC3.MG195.AS1.GP1.C542.G2|aph	L	
C2|~aph6-25_1|aph6-25_1|LCP|Li_2025|k141_208576_seq1_1	aph6	L	C	P	Li_2025	Li_2025-aminoglycoside_model_i|chicken|k141_208576_seq1_1	L	
C2|~blaA1-75_1|blaA1-75_1|LCP|Li_2025|k141_141542_seq1_1	blaA1	L	C	P	Li_2025	Li_2025-class_a|chicken|k141_141542_seq1_1	L	
C2|~blaA-308_1|blaA-308_1|LCS|Ruppe_2019|S04_CZ_12_KJ692078_1_3	blaA	L	C	S	Ruppe_2019	Ruppe_2019-3|3873910|12|ARD-Forsberg-gene-catalog|S04_CZ_12_KJ692078_1_3|blaa	L	
C2|~blaA-310_1|blaA-310_1|LCS|Ruppe_2019|MC3.MG291.AS1.GP1.C8764.G6	blaA	L	C	S	Ruppe_2019	Ruppe_2019-1|1977116|12|Human-Microbiome-3.9M-Gene-Catalog-(metahit-v2)|MC3.MG291.AS1.GP1.C8764.G6|blaa	L	
C2|~aph-16_1|aph-16_1|LCS|Ruppe_2019|MC3.MG346.AS1.GP1.C72738.G1	aph	L	C	S	Ruppe_2019	Ruppe_2019-1|2663077|8|Human-Microbiome-3.9M-Gene-Catalog-(metahit-v2)|MC3.MG346.AS1.GP1.C72738.G1|aph	L	
C2|~aph-17_1|aph-17_1|LCS|Ruppe_2019|MC3.MG100.AS1.GP1.C12545.G3	aph	L	C	S	Ruppe_2019	Ruppe_2019-1|13960|8|Human-Microbiome-3.9M-Gene-Catalog-(metahit-v2)|MC3.MG100.AS1.GP1.C12545.G3|aph	L	
C2|~blaA1-76_1|blaA1-76_1|LCP|Li_2025|k141_292172_seq1_1	blaA1	L	C	P	Li_2025	Li_2025-class_a|chicken|k141_292172_seq1_1	L	
C2|~blaA1-77_1|blaA1-77_1|LCP|Victor_2025|SeFCLASS_a_sequ32ence	blaA1	L	C	P	Victor_2025	Victor_2025-SeFCLASS_a_sequ32ence	L	
C2|~blaC-206_1|blaC-206_1|LCS|Ruppe_2019|MC3.MG115.AS1.GP1.C3959.G2	blaC	L	C	S	Ruppe_2019	Ruppe_2019-1|216865|17|Human-Microbiome-3.9M-Gene-Catalog-(metahit-v2)|MC3.MG115.AS1.GP1.C3959.G2|blac	L	
C2|~blaB3-111_1|blaB3-111_1|LCS|Ruppe_2019|MC3.MG306.AS1.GP1.C5725.G2	blaB3	L	C	S	Ruppe_2019	Ruppe_2019-1|2186707|16|Human-Microbiome-3.9M-Gene-Catalog-(metahit-v2)|MC3.MG306.AS1.GP1.C5725.G2|blab3	L	
C2|~blaB-7_1|blaB-7_1|LCS|Ruppe_2019|S11_CT_3_KJ694470_1_2	blaB	L	C	S	Ruppe_2019	Ruppe_2019-3|3874035|13|ARD-Forsberg-gene-catalog|S11_CT_3_KJ694470_1_2|blab	L	
C2|~blaA-311_1|blaA-311_1|LCS|Ruppe_2019|MC3.MG366.AS1.GP1.C29809.G4	blaA	L	C	S	Ruppe_2019	Ruppe_2019-1|2882556|12|Human-Microbiome-3.9M-Gene-Catalog-(metahit-v2)|MC3.MG366.AS1.GP1.C29809.G4|blaa	L	
C2|~blaA1-79_1|blaA1-79_1|LCP|Victor_2025|HiACLASS_a_sequ31ence	blaA1	L	C	P	Victor_2025	Victor_2025-HiACLASS_a_sequ31ence	L	
C2|~blaA-312_1|blaA-312_1|LMS|Ruppe_2019|MC3.MG392.AS1.GP1.C42670.G6	blaA	L	M	S	Ruppe_2019	Ruppe_2019-1|3231980|12|Human-Microbiome-3.9M-Gene-Catalog-(metahit-v2)|MC3.MG392.AS1.GP1.C42670.G6|blaa	L	
C2|~blaA-313_1|blaA-313_1|LCS|Ruppe_2019|MC3.MG360.AS1.GP1.C61977.G47	blaA	L	C	S	Ruppe_2019	Ruppe_2019-1|2807717|12|Human-Microbiome-3.9M-Gene-Catalog-(metahit-v2)|MC3.MG360.AS1.GP1.C61977.G47|blaa	L	
C2|~blaA-314_1|blaA-314_1|LCS|Ruppe_2019|MC3.MG208.AS1.GP1.C20887.G16	blaA	L	C	S	Ruppe_2019	Ruppe_2019-1|1285856|12|Human-Microbiome-3.9M-Gene-Catalog-(metahit-v2)|MC3.MG208.AS1.GP1.C20887.G16|blaa	L	
C2|~blaA-315_1|blaA-315_1|LCS|Ruppe_2019|MC3.MG110.AS1.GP1.C11442.G5	blaA	L	C	S	Ruppe_2019	Ruppe_2019-1|155157|12|Human-Microbiome-3.9M-Gene-Catalog-(metahit-v2)|MC3.MG110.AS1.GP1.C11442.G5|blaa	L	
C2|~blaA-316_1|blaA-316_1|LCS|Ruppe_2019|MC3.MG103.AS1.GP1.C46790.G1	blaA	L	C	S	Ruppe_2019	Ruppe_2019-1|72699|12|Human-Microbiome-3.9M-Gene-Catalog-(metahit-v2)|MC3.MG103.AS1.GP1.C46790.G1|blaa	L	
C2|~aph-18_1|aph-18_1|LCS|Ruppe_2019|MC3.MG378.AS1.GP1.C16830.G2	aph	L	C	S	Ruppe_2019	Ruppe_2019-1|3012402|8|Human-Microbiome-3.9M-Gene-Catalog-(metahit-v2)|MC3.MG378.AS1.GP1.C16830.G2|aph	L	
C2|~aph-19_1|aph-19_1|LCS|Ruppe_2019|MC3.MG312.AS1.GP1.C13318.G1	aph	L	C	S	Ruppe_2019	Ruppe_2019-1|2229687|8|Human-Microbiome-3.9M-Gene-Catalog-(metahit-v2)|MC3.MG312.AS1.GP1.C13318.G1|aph	L	
C2|~aph-20_1|aph-20_1|LCS|Ruppe_2019|MC3.MG293.AS1.GP1.C78360.G8	aph	L	C	S	Ruppe_2019	Ruppe_2019-1|2010316|8|Human-Microbiome-3.9M-Gene-Catalog-(metahit-v2)|MC3.MG293.AS1.GP1.C78360.G8|aph	L	
C2|~aph-21_1|aph-21_1|LCS|Ruppe_2019|MC3.MG100.AS1.GP1.C18435.G3	aph	L	C	S	Ruppe_2019	Ruppe_2019-1|18156|8|Human-Microbiome-3.9M-Gene-Catalog-(metahit-v2)|MC3.MG100.AS1.GP1.C18435.G3|aph	L	
C2|~blaA1-80_1|blaA1-80_1|LCP|Li_2025|k141_117022_seq1_1	blaA1	L	C	P	Li_2025	Li_2025-class_a|cattle|k141_117022_seq1_1	L	
C2|~blaA1-81_1|blaA1-81_1|LCP|Victor_2025b|Class_ANSF24A	blaA1	L	C	P	Victor_2025b	Victor_2025b-Class_ANSF24A	L	
C2|~blaA-317_1|blaA-317_1|LCS|Ruppe_2019|MC3.MG95.AS1.GP1.C2235.G2	blaA	L	C	S	Ruppe_2019	Ruppe_2019-1|3789224|12|Human-Microbiome-3.9M-Gene-Catalog-(metahit-v2)|MC3.MG95.AS1.GP1.C2235.G2|blaa	L	
C2|~aac3-65_1|aac3-65_1|LCS|Ruppe_2019|MC3.MG373.AS1.GP1.C48564.G7	aac3	L	C	S	Ruppe_2019	Ruppe_2019-1|2944641|5|Human-Microbiome-3.9M-Gene-Catalog-(metahit-v2)|MC3.MG373.AS1.GP1.C48564.G7|aac3_2	L	
C2|~blaA1-82_1|blaA1-82_1|LCP|Li_2025|k141_262327_seq1_1	blaA1	L	C	P	Li_2025	Li_2025-class_a|chicken|k141_262327_seq1_1	L	
C2|~blaA1-83_1|blaA1-83_1|LCP|Li_2025|k119_38185_seq1_1	blaA1	L	C	P	Li_2025	Li_2025-class_a|chicken|k119_38185_seq1_1	L	
C2|~blaA1-84_1|blaA1-84_1|LCP|Li_2025|k141_149866_seq1_1	blaA1	L	C	P	Li_2025	Li_2025-class_a|chicken|k141_149866_seq1_1	L	
C2|~aph6-26_1|aph6-26_1|LCP|Li_2025|k141_929964_seq1_1	aph6	L	C	P	Li_2025	Li_2025-aminoglycoside_model_i|cattle|k141_929964_seq1_1	L	
C2|~blaA1-85_1|blaA1-85_1|LMP|Li_2025|k141_709708_seq1_1	blaA1	L	M	P	Li_2025	Li_2025-class_a|cattle|k141_709708_seq1_1	L	
C2|~blaA-318_1|blaA-318_1|LCS|Ruppe_2019|MC3.MG232.AS1.GP1.C18033.G7	blaA	L	C	S	Ruppe_2019	Ruppe_2019-1|1459192|12|Human-Microbiome-3.9M-Gene-Catalog-(metahit-v2)|MC3.MG232.AS1.GP1.C18033.G7|blaa	L	
C2|~aph-24_1|aph-24_1|LCS|Ruppe_2019|MC3.MG138.AS1.GP1.C9584.G5	aph	L	C	S	Ruppe_2019	Ruppe_2019-1|594341|8|Human-Microbiome-3.9M-Gene-Catalog-(metahit-v2)|MC3.MG138.AS1.GP1.C9584.G5|aph	L	
C2|~blaB3-112_1|blaB3-112_1|LCP|Li_2025|k141_426170_seq1_1	blaB3	L	C	P	Li_2025	Li_2025-class_b_3|swine|k141_426170_seq1_1	L	
C2|~blaB3-113_1|blaB3-113_1|LCP|Li_2025|k141_164176_seq1_1	blaB3	L	C	P	Li_2025	Li_2025-class_b_3|swine|k141_164176_seq1_1	L	
C2|~blaA1-86_1|blaA1-86_1|LCP|Li_2025|k141_119403_seq1_1	blaA1	L	C	P	Li_2025	Li_2025-class_a|swine|k141_119403_seq1_1	L	
C2|~blaA1-87_1|blaA1-87_1|LCP|Li_2025|k141_312242_seq1_1	blaA1	L	C	P	Li_2025	Li_2025-class_a|chicken|k141_312242_seq1_1	L	
C2|~erm-101_1|erm-101_1|LCP|Li_2025|k141_252771_seq1_1	erm	L	C	P	Li_2025	Li_2025-erm_type_f|cattle|k141_252771_seq1_1	L	
C2|~blaA1-88_1|blaA1-88_1|LCP|Li_2025|k141_750688_seq1_1	blaA1	L	C	P	Li_2025	Li_2025-class_a|cattle|k141_750688_seq1_1	L	
C2|~blaA1-fARgene_1|blaA1-fARgene_1|LCP|CocheMiranda_2026|CocheMiranda_2026_SPA_MetaAn_74_l344_st43490_e44521_se	blaA1	L	C	P	CocheMiranda_2026	CocheMiranda_2026-fARgene_CocheMiranda_2026.faa_class_a-CocheMiranda_2026_SPA_MetaAn_74_l344_st43490_e44521_se-1_ID=222_34	L	
C2|~blaA1-89_1|blaA1-89_1|LCP|Victor_2025|HoFCLASS_a_sequ52ence	blaA1	L	C	P	Victor_2025	Victor_2025-HoFCLASS_a_sequ52ence	L	
C2|~blaA1-90_1|blaA1-90_1|LCP|Victor_2025|HoFCLASS_a_sequ20ence	blaA1	L	C	P	Victor_2025	Victor_2025-HoFCLASS_a_sequ20ence	L	
C2|~blaD-2_1|blaD-2_1|LCS|Ruppe_2019|MC3.MG321.AS1.GP1.C8812.G2	blaD	L	C	S	Ruppe_2019	Ruppe_2019-1|2366193|18|Human-Microbiome-3.9M-Gene-Catalog-(metahit-v2)|MC3.MG321.AS1.GP1.C8812.G2|blad	L	
C2|~blaA-319_1|blaA-319_1|LCS|Ruppe_2019|MC3.MG136.AS1.GP1.C47234.G2	blaA	L	C	S	Ruppe_2019	Ruppe_2019-1|535819|12|Human-Microbiome-3.9M-Gene-Catalog-(metahit-v2)|MC3.MG136.AS1.GP1.C47234.G2|blaa	L	
C2|~blaA-320_1|blaA-320_1|LCS|Ruppe_2019|MC3.MG12.AS1.GP1.C34000.G2	blaA	L	C	S	Ruppe_2019	Ruppe_2019-1|279511|12|Human-Microbiome-3.9M-Gene-Catalog-(metahit-v2)|MC3.MG12.AS1.GP1.C34000.G2|blaa	L	
C2|~aph-26_1|aph-26_1|LCS|Ruppe_2019|MC3.MG292.AS1.GP1.C921.G2	aph	L	C	S	Ruppe_2019	Ruppe_2019-1|1995591|8|Human-Microbiome-3.9M-Gene-Catalog-(metahit-v2)|MC3.MG292.AS1.GP1.C921.G2|aph	L	
C2|~aph-27_1|aph-27_1|LCS|Ruppe_2019|MC3.MG288.AS1.GP1.C47772.G2	aph	L	C	S	Ruppe_2019	Ruppe_2019-1|1914339|8|Human-Microbiome-3.9M-Gene-Catalog-(metahit-v2)|MC3.MG288.AS1.GP1.C47772.G2|aph	L	
C2|~aph-28_1|aph-28_1|LCS|Ruppe_2019|MC3.MG255.AS1.GP1.C752.G2	aph	L	C	S	Ruppe_2019	Ruppe_2019-1|1667859|8|Human-Microbiome-3.9M-Gene-Catalog-(metahit-v2)|MC3.MG255.AS1.GP1.C752.G2|aph	L	
C2|~aph-29_1|aph-29_1|LCS|Ruppe_2019|MC3.MG210.AS1.GP1.C13479.G1	aph	L	C	S	Ruppe_2019	Ruppe_2019-1|1298879|8|Human-Microbiome-3.9M-Gene-Catalog-(metahit-v2)|MC3.MG210.AS1.GP1.C13479.G1|aph	L	
C2|~aph-30_1|aph-30_1|LCS|Ruppe_2019|MC3.MG136.AS1.GP1.C48336.G19	aph	L	C	S	Ruppe_2019	Ruppe_2019-1|536775|8|Human-Microbiome-3.9M-Gene-Catalog-(metahit-v2)|MC3.MG136.AS1.GP1.C48336.G19|aph	L	
C2|~aac3-66_1|aac3-66_1|LCS|Ruppe_2019|MC3.MG223.AS1.GP1.C580.G2	aac3	L	C	S	Ruppe_2019	Ruppe_2019-1|1407114|5|Human-Microbiome-3.9M-Gene-Catalog-(metahit-v2)|MC3.MG223.AS1.GP1.C580.G2|aac3_2	L	
C2|~mph-21_1|mph-21_1|LCP|Li_2025|k119_214918_seq1_1	mph	L	C	P	Li_2025	Li_2025-mph|chicken|k119_214918_seq1_1	L	
C2|~blaA1-91_1|blaA1-91_1|LCP|Li_2025|k141_29300_seq1_1	blaA1	L	C	P	Li_2025	Li_2025-class_a|chicken|k141_29300_seq1_1	L	
C2|~blaA1-92_1|blaA1-92_1|LCP|Li_2025|k141_264286_seq1_1	blaA1	L	C	P	Li_2025	Li_2025-class_a|cattle|k141_264286_seq1_1	L	
C2|~blaB3-114_1|blaB3-114_1|LCS|Ruppe_2019|MC3.MG240.AS1.GP1.C22285.G4	blaB3	L	C	S	Ruppe_2019	Ruppe_2019-1|1519732|16|Human-Microbiome-3.9M-Gene-Catalog-(metahit-v2)|MC3.MG240.AS1.GP1.C22285.G4|blab3	L	
C2|~blaA-321_1|blaA-321_1|LCS|Ruppe_2019|MC3.MG195.AS1.GP1.C42805.G13	blaA	L	C	S	Ruppe_2019	Ruppe_2019-1|1144183|12|Human-Microbiome-3.9M-Gene-Catalog-(metahit-v2)|MC3.MG195.AS1.GP1.C42805.G13|blaa	L	
C2|~aph-31_1|aph-31_1|LCS|Ruppe_2019|MC3.MG321.AS1.GP1.C61622.G1	aph	L	C	S	Ruppe_2019	Ruppe_2019-1|2361992|8|Human-Microbiome-3.9M-Gene-Catalog-(metahit-v2)|MC3.MG321.AS1.GP1.C61622.G1|aph	L	
C2|~aph-32_1|aph-32_1|LCS|Ruppe_2019|MC3.MG122.AS1.GP1.C34768.G4	aph	L	C	S	Ruppe_2019	Ruppe_2019-1|382925|8|Human-Microbiome-3.9M-Gene-Catalog-(metahit-v2)|MC3.MG122.AS1.GP1.C34768.G4|aph	L	
C2|~blaB3-115_1|blaB3-115_1|LCP|Li_2025|k141_266651_seq1_1	blaB3	L	C	P	Li_2025	Li_2025-class_b_3|chicken|k141_266651_seq1_1	L	
C2|~blaA1-93_1|blaA1-93_1|LCP|Li_2025|k141_396558_seq1_1	blaA1	L	C	P	Li_2025	Li_2025-class_a|chicken|k141_396558_seq1_1	L	
C2|~blaA1-94_1|blaA1-94_1|LCP|Li_2025|k141_92849_seq1_1	blaA1	L	C	P	Li_2025	Li_2025-class_a|chicken|k141_92849_seq1_1	L	
C2|~blaA1-fARgene_2|blaA1-fARgene_2|LCP|CocheMiranda_2026|CocheMiranda_2026_SPA_MetaAn_21_l344_st272_e1303_se	blaA1	L	C	P	CocheMiranda_2026	CocheMiranda_2026-fARgene_CocheMiranda_2026.faa_class_a-CocheMiranda_2026_SPA_MetaAn_21_l344_st272_e1303_se-1_ID=51273_2	L	
C2|~aph6-27_1|aph6-27_1|LCP|Victor_2025|HoAAMG_I_sequ3ence	aph6	L	C	P	Victor_2025	Victor_2025-HoAAMG_I_sequ3ence	L	
C2|~blaC-207_1|blaC-207_1|LCS|Ruppe_2019|MC3.MG332.AS1.GP1.C19033.G5	blaC	L	C	S	Ruppe_2019	Ruppe_2019-1|2494868|17|Human-Microbiome-3.9M-Gene-Catalog-(metahit-v2)|MC3.MG332.AS1.GP1.C19033.G5|blac	L	
C2|~blaA-322_1|blaA-322_1|LCS|Ruppe_2019|CAA90895.1	blaA	L	C	S	Ruppe_2019	Ruppe_2019-7398|3875226|12|ARD-reference-gene-catalog|CAA90895.1|blaa	L	
C2|~aph-33_1|aph-33_1|LCS|Ruppe_2019|MC3.MG349.AS1.GP1.C8212.G2	aph	L	C	S	Ruppe_2019	Ruppe_2019-1|2675097|8|Human-Microbiome-3.9M-Gene-Catalog-(metahit-v2)|MC3.MG349.AS1.GP1.C8212.G2|aph	L	
C2|~aph-34_1|aph-34_1|LCS|Ruppe_2019|MC3.MG314.AS1.GP1.C30253.G9	aph	L	C	S	Ruppe_2019	Ruppe_2019-1|2256112|8|Human-Microbiome-3.9M-Gene-Catalog-(metahit-v2)|MC3.MG314.AS1.GP1.C30253.G9|aph	L	
C2|~aac3-67_1|aac3-67_1|LCP|Li_2025|k141_623892_seq1_1	aac3	L	C	P	Li_2025	Li_2025-aminoglycoside_model_c|cattle|k141_623892_seq1_1	L	
C2|~blaB3-116_1|blaB3-116_1|LCP|Li_2025|k141_817_seq1_1	blaB3	L	C	P	Li_2025	Li_2025-class_b_3|cattle|k141_817_seq1_1	L	
C2|~blaA1-95_1|blaA1-95_1|LCP|Victor_2025|HoFCLASS_a_sequ24ence	blaA1	L	C	P	Victor_2025	Victor_2025-HoFCLASS_a_sequ24ence	L	
C2|~blaA1-96_1|blaA1-96_1|LMP|Victor_2025|HoACLASS_a_sequ1ence	blaA1	L	M	P	Victor_2025	Victor_2025-HoACLASS_a_sequ1ence	L	
C2|~blaA-324_1|blaA-324_1|LCS|Ruppe_2019|MC3.MG200.AS1.GP1.C1474.G2	blaA	L	C	S	Ruppe_2019	Ruppe_2019-1|1207552|12|Human-Microbiome-3.9M-Gene-Catalog-(metahit-v2)|MC3.MG200.AS1.GP1.C1474.G2|blaa	L	
C2|~mph-22_1|mph-22_1|LCP|Li_2025|k141_195142_seq1_1	mph	L	C	P	Li_2025	Li_2025-mph|swine|k141_195142_seq1_1	L	
C2|~blaB3-117_1|blaB3-117_1|LCP|Li_2025|k141_478896_seq1_1	blaB3	L	C	P	Li_2025	Li_2025-class_b_3|swine|k141_478896_seq1_1	L	
C2|~aph6-28_1|aph6-28_1|LCP|Li_2025|k141_812578_seq1_1	aph6	L	C	P	Li_2025	Li_2025-aminoglycoside_model_i|cattle|k141_812578_seq1_1	L	
C2|~blaB3-118_1|blaB3-118_1|LCP|Li_2025|k141_314638_seq1_1	blaB3	L	C	P	Li_2025	Li_2025-class_b_3|cattle|k141_314638_seq1_1	L	
C2|~blaA-325_1|blaA-325_1|LCS|Ruppe_2019|MC3.MG385.AS1.GP1.C65305.G4	blaA	L	C	S	Ruppe_2019	Ruppe_2019-1|3125562|12|Human-Microbiome-3.9M-Gene-Catalog-(metahit-v2)|MC3.MG385.AS1.GP1.C65305.G4|blaa	L	
C2|~blaA-326_1|blaA-326_1|LCS|Ruppe_2019|MC3.MG321.AS1.GP1.C18535.G1	blaA	L	C	S	Ruppe_2019	Ruppe_2019-1|2320402|12|Human-Microbiome-3.9M-Gene-Catalog-(metahit-v2)|MC3.MG321.AS1.GP1.C18535.G1|blaa	L	
C2|~blaA-327_1|blaA-327_1|LCS|Ruppe_2019|MC3.MG2.AS1.GP1.C3935.G10	blaA	L	C	S	Ruppe_2019	Ruppe_2019-1|1193887|12|Human-Microbiome-3.9M-Gene-Catalog-(metahit-v2)|MC3.MG2.AS1.GP1.C3935.G10|blaa	L	
C2|~aph-35_1|aph-35_1|LCS|Ruppe_2019|MC3.MG305.AS1.GP1.C3459.G4	aph	L	C	S	Ruppe_2019	Ruppe_2019-1|2174652|8|Human-Microbiome-3.9M-Gene-Catalog-(metahit-v2)|MC3.MG305.AS1.GP1.C3459.G4|aph	L	
C2|~blaA1-97_1|blaA1-97_1|LCP|Li_2025|k99_6747_seq1_1	blaA1	L	C	P	Li_2025	Li_2025-class_a|swine|k99_6747_seq1_1	L	
C2|~blaA1-98_1|blaA1-98_1|LCP|Li_2025|k141_865107_seq1_1	blaA1	L	C	P	Li_2025	Li_2025-class_a|chicken|k141_865107_seq1_1	L	
C2|~blaA1-99_1|blaA1-99_1|LCP|Li_2025|k141_92580_seq1_1	blaA1	L	C	P	Li_2025	Li_2025-class_a|chicken|k141_92580_seq1_1	L	
C2|~aph6-29_1|aph6-29_1|LCP|Li_2025|k141_239922_seq1_1	aph6	L	C	P	Li_2025	Li_2025-aminoglycoside_model_i|cattle|k141_239922_seq1_1	L	
C2|~blaA1-100_1|blaA1-100_1|LCP|Li_2025|k141_861899_seq1_1	blaA1	L	C	P	Li_2025	Li_2025-class_a|cattle|k141_861899_seq1_1	L	
C2|~blaA1-101_1|blaA1-101_1|LCP|Li_2025|k141_1287933_seq1_1	blaA1	L	C	P	Li_2025	Li_2025-class_a|cattle|k141_1287933_seq1_1	L	
C2|~blaC-208_1|blaC-208_1|LCS|Ruppe_2019|MC3.MG276.AS1.GP1.C5896.G5	blaC	L	C	S	Ruppe_2019	Ruppe_2019-1|1803798|17|Human-Microbiome-3.9M-Gene-Catalog-(metahit-v2)|MC3.MG276.AS1.GP1.C5896.G5|blac	L	
C2|~blaA-328_1|blaA-328_1|LCS|Ruppe_2019|MC3.MG361.AS1.GP1.C22876.G9	blaA	L	C	S	Ruppe_2019	Ruppe_2019-1|2812683|12|Human-Microbiome-3.9M-Gene-Catalog-(metahit-v2)|MC3.MG361.AS1.GP1.C22876.G9|blaa	L	
C2|~aph6-30_1|aph6-30_1|LMP|Li_2025|k141_355690_seq1_1	aph6	L	M	P	Li_2025	Li_2025-aminoglycoside_model_i|swine|k141_355690_seq1_1	L	
C2|~blaB1-89_1|blaB1-89_1|LCS|Ruppe_2019|MC3.MG296.AS1.GP1.C27220.G14	blaB1	L	C	S	Ruppe_2019	Ruppe_2019-1|2032130|14|Human-Microbiome-3.9M-Gene-Catalog-(metahit-v2)|MC3.MG296.AS1.GP1.C27220.G14|blab1	L	
C2|~blaA-329_1|blaA-329_1|LCS|Ruppe_2019|MC3.MG285.AS1.GP1.C27672.G3	blaA	L	C	S	Ruppe_2019	Ruppe_2019-1|1877389|12|Human-Microbiome-3.9M-Gene-Catalog-(metahit-v2)|MC3.MG285.AS1.GP1.C27672.G3|blaa	L	
C2|~blaA-330_1|blaA-330_1|LCS|Ruppe_2019|MC3.MG227.AS1.GP1.C34163.G19	blaA	L	C	S	Ruppe_2019	Ruppe_2019-1|1433786|12|Human-Microbiome-3.9M-Gene-Catalog-(metahit-v2)|MC3.MG227.AS1.GP1.C34163.G19|blaa	L	
C2|~aph3p-32_1|aph3p-32_1|LCP|Li_2025|k141_1588610_seq1_1	aph3p	L	C	P	Li_2025	Li_2025-aminoglycoside_model_h|cattle|k141_1588610_seq1_1	L	
C2|~blaB3-120_1|blaB3-120_1|LCP|Li_2025|k141_1635715_seq1_1	blaB3	L	C	P	Li_2025	Li_2025-class_b_3|cattle|k141_1635715_seq1_1	L	
C2|~blaB3-121_1|blaB3-121_1|LCP|Li_2025|k141_336046_seq1_1	blaB3	L	C	P	Li_2025	Li_2025-class_b_3|cattle|k141_336046_seq1_1	L	
C2|~blaB3-122_1|blaB3-122_1|LCS|Ruppe_2019|MC3.MG386.AS1.GP1.C54550.G1	blaB3	L	C	S	Ruppe_2019	Ruppe_2019-1|3159060|16|Human-Microbiome-3.9M-Gene-Catalog-(metahit-v2)|MC3.MG386.AS1.GP1.C54550.G1|blab3	L	
C2|~blaB3-123_1|blaB3-123_1|LCS|Ruppe_2019|MC3.MG332.AS1.GP1.C4306.G3	blaB3	L	C	S	Ruppe_2019	Ruppe_2019-1|2516347|16|Human-Microbiome-3.9M-Gene-Catalog-(metahit-v2)|MC3.MG332.AS1.GP1.C4306.G3|blab3	L	
C2|~blaB3-124_1|blaB3-124_1|LCS|Ruppe_2019|MC3.MG330.AS1.GP1.C3621.G2	blaB3	L	C	S	Ruppe_2019	Ruppe_2019-1|2476779|16|Human-Microbiome-3.9M-Gene-Catalog-(metahit-v2)|MC3.MG330.AS1.GP1.C3621.G2|blab3	L	
C2|~blaA-331_1|blaA-331_1|LMS|Ruppe_2019|MC3.MG56.AS1.GP1.C8369.G4	blaA	L	M	S	Ruppe_2019	Ruppe_2019-1|3392713|12|Human-Microbiome-3.9M-Gene-Catalog-(metahit-v2)|MC3.MG56.AS1.GP1.C8369.G4|blaa	L	
C2|~blaA-332_1|blaA-332_1|LCS|Ruppe_2019|MC3.MG195.AS1.GP1.C15345.G1	blaA	L	C	S	Ruppe_2019	Ruppe_2019-1|1125790|12|Human-Microbiome-3.9M-Gene-Catalog-(metahit-v2)|MC3.MG195.AS1.GP1.C15345.G1|blaa	L	
C2|~blaA1-102_1|blaA1-102_1|LCP|Li_2025|k141_462699_seq1_1	blaA1	L	C	P	Li_2025	Li_2025-class_a|swine|k141_462699_seq1_1	L	
C2|~blaA1-104_1|blaA1-104_1|LCP|Li_2025|k141_7143_seq1_1	blaA1	L	C	P	Li_2025	Li_2025-class_a|swine|k141_7143_seq1_1	L	
C2|~blaA1-105_1|blaA1-105_1|LCP|Li_2025|k141_187429_seq1_1	blaA1	L	C	P	Li_2025	Li_2025-class_a|swine|k141_187429_seq1_1	L	
C2|~blaA1-106_1|blaA1-106_1|LCP|Li_2025|k141_1166712_seq1_1	blaA1	L	C	P	Li_2025	Li_2025-class_a|swine|k141_1166712_seq1_1	L	
C2|~blaA1-107_1|blaA1-107_1|LCP|Li_2025|k141_340775_seq1_1	blaA1	L	C	P	Li_2025	Li_2025-class_a|chicken|k141_340775_seq1_1	L	
C2|~blaA1-108_1|blaA1-108_1|LCP|Li_2025|k141_466764_seq1_1	blaA1	L	C	P	Li_2025	Li_2025-class_a|cattle|k141_466764_seq1_1	L	
C2|~blaA1-110_1|blaA1-110_1|LCP|Victor_2025|HoACLASS_a_sequ35ence	blaA1	L	C	P	Victor_2025	Victor_2025-HoACLASS_a_sequ35ence	L	
C2|~blaB3-125_1|blaB3-125_1|LCP|Victor_2025b|Class_B3NSF12B3	blaB3	L	C	P	Victor_2025b	Victor_2025b-Class_B3NSF12B3	L	
C2|~blaD-3_1|blaD-3_1|LCS|Ruppe_2019|MC3.MG287.AS1.GP1.C11369.G2	blaD	L	C	S	Ruppe_2019	Ruppe_2019-1|1898376|18|Human-Microbiome-3.9M-Gene-Catalog-(metahit-v2)|MC3.MG287.AS1.GP1.C11369.G2|blad	L	
C2|~blaC-209_1|blaC-209_1|LCS|Ruppe_2019|MC3.MG136.AS1.GP1.C43430.G39	blaC	L	C	S	Ruppe_2019	Ruppe_2019-1|533792|17|Human-Microbiome-3.9M-Gene-Catalog-(metahit-v2)|MC3.MG136.AS1.GP1.C43430.G39|blac	L	
C2|~blaB3-126_1|blaB3-126_1|LCS|Ruppe_2019|MC3.MG82.AS1.GP1.C17871.G2	blaB3	L	C	S	Ruppe_2019	Ruppe_2019-1|3638192|16|Human-Microbiome-3.9M-Gene-Catalog-(metahit-v2)|MC3.MG82.AS1.GP1.C17871.G2|blab3	L	
C2|~blaB3-127_1|blaB3-127_1|LCS|Ruppe_2019|MC3.MG122.AS1.GP1.C50668.G5	blaB3	L	C	S	Ruppe_2019	Ruppe_2019-1|391498|16|Human-Microbiome-3.9M-Gene-Catalog-(metahit-v2)|MC3.MG122.AS1.GP1.C50668.G5|blab3	L	
C2|~blaA-334_1|blaA-334_1|LCS|Ruppe_2019|MC3.MG151.AS1.GP1.C46570.G2	blaA	L	C	S	Ruppe_2019	Ruppe_2019-1|756749|12|Human-Microbiome-3.9M-Gene-Catalog-(metahit-v2)|MC3.MG151.AS1.GP1.C46570.G2|blaa	L	
C2|~aph-36_1|aph-36_1|LCS|Ruppe_2019|MC3.MG327.AS1.GP1.C4717.G7	aph	L	C	S	Ruppe_2019	Ruppe_2019-1|2432549|8|Human-Microbiome-3.9M-Gene-Catalog-(metahit-v2)|MC3.MG327.AS1.GP1.C4717.G7|aph	L	
C2|~aph-37_1|aph-37_1|LCS|Ruppe_2019|MC3.MG268.AS1.GP1.C16337.G2	aph	L	C	S	Ruppe_2019	Ruppe_2019-1|1749406|8|Human-Microbiome-3.9M-Gene-Catalog-(metahit-v2)|MC3.MG268.AS1.GP1.C16337.G2|aph	L	
C2|~aph-38_1|aph-38_1|LCS|Ruppe_2019|MC3.MG199.AS1.GP1.C8146.G2	aph	L	C	S	Ruppe_2019	Ruppe_2019-1|1179923|8|Human-Microbiome-3.9M-Gene-Catalog-(metahit-v2)|MC3.MG199.AS1.GP1.C8146.G2|aph	L	
C2|~blaB3-128_1|blaB3-128_1|LCP|Li_2025|k141_121681_seq1_1	blaB3	L	C	P	Li_2025	Li_2025-class_b_3|chicken|k141_121681_seq1_1	L	
C2|~blaA1-111_1|blaA1-111_1|LCP|Li_2025|k141_731960_seq1_1	blaA1	L	C	P	Li_2025	Li_2025-class_a|chicken|k141_731960_seq1_1	L	
C2|~blaA1-112_1|blaA1-112_1|LCP|Li_2025|k141_774143_seq1_1	blaA1	L	C	P	Li_2025	Li_2025-class_a|cattle|k141_774143_seq1_1	L	
C2|~blaB3-129_1|blaB3-129_1|LCP|Victor_2025b|Class_B3NSF42B3	blaB3	L	C	P	Victor_2025b	Victor_2025b-Class_B3NSF42B3	L	
C2|~blaB3-130_1|blaB3-130_1|LCP|Victor_2025b|Class_B3NSF35B3	blaB3	L	C	P	Victor_2025b	Victor_2025b-Class_B3NSF35B3	L	
C2|~blaB3-131_1|blaB3-131_1|LCP|Victor_2025b|Class_B3NSF16B3	blaB3	L	C	P	Victor_2025b	Victor_2025b-Class_B3NSF16B3	L	
C2|~blaD-4_1|blaD-4_1|LCS|Ruppe_2019|MC3.MG349.AS1.GP1.C13088.G1	blaD	L	C	S	Ruppe_2019	Ruppe_2019-1|2669897|18|Human-Microbiome-3.9M-Gene-Catalog-(metahit-v2)|MC3.MG349.AS1.GP1.C13088.G1|blad	L	
C2|~blaA1-113_1|blaA1-113_1|LCP|Li_2025|k141_216277_seq1_1	blaA1	L	C	P	Li_2025	Li_2025-class_a|swine|k141_216277_seq1_1	L	
C2|~mph-23_1|mph-23_1|LCP|Li_2025|k141_335992_seq1_1	mph	L	C	P	Li_2025	Li_2025-mph|chicken|k141_335992_seq1_1	L	
C2|~blaB3-132_1|blaB3-132_1|LCS|Ruppe_2019|MC3.MG321.AS1.GP1.C7388.G1	blaB3	L	C	S	Ruppe_2019	Ruppe_2019-1|2364627|16|Human-Microbiome-3.9M-Gene-Catalog-(metahit-v2)|MC3.MG321.AS1.GP1.C7388.G1|blab3	L	
C2|~aph-39_1|aph-39_1|LMS|Ruppe_2019|MC3.MG88.AS1.GP1.C37338.G3	aph	L	M	S	Ruppe_2019	Ruppe_2019-1|3702532|8|Human-Microbiome-3.9M-Gene-Catalog-(metahit-v2)|MC3.MG88.AS1.GP1.C37338.G3|aph	L	
C2|~blaA1-115_1|blaA1-115_1|LCP|Li_2025|k141_417527_seq1_1	blaA1	L	C	P	Li_2025	Li_2025-class_a|chicken|k141_417527_seq1_1	L	
C2|~blaA1-116_1|blaA1-116_1|LCP|Li_2025|k141_649866_seq1_1	blaA1	L	C	P	Li_2025	Li_2025-class_a|chicken|k141_649866_seq1_1	L	
C2|~blaA1-117_1|blaA1-117_1|LCP|Li_2025|k141_19622_seq1_1	blaA1	L	C	P	Li_2025	Li_2025-class_a|chicken|k141_19622_seq1_1	L	
C2|~blaA1-118_1|blaA1-118_1|LCP|Victor_2025|HoACLASS_a_sequ55ence	blaA1	L	C	P	Victor_2025	Victor_2025-HoACLASS_a_sequ55ence	L	
C2|~blaB3-133_1|blaB3-133_1|LCP|Victor_2025b|Class_B3NSF40B3	blaB3	L	C	P	Victor_2025b	Victor_2025b-Class_B3NSF40B3	L	
C2|~blaA-335_1|blaA-335_1|LCS|Ruppe_2019|S04_AZ_18_KJ691921_1_1	blaA	L	C	S	Ruppe_2019	Ruppe_2019-3|3873889|12|ARD-Forsberg-gene-catalog|S04_AZ_18_KJ691921_1_1|blaa	L	
C2|~blaA-336_1|blaA-336_1|LCS|Ruppe_2019|MC3.MG320.AS1.GP1.C4686.G5	blaA	L	C	S	Ruppe_2019	Ruppe_2019-1|2308216|12|Human-Microbiome-3.9M-Gene-Catalog-(metahit-v2)|MC3.MG320.AS1.GP1.C4686.G5|blaa	L	
C2|~aph-40_1|aph-40_1|LCS|Ruppe_2019|MC3.MG6.AS1.GP1.C29789.G7	aph	L	C	S	Ruppe_2019	Ruppe_2019-1|3427497|8|Human-Microbiome-3.9M-Gene-Catalog-(metahit-v2)|MC3.MG6.AS1.GP1.C29789.G7|aph	L	
C2|~aph6-31_1|aph6-31_1|LCP|Li_2025|k141_208610_seq1_1	aph6	L	C	P	Li_2025	Li_2025-aminoglycoside_model_i|swine|k141_208610_seq1_1	L	
C2|~blaB3-134_1|blaB3-134_1|LCP|Li_2025|k141_730726_seq1_1	blaB3	L	C	P	Li_2025	Li_2025-class_b_3|swine|k141_730726_seq1_1	L	
C2|~blaB3-135_1|blaB3-135_1|LCP|Li_2025|k141_409940_seq1_1	blaB3	L	C	P	Li_2025	Li_2025-class_b_3|swine|k141_409940_seq1_1	L	
C2|~blaB3-136_1|blaB3-136_1|LCP|Li_2025|k141_520169_seq1_1	blaB3	L	C	P	Li_2025	Li_2025-class_b_3|swine|k141_520169_seq1_1	L	
C2|~aph6-32_1|aph6-32_1|LCP|Li_2025|k141_334908_seq1_1	aph6	L	C	P	Li_2025	Li_2025-aminoglycoside_model_i|chicken|k141_334908_seq1_1	L	
C2|~blaB3-137_1|blaB3-137_1|LCP|Li_2025|k141_186302_seq1_1	blaB3	L	C	P	Li_2025	Li_2025-class_b_3|chicken|k141_186302_seq1_1	L	
C2|~blaA1-119_1|blaA1-119_1|LCP|Li_2025|k141_373232_seq1_1	blaA1	L	C	P	Li_2025	Li_2025-class_a|chicken|k141_373232_seq1_1	L	
C2|~blaA1-120_1|blaA1-120_1|LCP|Li_2025|k141_24340_seq1_1	blaA1	L	C	P	Li_2025	Li_2025-class_a|chicken|k141_24340_seq1_1	L	
C2|~blaA1-121_1|blaA1-121_1|LCP|Li_2025|k119_71732_seq1_1	blaA1	L	C	P	Li_2025	Li_2025-class_a|chicken|k119_71732_seq1_1	L	
C2|~blaA1-122_1|blaA1-122_1|LCP|Li_2025|k141_279037_seq1_1	blaA1	L	C	P	Li_2025	Li_2025-class_a|chicken|k141_279037_seq1_1	L	
C2|~blaA1-123_1|blaA1-123_1|LCP|Li_2025|k141_1171629_seq1_1	blaA1	L	C	P	Li_2025	Li_2025-class_a|cattle|k141_1171629_seq1_1	L	
C2|~blaA1-fARgene_3|blaA1-fARgene_3|LCP|CocheMiranda_2026|CocheMiranda_2026_SPA_MetaAn_74_l332_st143_e1138_se	blaA1	L	C	P	CocheMiranda_2026	CocheMiranda_2026-fARgene_CocheMiranda_2026.faa_class_a-CocheMiranda_2026_SPA_MetaAn_74_l332_st143_e1138_se-1_ID=39442_2	L	
C2|~blaA1-125_1|blaA1-125_1|LCP|CocheMiranda_2026|CocheMiranda_2026_8951844_len_328_MetaAn_9	blaA1	L	C	P	CocheMiranda_2026	CocheMiranda_2026-fARgene_CocheMiranda_2026.faa_class_a-CocheMiranda_2026_8951844_len_328_MetaAn_9	L	
C2|~blaA1-124_2|blaA1-124_2|LCP|CocheMiranda_2026|CocheMiranda_2026_8162050_len_325_MetaAn_74	blaA1	L	C	P	CocheMiranda_2026	CocheMiranda_2026-fARgene_CocheMiranda_2026.faa_class_a-CocheMiranda_2026_8162050_len_325_MetaAn_74	L	
C2|~blaB3-138_1|blaB3-138_1|LCP|Victor_2025|HoFCLASS_b3_sequ1ence	blaB3	L	C	P	Victor_2025	Victor_2025-HoFCLASS_b3_sequ1ence	L	
C2|~blaC-210_1|blaC-210_1|LCS|Ruppe_2019|MC3.MG179.AS1.GP1.C10093.G3	blaC	L	C	S	Ruppe_2019	Ruppe_2019-1|992442|17|Human-Microbiome-3.9M-Gene-Catalog-(metahit-v2)|MC3.MG179.AS1.GP1.C10093.G3|blac	L	
C2|~blaB-9_1|blaB-9_1|LCS|Ruppe_2019|S04_CT_2_KJ691908_1_6	blaB	L	C	S	Ruppe_2019	Ruppe_2019-3|3874031|13|ARD-Forsberg-gene-catalog|S04_CT_2_KJ691908_1_6|blab	L	
C2|~blaA-339_1|blaA-339_1|LCS|Ruppe_2019|MC3.MG138.AS1.GP1.C52410.G11	blaA	L	C	S	Ruppe_2019	Ruppe_2019-1|583823|12|Human-Microbiome-3.9M-Gene-Catalog-(metahit-v2)|MC3.MG138.AS1.GP1.C52410.G11|blaa	L	
C2|~aph-41_1|aph-41_1|LCS|Ruppe_2019|MC3.MG245.AS1.GP1.C36066.G2	aph	L	C	S	Ruppe_2019	Ruppe_2019-1|1569031|8|Human-Microbiome-3.9M-Gene-Catalog-(metahit-v2)|MC3.MG245.AS1.GP1.C36066.G2|aph	L	
C2|~blaA1-127_1|blaA1-127_1|LCP|Li_2025|k141_906609_seq1_1	blaA1	L	C	P	Li_2025	Li_2025-class_a|swine|k141_906609_seq1_1	L	
C2|~blaB3-139_1|blaB3-139_1|LCP|Li_2025|k141_88092_seq1_1	blaB3	L	C	P	Li_2025	Li_2025-class_b_3|chicken|k141_88092_seq1_1	L	
C2|~blaA1-128_1|blaA1-128_1|LMP|Li_2025|k141_168927_seq1_1	blaA1	L	M	P	Li_2025	Li_2025-class_a|chicken|k141_168927_seq1_1	L	
C2|~blaA1-129_1|blaA1-129_1|LCP|Li_2025|k141_120241_seq1_1	blaA1	L	C	P	Li_2025	Li_2025-class_a|chicken|k141_120241_seq1_1	L	
C2|~blaA1-130_1|blaA1-130_1|LCP|Li_2025|k141_14932_seq1_1	blaA1	L	C	P	Li_2025	Li_2025-class_a|cattle|k141_14932_seq1_1	L	
C2|~blaA1-135_1|blaA1-135_1|LCP|Victor_2025|SeFCLASS_a_sequ47ence	blaA1	L	C	P	Victor_2025	Victor_2025-SeFCLASS_a_sequ47ence	L	
C2|~blaA1-137_1|blaA1-137_1|LMP|Victor_2025|HoACLASS_a_sequ46ence	blaA1	L	M	P	Victor_2025	Victor_2025-HoACLASS_a_sequ46ence	L	
C2|~blaC-211_1|blaC-211_1|LCS|Ruppe_2019|MC3.MG3.AS1.GP1.C13140.G5	blaC	L	C	S	Ruppe_2019	Ruppe_2019-1|2081460|17|Human-Microbiome-3.9M-Gene-Catalog-(metahit-v2)|MC3.MG3.AS1.GP1.C13140.G5|blac	L	
C2|~aph-42_1|aph-42_1|LCS|Ruppe_2019|MC3.MG63.AS1.GP1.C21462.G2	aph	L	C	S	Ruppe_2019	Ruppe_2019-1|3496891|8|Human-Microbiome-3.9M-Gene-Catalog-(metahit-v2)|MC3.MG63.AS1.GP1.C21462.G2|aph	L	
C2|~aac3-68_1|aac3-68_1|LCS|Ruppe_2019|MC3.MG38.AS1.GP1.C19136.G10	aac3	L	C	S	Ruppe_2019	Ruppe_2019-1|3060692|5|Human-Microbiome-3.9M-Gene-Catalog-(metahit-v2)|MC3.MG38.AS1.GP1.C19136.G10|aac3_2	L	
C2|~blaB3-140_1|blaB3-140_1|LCP|Li_2025|k141_269496_seq1_1	blaB3	L	C	P	Li_2025	Li_2025-class_b_3|swine|k141_269496_seq1_1	L	
C2|~aph6-33_1|aph6-33_1|LCP|Li_2025|k119_183927_seq1_1	aph6	L	C	P	Li_2025	Li_2025-aminoglycoside_model_i|chicken|k119_183927_seq1_1	L	
C2|~aph6-34_1|aph6-34_1|LCP|Li_2025|k141_229976_seq1_1	aph6	L	C	P	Li_2025	Li_2025-aminoglycoside_model_i|chicken|k141_229976_seq1_1	L	
C2|~aph6-35_1|aph6-35_1|LCP|Li_2025|k141_264816_seq1_1	aph6	L	C	P	Li_2025	Li_2025-aminoglycoside_model_i|chicken|k141_264816_seq1_1	L	
C2|~blaA1-138_1|blaA1-138_1|LCP|Li_2025|k141_412124_seq1_1	blaA1	L	C	P	Li_2025	Li_2025-class_a|chicken|k141_412124_seq1_1	L	
C2|~blaA1-140_1|blaA1-140_1|LCP|Li_2025|k141_286835_seq2_1	blaA1	L	C	P	Li_2025	Li_2025-class_a|cattle|k141_286835_seq2_1	L	
C2|~blaA1-fARgene_7|blaA1-fARgene_7|LCP|CocheMiranda_2026|CocheMiranda_2026_SPA_MetaAn_24_l322_st2003_e2968_se	blaA1	L	C	P	CocheMiranda_2026	CocheMiranda_2026-fARgene_CocheMiranda_2026.faa_class_a-CocheMiranda_2026_SPA_MetaAn_24_l322_st2003_e2968_se-1_ID=9394_3	L	
C2|~blaB3-141_1|blaB3-141_1|LCP|Victor_2025|SeFCLASS_b3_sequ3ence	blaB3	L	C	P	Victor_2025	Victor_2025-SeFCLASS_b3_sequ3ence	L	
C2|~blaA1-141_1|blaA1-141_1|LCP|Victor_2025|SeACLASS_a_sequ23ence	blaA1	L	C	P	Victor_2025	Victor_2025-SeACLASS_a_sequ23ence	L	
C2|~blaB1-90_1|blaB1-90_1|LCS|Ruppe_2019|MC3.MG330.AS1.GP1.C32944.G1	blaB1	L	C	S	Ruppe_2019	Ruppe_2019-1|2475457|14|Human-Microbiome-3.9M-Gene-Catalog-(metahit-v2)|MC3.MG330.AS1.GP1.C32944.G1|blab1	L	
C2|~aph-43_1|aph-43_1|LCS|Ruppe_2019|MC3.MG63.AS1.GP1.C2940.G3	aph	L	C	S	Ruppe_2019	Ruppe_2019-1|3498138|8|Human-Microbiome-3.9M-Gene-Catalog-(metahit-v2)|MC3.MG63.AS1.GP1.C2940.G3|aph	L	
C2|~blaA1-142_1|blaA1-142_1|LCP|Li_2025|k141_189704_seq1_1	blaA1	L	C	P	Li_2025	Li_2025-class_a|chicken|k141_189704_seq1_1	L	
C2|~blaA1-143_1|blaA1-143_1|LMP|Li_2025|k141_96218_seq1_1	blaA1	L	M	P	Li_2025	Li_2025-class_a|chicken|k141_96218_seq1_1	L	
C2|~blaA1-144_1|blaA1-144_1|LMP|Li_2025|k141_147701_seq1_1	blaA1	L	M	P	Li_2025	Li_2025-class_a|chicken|k141_147701_seq1_1	L	
C2|~aph3p-33_1|aph3p-33_1|LCP|Li_2025|k141_424155_seq1_1	aph3p	L	C	P	Li_2025	Li_2025-aminoglycoside_model_h|cattle|k141_424155_seq1_1	L	
C2|~blaB3-143_1|blaB3-143_1|LCP|Li_2025|k141_1408069_seq1_1	blaB3	L	C	P	Li_2025	Li_2025-class_b_3|cattle|k141_1408069_seq1_1	L	
C2|~blaA1-146_1|blaA1-146_1|LCP|Victor_2025|HoFCLASS_a_sequ6ence	blaA1	L	C	P	Victor_2025	Victor_2025-HoFCLASS_a_sequ6ence	L	
C2|~blaA1-147_1|blaA1-147_1|LCP|Victor_2025|HoACLASS_a_sequ20ence	blaA1	L	C	P	Victor_2025	Victor_2025-HoACLASS_a_sequ20ence	L	
C2|~blaB3-144_1|blaB3-144_1|LCS|Ruppe_2019|MC3.MG87.AS1.GP1.C28378.G2	blaB3	L	C	S	Ruppe_2019	Ruppe_2019-1|3682187|16|Human-Microbiome-3.9M-Gene-Catalog-(metahit-v2)|MC3.MG87.AS1.GP1.C28378.G2|blab3	L	
C2|~blaA-340_1|blaA-340_1|LCS|Ruppe_2019|MC3.MG234.AS1.GP1.C31242.G13	blaA	L	C	S	Ruppe_2019	Ruppe_2019-1|1483364|12|Human-Microbiome-3.9M-Gene-Catalog-(metahit-v2)|MC3.MG234.AS1.GP1.C31242.G13|blaa	L	
C2|~aph-44_1|aph-44_1|LCS|Ruppe_2019|MC3.MG348.AS1.GP1.C31093.G5	aph	L	C	S	Ruppe_2019	Ruppe_2019-1|2668572|8|Human-Microbiome-3.9M-Gene-Catalog-(metahit-v2)|MC3.MG348.AS1.GP1.C31093.G5|aph	L	
C2|~aph-45_1|aph-45_1|LCS|Ruppe_2019|MC3.MG330.AS1.GP1.C9006.G4	aph	L	C	S	Ruppe_2019	Ruppe_2019-1|2481673|8|Human-Microbiome-3.9M-Gene-Catalog-(metahit-v2)|MC3.MG330.AS1.GP1.C9006.G4|aph	L	
C2|~aph-46_1|aph-46_1|LCS|Ruppe_2019|MC3.MG330.AS1.GP1.C4727.G2	aph	L	C	S	Ruppe_2019	Ruppe_2019-1|2478023|8|Human-Microbiome-3.9M-Gene-Catalog-(metahit-v2)|MC3.MG330.AS1.GP1.C4727.G2|aph	L	
C2|~aph-47_1|aph-47_1|LCS|Ruppe_2019|MC3.MG292.AS1.GP1.C7968.G8	aph	L	C	S	Ruppe_2019	Ruppe_2019-1|1994845|8|Human-Microbiome-3.9M-Gene-Catalog-(metahit-v2)|MC3.MG292.AS1.GP1.C7968.G8|aph	L	
C2|~aph-48_1|aph-48_1|LCS|Ruppe_2019|MC3.MG138.AS1.GP1.C3603.G2	aph	L	C	S	Ruppe_2019	Ruppe_2019-1|572716|8|Human-Microbiome-3.9M-Gene-Catalog-(metahit-v2)|MC3.MG138.AS1.GP1.C3603.G2|aph	L	
C2|~aph6-38_1|aph6-38_1|LCP|Li_2025|k141_460275_seq1_1	aph6	L	C	P	Li_2025	Li_2025-aminoglycoside_model_i|chicken|k141_460275_seq1_1	L	
C2|~blaB3-145_1|blaB3-145_1|LCP|Li_2025|k141_866097_seq1_1	blaB3	L	C	P	Li_2025	Li_2025-class_b_3|cattle|k141_866097_seq1_1	L	
C2|~blaA1-149_1|blaA1-149_1|LCP|Victor_2025|SeFCLASS_a_sequ25ence	blaA1	L	C	P	Victor_2025	Victor_2025-SeFCLASS_a_sequ25ence	L	
C2|~blaB3-146_1|blaB3-146_1|LCS|Ruppe_2019|MC3.MG205.AS1.GP1.C38646.G2	blaB3	L	C	S	Ruppe_2019	Ruppe_2019-1|1235801|16|Human-Microbiome-3.9M-Gene-Catalog-(metahit-v2)|MC3.MG205.AS1.GP1.C38646.G2|blab3	L	
C2|~blaB3-147_1|blaB3-147_1|LCS|Ruppe_2019|MC3.MG192.AS1.GP1.C3067.G2	blaB3	L	C	S	Ruppe_2019	Ruppe_2019-1|1105043|16|Human-Microbiome-3.9M-Gene-Catalog-(metahit-v2)|MC3.MG192.AS1.GP1.C3067.G2|blab3	L	
C2|~blaA-341_1|blaA-341_1|LCS|Ruppe_2019|MC3.MG385.AS1.GP1.C23661.G13	blaA	L	C	S	Ruppe_2019	Ruppe_2019-1|3111336|12|Human-Microbiome-3.9M-Gene-Catalog-(metahit-v2)|MC3.MG385.AS1.GP1.C23661.G13|blaa	L	
C2|~blaA-342_1|blaA-342_1|LCS|Ruppe_2019|MC3.MG144.AS1.GP1.C43213.G2	blaA	L	C	S	Ruppe_2019	Ruppe_2019-1|686434|12|Human-Microbiome-3.9M-Gene-Catalog-(metahit-v2)|MC3.MG144.AS1.GP1.C43213.G2|blaa	L	
C2|~aph-50_1|aph-50_1|LCS|Ruppe_2019|MC3.MG386.AS1.GP1.C17237.G3	aph	L	C	S	Ruppe_2019	Ruppe_2019-1|3134101|8|Human-Microbiome-3.9M-Gene-Catalog-(metahit-v2)|MC3.MG386.AS1.GP1.C17237.G3|aph	L	
C2|~blaB3-148_1|blaB3-148_1|LCP|Li_2025|k141_440357_seq1_1	blaB3	L	C	P	Li_2025	Li_2025-class_b_3|swine|k141_440357_seq1_1	L	
C2|~blaA1-150_1|blaA1-150_1|LMP|Li_2025|k141_271407_seq1_1	blaA1	L	M	P	Li_2025	Li_2025-class_a|swine|k141_271407_seq1_1	L	
C2|~erm-102_1|erm-102_1|LCP|Li_2025|k141_264777_seq1_1	erm	L	C	P	Li_2025	Li_2025-erm_type_a|chicken|k141_264777_seq1_1	L	
C2|~erm-103_1|erm-103_1|LCP|Li_2025|k141_1061037_seq1_1	erm	L	C	P	Li_2025	Li_2025-erm_type_f|cattle|k141_1061037_seq1_1	L	
C2|~blaA1-151_1|blaA1-151_1|LCP|Li_2025|k141_286835_seq1_1	blaA1	L	C	P	Li_2025	Li_2025-class_a|cattle|k141_286835_seq1_1	L	
C2|~blaC-212_1|blaC-212_1|LCS|Ruppe_2019|MC3.MG378.AS1.GP1.C18355.G1	blaC	L	C	S	Ruppe_2019	Ruppe_2019-1|3013723|17|Human-Microbiome-3.9M-Gene-Catalog-(metahit-v2)|MC3.MG378.AS1.GP1.C18355.G1|blac	L	
C2|~blaB3-149_1|blaB3-149_1|LCS|Ruppe_2019|MC3.MG304.AS1.GP1.C16175.G16	blaB3	L	C	S	Ruppe_2019	Ruppe_2019-1|2164286|16|Human-Microbiome-3.9M-Gene-Catalog-(metahit-v2)|MC3.MG304.AS1.GP1.C16175.G16|blab3	L	
C2|~blaA-343_1|blaA-343_1|LCS|Ruppe_2019|S13_CZ_1012_KJ695033_1_1	blaA	L	C	S	Ruppe_2019	Ruppe_2019-3|3873876|12|ARD-Forsberg-gene-catalog|S13_CZ_1012_KJ695033_1_1|blaa	L	
C2|~blaA-344_1|blaA-344_1|LCS|Ruppe_2019|MC3.MG97.AS1.GP1.C43074.G1	blaA	L	C	S	Ruppe_2019	Ruppe_2019-1|3833560|12|Human-Microbiome-3.9M-Gene-Catalog-(metahit-v2)|MC3.MG97.AS1.GP1.C43074.G1|blaa	L	
C2|~blaA-345_1|blaA-345_1|LMS|Ruppe_2019|MC3.MG365.AS1.GP1.C14974.G12	blaA	L	M	S	Ruppe_2019	Ruppe_2019-1|2855644|12|Human-Microbiome-3.9M-Gene-Catalog-(metahit-v2)|MC3.MG365.AS1.GP1.C14974.G12|blaa	L	
C2|~blaA-346_1|blaA-346_1|LCS|Ruppe_2019|MC3.MG237.AS1.GP1.C22662.G1	blaA	L	C	S	Ruppe_2019	Ruppe_2019-1|1501516|12|Human-Microbiome-3.9M-Gene-Catalog-(metahit-v2)|MC3.MG237.AS1.GP1.C22662.G1|blaa	L	
C2|~aph-51_1|aph-51_1|LCS|Ruppe_2019|MC3.MG280.AS1.GP1.C28246.G1	aph	L	C	S	Ruppe_2019	Ruppe_2019-1|1831250|8|Human-Microbiome-3.9M-Gene-Catalog-(metahit-v2)|MC3.MG280.AS1.GP1.C28246.G1|aph	L	
C2|~aph-52_1|aph-52_1|LCS|Ruppe_2019|MC3.MG166.AS1.GP1.C31225.G22	aph	L	C	S	Ruppe_2019	Ruppe_2019-1|877252|8|Human-Microbiome-3.9M-Gene-Catalog-(metahit-v2)|MC3.MG166.AS1.GP1.C31225.G22|aph	L	
C2|~blaA1-152_1|blaA1-152_1|LCP|Li_2025|k141_515254_seq1_1	blaA1	L	C	P	Li_2025	Li_2025-class_a|swine|k141_515254_seq1_1	L	
C2|~blaA1-153_1|blaA1-153_1|LCP|Li_2025|k141_569295_seq1_1	blaA1	L	C	P	Li_2025	Li_2025-class_a|chicken|k141_569295_seq1_1	L	
C2|~blaA1-154_1|blaA1-154_1|LCP|Li_2025|k141_345511_seq1_1	blaA1	L	C	P	Li_2025	Li_2025-class_a|chicken|k141_345511_seq1_1	L	
C2|~blaA1-155_1|blaA1-155_1|LCP|Li_2025|k141_709172_seq1_1	blaA1	L	C	P	Li_2025	Li_2025-class_a|chicken|k141_709172_seq1_1	L	
C2|~blaA1-157_1|blaA1-157_1|LCP|Li_2025|k141_38537_seq1_1	blaA1	L	C	P	Li_2025	Li_2025-class_a|chicken|k141_38537_seq1_1	L	
C2|~blaA1-158_1|blaA1-158_1|LCP|Li_2025|k141_267744_seq1_1	blaA1	L	C	P	Li_2025	Li_2025-class_a|chicken|k141_267744_seq1_1	L	
C2|~aph3p-34_1|aph3p-34_1|LCP|Li_2025|k141_1331371_seq1_1	aph3p	L	C	P	Li_2025	Li_2025-aminoglycoside_model_h|cattle|k141_1331371_seq1_1	L	
C2|~aph2b-18_1|aph2b-18_1|LCP|Li_2025|k141_39027_seq1_1	aph2b	L	C	P	Li_2025	Li_2025-aminoglycoside_model_g|cattle|k141_39027_seq1_1	L	
C2|~erm-104_1|erm-104_1|LCP|Li_2025|k141_858478_seq1_1	erm	L	C	P	Li_2025	Li_2025-erm_type_f|cattle|k141_858478_seq1_1	L	
C2|~blaA1-159_1|blaA1-159_1|LCP|Li_2025|k141_124555_seq1_1	blaA1	L	C	P	Li_2025	Li_2025-class_a|cattle|k141_124555_seq1_1	L	
C2|~blaA1-160_1|blaA1-160_1|LCP|Li_2025|k141_176692_seq1_1	blaA1	L	C	P	Li_2025	Li_2025-class_a|cattle|k141_176692_seq1_1	L	
C2|~blaA1-161_1|blaA1-161_1|LCP|CocheMiranda_2026|CocheMiranda_2026_SPA_MetaAn_71_l318_st303_e1256_se1_ID=1970_2	blaA1	L	C	P	CocheMiranda_2026	CocheMiranda_2026-fARgene_CocheMiranda_2026.faa_class_a-CocheMiranda_2026_SPA_MetaAn_71_l318_st303_e1256_se1_ID=1970_2	L	
C2|~blaA1-162_1|blaA1-162_1|LCP|Victor_2025|SeFCLASS_a_sequ10ence	blaA1	L	C	P	Victor_2025	Victor_2025-SeFCLASS_a_sequ10ence	L	
C2|~aph6-39_1|aph6-39_1|LCP|Victor_2025|HoAAMG_I_sequ7ence	aph6	L	C	P	Victor_2025	Victor_2025-HoAAMG_I_sequ7ence	L	
C2|~blaB1-91_1|blaB1-91_1|LCS|Ruppe_2019|MC3.MG378.AS1.GP1.C24902.G2	blaB1	L	C	S	Ruppe_2019	Ruppe_2019-1|3019201|14|Human-Microbiome-3.9M-Gene-Catalog-(metahit-v2)|MC3.MG378.AS1.GP1.C24902.G2|blab1	L	
C2|~aph-53_1|aph-53_1|LCS|Ruppe_2019|MC3.MG207.AS1.GP1.C45832.G26	aph	L	C	S	Ruppe_2019	Ruppe_2019-1|1270608|8|Human-Microbiome-3.9M-Gene-Catalog-(metahit-v2)|MC3.MG207.AS1.GP1.C45832.G26|aph	L	
C2|~aac3-69_1|aac3-69_1|LMP|Li_2025|k141_206922_seq1_1	aac3	L	M	P	Li_2025	Li_2025-aminoglycoside_model_c|swine|k141_206922_seq1_1	L	
C2|~erm-105_1|erm-105_1|LMP|Li_2025|k141_411468_seq1_1	erm	L	M	P	Li_2025	Li_2025-erm_type_f|swine|k141_411468_seq1_1	L	
C2|~blaA1-163_1|blaA1-163_1|LCP|Li_2025|k141_596452_seq1_1	blaA1	L	C	P	Li_2025	Li_2025-class_a|swine|k141_596452_seq1_1	L	
C2|~blaA1-164_1|blaA1-164_1|LCP|Li_2025|k141_468788_seq1_1	blaA1	L	C	P	Li_2025	Li_2025-class_a|swine|k141_468788_seq1_1	L	
C2|~blaA1-165_1|blaA1-165_1|LMP|Li_2025|k141_14495_seq1_1	blaA1	L	M	P	Li_2025	Li_2025-class_a|chicken|k141_14495_seq1_1	L	
C2|~blaA1-166_1|blaA1-166_1|LCP|Li_2025|k141_436692_seq1_1	blaA1	L	C	P	Li_2025	Li_2025-class_a|chicken|k141_436692_seq1_1	L	
C2|~blaA1-167_1|blaA1-167_1|LCP|Li_2025|k141_67226_seq1_1	blaA1	L	C	P	Li_2025	Li_2025-class_a|chicken|k141_67226_seq1_1	L	
C2|~blaA1-168_1|blaA1-168_1|LCP|Li_2025|k141_728039_seq1_1	blaA1	L	C	P	Li_2025	Li_2025-class_a|cattle|k141_728039_seq1_1	L	
C2|~blaA1-169_1|blaA1-169_1|LCP|Li_2025|k141_348492_seq1_1	blaA1	L	C	P	Li_2025	Li_2025-class_a|cattle|k141_348492_seq1_1	L	
C2|~blaA1-170_1|blaA1-170_1|LCP|Li_2025|k141_189150_seq1_1	blaA1	L	C	P	Li_2025	Li_2025-class_a|cattle|k141_189150_seq1_1	L	
C2|~blaA1-171_1|blaA1-171_1|LCP|Li_2025|k141_617417_seq1_1	blaA1	L	C	P	Li_2025	Li_2025-class_a|cattle|k141_617417_seq1_1	L	
C2|~blaA1-174_1|blaA1-174_1|LCP|Victor_2025|HoFCLASS_a_sequ8ence	blaA1	L	C	P	Victor_2025	Victor_2025-HoFCLASS_a_sequ8ence	L	
C2|~blaA1-175_1|blaA1-175_1|LCP|Victor_2025|HoACLASS_a_sequ37ence	blaA1	L	C	P	Victor_2025	Victor_2025-HoACLASS_a_sequ37ence	L	
C2|~blaB3-152_1|blaB3-152_1|LCP|Victor_2025b|Class_B3NSF32B3	blaB3	L	C	P	Victor_2025b	Victor_2025b-Class_B3NSF32B3	L	
C2|~blaA1-176_1|blaA1-176_1|LCP|Sommerville_2026|retrieved-translated_gene_catalog_Gene026555_seq1_1	blaA1	L	C	P	Sommerville_2026	Sommerville_2026-retrieved-translated_gene_catalog_Gene026555_seq1_1|class_A	L	
C2|~blaD-5_1|blaD-5_1|LCS|Ruppe_2019|MC3.MG305.AS1.GP1.C686.G29	blaD	L	C	S	Ruppe_2019	Ruppe_2019-1|2175563|18|Human-Microbiome-3.9M-Gene-Catalog-(metahit-v2)|MC3.MG305.AS1.GP1.C686.G29|blad	L	
C2|~blaA-347_1|blaA-347_1|LCS|Ruppe_2019|CAA33739.1	blaA	L	C	S	Ruppe_2019	Ruppe_2019-7398|3876791|12|ARD-reference-gene-catalog|CAA33739.1|blaa	L	
C2|~blaA-348_1|blaA-348_1|LCS|Ruppe_2019|MC3.MG368.AS1.GP1.C53560.G7	blaA	L	C	S	Ruppe_2019	Ruppe_2019-1|2908829|12|Human-Microbiome-3.9M-Gene-Catalog-(metahit-v2)|MC3.MG368.AS1.GP1.C53560.G7|blaa	L	
C2|~blaA-349_1|blaA-349_1|LCS|Ruppe_2019|MC3.MG245.AS1.GP1.C7935.G2	blaA	L	C	S	Ruppe_2019	Ruppe_2019-1|1577900|12|Human-Microbiome-3.9M-Gene-Catalog-(metahit-v2)|MC3.MG245.AS1.GP1.C7935.G2|blaa	L	
C2|~blaA-350_1|blaA-350_1|LCS|Ruppe_2019|MC3.MG233.AS1.GP1.C8998.G2	blaA	L	C	S	Ruppe_2019	Ruppe_2019-1|1481140|12|Human-Microbiome-3.9M-Gene-Catalog-(metahit-v2)|MC3.MG233.AS1.GP1.C8998.G2|blaa	L	
C2|~blaA-351_1|blaA-351_1|LCS|Ruppe_2019|MC3.MG120.AS1.GP1.C32606.G1	blaA	L	C	S	Ruppe_2019	Ruppe_2019-1|347694|12|Human-Microbiome-3.9M-Gene-Catalog-(metahit-v2)|MC3.MG120.AS1.GP1.C32606.G1|blaa	L	
C2|~blaA1-177_1|blaA1-177_1|LCP|Li_2025|k141_458918_seq1_1	blaA1	L	C	P	Li_2025	Li_2025-class_a|swine|k141_458918_seq1_1	L	
C2|~aph6-40_1|aph6-40_1|LCP|Li_2025|k141_63640_seq1_1	aph6	L	C	P	Li_2025	Li_2025-aminoglycoside_model_i|chicken|k141_63640_seq1_1	L	
C2|~blaA1-178_1|blaA1-178_1|LCP|Li_2025|k141_199748_seq1_1	blaA1	L	C	P	Li_2025	Li_2025-class_a|chicken|k141_199748_seq1_1	L	
C2|~mph-24_1|mph-24_1|LCP|Li_2025|k141_65099_seq1_1	mph	L	C	P	Li_2025	Li_2025-mph|cattle|k141_65099_seq1_1	L	
C2|~blaB3-153_1|blaB3-153_1|LCP|Li_2025|k141_103334_seq1_1	blaB3	L	C	P	Li_2025	Li_2025-class_b_3|cattle|k141_103334_seq1_1	L	
C2|~blaB3-154_1|blaB3-154_1|LCP|Victor_2025b|Class_B3NSF34B3	blaB3	L	C	P	Victor_2025b	Victor_2025b-Class_B3NSF34B3	L	
C2|~blaA1-181_1|blaA1-181_1|LCP|Victor_2025b|Class_ANSF13A	blaA1	L	C	P	Victor_2025b	Victor_2025b-Class_ANSF13A	L	
C2|~blaA-352_1|blaA-352_1|LCS|Ruppe_2019|AAA26707.1	blaA	L	C	S	Ruppe_2019	Ruppe_2019-7398|3876789|12|ARD-reference-gene-catalog|AAA26707.1|blaa	L	
C2|~blaA-353_1|blaA-353_1|LCS|Ruppe_2019|S13_CZ_1002_KJ694909_1_1	blaA	L	C	S	Ruppe_2019	Ruppe_2019-3|3873873|12|ARD-Forsberg-gene-catalog|S13_CZ_1002_KJ694909_1_1|blaa	L	
C2|~blaA-355_1|blaA-355_1|LCS|Ruppe_2019|MC3.MG127.AS1.GP1.C6390.G3	blaA	L	C	S	Ruppe_2019	Ruppe_2019-1|452342|12|Human-Microbiome-3.9M-Gene-Catalog-(metahit-v2)|MC3.MG127.AS1.GP1.C6390.G3|blaa	L	
C2|~aph-54_1|aph-54_1|LCS|Ruppe_2019|MC3.MG138.AS1.GP1.C50146.G1	aph	L	C	S	Ruppe_2019	Ruppe_2019-1|582479|8|Human-Microbiome-3.9M-Gene-Catalog-(metahit-v2)|MC3.MG138.AS1.GP1.C50146.G1|aph	L	
C2|~aph-55_1|aph-55_1|LCS|Ruppe_2019|MC3.MG100.AS1.GP1.C31106.G1	aph	L	C	S	Ruppe_2019	Ruppe_2019-1|28230|8|Human-Microbiome-3.9M-Gene-Catalog-(metahit-v2)|MC3.MG100.AS1.GP1.C31106.G1|aph	L	
C2|~blaA1-182_1|blaA1-182_1|LCP|Li_2025|k141_286944_seq1_1	blaA1	L	C	P	Li_2025	Li_2025-class_a|swine|k141_286944_seq1_1	L	
C2|~aph2b-19_1|aph2b-19_1|LCP|Li_2025|k141_17568_seq1_1	aph2b	L	C	P	Li_2025	Li_2025-aminoglycoside_model_g|chicken|k141_17568_seq1_1	L	
C2|~blaB3-155_1|blaB3-155_1|LCP|Li_2025|k141_236041_seq1_1	blaB3	L	C	P	Li_2025	Li_2025-class_b_3|chicken|k141_236041_seq1_1	L	
C2|~blaB3-156_1|blaB3-156_1|LCP|Li_2025|k141_105952_seq1_1	blaB3	L	C	P	Li_2025	Li_2025-class_b_3|chicken|k141_105952_seq1_1	L	
C2|~blaA1-184_1|blaA1-184_1|LCP|Li_2025|k141_196320_seq1_1	blaA1	L	C	P	Li_2025	Li_2025-class_a|chicken|k141_196320_seq1_1	L	
C2|~blaA1-185_1|blaA1-185_1|LCP|Li_2025|k141_12687_seq1_1	blaA1	L	C	P	Li_2025	Li_2025-class_a|chicken|k141_12687_seq1_1	L	
C2|~blaA1-186_1|blaA1-186_1|LCP|Li_2025|k141_172176_seq1_1	blaA1	L	C	P	Li_2025	Li_2025-class_a|chicken|k141_172176_seq1_1	L	
C2|~blaB3-157_1|blaB3-157_1|LCP|Li_2025|k141_677447_seq1_1	blaB3	L	C	P	Li_2025	Li_2025-class_b_3|cattle|k141_677447_seq1_1	L	
C2|~blaA1-187_1|blaA1-187_1|LCP|Li_2025|k141_114608_seq1_1	blaA1	L	C	P	Li_2025	Li_2025-class_a|cattle|k141_114608_seq1_1	L	
C2|~blaA1-188_1|blaA1-188_1|LCP|Li_2025|k141_65316_seq1_1	blaA1	L	C	P	Li_2025	Li_2025-class_a|cattle|k141_65316_seq1_1	L	
C2|~aph6-41_1|aph6-41_1|LCP|Victor_2025|HoAAMG_I_sequ5ence	aph6	L	C	P	Victor_2025	Victor_2025-HoAAMG_I_sequ5ence	L	
C2|~blaB3-158_1|blaB3-158_1|LCS|Ruppe_2019|MC3.MG183.AS1.GP1.C14016.G1	blaB3	L	C	S	Ruppe_2019	Ruppe_2019-1|1042223|16|Human-Microbiome-3.9M-Gene-Catalog-(metahit-v2)|MC3.MG183.AS1.GP1.C14016.G1|blab3	L	
C2|~blaB-14_1|blaB-14_1|LCS|Ruppe_2019|S10_CZ_8_KJ694426_1_3	blaB	L	C	S	Ruppe_2019	Ruppe_2019-3|3874022|13|ARD-Forsberg-gene-catalog|S10_CZ_8_KJ694426_1_3|blab	L	
C2|~blaA-356_1|blaA-356_1|LCS|Ruppe_2019|MC3.MG80.AS1.GP1.C669.G1	blaA	L	C	S	Ruppe_2019	Ruppe_2019-1|3622149|12|Human-Microbiome-3.9M-Gene-Catalog-(metahit-v2)|MC3.MG80.AS1.GP1.C669.G1|blaa	L	
C2|~aph-56_1|aph-56_1|LCS|Ruppe_2019|MC3.MG320.AS1.GP1.C13417.G1	aph	L	C	S	Ruppe_2019	Ruppe_2019-1|2295486|8|Human-Microbiome-3.9M-Gene-Catalog-(metahit-v2)|MC3.MG320.AS1.GP1.C13417.G1|aph	L	
C2|~aph-57_1|aph-57_1|LCS|Ruppe_2019|MC3.MG12.AS1.GP1.C49351.G2	aph	L	C	S	Ruppe_2019	Ruppe_2019-1|295456|8|Human-Microbiome-3.9M-Gene-Catalog-(metahit-v2)|MC3.MG12.AS1.GP1.C49351.G2|aph	L	
C2|~blaB3-159_1|blaB3-159_1|LCP|Li_2025|k99_313837_seq1_1	blaB3	L	C	P	Li_2025	Li_2025-class_b_3|swine|k99_313837_seq1_1	L	
C2|~aph6-42_1|aph6-42_1|LCP|Li_2025|k141_281601_seq1_1	aph6	L	C	P	Li_2025	Li_2025-aminoglycoside_model_i|chicken|k141_281601_seq1_1	L	
C2|~aph2b-20_1|aph2b-20_1|LCP|Li_2025|k141_6740_seq1_1	aph2b	L	C	P	Li_2025	Li_2025-aminoglycoside_model_g|chicken|k141_6740_seq1_1	L	
C2|~blaA1-189_1|blaA1-189_1|LCP|Li_2025|k141_234679_seq1_1	blaA1	L	C	P	Li_2025	Li_2025-class_a|chicken|k141_234679_seq1_1	L	
C2|~blaA1-190_1|blaA1-190_1|LCP|Li_2025|k141_91454_seq1_1	blaA1	L	C	P	Li_2025	Li_2025-class_a|chicken|k141_91454_seq1_1	L	
C2|~blaB3-160_1|blaB3-160_1|LCP|Li_2025|k141_884158_seq1_1	blaB3	L	C	P	Li_2025	Li_2025-class_b_3|cattle|k141_884158_seq1_1	L	
C2|~blaB3-161_1|blaB3-161_1|LCP|Li_2025|k141_243308_seq1_1	blaB3	L	C	P	Li_2025	Li_2025-class_b_3|cattle|k141_243308_seq1_1	L	
C2|~blaB3-162_1|blaB3-162_1|LCP|Li_2025|k141_366245_seq1_1	blaB3	L	C	P	Li_2025	Li_2025-class_b_3|cattle|k141_366245_seq1_1	L	
C2|~blaA1-192_1|blaA1-192_1|LCP|Li_2025|k141_866870_seq1_1	blaA1	L	C	P	Li_2025	Li_2025-class_a|cattle|k141_866870_seq1_1	L	
C2|~blaB3-163_1|blaB3-163_1|LCS|Ruppe_2019|MC3.MG90.AS1.GP1.C12957.G2	blaB3	L	C	S	Ruppe_2019	Ruppe_2019-1|3734716|16|Human-Microbiome-3.9M-Gene-Catalog-(metahit-v2)|MC3.MG90.AS1.GP1.C12957.G2|blab3	L	
C2|~blaB3-164_1|blaB3-164_1|LCS|Ruppe_2019|MC3.MG288.AS1.GP1.C11138.G1	blaB3	L	C	S	Ruppe_2019	Ruppe_2019-1|1907284|16|Human-Microbiome-3.9M-Gene-Catalog-(metahit-v2)|MC3.MG288.AS1.GP1.C11138.G1|blab3	L	
C2|~blaA-357_1|blaA-357_1|LCS|Ruppe_2019|BAA02176.1	blaA	L	C	S	Ruppe_2019	Ruppe_2019-7398|3876792|12|ARD-reference-gene-catalog|BAA02176.1|blaa	L	
C2|~blaA-358_1|blaA-358_1|LCS|Ruppe_2019|CAA31933.1	blaA	L	C	S	Ruppe_2019	Ruppe_2019-7398|3876788|12|ARD-reference-gene-catalog|CAA31933.1|blaa	L	
C2|~blaA-361_1|blaA-361_1|LCS|Ruppe_2019|MC3.MG218.AS1.GP1.C8657.G1	blaA	L	C	S	Ruppe_2019	Ruppe_2019-1|1362671|12|Human-Microbiome-3.9M-Gene-Catalog-(metahit-v2)|MC3.MG218.AS1.GP1.C8657.G1|blaa	L	
C2|~aph-58_1|aph-58_1|LCS|Ruppe_2019|MC3.MG320.AS1.GP1.C19861.G1	aph	L	C	S	Ruppe_2019	Ruppe_2019-1|2298189|8|Human-Microbiome-3.9M-Gene-Catalog-(metahit-v2)|MC3.MG320.AS1.GP1.C19861.G1|aph	L	
C2|~aph2b-21_1|aph2b-21_1|LCP|Li_2025|k141_22403_seq1_1	aph2b	L	C	P	Li_2025	Li_2025-aminoglycoside_model_g|swine|k141_22403_seq1_1	L	
C2|~blaB3-165_1|blaB3-165_1|LCP|Li_2025|k141_1006255_seq1_1	blaB3	L	C	P	Li_2025	Li_2025-class_b_3|swine|k141_1006255_seq1_1	L	
C2|~blaA1-193_1|blaA1-193_1|LCP|Li_2025|k141_1103413_seq1_1	blaA1	L	C	P	Li_2025	Li_2025-class_a|swine|k141_1103413_seq1_1	L	
C2|~blaA1-194_1|blaA1-194_1|LCP|Li_2025|k141_849516_seq1_1	blaA1	L	C	P	Li_2025	Li_2025-class_a|swine|k141_849516_seq1_1	L	
C2|~blaA1-195_1|blaA1-195_1|LCP|Li_2025|k141_691157_seq1_1	blaA1	L	C	P	Li_2025	Li_2025-class_a|swine|k141_691157_seq1_1	L	
C2|~blaD2-147_1|blaD2-147_1|LCP|Li_2025|k141_369565_seq1_1	blaD2	L	C	P	Li_2025	Li_2025-class_d_2|chicken|k141_369565_seq1_1	L	
C2|~aph2b-22_1|aph2b-22_1|LCP|Li_2025|k141_863443_seq1_1	aph2b	L	C	P	Li_2025	Li_2025-aminoglycoside_model_g|cattle|k141_863443_seq1_1	L	
C2|~aac3-70_1|aac3-70_1|LCP|Li_2025|k141_451961_seq1_1	aac3	L	C	P	Li_2025	Li_2025-aminoglycoside_model_c|cattle|k141_451961_seq1_1	L	
C2|~blaB3-166_1|blaB3-166_1|LCP|Li_2025|k141_1729617_seq1_1	blaB3	L	C	P	Li_2025	Li_2025-class_b_3|cattle|k141_1729617_seq1_1	L	
C2|~blaB3-167_1|blaB3-167_1|LCP|Li_2025|k141_1483200_seq1_1	blaB3	L	C	P	Li_2025	Li_2025-class_b_3|cattle|k141_1483200_seq1_1	L	
C2|~blaB3-168_1|blaB3-168_1|LCP|Li_2025|k141_2983366_seq1_1	blaB3	L	C	P	Li_2025	Li_2025-class_b_3|cattle|k141_2983366_seq1_1	L	
C2|~blaB3-169_1|blaB3-169_1|LCP|Li_2025|k141_370539_seq1_1	blaB3	L	C	P	Li_2025	Li_2025-class_b_3|cattle|k141_370539_seq1_1	L	
C2|~blaA1-196_1|blaA1-196_1|LCP|Li_2025|k141_4813629_seq1_1	blaA1	L	C	P	Li_2025	Li_2025-class_a|cattle|k141_4813629_seq1_1	L	
C2|~blaA1-197_1|blaA1-197_1|LCP|Li_2025|k141_334755_seq1_1	blaA1	L	C	P	Li_2025	Li_2025-class_a|cattle|k141_334755_seq1_1	L	
C2|~blaB3-170_1|blaB3-170_1|LCP|CocheMiranda_2026|CocheMiranda_2026_1815354_len_342_MetaAn_63	blaB3	L	C	P	CocheMiranda_2026	CocheMiranda_2026-fARgene_CocheMiranda_2026.faa_class_b_3-CocheMiranda_2026_1815354_len_342_MetaAn_63	L	
C2|~blaB3-fARgene_1|blaB3-fARgene_1|LCP|CocheMiranda_2026|CocheMiranda_2026_SPA_MetaAn_65_l314_st498_e1439_se	blaB3	L	C	P	CocheMiranda_2026	CocheMiranda_2026-fARgene_CocheMiranda_2026.faa_class_b_3-CocheMiranda_2026_SPA_MetaAn_65_l314_st498_e1439_se-1_ID=119345_2	L	
C2|~blaA1-198_1|blaA1-198_1|LCP|CocheMiranda_2026|CocheMiranda_2026_SPA_MetaAn_17_l315_st2386_e3330_se1_ID=52059_4	blaA1	L	C	P	CocheMiranda_2026	CocheMiranda_2026-fARgene_CocheMiranda_2026.faa_class_a-CocheMiranda_2026_SPA_MetaAn_17_l315_st2386_e3330_se1_ID=52059_4	L	
C2|~blaD-6_1|blaD-6_1|LCP|Victor_2025b|Class_DNSF45D	blaD	L	C	P	Victor_2025b	Victor_2025b-Class_DNSF45D	L	
C2|~blaB1-92_1|blaB1-92_1|LCP|Victor_2025b|Class_B1B2NSF20B1B2	blaB1	L	C	P	Victor_2025b	Victor_2025b-Class_B1B2NSF20B1B2	L	
C2|~blaB3-171_1|blaB3-171_1|LCS|Ruppe_2019|MC3.MG247.AS1.GP1.C2245.G2	blaB3	L	C	S	Ruppe_2019	Ruppe_2019-1|1582844|16|Human-Microbiome-3.9M-Gene-Catalog-(metahit-v2)|MC3.MG247.AS1.GP1.C2245.G2|blab3	L	
C2|~blaB-15_1|blaB-15_1|LCS|Ruppe_2019|S07_PE_429_KJ693334_1_1	blaB	L	C	S	Ruppe_2019	Ruppe_2019-3|3874021|13|ARD-Forsberg-gene-catalog|S07_PE_429_KJ693334_1_1|blab	L	
C2|~blaA-363_1|blaA-363_1|LCS|Ruppe_2019|MC3.MG139.AS1.GP1.C14168.G2	blaA	L	C	S	Ruppe_2019	Ruppe_2019-1|595652|12|Human-Microbiome-3.9M-Gene-Catalog-(metahit-v2)|MC3.MG139.AS1.GP1.C14168.G2|blaa	L	
C2|~aph-59_1|aph-59_1|LCS|Ruppe_2019|MC3.MG37.AS1.GP1.C25126.G4	aph	L	C	S	Ruppe_2019	Ruppe_2019-1|2922073|8|Human-Microbiome-3.9M-Gene-Catalog-(metahit-v2)|MC3.MG37.AS1.GP1.C25126.G4|aph	L	
C2|~aph-60_1|aph-60_1|LCS|Ruppe_2019|MC3.MG324.AS1.GP1.C19389.G2	aph	L	C	S	Ruppe_2019	Ruppe_2019-1|2380984|8|Human-Microbiome-3.9M-Gene-Catalog-(metahit-v2)|MC3.MG324.AS1.GP1.C19389.G2|aph	L	
C2|~aph-61_1|aph-61_1|LCS|Ruppe_2019|MC3.MG208.AS1.GP1.C15395.G11	aph	L	C	S	Ruppe_2019	Ruppe_2019-1|1281115|8|Human-Microbiome-3.9M-Gene-Catalog-(metahit-v2)|MC3.MG208.AS1.GP1.C15395.G11|aph	L	
C2|~ant-20_1|ant-20_1|LCS|Ruppe_2019|MC3.MG100.AS1.GP1.C3447.G2	ant	L	C	S	Ruppe_2019	Ruppe_2019-1|31308|7|Human-Microbiome-3.9M-Gene-Catalog-(metahit-v2)|MC3.MG100.AS1.GP1.C3447.G2|ant	L	
C2|~aph6-43_1|aph6-43_1|LMP|Li_2025|k141_90622_seq1_1	aph6	L	M	P	Li_2025	Li_2025-aminoglycoside_model_i|swine|k141_90622_seq1_1	L	
C2|~aph6-44_1|aph6-44_1|LCP|Li_2025|k141_928695_seq1_1	aph6	L	C	P	Li_2025	Li_2025-aminoglycoside_model_i|swine|k141_928695_seq1_1	L	
C2|~blaA1-199_1|blaA1-199_1|LCP|Li_2025|k141_31039_seq1_1	blaA1	L	C	P	Li_2025	Li_2025-class_a|swine|k141_31039_seq1_1	L	
C2|~aph6-46_1|aph6-46_1|LCP|Li_2025|k141_291787_seq1_1	aph6	L	C	P	Li_2025	Li_2025-aminoglycoside_model_i|chicken|k141_291787_seq1_1	L	
C2|~aph6-47_1|aph6-47_1|LCP|Li_2025|k141_14595_seq1_1	aph6	L	C	P	Li_2025	Li_2025-aminoglycoside_model_i|chicken|k141_14595_seq1_1	L	
C2|~blaA1-200_1|blaA1-200_1|LCP|Li_2025|k119_165679_seq1_1	blaA1	L	C	P	Li_2025	Li_2025-class_a|chicken|k119_165679_seq1_1	L	
C2|~blaA1-201_1|blaA1-201_1|LCP|Li_2025|k141_157813_seq1_1	blaA1	L	C	P	Li_2025	Li_2025-class_a|chicken|k141_157813_seq1_1	L	
C2|~blaA1-202_1|blaA1-202_1|LCP|Li_2025|k141_86808_seq1_1	blaA1	L	C	P	Li_2025	Li_2025-class_a|chicken|k141_86808_seq1_1	L	
C2|~aph6-49_1|aph6-49_1|LCP|Li_2025|k141_197474_seq1_1	aph6	L	C	P	Li_2025	Li_2025-aminoglycoside_model_i|cattle|k141_197474_seq1_1	L	
C2|~aph2b-23_1|aph2b-23_1|LCP|Li_2025|k141_334561_seq1_1	aph2b	L	C	P	Li_2025	Li_2025-aminoglycoside_model_g|cattle|k141_334561_seq1_1	L	
C2|~mph-25_1|mph-25_1|LCP|Li_2025|k141_279747_seq1_1	mph	L	C	P	Li_2025	Li_2025-mph|cattle|k141_279747_seq1_1	L	
C2|~blaB3-173_1|blaB3-173_1|LCP|Li_2025|k141_45631_seq1_1	blaB3	L	C	P	Li_2025	Li_2025-class_b_3|cattle|k141_45631_seq1_1	L	
C2|~blaB3-174_1|blaB3-174_1|LCP|Li_2025|k141_260019_seq1_1	blaB3	L	C	P	Li_2025	Li_2025-class_b_3|cattle|k141_260019_seq1_1	L	
C2|~blaA1-203_1|blaA1-203_1|LCP|Li_2025|k141_39335_seq1_1	blaA1	L	C	P	Li_2025	Li_2025-class_a|cattle|k141_39335_seq1_1	L	
C2|~blaA1-fARgene_13|blaA1-fARgene_13|LCP|CocheMiranda_2026|CocheMiranda_2026_SPA_MetaAn_17_l337_st902_e1912_se	blaA1	L	C	P	CocheMiranda_2026	CocheMiranda_2026-fARgene_CocheMiranda_2026.faa_class_a-CocheMiranda_2026_SPA_MetaAn_17_l337_st902_e1912_se-1_ID=125791_2	L	
C2|~blaA1-204_1|blaA1-204_1|LCP|Victor_2025|HoFCLASS_a_sequ58ence	blaA1	L	C	P	Victor_2025	Victor_2025-HoFCLASS_a_sequ58ence	L	
C2|~aph6-50_1|aph6-50_1|LCP|Victor_2025|HoAAMG_I_sequ8ence	aph6	L	C	P	Victor_2025	Victor_2025-HoAAMG_I_sequ8ence	L	
C2|~aph3p-35_1|aph3p-35_1|LCP|Victor_2025|HoAAMG_H_sequ3ence	aph3p	L	C	P	Victor_2025	Victor_2025-HoAAMG_H_sequ3ence	L	
C2|~aph-62_1|aph-62_1|LCS|Ruppe_2019|MC3.MG122.AS1.GP1.C51197.G55	aph	L	C	S	Ruppe_2019	Ruppe_2019-1|391868|8|Human-Microbiome-3.9M-Gene-Catalog-(metahit-v2)|MC3.MG122.AS1.GP1.C51197.G55|aph	L	
C2|~blaB3-175_1|blaB3-175_1|LCP|Li_2025|k141_96439_seq1_1	blaB3	L	C	P	Li_2025	Li_2025-class_b_3|chicken|k141_96439_seq1_1	L	
C2|~blaA1-205_1|blaA1-205_1|LCP|Li_2025|k141_731647_seq1_1	blaA1	L	C	P	Li_2025	Li_2025-class_a|chicken|k141_731647_seq1_1	L	
C2|~blaA1-206_1|blaA1-206_1|LCP|Li_2025|k141_1050831_seq1_1	blaA1	L	C	P	Li_2025	Li_2025-class_a|chicken|k141_1050831_seq1_1	L	
C2|~blaA1-207_1|blaA1-207_1|LCP|Li_2025|k141_344187_seq1_1	blaA1	L	C	P	Li_2025	Li_2025-class_a|chicken|k141_344187_seq1_1	L	
C2|~blaA1-208_1|blaA1-208_1|LCP|Li_2025|k141_454279_seq1_1	blaA1	L	C	P	Li_2025	Li_2025-class_a|chicken|k141_454279_seq1_1	L	
C2|~blaA1-209_1|blaA1-209_1|LCP|Li_2025|k141_46392_seq1_1	blaA1	L	C	P	Li_2025	Li_2025-class_a|chicken|k141_46392_seq1_1	L	
C2|~aph6-51_1|aph6-51_1|LCP|Li_2025|k141_305174_seq1_1	aph6	L	C	P	Li_2025	Li_2025-aminoglycoside_model_i|cattle|k141_305174_seq1_1	L	
C2|~blaB3-176_1|blaB3-176_1|LCP|Li_2025|k141_36765_seq1_1	blaB3	L	C	P	Li_2025	Li_2025-class_b_3|cattle|k141_36765_seq1_1	L	
C2|~blaA1-210_1|blaA1-210_1|LCP|Li_2025|k119_5444_seq1_1	blaA1	L	C	P	Li_2025	Li_2025-class_a|cattle|k119_5444_seq1_1	L	
C2|~blaA1-211_1|blaA1-211_1|LCP|Li_2025|k141_241597_seq1_1	blaA1	L	C	P	Li_2025	Li_2025-class_a|cattle|k141_241597_seq1_1	L	
C2|~blaB3-fARgene_3|blaB3-fARgene_3|LCP|CocheMiranda_2026|CocheMiranda_2026_SPA_MetaAn_50_l323_st1092_e2060_se	blaB3	L	C	P	CocheMiranda_2026	CocheMiranda_2026-fARgene_CocheMiranda_2026.faa_class_b_3-CocheMiranda_2026_SPA_MetaAn_50_l323_st1092_e2060_se-1_ID=58644_2	L	
C2|~blaA1-212_1|blaA1-212_1|LCP|CocheMiranda_2026|CocheMiranda_2026_39657678_len_328_MetaAn_74	blaA1	L	C	P	CocheMiranda_2026	CocheMiranda_2026-fARgene_CocheMiranda_2026.faa_class_a-CocheMiranda_2026_39657678_len_328_MetaAn_74	L	
C2|~blaD-7_1|blaD-7_1|LCP|Victor_2025b|Class_DNSF90D	blaD	L	C	P	Victor_2025b	Victor_2025b-Class_DNSF90D	L	
C2|~blaB3-179_1|blaB3-179_1|LCP|Victor_2025b|Class_B3NSF7B3	blaB3	L	C	P	Victor_2025b	Victor_2025b-Class_B3NSF7B3	L	
C2|~blaB-16_1|blaB-16_1|LCS|Ruppe_2019|S10_CX_10_KJ694457_1_1	blaB	L	C	S	Ruppe_2019	Ruppe_2019-3|3874020|13|ARD-Forsberg-gene-catalog|S10_CX_10_KJ694457_1_1|blab	L	
C2|~aph-63_1|aph-63_1|LCS|Ruppe_2019|MC3.MG359.AS1.GP1.C35354.G13	aph	L	C	S	Ruppe_2019	Ruppe_2019-1|2782018|8|Human-Microbiome-3.9M-Gene-Catalog-(metahit-v2)|MC3.MG359.AS1.GP1.C35354.G13|aph	L	
C2|~aac3-71_1|aac3-71_1|LCS|Ruppe_2019|MC3.MG14.AS1.GP1.C21224.G3	aac3	L	C	S	Ruppe_2019	Ruppe_2019-1|616294|5|Human-Microbiome-3.9M-Gene-Catalog-(metahit-v2)|MC3.MG14.AS1.GP1.C21224.G3|aac3_2	L	
C2|~aph6-52_1|aph6-52_1|LCP|Li_2025|k141_45892_seq1_1	aph6	L	C	P	Li_2025	Li_2025-aminoglycoside_model_i|chicken|k141_45892_seq1_1	L	
C2|~aph6-53_1|aph6-53_1|LCP|Li_2025|k141_101211_seq1_1	aph6	L	C	P	Li_2025	Li_2025-aminoglycoside_model_i|chicken|k141_101211_seq1_1	L	
C2|~aph6-54_1|aph6-54_1|LCP|Li_2025|k141_255089_seq1_1	aph6	L	C	P	Li_2025	Li_2025-aminoglycoside_model_i|chicken|k141_255089_seq1_1	L	
C2|~aph2b-24_1|aph2b-24_1|LCP|Li_2025|k141_192411_seq1_1	aph2b	L	C	P	Li_2025	Li_2025-aminoglycoside_model_g|chicken|k141_192411_seq1_1	L	
C2|~erm-107_1|erm-107_1|LCP|Li_2025|k119_66408_seq1_1	erm	L	C	P	Li_2025	Li_2025-erm_type_f|chicken|k119_66408_seq1_1	L	
C2|~blaA1-215_1|blaA1-215_1|LCP|Li_2025|k141_175311_seq1_1	blaA1	L	C	P	Li_2025	Li_2025-class_a|chicken|k141_175311_seq1_1	L	
C2|~blaA1-216_1|blaA1-216_1|LCP|Li_2025|k119_133657_seq1_1	blaA1	L	C	P	Li_2025	Li_2025-class_a|chicken|k119_133657_seq1_1	L	
C2|~blaA1-217_1|blaA1-217_1|LCP|Li_2025|k141_393658_seq1_1	blaA1	L	C	P	Li_2025	Li_2025-class_a|chicken|k141_393658_seq1_1	L	
C2|~aph6-55_1|aph6-55_1|LCP|Li_2025|k141_140947_seq1_1	aph6	L	C	P	Li_2025	Li_2025-aminoglycoside_model_i|cattle|k141_140947_seq1_1	L	
C2|~aph3p-36_1|aph3p-36_1|LCP|Li_2025|k141_436433_seq1_1	aph3p	L	C	P	Li_2025	Li_2025-aminoglycoside_model_h|cattle|k141_436433_seq1_1	L	
C2|~blaA1-218_1|blaA1-218_1|LCP|Li_2025|k141_34759_seq1_1	blaA1	L	C	P	Li_2025	Li_2025-class_a|cattle|k141_34759_seq1_1	L	
C2|~blaA1-219_1|blaA1-219_1|LCP|Li_2025|k141_199025_seq1_1	blaA1	L	C	P	Li_2025	Li_2025-class_a|cattle|k141_199025_seq1_1	L	
C2|~blaB3-181_1|blaB3-181_1|LCP|CocheMiranda_2026|CocheMiranda_2026_SPA_MetaAn_17_l311_st2880_e3812_se1_ID=155_3	blaB3	L	C	P	CocheMiranda_2026	CocheMiranda_2026-fARgene_CocheMiranda_2026.faa_class_b_3-CocheMiranda_2026_SPA_MetaAn_17_l311_st2880_e3812_se1_ID=155_3	L	
C2|~blaA1-fARgene_14|blaA1-fARgene_14|LCP|CocheMiranda_2026|CocheMiranda_2026_SPA_MetaAn_21_l314_st358_e1299_se	blaA1	L	C	P	CocheMiranda_2026	CocheMiranda_2026-fARgene_CocheMiranda_2026.faa_class_a-CocheMiranda_2026_SPA_MetaAn_21_l314_st358_e1299_se-1_ID=13580_3	L	
C2|~aph3p-37_1|aph3p-37_1|LMP|Victor_2025|SeFAMG_H_sequ9ence	aph3p	L	M	P	Victor_2025	Victor_2025-SeFAMG_H_sequ9ence	L	
C2|~blaD-8_1|blaD-8_1|LCS|Ruppe_2019|MC3.MG321.AS1.GP1.C60872.G1	blaD	L	C	S	Ruppe_2019	Ruppe_2019-1|2361653|18|Human-Microbiome-3.9M-Gene-Catalog-(metahit-v2)|MC3.MG321.AS1.GP1.C60872.G1|blad	L	
C2|~blaB2-1_1|blaB2-1_1|LCS|Ruppe_2019|WP_010880604.1	blaB2	L	C	S	Ruppe_2019	Ruppe_2019-7398|3875436|15|ARD-reference-gene-catalog|WP_010880604.1|blab2	L	
C2|~blaA-366_1|blaA-366_1|LCS|Ruppe_2019|MC3.MG56.AS1.GP1.C3460.G13	blaA	L	C	S	Ruppe_2019	Ruppe_2019-1|3390822|12|Human-Microbiome-3.9M-Gene-Catalog-(metahit-v2)|MC3.MG56.AS1.GP1.C3460.G13|blaa	L	
C2|~blaA-367_1|blaA-367_1|LCS|Ruppe_2019|MC3.MG45.AS1.GP1.C20846.G4	blaA	L	C	S	Ruppe_2019	Ruppe_2019-1|3290867|12|Human-Microbiome-3.9M-Gene-Catalog-(metahit-v2)|MC3.MG45.AS1.GP1.C20846.G4|blaa	L	
C2|~blaA-368_1|blaA-368_1|LCS|Ruppe_2019|MC3.MG375.AS1.GP1.C30039.G2	blaA	L	C	S	Ruppe_2019	Ruppe_2019-1|2962113|12|Human-Microbiome-3.9M-Gene-Catalog-(metahit-v2)|MC3.MG375.AS1.GP1.C30039.G2|blaa	L	
C2|~aph-64_1|aph-64_1|LCS|Ruppe_2019|S14_GE_5_KJ695257_1_5	aph	L	C	S	Ruppe_2019	Ruppe_2019-3|3873813|8|ARD-Forsberg-gene-catalog|S14_GE_5_KJ695257_1_5|aph	L	
C2|~aph-65_1|aph-65_1|LCS|Ruppe_2019|MC3.MG321.AS1.GP1.C17421.G1	aph	L	C	S	Ruppe_2019	Ruppe_2019-1|2319066|8|Human-Microbiome-3.9M-Gene-Catalog-(metahit-v2)|MC3.MG321.AS1.GP1.C17421.G1|aph	L	
C2|~aph-67_1|aph-67_1|LCS|Ruppe_2019|MC3.MG256.AS1.GP1.C13323.G1	aph	L	C	S	Ruppe_2019	Ruppe_2019-1|1669004|8|Human-Microbiome-3.9M-Gene-Catalog-(metahit-v2)|MC3.MG256.AS1.GP1.C13323.G1|aph	L	
C2|~aph-68_1|aph-68_1|LCS|Ruppe_2019|MC3.MG140.AS1.GP1.C21989.G10	aph	L	C	S	Ruppe_2019	Ruppe_2019-1|630700|8|Human-Microbiome-3.9M-Gene-Catalog-(metahit-v2)|MC3.MG140.AS1.GP1.C21989.G10|aph	L	
C2|~blaA1-220_1|blaA1-220_1|LCP|Li_2025|k99_142832_seq1_1	blaA1	L	C	P	Li_2025	Li_2025-class_a|swine|k99_142832_seq1_1	L	
C2|~blaA1-221_1|blaA1-221_1|LCP|Li_2025|k141_895843_seq1_1	blaA1	L	C	P	Li_2025	Li_2025-class_a|swine|k141_895843_seq1_1	L	
C2|~aph6-58_1|aph6-58_1|LCP|Li_2025|k141_16421_seq1_1	aph6	L	C	P	Li_2025	Li_2025-aminoglycoside_model_i|chicken|k141_16421_seq1_1	L	
C2|~aph6-59_1|aph6-59_1|LCP|Li_2025|k141_486750_seq1_1	aph6	L	C	P	Li_2025	Li_2025-aminoglycoside_model_i|chicken|k141_486750_seq1_1	L	
C2|~aph3p-38_1|aph3p-38_1|LMP|Li_2025|k141_172183_seq1_1	aph3p	L	M	P	Li_2025	Li_2025-aminoglycoside_model_h|chicken|k141_172183_seq1_1	L	
C2|~mph-26_1|mph-26_1|LCP|Li_2025|k141_302430_seq1_1	mph	L	C	P	Li_2025	Li_2025-mph|chicken|k141_302430_seq1_1	L	
C2|~mph-27_1|mph-27_1|LCP|Li_2025|k141_303366_seq1_1	mph	L	C	P	Li_2025	Li_2025-mph|chicken|k141_303366_seq1_1	L	
C2|~blaA1-222_1|blaA1-222_1|LCP|Li_2025|k141_17381_seq1_1	blaA1	L	C	P	Li_2025	Li_2025-class_a|chicken|k141_17381_seq1_1	L	
C2|~blaA1-223_1|blaA1-223_1|LCP|Li_2025|k141_14961_seq1_1	blaA1	L	C	P	Li_2025	Li_2025-class_a|chicken|k141_14961_seq1_1	L	
C2|~aph2b-25_1|aph2b-25_1|LCP|Li_2025|k141_544330_seq1_1	aph2b	L	C	P	Li_2025	Li_2025-aminoglycoside_model_g|cattle|k141_544330_seq1_1	L	
C2|~blaB3-184_1|blaB3-184_1|LCP|Li_2025|k141_267003_seq1_1	blaB3	L	C	P	Li_2025	Li_2025-class_b_3|cattle|k141_267003_seq1_1	L	
C2|~blaA1-225_1|blaA1-225_1|LCP|Li_2025|k141_512922_seq1_1	blaA1	L	C	P	Li_2025	Li_2025-class_a|cattle|k141_512922_seq1_1	L	
C2|~blaA1-226_1|blaA1-226_1|LCP|Li_2025|k141_487529_seq1_1	blaA1	L	C	P	Li_2025	Li_2025-class_a|cattle|k141_487529_seq1_1	L	
C2|~blaA1-227_1|blaA1-227_1|LCP|Li_2025|k141_486025_seq1_1	blaA1	L	C	P	Li_2025	Li_2025-class_a|cattle|k141_486025_seq1_1	L	
C2|~blaA1-228_1|blaA1-228_1|LCP|Li_2025|k141_7105_seq1_1	blaA1	L	C	P	Li_2025	Li_2025-class_a|cattle|k141_7105_seq1_1	L	
C2|~blaB3-fARgene_5|blaB3-fARgene_5|LCP|CocheMiranda_2026|CocheMiranda_2026_SPA_MetaAn_53_l309_st775_e1701_se	blaB3	L	C	P	CocheMiranda_2026	CocheMiranda_2026-fARgene_CocheMiranda_2026.faa_class_b_3-CocheMiranda_2026_SPA_MetaAn_53_l309_st775_e1701_se-1_ID=13354_2	L	
C2|~blaB3-185_2|blaB3-185_2|LCP|CocheMiranda_2026|CocheMiranda_2026_5388616_len_310_MetaAn_58	blaB3	L	C	P	CocheMiranda_2026	CocheMiranda_2026-fARgene_CocheMiranda_2026.faa_class_b_3-CocheMiranda_2026_5388616_len_310_MetaAn_58	L	
C2|~aph6-60_1|aph6-60_1|LCP|Victor_2025|SeFAMG_I_sequ6ence	aph6	L	C	P	Victor_2025	Victor_2025-SeFAMG_I_sequ6ence	L	
C2|~blaB3-192_1|blaB3-192_1|LCP|Victor_2025b|Class_B3NSF15B3	blaB3	L	C	P	Victor_2025b	Victor_2025b-Class_B3NSF15B3	L	
C2|~blaA-369_1|blaA-369_1|LCS|Ruppe_2019|AAA26709.1	blaA	L	C	S	Ruppe_2019	Ruppe_2019-7398|3876793|12|ARD-reference-gene-catalog|AAA26709.1|blaa	L	
C2|~blaA-370_1|blaA-370_1|LCS|Ruppe_2019|S07_CZ_16_KJ693186_1_5	blaA	L	C	S	Ruppe_2019	Ruppe_2019-3|3873861|12|ARD-Forsberg-gene-catalog|S07_CZ_16_KJ693186_1_5|blaa	L	
C2|~blaA-372_1|blaA-372_1|LCS|Ruppe_2019|MC3.MG378.AS1.GP1.C58050.G13	blaA	L	C	S	Ruppe_2019	Ruppe_2019-1|3044118|12|Human-Microbiome-3.9M-Gene-Catalog-(metahit-v2)|MC3.MG378.AS1.GP1.C58050.G13|blaa	L	
C2|~blaA-374_1|blaA-374_1|LCS|Ruppe_2019|MC3.MG338.AS1.GP1.C68538.G7	blaA	L	C	S	Ruppe_2019	Ruppe_2019-1|2559933|12|Human-Microbiome-3.9M-Gene-Catalog-(metahit-v2)|MC3.MG338.AS1.GP1.C68538.G7|blaa	L	
C2|~blaA-375_1|blaA-375_1|LCS|Ruppe_2019|MC3.MG205.AS1.GP1.C12549.G3	blaA	L	C	S	Ruppe_2019	Ruppe_2019-1|1230279|12|Human-Microbiome-3.9M-Gene-Catalog-(metahit-v2)|MC3.MG205.AS1.GP1.C12549.G3|blaa	L	
C2|~aph-69_1|aph-69_1|LCS|Ruppe_2019|MC3.MG87.AS1.GP1.C963.G3	aph	L	C	S	Ruppe_2019	Ruppe_2019-1|3697905|8|Human-Microbiome-3.9M-Gene-Catalog-(metahit-v2)|MC3.MG87.AS1.GP1.C963.G3|aph	L	
C2|~aph-70_1|aph-70_1|LCS|Ruppe_2019|MC3.MG360.AS1.GP1.C37067.G3	aph	L	C	S	Ruppe_2019	Ruppe_2019-1|2803048|8|Human-Microbiome-3.9M-Gene-Catalog-(metahit-v2)|MC3.MG360.AS1.GP1.C37067.G3|aph	L	
C2|~aph-71_1|aph-71_1|LCS|Ruppe_2019|MC3.MG360.AS1.GP1.C35567.G1	aph	L	C	S	Ruppe_2019	Ruppe_2019-1|2802815|8|Human-Microbiome-3.9M-Gene-Catalog-(metahit-v2)|MC3.MG360.AS1.GP1.C35567.G1|aph	L	
C2|~ant-21_1|ant-21_1|LCS|Ruppe_2019|MC3.MG386.AS1.GP1.C7504.G5	ant	L	C	S	Ruppe_2019	Ruppe_2019-1|3170782|7|Human-Microbiome-3.9M-Gene-Catalog-(metahit-v2)|MC3.MG386.AS1.GP1.C7504.G5|ant	L	
C2|~aac3-72_1|aac3-72_1|LCS|Ruppe_2019|MC3.MG74.AS1.GP1.C6244.G2	aac3	L	C	S	Ruppe_2019	Ruppe_2019-1|3569183|5|Human-Microbiome-3.9M-Gene-Catalog-(metahit-v2)|MC3.MG74.AS1.GP1.C6244.G2|aac3_2	L	
C2|~aac3-73_1|aac3-73_1|LCS|Ruppe_2019|MC3.MG127.AS1.GP1.C9015.G3	aac3	L	C	S	Ruppe_2019	Ruppe_2019-1|453330|5|Human-Microbiome-3.9M-Gene-Catalog-(metahit-v2)|MC3.MG127.AS1.GP1.C9015.G3|aac3_2	L	
C2|~aph6-61_1|aph6-61_1|LCP|Li_2025|k141_17754_seq1_1	aph6	L	C	P	Li_2025	Li_2025-aminoglycoside_model_i|swine|k141_17754_seq1_1	L	
C2|~aph6-62_1|aph6-62_1|LCP|Li_2025|k141_353629_seq1_1	aph6	L	C	P	Li_2025	Li_2025-aminoglycoside_model_i|chicken|k141_353629_seq1_1	L	
C2|~mph-28_1|mph-28_1|LCP|Li_2025|k141_102054_seq1_1	mph	L	C	P	Li_2025	Li_2025-mph|chicken|k141_102054_seq1_1	L	
C2|~mph-29_1|mph-29_1|LCP|Li_2025|k141_237566_seq1_1	mph	L	C	P	Li_2025	Li_2025-mph|chicken|k141_237566_seq1_1	L	
C2|~blaA1-229_1|blaA1-229_1|LCP|Li_2025|k141_24632_seq1_1	blaA1	L	C	P	Li_2025	Li_2025-class_a|chicken|k141_24632_seq1_1	L	
C2|~blaA1-230_1|blaA1-230_1|LCP|Li_2025|k119_350610_seq1_1	blaA1	L	C	P	Li_2025	Li_2025-class_a|chicken|k119_350610_seq1_1	L	
C2|~blaA1-231_1|blaA1-231_1|LCP|Li_2025|k141_259_seq1_1	blaA1	L	C	P	Li_2025	Li_2025-class_a|chicken|k141_259_seq1_1	L	
C2|~blaB3-193_1|blaB3-193_1|LCP|Li_2025|k141_1478176_seq1_1	blaB3	L	C	P	Li_2025	Li_2025-class_b_3|cattle|k141_1478176_seq1_1	L	
C2|~blaB3-194_1|blaB3-194_1|LCP|Li_2025|k141_119077_seq1_1	blaB3	L	C	P	Li_2025	Li_2025-class_b_3|cattle|k141_119077_seq1_1	L	
C2|~blaB3-195_1|blaB3-195_1|LCP|Li_2025|k141_828988_seq1_1	blaB3	L	C	P	Li_2025	Li_2025-class_b_3|cattle|k141_828988_seq1_1	L	
C2|~blaA1-232_1|blaA1-232_1|LCP|Li_2025|k141_3588576_seq1_1	blaA1	L	C	P	Li_2025	Li_2025-class_a|cattle|k141_3588576_seq1_1	L	
C2|~blaA1-233_1|blaA1-233_1|LCP|Li_2025|k141_151701_seq1_1	blaA1	L	C	P	Li_2025	Li_2025-class_a|cattle|k141_151701_seq1_1	L	
C2|~blaA1-234_1|blaA1-234_1|LCP|Li_2025|k141_68806_seq1_1	blaA1	L	C	P	Li_2025	Li_2025-class_a|cattle|k141_68806_seq1_1	L	
C2|~blaB3-196_1|blaB3-196_1|LCP|CocheMiranda_2026|CocheMiranda_2026_61112837_len_309_MetaAn_17	blaB3	L	C	P	CocheMiranda_2026	CocheMiranda_2026-fARgene_CocheMiranda_2026.faa_class_b_3-CocheMiranda_2026_61112837_len_309_MetaAn_17	L	
C2|~blaB3-197_1|blaB3-197_1|LCP|CocheMiranda_2026|CocheMiranda_2026_10259042_len_309_MetaAn_47	blaB3	L	C	P	CocheMiranda_2026	CocheMiranda_2026-fARgene_CocheMiranda_2026.faa_class_b_3-CocheMiranda_2026_10259042_len_309_MetaAn_47	L	
C2|~blaB3-203_1|blaB3-203_1|LCP|CocheMiranda_2026|CocheMiranda_2026_5492812_len_332_MetaAn_50	blaB3	L	C	P	CocheMiranda_2026	CocheMiranda_2026-fARgene_CocheMiranda_2026.faa_class_b_3-CocheMiranda_2026_5492812_len_332_MetaAn_50	L	
C2|~blaA1-236_4|blaA1-236_4|LCP|CocheMiranda_2026|CocheMiranda_2026_5380117_len_337_MetaAn_74	blaA1	L	C	P	CocheMiranda_2026	CocheMiranda_2026-fARgene_CocheMiranda_2026.faa_class_a-CocheMiranda_2026_5380117_len_337_MetaAn_74	L	
C2|~blaA1-238_1|blaA1-238_1|LCP|CocheMiranda_2026|CocheMiranda_2026_35070072_len_316_MetaAn_68	blaA1	L	C	P	CocheMiranda_2026	CocheMiranda_2026-fARgene_CocheMiranda_2026.faa_class_a-CocheMiranda_2026_35070072_len_316_MetaAn_68	L	
C2|~blaD2-149_1|blaD2-149_1|LCP|Victor_2025|SeFCLASS_d2_sequ17ence	blaD2	L	C	P	Victor_2025	Victor_2025-SeFCLASS_d2_sequ17ence	L	
C2|~blaA1-239_1|blaA1-239_1|LCP|Victor_2025|SeACLASS_a_sequ28ence	blaA1	L	C	P	Victor_2025	Victor_2025-SeACLASS_a_sequ28ence	L	
C2|~blaB3-204_1|blaB3-204_1|LCS|Ruppe_2019|MC3.MG43.AS1.GP1.C7341.G2	blaB3	L	C	S	Ruppe_2019	Ruppe_2019-1|3283651|16|Human-Microbiome-3.9M-Gene-Catalog-(metahit-v2)|MC3.MG43.AS1.GP1.C7341.G2|blab3	L	
C2|~blaA-376_1|blaA-376_1|LCS|Ruppe_2019|AAA26708.1	blaA	L	C	S	Ruppe_2019	Ruppe_2019-7398|3876794|12|ARD-reference-gene-catalog|AAA26708.1|blaa	L	
C2|~blaA-377_1|blaA-377_1|LCS|Ruppe_2019|MC3.MG87.AS1.GP1.C13212.G5	blaA	L	C	S	Ruppe_2019	Ruppe_2019-1|3673324|12|Human-Microbiome-3.9M-Gene-Catalog-(metahit-v2)|MC3.MG87.AS1.GP1.C13212.G5|blaa	L	
C2|~blaA-379_1|blaA-379_1|LCS|Ruppe_2019|MC3.MG193.AS1.GP1.C32655.G1	blaA	L	C	S	Ruppe_2019	Ruppe_2019-1|1113056|12|Human-Microbiome-3.9M-Gene-Catalog-(metahit-v2)|MC3.MG193.AS1.GP1.C32655.G1|blaa	L	
C2|~blaA-380_1|blaA-380_1|LCS|Ruppe_2019|MC3.MG113.AS1.GP1.C698.G2	blaA	L	C	S	Ruppe_2019	Ruppe_2019-1|190239|12|Human-Microbiome-3.9M-Gene-Catalog-(metahit-v2)|MC3.MG113.AS1.GP1.C698.G2|blaa	L	
C2|~blaA-381_1|blaA-381_1|LCS|Ruppe_2019|MC3.MG11.AS1.GP1.C2832.G8	blaA	L	C	S	Ruppe_2019	Ruppe_2019-1|139537|12|Human-Microbiome-3.9M-Gene-Catalog-(metahit-v2)|MC3.MG11.AS1.GP1.C2832.G8|blaa	L	
C2|~aph-73_1|aph-73_1|LMS|Ruppe_2019|MC3.MG60.AS1.GP1.C19845.G1	aph	L	M	S	Ruppe_2019	Ruppe_2019-1|3480865|8|Human-Microbiome-3.9M-Gene-Catalog-(metahit-v2)|MC3.MG60.AS1.GP1.C19845.G1|aph	L	
C2|~aph-74_1|aph-74_1|LCS|Ruppe_2019|MC3.MG316.AS1.GP1.C4331.G7	aph	L	C	S	Ruppe_2019	Ruppe_2019-1|2268244|8|Human-Microbiome-3.9M-Gene-Catalog-(metahit-v2)|MC3.MG316.AS1.GP1.C4331.G7|aph	L	
C2|~aph-75_1|aph-75_1|LCS|Ruppe_2019|MC3.MG239.AS1.GP1.C55846.G5	aph	L	C	S	Ruppe_2019	Ruppe_2019-1|1512068|8|Human-Microbiome-3.9M-Gene-Catalog-(metahit-v2)|MC3.MG239.AS1.GP1.C55846.G5|aph	L	
C2|~aac3-74_1|aac3-74_1|LCS|Ruppe_2019|MC3.MG98.AS1.GP1.C20393.G13	aac3	L	C	S	Ruppe_2019	Ruppe_2019-1|3841441|5|Human-Microbiome-3.9M-Gene-Catalog-(metahit-v2)|MC3.MG98.AS1.GP1.C20393.G13|aac3_2	L	
C2|~aac3-75_1|aac3-75_1|LCS|Ruppe_2019|MC3.MG373.AS1.GP1.C2318.G13	aac3	L	C	S	Ruppe_2019	Ruppe_2019-1|2942234|5|Human-Microbiome-3.9M-Gene-Catalog-(metahit-v2)|MC3.MG373.AS1.GP1.C2318.G13|aac3_2	L	
C2|~aph6-65_1|aph6-65_1|LCP|Li_2025|k141_137221_seq1_1	aph6	L	C	P	Li_2025	Li_2025-aminoglycoside_model_i|chicken|k141_137221_seq1_1	L	
C2|~blaA1-240_1|blaA1-240_1|LCP|Li_2025|k141_78465_seq1_1	blaA1	L	C	P	Li_2025	Li_2025-class_a|chicken|k141_78465_seq1_1	L	
C2|~blaA1-241_1|blaA1-241_1|LCP|Li_2025|k141_10232_seq1_1	blaA1	L	C	P	Li_2025	Li_2025-class_a|chicken|k141_10232_seq1_1	L	
C2|~blaA1-244_1|blaA1-244_1|LCP|Li_2025|k141_20726_seq1_1	blaA1	L	C	P	Li_2025	Li_2025-class_a|chicken|k141_20726_seq1_1	L	
C2|~blaA1-245_1|blaA1-245_1|LCP|Li_2025|k141_290272_seq1_1	blaA1	L	C	P	Li_2025	Li_2025-class_a|chicken|k141_290272_seq1_1	L	
C2|~blaA1-246_1|blaA1-246_1|LCP|Li_2025|k141_251279_seq1_1	blaA1	L	C	P	Li_2025	Li_2025-class_a|chicken|k141_251279_seq1_1	L	
C2|~aph6-66_1|aph6-66_1|LCP|Li_2025|k141_478502_seq1_1	aph6	L	C	P	Li_2025	Li_2025-aminoglycoside_model_i|cattle|k141_478502_seq1_1	L	
C2|~erm-109_1|erm-109_1|LCP|Li_2025|k141_532732_seq1_1	erm	L	C	P	Li_2025	Li_2025-erm_type_f|cattle|k141_532732_seq1_1	L	
C2|~blaA1-247_1|blaA1-247_1|LCP|Li_2025|k141_576016_seq1_1	blaA1	L	C	P	Li_2025	Li_2025-class_a|cattle|k141_576016_seq1_1	L	
C2|~blaA1-248_1|blaA1-248_1|LCP|Li_2025|k141_288079_seq1_1	blaA1	L	C	P	Li_2025	Li_2025-class_a|cattle|k141_288079_seq1_1	L	
C2|~blaA1-250_1|blaA1-250_1|LCP|Li_2025|k141_465607_seq1_1	blaA1	L	C	P	Li_2025	Li_2025-class_a|cattle|k141_465607_seq1_1	L	
C2|~blaB3-207_1|blaB3-207_1|LCP|CocheMiranda_2026|CocheMiranda_2026_SPA_MetaAn_84_l307_st5846_e6766_se1_ID=1142_5	blaB3	L	C	P	CocheMiranda_2026	CocheMiranda_2026-fARgene_CocheMiranda_2026.faa_class_b_3-CocheMiranda_2026_SPA_MetaAn_84_l307_st5846_e6766_se1_ID=1142_5	L	
C2|~blaA1-fARgene_15|blaA1-fARgene_15|LCP|CocheMiranda_2026|CocheMiranda_2026_SPA_MetaAn_28_l308_st97_e1020_se	blaA1	L	C	P	CocheMiranda_2026	CocheMiranda_2026-fARgene_CocheMiranda_2026.faa_class_a-CocheMiranda_2026_SPA_MetaAn_28_l308_st97_e1020_se-1_ID=29641_1	L	
C2|~aph6-67_1|aph6-67_1|LCP|Victor_2025|SeFAMG_I_sequ3ence	aph6	L	C	P	Victor_2025	Victor_2025-SeFAMG_I_sequ3ence	L	
C2|~blaA1-251_1|blaA1-251_1|LCP|Victor_2025|HoFCLASS_a_sequ40ence	blaA1	L	C	P	Victor_2025	Victor_2025-HoFCLASS_a_sequ40ence	L	
C2|~blaD-9_1|blaD-9_1|LCP|Victor_2025b|Class_DNSF49D	blaD	L	C	P	Victor_2025b	Victor_2025b-Class_DNSF49D	L	
C2|~blaB3-212_1|blaB3-212_1|LCP|Victor_2025b|Class_B3NSF20B3	blaB3	L	C	P	Victor_2025b	Victor_2025b-Class_B3NSF20B3	L	
C2|~blaB3-213_1|blaB3-213_1|LCP|Victor_2025b|Class_B3NSF3B3	blaB3	L	C	P	Victor_2025b	Victor_2025b-Class_B3NSF3B3	L	
C2|~blaB1-93_1|blaB1-93_1|LCS|Ruppe_2019|EFR58421_1	blaB1	L	C	S	Ruppe_2019	Ruppe_2019-7398|3875292|14|ARD-reference-gene-catalog|EFR58421_1|blab1	L	
C2|~blaB1-94_1|blaB1-94_1|LCS|Ruppe_2019|MC3.MG100.AS1.GP1.C12604.G3	blaB1	L	C	S	Ruppe_2019	Ruppe_2019-1|14016|14|Human-Microbiome-3.9M-Gene-Catalog-(metahit-v2)|MC3.MG100.AS1.GP1.C12604.G3|blab1	L	
C2|~blaA-382_1|blaA-382_1|LCS|Ruppe_2019|MC3.MG96.AS1.GP1.C36991.G27	blaA	L	C	S	Ruppe_2019	Ruppe_2019-1|3821425|12|Human-Microbiome-3.9M-Gene-Catalog-(metahit-v2)|MC3.MG96.AS1.GP1.C36991.G27|blaa	L	
C2|~blaA-383_1|blaA-383_1|LCS|Ruppe_2019|MC3.MG216.AS1.GP1.C51136.G2	blaA	L	C	S	Ruppe_2019	Ruppe_2019-1|1343272|12|Human-Microbiome-3.9M-Gene-Catalog-(metahit-v2)|MC3.MG216.AS1.GP1.C51136.G2|blaa	L	
C2|~blaA-384_1|blaA-384_1|LCS|Ruppe_2019|MC3.MG201.AS1.GP1.C5836.G2	blaA	L	C	S	Ruppe_2019	Ruppe_2019-1|1217319|12|Human-Microbiome-3.9M-Gene-Catalog-(metahit-v2)|MC3.MG201.AS1.GP1.C5836.G2|blaa	L	
C2|~blaA-385_1|blaA-385_1|LCS|Ruppe_2019|MC3.MG153.AS1.GP1.C27358.G14	blaA	L	C	S	Ruppe_2019	Ruppe_2019-1|771847|12|Human-Microbiome-3.9M-Gene-Catalog-(metahit-v2)|MC3.MG153.AS1.GP1.C27358.G14|blaa	L	
C2|~aph-76_1|aph-76_1|LCS|Ruppe_2019|MC3.MG344.AS1.GP1.C43773.G3	aph	L	C	S	Ruppe_2019	Ruppe_2019-1|2610510|8|Human-Microbiome-3.9M-Gene-Catalog-(metahit-v2)|MC3.MG344.AS1.GP1.C43773.G3|aph	L	
C2|~aph-78_1|aph-78_1|LCS|Ruppe_2019|MC3.MG255.AS1.GP1.C11103.G1	aph	L	C	S	Ruppe_2019	Ruppe_2019-1|1651561|8|Human-Microbiome-3.9M-Gene-Catalog-(metahit-v2)|MC3.MG255.AS1.GP1.C11103.G1|aph	L	
C2|~ant-22_1|ant-22_1|LMS|Ruppe_2019|MC3.MG255.AS1.GP1.C16615.G3	ant	L	M	S	Ruppe_2019	Ruppe_2019-1|1653881|7|Human-Microbiome-3.9M-Gene-Catalog-(metahit-v2)|MC3.MG255.AS1.GP1.C16615.G3|ant	L	
C2|~blaA1-252_1|blaA1-252_1|LCP|Li_2025|k141_1103825_seq1_1	blaA1	L	C	P	Li_2025	Li_2025-class_a|swine|k141_1103825_seq1_1	L	
C2|~aph6-68_1|aph6-68_1|LCP|Li_2025|k141_276151_seq1_1	aph6	L	C	P	Li_2025	Li_2025-aminoglycoside_model_i|chicken|k141_276151_seq1_1	L	
C2|~blaA1-254_1|blaA1-254_1|LCP|Li_2025|k119_64437_seq1_1	blaA1	L	C	P	Li_2025	Li_2025-class_a|chicken|k119_64437_seq1_1	L	
C2|~blaA1-255_1|blaA1-255_1|LCP|Li_2025|k141_136072_seq1_1	blaA1	L	C	P	Li_2025	Li_2025-class_a|chicken|k141_136072_seq1_1	L	
C2|~blaA1-256_1|blaA1-256_1|LCP|Li_2025|k141_238454_seq1_1	blaA1	L	C	P	Li_2025	Li_2025-class_a|chicken|k141_238454_seq1_1	L	
C2|~aph2b-26_1|aph2b-26_1|LMP|Li_2025|k141_672393_seq1_1	aph2b	L	M	P	Li_2025	Li_2025-aminoglycoside_model_g|cattle|k141_672393_seq1_1	L	
C2|~blaB3-215_1|blaB3-215_1|LCP|Li_2025|k141_358533_seq1_1	blaB3	L	C	P	Li_2025	Li_2025-class_b_3|cattle|k141_358533_seq1_1	L	
C2|~blaB3-216_1|blaB3-216_1|LCP|Li_2025|k141_20724_seq1_1	blaB3	L	C	P	Li_2025	Li_2025-class_b_3|cattle|k141_20724_seq1_1	L	
C2|~blaB3-217_1|blaB3-217_1|LCP|Li_2025|k141_7349_seq1_1	blaB3	L	C	P	Li_2025	Li_2025-class_b_3|cattle|k141_7349_seq1_1	L	
C2|~blaB3-218_1|blaB3-218_1|LCP|Li_2025|k141_1312849_seq1_1	blaB3	L	C	P	Li_2025	Li_2025-class_b_3|cattle|k141_1312849_seq1_1	L	
C2|~blaB3-219_1|blaB3-219_1|LCP|Li_2025|k141_1224207_seq1_1	blaB3	L	C	P	Li_2025	Li_2025-class_b_3|cattle|k141_1224207_seq1_1	L	
C2|~blaA1-257_1|blaA1-257_1|LCP|Li_2025|k141_1366013_seq1_1	blaA1	L	C	P	Li_2025	Li_2025-class_a|cattle|k141_1366013_seq1_1	L	
C2|~blaA1-258_1|blaA1-258_1|LCP|Li_2025|k141_1232416_seq1_1	blaA1	L	C	P	Li_2025	Li_2025-class_a|cattle|k141_1232416_seq1_1	L	
C2|~blaA1-260_1|blaA1-260_1|LCP|Li_2025|k141_96733_seq1_1	blaA1	L	C	P	Li_2025	Li_2025-class_a|cattle|k141_96733_seq1_1	L	
C2|~blaB3-226_1|blaB3-226_1|LCP|CocheMiranda_2026|CocheMiranda_2026_5419757_len_316_MetaAn_10	blaB3	L	C	P	CocheMiranda_2026	CocheMiranda_2026-fARgene_CocheMiranda_2026.faa_class_b_3-CocheMiranda_2026_5419757_len_316_MetaAn_10	L	
C2|~blaB3-227_1|blaB3-227_1|LCP|CocheMiranda_2026|CocheMiranda_2026_4668603_len_313_MetaAn_64	blaB3	L	C	P	CocheMiranda_2026	CocheMiranda_2026-fARgene_CocheMiranda_2026.faa_class_b_3-CocheMiranda_2026_4668603_len_313_MetaAn_64	L	
C2|~blaA1-261_1|blaA1-261_1|LCP|Victor_2025|HoFCLASS_a_sequ15ence	blaA1	L	C	P	Victor_2025	Victor_2025-HoFCLASS_a_sequ15ence	L	
C2|~blaA1-263_1|blaA1-263_1|LCP|Victor_2025|HiFCLASS_a_sequ53ence	blaA1	L	C	P	Victor_2025	Victor_2025-HiFCLASS_a_sequ53ence	L	
C2|~blaB3-228_1|blaB3-228_1|LCP|Victor_2025b|Class_B3NSF21B3	blaB3	L	C	P	Victor_2025b	Victor_2025b-Class_B3NSF21B3	L	
C2|~blaB3-229_1|blaB3-229_1|LCP|Victor_2025b|Class_B3NSF11B3	blaB3	L	C	P	Victor_2025b	Victor_2025b-Class_B3NSF11B3	L	
C2|~blaA1-264_1|blaA1-264_1|LCP|Victor_2025b|Class_ANSF22A	blaA1	L	C	P	Victor_2025b	Victor_2025b-Class_ANSF22A	L	
C2|~blaB1-95_1|blaB1-95_1|LCS|Ruppe_2019|MC3.MG6.AS1.GP1.C96641.G1	blaB1	L	C	S	Ruppe_2019	Ruppe_2019-1|3477013|14|Human-Microbiome-3.9M-Gene-Catalog-(metahit-v2)|MC3.MG6.AS1.GP1.C96641.G1|blab1	L	
C2|~blaA-388_1|blaA-388_1|LCS|Ruppe_2019|MC3.MG307.AS1.GP1.C38898.G18	blaA	L	C	S	Ruppe_2019	Ruppe_2019-1|2196196|12|Human-Microbiome-3.9M-Gene-Catalog-(metahit-v2)|MC3.MG307.AS1.GP1.C38898.G18|blaa	L	
C2|~aph-79_1|aph-79_1|LCS|Ruppe_2019|MC3.MG89.AS1.GP1.C22959.G60	aph	L	C	S	Ruppe_2019	Ruppe_2019-1|3708465|8|Human-Microbiome-3.9M-Gene-Catalog-(metahit-v2)|MC3.MG89.AS1.GP1.C22959.G60|aph	L	
C2|~aph6-70_1|aph6-70_1|LCP|Li_2025|k141_104621_seq1_1	aph6	L	C	P	Li_2025	Li_2025-aminoglycoside_model_i|swine|k141_104621_seq1_1	L	
C2|~blaA1-265_1|blaA1-265_1|LCP|Li_2025|k141_559473_seq1_1	blaA1	L	C	P	Li_2025	Li_2025-class_a|swine|k141_559473_seq1_1	L	
C2|~aph6-71_1|aph6-71_1|LCP|Li_2025|k141_573715_seq1_1	aph6	L	C	P	Li_2025	Li_2025-aminoglycoside_model_i|chicken|k141_573715_seq1_1	L	
C2|~mph-30_1|mph-30_1|LCP|Li_2025|k141_301831_seq1_1	mph	L	C	P	Li_2025	Li_2025-mph|chicken|k141_301831_seq1_1	L	
C2|~blaB3-230_1|blaB3-230_1|LCP|Li_2025|k141_21901_seq1_1	blaB3	L	C	P	Li_2025	Li_2025-class_b_3|chicken|k141_21901_seq1_1	L	
C2|~blaA1-267_1|blaA1-267_1|LCP|Li_2025|k141_315883_seq1_1	blaA1	L	C	P	Li_2025	Li_2025-class_a|chicken|k141_315883_seq1_1	L	
C2|~blaA1-269_1|blaA1-269_1|LCP|Li_2025|k141_460199_seq1_1	blaA1	L	C	P	Li_2025	Li_2025-class_a|chicken|k141_460199_seq1_1	L	
C2|~aph2b-27_1|aph2b-27_1|LMP|Li_2025|k141_632890_seq1_1	aph2b	L	M	P	Li_2025	Li_2025-aminoglycoside_model_g|cattle|k141_632890_seq1_1	L	
C2|~mph-31_1|mph-31_1|LCP|Li_2025|k141_364392_seq1_1	mph	L	C	P	Li_2025	Li_2025-mph|cattle|k141_364392_seq1_1	L	
C2|~blaB3-231_1|blaB3-231_1|LCP|Li_2025|k141_294234_seq1_1	blaB3	L	C	P	Li_2025	Li_2025-class_b_3|cattle|k141_294234_seq1_1	L	
C2|~blaB3-232_1|blaB3-232_1|LCP|Li_2025|k141_239883_seq1_1	blaB3	L	C	P	Li_2025	Li_2025-class_b_3|cattle|k141_239883_seq1_1	L	
C2|~blaA1-270_1|blaA1-270_1|LCP|Li_2025|k141_364405_seq1_1	blaA1	L	C	P	Li_2025	Li_2025-class_a|cattle|k141_364405_seq1_1	L	
C2|~blaA1-271_1|blaA1-271_1|LCP|Li_2025|k141_1389285_seq1_1	blaA1	L	C	P	Li_2025	Li_2025-class_a|cattle|k141_1389285_seq1_1	L	
C2|~blaA1-272_1|blaA1-272_1|LCP|Li_2025|k141_371640_seq1_1	blaA1	L	C	P	Li_2025	Li_2025-class_a|cattle|k141_371640_seq1_1	L	
C2|~blaA1-273_1|blaA1-273_1|LCP|Li_2025|k141_1337439_seq1_1	blaA1	L	C	P	Li_2025	Li_2025-class_a|cattle|k141_1337439_seq1_1	L	
C2|~blaB3-233_1|blaB3-233_1|LCP|CocheMiranda_2026|CocheMiranda_2026_4247496_len_306_MetaAn_23	blaB3	L	C	P	CocheMiranda_2026	CocheMiranda_2026-fARgene_CocheMiranda_2026.faa_class_b_3-CocheMiranda_2026_4247496_len_306_MetaAn_23	L	
C2|~blaB3-fARgene_9|blaB3-fARgene_9|LCP|CocheMiranda_2026|CocheMiranda_2026_SPA_MetaAn_82_l309_st150_e1076_se	blaB3	L	C	P	CocheMiranda_2026	CocheMiranda_2026-fARgene_CocheMiranda_2026.faa_class_b_3-CocheMiranda_2026_SPA_MetaAn_82_l309_st150_e1076_se-1_ID=156338_2	L	
C2|~blaA1-275_1|blaA1-275_1|LCP|CocheMiranda_2026|CocheMiranda_2026_SPA_MetaAn_63_l307_st287_e1207_se1_ID=134578_2	blaA1	L	C	P	CocheMiranda_2026	CocheMiranda_2026-fARgene_CocheMiranda_2026.faa_class_a-CocheMiranda_2026_SPA_MetaAn_63_l307_st287_e1207_se1_ID=134578_2	L	
C2|~blaA1-278_1|blaA1-278_1|LCP|Victor_2025|SeFCLASS_a_sequ40ence	blaA1	L	C	P	Victor_2025	Victor_2025-SeFCLASS_a_sequ40ence	L	
C2|~aph6-72_1|aph6-72_1|LCP|Victor_2025|SeFAMG_I_sequ2ence	aph6	L	C	P	Victor_2025	Victor_2025-SeFAMG_I_sequ2ence	L	
C2|~blaA1-279_1|blaA1-279_1|LCP|Victor_2025|HoFCLASS_a_sequ56ence	blaA1	L	C	P	Victor_2025	Victor_2025-HoFCLASS_a_sequ56ence	L	
C2|~blaA1-280_1|blaA1-280_1|LCP|Victor_2025|HoFCLASS_a_sequ4ence	blaA1	L	C	P	Victor_2025	Victor_2025-HoFCLASS_a_sequ4ence	L	
C2|~blaA1-281_1|blaA1-281_1|LCP|Victor_2025|HoACLASS_a_sequ47ence	blaA1	L	C	P	Victor_2025	Victor_2025-HoACLASS_a_sequ47ence	L	
C2|~blaA1-282_1|blaA1-282_1|LCP|Victor_2025b|Class_ANSF27A	blaA1	L	C	P	Victor_2025b	Victor_2025b-Class_ANSF27A	L	
C2|~blaA1-283_1|blaA1-283_1|LCP|Victor_2025b|Class_ANSF19A	blaA1	L	C	P	Victor_2025b	Victor_2025b-Class_ANSF19A	L	
C2|~blaA1-284_1|blaA1-284_1|LCP|Victor_2025b|Class_ANSF16A	blaA1	L	C	P	Victor_2025b	Victor_2025b-Class_ANSF16A	L	
C2|~blaA1-285_1|blaA1-285_1|LCP|Victor_2025b|Class_ANSF1A	blaA1	L	C	P	Victor_2025b	Victor_2025b-Class_ANSF1A	L	
C2|~blaB3-241_1|blaB3-241_1|LCS|Ruppe_2019|MC3.MG361.AS1.GP1.C10003.G1	blaB3	L	C	S	Ruppe_2019	Ruppe_2019-1|2808970|16|Human-Microbiome-3.9M-Gene-Catalog-(metahit-v2)|MC3.MG361.AS1.GP1.C10003.G1|blab3	L	
C2|~blaA-391_1|blaA-391_1|LCS|Ruppe_2019|MC3.MG290.AS1.GP1.C6453.G30	blaA	L	C	S	Ruppe_2019	Ruppe_2019-1|1954204|12|Human-Microbiome-3.9M-Gene-Catalog-(metahit-v2)|MC3.MG290.AS1.GP1.C6453.G30|blaa	L	
C2|~aph-80_1|aph-80_1|LCS|Ruppe_2019|MC3.MG359.AS1.GP1.C48179.G7	aph	L	C	S	Ruppe_2019	Ruppe_2019-1|2786423|8|Human-Microbiome-3.9M-Gene-Catalog-(metahit-v2)|MC3.MG359.AS1.GP1.C48179.G7|aph	L	
C2|~aph-81_1|aph-81_1|LCS|Ruppe_2019|MC3.MG330.AS1.GP1.C26274.G2	aph	L	C	S	Ruppe_2019	Ruppe_2019-1|2470359|8|Human-Microbiome-3.9M-Gene-Catalog-(metahit-v2)|MC3.MG330.AS1.GP1.C26274.G2|aph	L	
C2|~aph-83_1|aph-83_1|LCS|Ruppe_2019|MC3.MG216.AS1.GP1.C9529.G30	aph	L	C	S	Ruppe_2019	Ruppe_2019-1|1347302|8|Human-Microbiome-3.9M-Gene-Catalog-(metahit-v2)|MC3.MG216.AS1.GP1.C9529.G30|aph	L	
C2|~aph-84_1|aph-84_1|LCS|Ruppe_2019|MC3.MG156.AS1.GP1.C25015.G4	aph	L	C	S	Ruppe_2019	Ruppe_2019-1|791434|8|Human-Microbiome-3.9M-Gene-Catalog-(metahit-v2)|MC3.MG156.AS1.GP1.C25015.G4|aph	L	
C2|~ant-23_1|ant-23_1|LCS|Ruppe_2019|MC3.MG386.AS1.GP1.C44712.G2	ant	L	C	S	Ruppe_2019	Ruppe_2019-1|3153386|7|Human-Microbiome-3.9M-Gene-Catalog-(metahit-v2)|MC3.MG386.AS1.GP1.C44712.G2|ant	L	
C2|~aac3-76_1|aac3-76_1|LCS|Ruppe_2019|MC3.MG51.AS1.GP1.C966.G9	aac3	L	C	S	Ruppe_2019	Ruppe_2019-1|3338119|5|Human-Microbiome-3.9M-Gene-Catalog-(metahit-v2)|MC3.MG51.AS1.GP1.C966.G9|aac3_2	L	
C2|~aac3-77_1|aac3-77_1|LCS|Ruppe_2019|MC3.MG319.AS1.GP1.C3492.G31	aac3	L	C	S	Ruppe_2019	Ruppe_2019-1|2281825|5|Human-Microbiome-3.9M-Gene-Catalog-(metahit-v2)|MC3.MG319.AS1.GP1.C3492.G31|aac3_2	L	
C2|~aac3-78_1|aac3-78_1|LCS|Ruppe_2019|MC3.MG113.AS1.GP1.C47819.G4	aac3	L	C	S	Ruppe_2019	Ruppe_2019-1|187185|5|Human-Microbiome-3.9M-Gene-Catalog-(metahit-v2)|MC3.MG113.AS1.GP1.C47819.G4|aac3_2	L	
C2|~mph-32_1|mph-32_1|LCP|Li_2025|k141_869468_seq1_1	mph	L	C	P	Li_2025	Li_2025-mph|swine|k141_869468_seq1_1	L	
C2|~blaB3-242_1|blaB3-242_1|LCP|Li_2025|k141_238384_seq1_1	blaB3	L	C	P	Li_2025	Li_2025-class_b_3|swine|k141_238384_seq1_1	L	
C2|~blaB3-243_1|blaB3-243_1|LCP|Li_2025|k141_562733_seq1_1	blaB3	L	C	P	Li_2025	Li_2025-class_b_3|swine|k141_562733_seq1_1	L	
C2|~blaA1-286_1|blaA1-286_1|LCP|Li_2025|k141_433145_seq1_1	blaA1	L	C	P	Li_2025	Li_2025-class_a|swine|k141_433145_seq1_1	L	
C2|~blaA1-287_1|blaA1-287_1|LCP|Li_2025|k141_209792_seq1_1	blaA1	L	C	P	Li_2025	Li_2025-class_a|swine|k141_209792_seq1_1	L	
C2|~aph6-73_1|aph6-73_1|LCP|Li_2025|k141_3368_seq1_1	aph6	L	C	P	Li_2025	Li_2025-aminoglycoside_model_i|chicken|k141_3368_seq1_1	L	
C2|~aph6-74_1|aph6-74_1|LCP|Li_2025|k141_258329_seq1_1	aph6	L	C	P	Li_2025	Li_2025-aminoglycoside_model_i|chicken|k141_258329_seq1_1	L	
C2|~mph-33_1|mph-33_1|LCP|Li_2025|k141_132741_seq1_1	mph	L	C	P	Li_2025	Li_2025-mph|chicken|k141_132741_seq1_1	L	
C2|~blaA1-288_1|blaA1-288_1|LCP|Li_2025|k141_503113_seq1_1	blaA1	L	C	P	Li_2025	Li_2025-class_a|chicken|k141_503113_seq1_1	L	
C2|~blaA1-289_1|blaA1-289_1|LCP|Li_2025|k141_575622_seq1_1	blaA1	L	C	P	Li_2025	Li_2025-class_a|chicken|k141_575622_seq1_1	L	
C2|~blaA1-292_1|blaA1-292_1|LCP|Li_2025|k141_85060_seq1_1	blaA1	L	C	P	Li_2025	Li_2025-class_a|chicken|k141_85060_seq1_1	L	
C2|~aph3p-39_1|aph3p-39_1|LCP|Li_2025|k141_834177_seq1_1	aph3p	L	C	P	Li_2025	Li_2025-aminoglycoside_model_h|cattle|k141_834177_seq1_1	L	
C2|~erm-110_1|erm-110_1|LCP|Li_2025|k141_1258458_seq1_1	erm	L	C	P	Li_2025	Li_2025-erm_type_f|cattle|k141_1258458_seq1_1	L	
C2|~blaB3-246_1|blaB3-246_1|LCP|Li_2025|k141_844521_seq1_1	blaB3	L	C	P	Li_2025	Li_2025-class_b_3|cattle|k141_844521_seq1_1	L	
C2|~blaB3-247_1|blaB3-247_1|LCP|Li_2025|k141_991991_seq1_1	blaB3	L	C	P	Li_2025	Li_2025-class_b_3|cattle|k141_991991_seq1_1	L	
C2|~blaB1-96_1|blaB1-96_1|LCP|Li_2025|k141_491189_seq1_1	blaB1	L	C	P	Li_2025	Li_2025-class_b_1_2|cattle|k141_491189_seq1_1	L	
C2|~blaA1-293_1|blaA1-293_1|LCP|Li_2025|k141_725835_seq1_1	blaA1	L	C	P	Li_2025	Li_2025-class_a|cattle|k141_725835_seq1_1	L	
C2|~blaA1-294_1|blaA1-294_1|LCP|Li_2025|k141_141930_seq1_1	blaA1	L	C	P	Li_2025	Li_2025-class_a|cattle|k141_141930_seq1_1	L	
C2|~blaB3-fARgene_12|blaB3-fARgene_12|LCP|CocheMiranda_2026|CocheMiranda_2026_SPA_MetaAn_28_l304_st35_e946_se	blaB3	L	C	P	CocheMiranda_2026	CocheMiranda_2026-fARgene_CocheMiranda_2026.faa_class_b_3-CocheMiranda_2026_SPA_MetaAn_28_l304_st35_e946_se-1_ID=104730_1	L	
C2|~blaB3-fARgene_13|blaB3-fARgene_13|LCP|CocheMiranda_2026|CocheMiranda_2026_SPA_MetaAn_20_l304_st169_e1080_se	blaB3	L	C	P	CocheMiranda_2026	CocheMiranda_2026-fARgene_CocheMiranda_2026.faa_class_b_3-CocheMiranda_2026_SPA_MetaAn_20_l304_st169_e1080_se-1_ID=38754_2	L	
C2|~blaB3-249_1|blaB3-249_1|LCP|CocheMiranda_2026|CocheMiranda_2026_SPA_MetaAn_68_l304_st12496_e13407_se1_ID=4114_16	blaB3	L	C	P	CocheMiranda_2026	CocheMiranda_2026-fARgene_CocheMiranda_2026.faa_class_b_3-CocheMiranda_2026_SPA_MetaAn_68_l304_st12496_e13407_se1_ID=4114_16	L	
C2|~blaB3-250_1|blaB3-250_1|LCP|CocheMiranda_2026|CocheMiranda_2026_20847572_len_306_MetaAn_67	blaB3	L	C	P	CocheMiranda_2026	CocheMiranda_2026-fARgene_CocheMiranda_2026.faa_class_b_3-CocheMiranda_2026_20847572_len_306_MetaAn_67	L	
C2|~blaA1-296_1|blaA1-296_1|LCP|Victor_2025|SeFCLASS_a_sequ13ence	blaA1	L	C	P	Victor_2025	Victor_2025-SeFCLASS_a_sequ13ence	L	
C2|~aph6-75_1|aph6-75_1|LCP|Victor_2025|SeFAMG_I_sequ7ence	aph6	L	C	P	Victor_2025	Victor_2025-SeFAMG_I_sequ7ence	L	
C2|~blaA1-298_1|blaA1-298_1|LCP|Victor_2025|HoACLASS_a_sequ49ence	blaA1	L	C	P	Victor_2025	Victor_2025-HoACLASS_a_sequ49ence	L	
C2|~blaD-10_1|blaD-10_1|LCP|Victor_2025b|Class_DNSF17D	blaD	L	C	P	Victor_2025b	Victor_2025b-Class_DNSF17D	L	
C2|~blaA1-299_1|blaA1-299_1|LCP|Victor_2025b|Class_ANSF14A	blaA1	L	C	P	Victor_2025b	Victor_2025b-Class_ANSF14A	L	
C2|~blaB1-97_1|blaB1-97_1|LCS|Ruppe_2019|MC3.MG299.AS1.GP1.C38139.G5	blaB1	L	C	S	Ruppe_2019	Ruppe_2019-1|2067531|14|Human-Microbiome-3.9M-Gene-Catalog-(metahit-v2)|MC3.MG299.AS1.GP1.C38139.G5|blab1	L	
C2|~blaA-393_1|blaA-393_1|LCS|Ruppe_2019|MC3.MG170.AS1.GP1.C22166.G1	blaA	L	C	S	Ruppe_2019	Ruppe_2019-1|922678|12|Human-Microbiome-3.9M-Gene-Catalog-(metahit-v2)|MC3.MG170.AS1.GP1.C22166.G1|blaa	L	
C2|~aph-85_1|aph-85_1|LCS|Ruppe_2019|MC3.MG127.AS1.GP1.C27838.G22	aph	L	C	S	Ruppe_2019	Ruppe_2019-1|443436|8|Human-Microbiome-3.9M-Gene-Catalog-(metahit-v2)|MC3.MG127.AS1.GP1.C27838.G22|aph	L	
C2|~aph-86_1|aph-86_1|LCS|Ruppe_2019|MC3.MG11.AS1.GP1.C29933.G8	aph	L	C	S	Ruppe_2019	Ruppe_2019-1|140457|8|Human-Microbiome-3.9M-Gene-Catalog-(metahit-v2)|MC3.MG11.AS1.GP1.C29933.G8|aph	L	
C2|~aac3-79_1|aac3-79_1|LCS|Ruppe_2019|MC3.MG390.AS1.GP1.C58762.G2	aac3	L	C	S	Ruppe_2019	Ruppe_2019-1|3225341|5|Human-Microbiome-3.9M-Gene-Catalog-(metahit-v2)|MC3.MG390.AS1.GP1.C58762.G2|aac3_2	L	
C2|~aac3-80_1|aac3-80_1|LCS|Ruppe_2019|MC3.MG278.AS1.GP1.C6434.G21	aac3	L	C	S	Ruppe_2019	Ruppe_2019-1|1817416|5|Human-Microbiome-3.9M-Gene-Catalog-(metahit-v2)|MC3.MG278.AS1.GP1.C6434.G21|aac3_2	L	
C2|~aac3-82_1|aac3-82_1|LCS|Ruppe_2019|MC3.MG104.AS1.GP1.C7261.G2	aac3	L	C	S	Ruppe_2019	Ruppe_2019-1|83529|5|Human-Microbiome-3.9M-Gene-Catalog-(metahit-v2)|MC3.MG104.AS1.GP1.C7261.G2|aac3_2	L	
C2|~mph-34_1|mph-34_1|LCP|Li_2025|k141_148441_seq1_1	mph	L	C	P	Li_2025	Li_2025-mph|swine|k141_148441_seq1_1	L	
C2|~erm-111_1|erm-111_1|LCP|Li_2025|k141_763573_seq1_1	erm	L	C	P	Li_2025	Li_2025-erm_type_f|swine|k141_763573_seq1_1	L	
C2|~blaA1-301_1|blaA1-301_1|LCP|Li_2025|k141_452164_seq1_1	blaA1	L	C	P	Li_2025	Li_2025-class_a|swine|k141_452164_seq1_1	L	
C2|~erm-112_1|erm-112_1|LCP|Li_2025|k141_8972_seq1_1	erm	L	C	P	Li_2025	Li_2025-erm_type_a|chicken|k141_8972_seq1_1	L	
C2|~blaA1-302_1|blaA1-302_1|LCP|Li_2025|k141_118890_seq1_1	blaA1	L	C	P	Li_2025	Li_2025-class_a|chicken|k141_118890_seq1_1	L	
C2|~blaA1-304_1|blaA1-304_1|LCP|Li_2025|k119_219773_seq1_1	blaA1	L	C	P	Li_2025	Li_2025-class_a|chicken|k119_219773_seq1_1	L	
C2|~blaA1-305_1|blaA1-305_1|LCP|Li_2025|k141_191100_seq1_1	blaA1	L	C	P	Li_2025	Li_2025-class_a|chicken|k141_191100_seq1_1	L	
C2|~mph-36_1|mph-36_1|LCP|Li_2025|k141_831448_seq1_1	mph	L	C	P	Li_2025	Li_2025-mph|cattle|k141_831448_seq1_1	L	
C2|~mph-37_1|mph-37_1|LCP|Li_2025|k141_420484_seq1_1	mph	L	C	P	Li_2025	Li_2025-mph|cattle|k141_420484_seq1_1	L	
C2|~erm-113_1|erm-113_1|LCP|Li_2025|k141_1018376_seq1_1	erm	L	C	P	Li_2025	Li_2025-erm_type_f|cattle|k141_1018376_seq1_1	L	
C2|~erm-114_1|erm-114_1|LCP|Li_2025|k141_319951_seq1_1	erm	L	C	P	Li_2025	Li_2025-erm_type_f|cattle|k141_319951_seq1_1	L	
C2|~blaB3-253_1|blaB3-253_1|LCP|Li_2025|k141_115462_seq1_1	blaB3	L	C	P	Li_2025	Li_2025-class_b_3|cattle|k141_115462_seq1_1	L	
C2|~blaB3-254_1|blaB3-254_1|LCP|Li_2025|k141_411655_seq1_1	blaB3	L	C	P	Li_2025	Li_2025-class_b_3|cattle|k141_411655_seq1_1	L	
C2|~blaA1-307_1|blaA1-307_1|LCP|Li_2025|k141_45714_seq1_1	blaA1	L	C	P	Li_2025	Li_2025-class_a|cattle|k141_45714_seq1_1	L	
C2|~blaB3-fARgene_14|blaB3-fARgene_14|LCP|CocheMiranda_2026|CocheMiranda_2026_SPA_MetaAn_84_l308_st7761_e8684_se	blaB3	L	C	P	CocheMiranda_2026	CocheMiranda_2026-fARgene_CocheMiranda_2026.faa_class_b_3-CocheMiranda_2026_SPA_MetaAn_84_l308_st7761_e8684_se-1_ID=385_9	L	
C2|~blaB3-256_1|blaB3-256_1|LCP|Victor_2025|HoACLASS_b3_sequ7ence	blaB3	L	C	P	Victor_2025	Victor_2025-HoACLASS_b3_sequ7ence	L	
C2|~blaB3-257_1|blaB3-257_1|LCP|Victor_2025|HoACLASS_b3_sequ4ence	blaB3	L	C	P	Victor_2025	Victor_2025-HoACLASS_b3_sequ4ence	L	
C2|~blaD-12_1|blaD-12_1|LCS|Ruppe_2019|MC3.MG71.AS1.GP1.C10447.G3	blaD	L	C	S	Ruppe_2019	Ruppe_2019-1|3557170|18|Human-Microbiome-3.9M-Gene-Catalog-(metahit-v2)|MC3.MG71.AS1.GP1.C10447.G3|blad	L	
C2|~blaC-213_1|blaC-213_1|LCS|Ruppe_2019|MC3.MG254.AS1.GP1.C28071.G1	blaC	L	C	S	Ruppe_2019	Ruppe_2019-1|1637446|17|Human-Microbiome-3.9M-Gene-Catalog-(metahit-v2)|MC3.MG254.AS1.GP1.C28071.G1|blac	L	
C2|~blaB3-258_1|blaB3-258_1|LCS|Ruppe_2019|MC3.MG100.AS1.GP1.C18998.G4	blaB3	L	C	S	Ruppe_2019	Ruppe_2019-1|18541|16|Human-Microbiome-3.9M-Gene-Catalog-(metahit-v2)|MC3.MG100.AS1.GP1.C18998.G4|blab3	L	
C2|~blaB1-98_1|blaB1-98_1|LCS|Ruppe_2019|MC3.MG286.AS1.GP1.C468.G12	blaB1	L	C	S	Ruppe_2019	Ruppe_2019-1|1894926|14|Human-Microbiome-3.9M-Gene-Catalog-(metahit-v2)|MC3.MG286.AS1.GP1.C468.G12|blab1	L	
C2|~blaB-19_1|blaB-19_1|LCS|Ruppe_2019|S09_CZ_7_KJ693736_1_2	blaB	L	C	S	Ruppe_2019	Ruppe_2019-3|3874009|13|ARD-Forsberg-gene-catalog|S09_CZ_7_KJ693736_1_2|blab	L	
C2|~blaB-20_1|blaB-20_1|LCS|Ruppe_2019|S08_CZ_1_KJ693441_1_2	blaB	L	C	S	Ruppe_2019	Ruppe_2019-3|3873998|13|ARD-Forsberg-gene-catalog|S08_CZ_1_KJ693441_1_2|blab	L	
C2|~blaA-394_1|blaA-394_1|LCS|Ruppe_2019|AFH53879_1	blaA	L	C	S	Ruppe_2019	Ruppe_2019-7398|3875774|12|ARD-reference-gene-catalog|AFH53879_1|blaa	L	
C2|~blaA-395_1|blaA-395_1|LCS|Ruppe_2019|MC3.MG83.AS1.GP1.C1647.G3	blaA	L	C	S	Ruppe_2019	Ruppe_2019-1|3644581|12|Human-Microbiome-3.9M-Gene-Catalog-(metahit-v2)|MC3.MG83.AS1.GP1.C1647.G3|blaa	L	
C2|~blaA-396_1|blaA-396_1|LCS|Ruppe_2019|MC3.MG69.AS1.GP1.C34028.G2	blaA	L	C	S	Ruppe_2019	Ruppe_2019-1|3546254|12|Human-Microbiome-3.9M-Gene-Catalog-(metahit-v2)|MC3.MG69.AS1.GP1.C34028.G2|blaa	L	
C2|~blaA-397_1|blaA-397_1|LCS|Ruppe_2019|MC3.MG6.AS1.GP1.C60045.G2	blaA	L	C	S	Ruppe_2019	Ruppe_2019-1|3449394|12|Human-Microbiome-3.9M-Gene-Catalog-(metahit-v2)|MC3.MG6.AS1.GP1.C60045.G2|blaa	L	
C2|~aph-87_1|aph-87_1|LCS|Ruppe_2019|MC3.MG216.AS1.GP1.C17525.G5	aph	L	C	S	Ruppe_2019	Ruppe_2019-1|1335833|8|Human-Microbiome-3.9M-Gene-Catalog-(metahit-v2)|MC3.MG216.AS1.GP1.C17525.G5|aph	L	
C2|~aph-88_1|aph-88_1|LCS|Ruppe_2019|MC3.MG181.AS1.GP1.C24877.G1	aph	L	C	S	Ruppe_2019	Ruppe_2019-1|1024300|8|Human-Microbiome-3.9M-Gene-Catalog-(metahit-v2)|MC3.MG181.AS1.GP1.C24877.G1|aph	L	
C2|~aph-89_1|aph-89_1|LCS|Ruppe_2019|MC3.MG164.AS1.GP1.C61135.G3	aph	L	C	S	Ruppe_2019	Ruppe_2019-1|862544|8|Human-Microbiome-3.9M-Gene-Catalog-(metahit-v2)|MC3.MG164.AS1.GP1.C61135.G3|aph	L	
C2|~aac3-84_1|aac3-84_1|LCS|Ruppe_2019|MC3.MG208.AS1.GP1.C18609.G2	aac3	L	C	S	Ruppe_2019	Ruppe_2019-1|1283922|5|Human-Microbiome-3.9M-Gene-Catalog-(metahit-v2)|MC3.MG208.AS1.GP1.C18609.G2|aac3_2	L	
C2|~aph2b-28_1|aph2b-28_1|LCP|Li_2025|k141_113750_seq1_1	aph2b	L	C	P	Li_2025	Li_2025-aminoglycoside_model_g|swine|k141_113750_seq1_1	L	
C2|~mph-38_1|mph-38_1|LCP|Li_2025|k141_552503_seq1_1	mph	L	C	P	Li_2025	Li_2025-mph|swine|k141_552503_seq1_1	L	
C2|~blaB3-259_1|blaB3-259_1|LCP|Li_2025|k141_212000_seq1_1	blaB3	L	C	P	Li_2025	Li_2025-class_b_3|swine|k141_212000_seq1_1	L	
C2|~blaA1-309_1|blaA1-309_1|LCP|Li_2025|k141_950432_seq1_1	blaA1	L	C	P	Li_2025	Li_2025-class_a|swine|k141_950432_seq1_1	L	
C2|~aph6-78_1|aph6-78_1|LCP|Li_2025|k141_457312_seq1_1	aph6	L	C	P	Li_2025	Li_2025-aminoglycoside_model_i|chicken|k141_457312_seq1_1	L	
C2|~aph6-79_1|aph6-79_1|LCP|Li_2025|k141_445812_seq1_1	aph6	L	C	P	Li_2025	Li_2025-aminoglycoside_model_i|chicken|k141_445812_seq1_1	L	
C2|~aph2b-29_1|aph2b-29_1|LCP|Li_2025|k141_182697_seq1_1	aph2b	L	C	P	Li_2025	Li_2025-aminoglycoside_model_g|chicken|k141_182697_seq1_1	L	
C2|~erm-116_1|erm-116_1|LCP|Li_2025|k141_105685_seq1_1	erm	L	C	P	Li_2025	Li_2025-erm_type_a|chicken|k141_105685_seq1_1	L	
C2|~erm-117_1|erm-117_1|LCP|Li_2025|k141_111806_seq1_1	erm	L	C	P	Li_2025	Li_2025-erm_type_a|chicken|k141_111806_seq1_1	L	
C2|~blaA1-310_1|blaA1-310_1|LCP|Li_2025|k141_319157_seq1_1	blaA1	L	C	P	Li_2025	Li_2025-class_a|chicken|k141_319157_seq1_1	L	
C2|~blaA1-312_1|blaA1-312_1|LCP|Li_2025|k119_372786_seq1_1	blaA1	L	C	P	Li_2025	Li_2025-class_a|chicken|k119_372786_seq1_1	L	
C2|~blaA1-313_1|blaA1-313_1|LCP|Li_2025|k119_253852_seq1_1	blaA1	L	C	P	Li_2025	Li_2025-class_a|chicken|k119_253852_seq1_1	L	
C2|~blaA1-315_1|blaA1-315_1|LCP|Li_2025|k141_186257_seq1_1	blaA1	L	C	P	Li_2025	Li_2025-class_a|chicken|k141_186257_seq1_1	L	
C2|~erm-118_1|erm-118_1|LCP|Li_2025|k141_325258_seq1_1	erm	L	C	P	Li_2025	Li_2025-erm_type_f|cattle|k141_325258_seq1_1	L	
C2|~blaB3-260_1|blaB3-260_1|LCP|Li_2025|k141_3951802_seq1_1	blaB3	L	C	P	Li_2025	Li_2025-class_b_3|cattle|k141_3951802_seq1_1	L	
C2|~blaB3-261_1|blaB3-261_1|LCP|Li_2025|k141_1349587_seq1_1	blaB3	L	C	P	Li_2025	Li_2025-class_b_3|cattle|k141_1349587_seq1_1	L	
C2|~blaB3-262_1|blaB3-262_1|LCP|Li_2025|k141_1022865_seq1_1	blaB3	L	C	P	Li_2025	Li_2025-class_b_3|cattle|k141_1022865_seq1_1	L	
C2|~blaB3-264_1|blaB3-264_1|LCP|Li_2025|k141_386591_seq1_1	blaB3	L	C	P	Li_2025	Li_2025-class_b_3|cattle|k141_386591_seq1_1	L	
C2|~blaB3-265_1|blaB3-265_1|LCP|Li_2025|k141_591886_seq1_1	blaB3	L	C	P	Li_2025	Li_2025-class_b_3|cattle|k141_591886_seq1_1	L	
C2|~blaA1-316_1|blaA1-316_1|LCP|Li_2025|k141_225168_seq1_1	blaA1	L	C	P	Li_2025	Li_2025-class_a|cattle|k141_225168_seq1_1	L	
C2|~blaA1-317_1|blaA1-317_1|LCP|Li_2025|k141_840614_seq1_1	blaA1	L	C	P	Li_2025	Li_2025-class_a|cattle|k141_840614_seq1_1	L	
C2|~blaA1-318_1|blaA1-318_1|LCP|Li_2025|k141_312051_seq1_1	blaA1	L	C	P	Li_2025	Li_2025-class_a|cattle|k141_312051_seq1_1	L	
C2|~blaB3-266_1|blaB3-266_1|LCP|CocheMiranda_2026|CocheMiranda_2026_397866_len_363_MetaAn_3	blaB3	L	C	P	CocheMiranda_2026	CocheMiranda_2026-fARgene_CocheMiranda_2026.faa_class_b_3-CocheMiranda_2026_397866_len_363_MetaAn_3	L	
C2|~blaB3-fARgene_16|blaB3-fARgene_16|LCP|CocheMiranda_2026|CocheMiranda_2026_SPA_MetaAn_53_l327_st1960_e2940_se	blaB3	L	C	P	CocheMiranda_2026	CocheMiranda_2026-fARgene_CocheMiranda_2026.faa_class_b_3-CocheMiranda_2026_SPA_MetaAn_53_l327_st1960_e2940_se-1_ID=8796_3	L	
C2|~blaB3-267_1|blaB3-267_1|LCP|CocheMiranda_2026|CocheMiranda_2026_3068210_len_306_MetaAn_61	blaB3	L	C	P	CocheMiranda_2026	CocheMiranda_2026-fARgene_CocheMiranda_2026.faa_class_b_3-CocheMiranda_2026_3068210_len_306_MetaAn_61	L	
C2|~blaB3-268_1|blaB3-268_1|LCP|CocheMiranda_2026|CocheMiranda_2026_13123245_len_306_MetaAn_47	blaB3	L	C	P	CocheMiranda_2026	CocheMiranda_2026-fARgene_CocheMiranda_2026.faa_class_b_3-CocheMiranda_2026_13123245_len_306_MetaAn_47	L	
C2|~blaA1-fARgene_18|blaA1-fARgene_18|LCP|CocheMiranda_2026|CocheMiranda_2026_SPA_MetaAn_23_l308_st39184_e40107_se	blaA1	L	C	P	CocheMiranda_2026	CocheMiranda_2026-fARgene_CocheMiranda_2026.faa_class_a-CocheMiranda_2026_SPA_MetaAn_23_l308_st39184_e40107_se-1_ID=195_42	L	
C2|~blaA1-321_1|blaA1-321_1|LCP|Victor_2025|SeFCLASS_a_sequ19ence	blaA1	L	C	P	Victor_2025	Victor_2025-SeFCLASS_a_sequ19ence	L	
C2|~erm-119_1|erm-119_1|LCP|Victor_2025|HoAERM_ermtype_sequ4ence	erm	L	C	P	Victor_2025	Victor_2025-HoAERM_ermtype_sequ4ence	L	
C2|~blaA1-323_1|blaA1-323_1|LCP|Victor_2025|HoACLASS_a_sequ62ence	blaA1	L	C	P	Victor_2025	Victor_2025-HoACLASS_a_sequ62ence	L	
C2|~blaA1-324_1|blaA1-324_1|LCP|Victor_2025|HiFCLASS_a_sequ40ence	blaA1	L	C	P	Victor_2025	Victor_2025-HiFCLASS_a_sequ40ence	L	
C2|~blaC-214_1|blaC-214_1|LCS|Ruppe_2019|MC3.MG12.AS1.GP1.C26187.G2	blaC	L	C	S	Ruppe_2019	Ruppe_2019-1|270315|17|Human-Microbiome-3.9M-Gene-Catalog-(metahit-v2)|MC3.MG12.AS1.GP1.C26187.G2|blac	L	
C2|~blaB3-271_1|blaB3-271_1|LCS|Ruppe_2019|MC3.MG64.AS1.GP1.C8855.G10	blaB3	L	C	S	Ruppe_2019	Ruppe_2019-1|3508746|16|Human-Microbiome-3.9M-Gene-Catalog-(metahit-v2)|MC3.MG64.AS1.GP1.C8855.G10|blab3	L	
C2|~blaB3-272_1|blaB3-272_1|LCS|Ruppe_2019|MC3.MG61.AS1.GP1.C22996.G14	blaB3	L	C	S	Ruppe_2019	Ruppe_2019-1|3485821|16|Human-Microbiome-3.9M-Gene-Catalog-(metahit-v2)|MC3.MG61.AS1.GP1.C22996.G14|blab3	L	
C2|~blaB1-99_1|blaB1-99_1|LCS|Ruppe_2019|MC3.MG144.AS1.GP1.C20201.G7	blaB1	L	C	S	Ruppe_2019	Ruppe_2019-1|677572|14|Human-Microbiome-3.9M-Gene-Catalog-(metahit-v2)|MC3.MG144.AS1.GP1.C20201.G7|blab1	L	
C2|~blaB-22_1|blaB-22_1|LCS|Ruppe_2019|S05_CZ_16_KJ692176_1_4	blaB	L	C	S	Ruppe_2019	Ruppe_2019-3|3874004|13|ARD-Forsberg-gene-catalog|S05_CZ_16_KJ692176_1_4|blab	L	
C2|~blaA-399_1|blaA-399_1|LCS|Ruppe_2019|S07_CZ_12_KJ693184_1_3	blaA	L	C	S	Ruppe_2019	Ruppe_2019-3|3873852|12|ARD-Forsberg-gene-catalog|S07_CZ_12_KJ693184_1_3|blaa	L	
C2|~blaA-400_1|blaA-400_1|LCS|Ruppe_2019|MC3.MG365.AS1.GP1.C28955.G20	blaA	L	C	S	Ruppe_2019	Ruppe_2019-1|2860140|12|Human-Microbiome-3.9M-Gene-Catalog-(metahit-v2)|MC3.MG365.AS1.GP1.C28955.G20|blaa	L	
C2|~blaA-401_1|blaA-401_1|LCS|Ruppe_2019|MC3.MG3.AS1.GP1.C550.G6	blaA	L	C	S	Ruppe_2019	Ruppe_2019-1|2101254|12|Human-Microbiome-3.9M-Gene-Catalog-(metahit-v2)|MC3.MG3.AS1.GP1.C550.G6|blaa	L	
C2|~erm-120_1|erm-120_1|LCP|Li_2025|k141_875520_seq1_1	erm	L	C	P	Li_2025	Li_2025-erm_type_f|swine|k141_875520_seq1_1	L	
C2|~erm-121_1|erm-121_1|LCP|Li_2025|k141_866342_seq1_1	erm	L	C	P	Li_2025	Li_2025-erm_type_f|swine|k141_866342_seq1_1	L	
C2|~blaD2-151_1|blaD2-151_1|LCP|Li_2025|k141_75400_seq1_1	blaD2	L	C	P	Li_2025	Li_2025-class_d_2|swine|k141_75400_seq1_1	L	
C2|~blaB3-274_1|blaB3-274_1|LCP|Li_2025|k141_319719_seq1_1	blaB3	L	C	P	Li_2025	Li_2025-class_b_3|swine|k141_319719_seq1_1	L	
C2|~blaA1-325_1|blaA1-325_1|LCP|Li_2025|k141_376199_seq1_1	blaA1	L	C	P	Li_2025	Li_2025-class_a|swine|k141_376199_seq1_1	L	
C2|~mph-40_1|mph-40_1|LCP|Li_2025|k141_461865_seq1_1	mph	L	C	P	Li_2025	Li_2025-mph|chicken|k141_461865_seq1_1	L	
C2|~mph-41_1|mph-41_1|LCP|Li_2025|k141_245071_seq1_1	mph	L	C	P	Li_2025	Li_2025-mph|chicken|k141_245071_seq1_1	L	
C2|~erm-122_1|erm-122_1|LCP|Li_2025|k141_36780_seq1_1	erm	L	C	P	Li_2025	Li_2025-erm_type_a|chicken|k141_36780_seq1_1	L	
C2|~blaA1-327_1|blaA1-327_1|LCP|Li_2025|k141_493185_seq1_1	blaA1	L	C	P	Li_2025	Li_2025-class_a|chicken|k141_493185_seq1_1	L	
C2|~blaA1-328_1|blaA1-328_1|LCP|Li_2025|k141_137014_seq1_1	blaA1	L	C	P	Li_2025	Li_2025-class_a|chicken|k141_137014_seq1_1	L	
C2|~blaA1-329_1|blaA1-329_1|LCP|Li_2025|k141_909068_seq1_1	blaA1	L	C	P	Li_2025	Li_2025-class_a|chicken|k141_909068_seq1_1	L	
C2|~blaA1-331_1|blaA1-331_1|LCP|Li_2025|k141_285430_seq1_1	blaA1	L	C	P	Li_2025	Li_2025-class_a|chicken|k141_285430_seq1_1	L	
C2|~blaA1-332_1|blaA1-332_1|LCP|Li_2025|k141_178253_seq1_1	blaA1	L	C	P	Li_2025	Li_2025-class_a|chicken|k141_178253_seq1_1	L	
C2|~blaA1-333_1|blaA1-333_1|LCP|Li_2025|k141_202220_seq1_1	blaA1	L	C	P	Li_2025	Li_2025-class_a|chicken|k141_202220_seq1_1	L	
C2|~blaA1-334_1|blaA1-334_1|LCP|Li_2025|k119_38226_seq1_1	blaA1	L	C	P	Li_2025	Li_2025-class_a|chicken|k119_38226_seq1_1	L	
C2|~blaA1-335_1|blaA1-335_1|LCP|Li_2025|k141_123136_seq1_1	blaA1	L	C	P	Li_2025	Li_2025-class_a|chicken|k141_123136_seq1_1	L	
C2|~blaA1-337_1|blaA1-337_1|LCP|Li_2025|k141_61522_seq1_1	blaA1	L	C	P	Li_2025	Li_2025-class_a|chicken|k141_61522_seq1_1	L	
C2|~aph3p-40_1|aph3p-40_1|LCP|Li_2025|k141_747894_seq1_1	aph3p	L	C	P	Li_2025	Li_2025-aminoglycoside_model_h|cattle|k141_747894_seq1_1	L	
C2|~aph2b-30_1|aph2b-30_1|LCP|Li_2025|k141_61247_seq1_1	aph2b	L	C	P	Li_2025	Li_2025-aminoglycoside_model_g|cattle|k141_61247_seq1_1	L	
C2|~aac3-85_1|aac3-85_1|LCP|Li_2025|k141_1395800_seq1_1	aac3	L	C	P	Li_2025	Li_2025-aminoglycoside_model_c|cattle|k141_1395800_seq1_1	L	
C2|~mph-42_1|mph-42_1|LCP|Li_2025|k141_373218_seq1_1	mph	L	C	P	Li_2025	Li_2025-mph|cattle|k141_373218_seq1_1	L	
C2|~erm-123_1|erm-123_1|LCP|Li_2025|k141_444881_seq1_1	erm	L	C	P	Li_2025	Li_2025-erm_type_f|cattle|k141_444881_seq1_1	L	
C2|~blaD2-152_1|blaD2-152_1|LCP|Li_2025|k141_279435_seq1_1	blaD2	L	C	P	Li_2025	Li_2025-class_d_2|cattle|k141_279435_seq1_1	L	
C2|~blaB3-276_1|blaB3-276_1|LCP|Li_2025|k141_866804_seq1_1	blaB3	L	C	P	Li_2025	Li_2025-class_b_3|cattle|k141_866804_seq1_1	L	
C2|~blaA1-339_1|blaA1-339_1|LCP|Li_2025|k141_1081025_seq1_1	blaA1	L	C	P	Li_2025	Li_2025-class_a|cattle|k141_1081025_seq1_1	L	
C2|~blaA1-340_1|blaA1-340_1|LCP|Li_2025|k141_24489_seq1_1	blaA1	L	C	P	Li_2025	Li_2025-class_a|cattle|k141_24489_seq1_1	L	
C2|~blaA1-341_1|blaA1-341_1|LCP|Li_2025|k141_1377606_seq1_1	blaA1	L	C	P	Li_2025	Li_2025-class_a|cattle|k141_1377606_seq1_1	L	
C2|~blaB3-fARgene_17|blaB3-fARgene_17|LCP|CocheMiranda_2026|CocheMiranda_2026_SPA_MetaAn_61_l305_st24_e938_se	blaB3	L	C	P	CocheMiranda_2026	CocheMiranda_2026-fARgene_CocheMiranda_2026.faa_class_b_3-CocheMiranda_2026_SPA_MetaAn_61_l305_st24_e938_se-1_ID=284666_1	L	
C2|~blaB3-278_1|blaB3-278_1|LCP|CocheMiranda_2026|CocheMiranda_2026_2298952_len_306_MetaAn_63	blaB3	L	C	P	CocheMiranda_2026	CocheMiranda_2026-fARgene_CocheMiranda_2026.faa_class_b_3-CocheMiranda_2026_2298952_len_306_MetaAn_63	L	
C2|~blaB3-279_1|blaB3-279_1|LCP|CocheMiranda_2026|CocheMiranda_2026_SPA_MetaAn_68_l325_st238_e1212_se1_ID=20115_1	blaB3	L	C	P	CocheMiranda_2026	CocheMiranda_2026-fARgene_CocheMiranda_2026.faa_class_b_3-CocheMiranda_2026_SPA_MetaAn_68_l325_st238_e1212_se1_ID=20115_1	L	
C2|~blaB3-fARgene_18|blaB3-fARgene_18|LCP|CocheMiranda_2026|CocheMiranda_2026_SPA_MetaAn_63_l301_st692_e1594_se	blaB3	L	C	P	CocheMiranda_2026	CocheMiranda_2026-fARgene_CocheMiranda_2026.faa_class_b_3-CocheMiranda_2026_SPA_MetaAn_63_l301_st692_e1594_se-1_ID=44068_2	L	
C2|~blaB3-fARgene_19|blaB3-fARgene_19|LCP|CocheMiranda_2026|CocheMiranda_2026_SPA_MetaAn_63_l301_st546_e1448_se	blaB3	L	C	P	CocheMiranda_2026	CocheMiranda_2026-fARgene_CocheMiranda_2026.faa_class_b_3-CocheMiranda_2026_SPA_MetaAn_63_l301_st546_e1448_se-1_ID=24951_2	L	
C2|~blaB3-282_1|blaB3-282_1|LCP|CocheMiranda_2026|CocheMiranda_2026_24605138_len_302_MetaAn_61	blaB3	L	C	P	CocheMiranda_2026	CocheMiranda_2026-fARgene_CocheMiranda_2026.faa_class_b_3-CocheMiranda_2026_24605138_len_302_MetaAn_61	L	
C2|~blaA1-342_1|blaA1-342_1|LCP|CocheMiranda_2026|CocheMiranda_2026_SPA_MetaAn_30_l304_st264_e1175_se1_ID=142871_2	blaA1	L	C	P	CocheMiranda_2026	CocheMiranda_2026-fARgene_CocheMiranda_2026.faa_class_a-CocheMiranda_2026_SPA_MetaAn_30_l304_st264_e1175_se1_ID=142871_2	L	
C2|~blaA1-346_1|blaA1-346_1|LCP|Victor_2025|SeFCLASS_a_sequ29ence	blaA1	L	C	P	Victor_2025	Victor_2025-SeFCLASS_a_sequ29ence	L	
C2|~blaA1-347_1|blaA1-347_1|LCP|Victor_2025|HoFCLASS_a_sequ34ence	blaA1	L	C	P	Victor_2025	Victor_2025-HoFCLASS_a_sequ34ence	L	
C2|~blaB-25_1|blaB-25_1|LCS|Ruppe_2019|S04_CX_10_KJ692087_1_3	blaB	L	C	S	Ruppe_2019	Ruppe_2019-3|3873995|13|ARD-Forsberg-gene-catalog|S04_CX_10_KJ692087_1_3|blab	L	
C2|~blaA-403_1|blaA-403_1|LCS|Ruppe_2019|MC3.MG355.AS1.GP1.C955.G4	blaA	L	C	S	Ruppe_2019	Ruppe_2019-1|2736558|12|Human-Microbiome-3.9M-Gene-Catalog-(metahit-v2)|MC3.MG355.AS1.GP1.C955.G4|blaa	L	
C2|~aph-90_1|aph-90_1|LCS|Ruppe_2019|MC3.MG212.AS1.GP1.C5763.G3	aph	L	C	S	Ruppe_2019	Ruppe_2019-1|1318034|8|Human-Microbiome-3.9M-Gene-Catalog-(metahit-v2)|MC3.MG212.AS1.GP1.C5763.G3|aph	L	
C2|~aph-91_1|aph-91_1|LCS|Ruppe_2019|MC3.MG181.AS1.GP1.C37040.G30	aph	L	C	S	Ruppe_2019	Ruppe_2019-1|1029951|8|Human-Microbiome-3.9M-Gene-Catalog-(metahit-v2)|MC3.MG181.AS1.GP1.C37040.G30|aph	L	
C2|~aph-92_1|aph-92_1|LCS|Ruppe_2019|MC3.MG140.AS1.GP1.C21989.G12	aph	L	C	S	Ruppe_2019	Ruppe_2019-1|630702|8|Human-Microbiome-3.9M-Gene-Catalog-(metahit-v2)|MC3.MG140.AS1.GP1.C21989.G12|aph	L	
C2|~aac3-86_1|aac3-86_1|LCS|Ruppe_2019|MC3.MG12.AS1.GP1.C77878.G10	aac3	L	C	S	Ruppe_2019	Ruppe_2019-1|324756|5|Human-Microbiome-3.9M-Gene-Catalog-(metahit-v2)|MC3.MG12.AS1.GP1.C77878.G10|aac3_2	L	
C2|~aph2b-31_1|aph2b-31_1|LCP|Li_2025|k141_431958_seq1_1	aph2b	L	C	P	Li_2025	Li_2025-aminoglycoside_model_g|swine|k141_431958_seq1_1	L	
C2|~mph-43_1|mph-43_1|LCP|Li_2025|k141_140312_seq1_1	mph	L	C	P	Li_2025	Li_2025-mph|swine|k141_140312_seq1_1	L	
C2|~mph-44_1|mph-44_1|LCP|Li_2025|k141_961298_seq1_1	mph	L	C	P	Li_2025	Li_2025-mph|swine|k141_961298_seq1_1	L	
C2|~erm-124_1|erm-124_1|LCP|Li_2025|k141_158290_seq1_1	erm	L	C	P	Li_2025	Li_2025-erm_type_a|swine|k141_158290_seq1_1	L	
C2|~blaB3-284_1|blaB3-284_1|LCP|Li_2025|k141_42156_seq1_1	blaB3	L	C	P	Li_2025	Li_2025-class_b_3|swine|k141_42156_seq1_1	L	
C2|~blaB3-285_1|blaB3-285_1|LCP|Li_2025|k141_1113325_seq1_1	blaB3	L	C	P	Li_2025	Li_2025-class_b_3|swine|k141_1113325_seq1_1	L	
C2|~blaA1-350_1|blaA1-350_1|LCP|Li_2025|k141_477801_seq1_1	blaA1	L	C	P	Li_2025	Li_2025-class_a|swine|k141_477801_seq1_1	L	
C2|~blaA1-351_1|blaA1-351_1|LCP|Li_2025|k141_118119_seq1_1	blaA1	L	C	P	Li_2025	Li_2025-class_a|swine|k141_118119_seq1_1	L	
C2|~mph-45_1|mph-45_1|LCP|Li_2025|k141_227300_seq1_1	mph	L	C	P	Li_2025	Li_2025-mph|chicken|k141_227300_seq1_1	L	
C2|~blaA1-353_1|blaA1-353_1|LCP|Li_2025|k141_518485_seq1_1	blaA1	L	C	P	Li_2025	Li_2025-class_a|chicken|k141_518485_seq1_1	L	
C2|~blaA1-354_1|blaA1-354_1|LCP|Li_2025|k141_196732_seq1_1	blaA1	L	C	P	Li_2025	Li_2025-class_a|chicken|k141_196732_seq1_1	L	
C2|~blaA1-355_1|blaA1-355_1|LCP|Li_2025|k141_5412_seq1_1	blaA1	L	C	P	Li_2025	Li_2025-class_a|chicken|k141_5412_seq1_1	L	
C2|~blaA1-357_1|blaA1-357_1|LCP|Li_2025|k141_597877_seq1_1	blaA1	L	C	P	Li_2025	Li_2025-class_a|chicken|k141_597877_seq1_1	L	
C2|~aph3p-41_1|aph3p-41_1|LCP|Li_2025|k141_2076293_seq1_1	aph3p	L	C	P	Li_2025	Li_2025-aminoglycoside_model_h|cattle|k141_2076293_seq1_1	L	
C2|~aph3p-42_1|aph3p-42_1|LCP|Li_2025|k141_1026635_seq1_1	aph3p	L	C	P	Li_2025	Li_2025-aminoglycoside_model_h|cattle|k141_1026635_seq1_1	L	
C2|~blaB3-286_1|blaB3-286_1|LCP|Li_2025|k141_437968_seq1_1	blaB3	L	C	P	Li_2025	Li_2025-class_b_3|cattle|k141_437968_seq1_1	L	
C2|~blaB3-287_1|blaB3-287_1|LCP|Li_2025|k141_1117700_seq1_1	blaB3	L	C	P	Li_2025	Li_2025-class_b_3|cattle|k141_1117700_seq1_1	L	
C2|~blaB3-288_1|blaB3-288_1|LCP|Li_2025|k141_37131_seq1_1	blaB3	L	C	P	Li_2025	Li_2025-class_b_3|cattle|k141_37131_seq1_1	L	
C2|~blaA1-360_1|blaA1-360_1|LCP|Li_2025|k141_230462_seq1_1	blaA1	L	C	P	Li_2025	Li_2025-class_a|cattle|k141_230462_seq1_1	L	
C2|~blaA1-361_1|blaA1-361_1|LCP|Li_2025|k141_262131_seq1_1	blaA1	L	C	P	Li_2025	Li_2025-class_a|cattle|k141_262131_seq1_1	L	
C2|~blaA1-363_1|blaA1-363_1|LCP|Li_2025|k141_10861_seq1_1	blaA1	L	C	P	Li_2025	Li_2025-class_a|cattle|k141_10861_seq1_1	L	
C2|~blaA1-364_1|blaA1-364_1|LCP|Li_2025|k141_428129_seq1_1	blaA1	L	C	P	Li_2025	Li_2025-class_a|cattle|k141_428129_seq1_1	L	
C2|~blaA1-365_1|blaA1-365_1|LCP|Li_2025|k141_598234_seq1_1	blaA1	L	C	P	Li_2025	Li_2025-class_a|cattle|k141_598234_seq1_1	L	
C2|~blaA1-366_1|blaA1-366_1|LCP|Li_2025|k141_371442_seq1_1	blaA1	L	C	P	Li_2025	Li_2025-class_a|cattle|k141_371442_seq1_1	L	
C2|~blaB3-291_1|blaB3-291_1|LCP|CocheMiranda_2026|CocheMiranda_2026_SPA_MetaAn_45_l305_st895_e1809_se1_ID=25891_2	blaB3	L	C	P	CocheMiranda_2026	CocheMiranda_2026-fARgene_CocheMiranda_2026.faa_class_b_3-CocheMiranda_2026_SPA_MetaAn_45_l305_st895_e1809_se1_ID=25891_2	L	
C2|~blaB3-292_1|blaB3-292_1|LCP|CocheMiranda_2026|CocheMiranda_2026_45804876_len_301_MetaAn_17	blaB3	L	C	P	CocheMiranda_2026	CocheMiranda_2026-fARgene_CocheMiranda_2026.faa_class_b_3-CocheMiranda_2026_45804876_len_301_MetaAn_17	L	
C2|~blaB3-293_1|blaB3-293_1|LCP|CocheMiranda_2026|CocheMiranda_2026_9800016_len_310_MetaAn_20	blaB3	L	C	P	CocheMiranda_2026	CocheMiranda_2026-fARgene_CocheMiranda_2026.faa_class_b_3-CocheMiranda_2026_9800016_len_310_MetaAn_20	L	
C2|~blaB3-310_1|blaB3-310_1|LCP|Victor_2025|HoACLASS_b3_sequ2ence	blaB3	L	C	P	Victor_2025	Victor_2025-HoACLASS_b3_sequ2ence	L	
C2|~blaA1-376_1|blaA1-376_1|LCP|Victor_2025|HoACLASS_a_sequ68ence	blaA1	L	C	P	Victor_2025	Victor_2025-HoACLASS_a_sequ68ence	L	
C2|~blaB3-311_1|blaB3-311_1|LCP|Victor_2025b|Class_B3NSF43B3	blaB3	L	C	P	Victor_2025b	Victor_2025b-Class_B3NSF43B3	L	
C2|~blaB3-312_1|blaB3-312_1|LCP|Victor_2025b|Class_B3NSF6B3	blaB3	L	C	P	Victor_2025b	Victor_2025b-Class_B3NSF6B3	L	
C2|~blaA1-377_1|blaA1-377_1|LCP|Victor_2025b|Class_ANSF26A	blaA1	L	C	P	Victor_2025b	Victor_2025b-Class_ANSF26A	L	
C2|~blaA1-378_1|blaA1-378_1|LCP|Victor_2025b|Class_ANSF6A	blaA1	L	C	P	Victor_2025b	Victor_2025b-Class_ANSF6A	L	
C2|~blaB3-313_1|blaB3-313_1|LCS|Ruppe_2019|MC3.MG344.AS1.GP1.C37831.G3	blaB3	L	C	S	Ruppe_2019	Ruppe_2019-1|2607642|16|Human-Microbiome-3.9M-Gene-Catalog-(metahit-v2)|MC3.MG344.AS1.GP1.C37831.G3|blab3	L	
C2|~blaB3-314_1|blaB3-314_1|LCS|Ruppe_2019|MC3.MG341.AS1.GP1.C49850.G5	blaB3	L	C	S	Ruppe_2019	Ruppe_2019-1|2584226|16|Human-Microbiome-3.9M-Gene-Catalog-(metahit-v2)|MC3.MG341.AS1.GP1.C49850.G5|blab3	L	
C2|~blaB3-315_1|blaB3-315_1|LCS|Ruppe_2019|MC3.MG193.AS1.GP1.C5875.G2	blaB3	L	C	S	Ruppe_2019	Ruppe_2019-1|1118626|16|Human-Microbiome-3.9M-Gene-Catalog-(metahit-v2)|MC3.MG193.AS1.GP1.C5875.G2|blab3	L	
C2|~blaB-26_1|blaB-26_1|LCS|Ruppe_2019|S05_CZ_7_KJ692469_1_2	blaB	L	C	S	Ruppe_2019	Ruppe_2019-3|3873991|13|ARD-Forsberg-gene-catalog|S05_CZ_7_KJ692469_1_2|blab	L	
C2|~ant-24_1|ant-24_1|LCS|Ruppe_2019|MC3.MG100.AS1.GP1.C30096.G2	ant	L	C	S	Ruppe_2019	Ruppe_2019-1|27255|7|Human-Microbiome-3.9M-Gene-Catalog-(metahit-v2)|MC3.MG100.AS1.GP1.C30096.G2|ant	L	
C2|~aph3p-43_1|aph3p-43_1|LCP|Li_2025|k141_363241_seq1_1	aph3p	L	C	P	Li_2025	Li_2025-aminoglycoside_model_h|swine|k141_363241_seq1_1	L	
C2|~erm-125_1|erm-125_1|LCP|Li_2025|k141_1205886_seq1_1	erm	L	C	P	Li_2025	Li_2025-erm_type_f|swine|k141_1205886_seq1_1	L	
C2|~blaA1-379_1|blaA1-379_1|LCP|Li_2025|k141_397652_seq1_1	blaA1	L	C	P	Li_2025	Li_2025-class_a|swine|k141_397652_seq1_1	L	
C2|~blaA1-380_1|blaA1-380_1|LCP|Li_2025|k141_133555_seq1_1	blaA1	L	C	P	Li_2025	Li_2025-class_a|swine|k141_133555_seq1_1	L	
C2|~blaA1-381_1|blaA1-381_1|LCP|Li_2025|k141_456587_seq1_1	blaA1	L	C	P	Li_2025	Li_2025-class_a|chicken|k141_456587_seq1_1	L	
C2|~blaA1-382_1|blaA1-382_1|LCP|Li_2025|k141_100336_seq1_1	blaA1	L	C	P	Li_2025	Li_2025-class_a|chicken|k141_100336_seq1_1	L	
C2|~blaA1-384_1|blaA1-384_1|LCP|Li_2025|k119_185654_seq1_1	blaA1	L	C	P	Li_2025	Li_2025-class_a|chicken|k119_185654_seq1_1	L	
C2|~blaA1-385_1|blaA1-385_1|LCP|Li_2025|k141_582330_seq1_1	blaA1	L	C	P	Li_2025	Li_2025-class_a|chicken|k141_582330_seq1_1	L	
C2|~blaA1-386_1|blaA1-386_1|LCP|Li_2025|k141_48461_seq1_1	blaA1	L	C	P	Li_2025	Li_2025-class_a|chicken|k141_48461_seq1_1	L	
C2|~blaA1-387_1|blaA1-387_1|LCP|Li_2025|k141_130033_seq1_1	blaA1	L	C	P	Li_2025	Li_2025-class_a|chicken|k141_130033_seq1_1	L	
C2|~blaA1-388_1|blaA1-388_1|LCP|Li_2025|k141_246384_seq1_1	blaA1	L	C	P	Li_2025	Li_2025-class_a|chicken|k141_246384_seq1_1	L	
C2|~blaA1-390_1|blaA1-390_1|LCP|Li_2025|k141_723983_seq1_1	blaA1	L	C	P	Li_2025	Li_2025-class_a|chicken|k141_723983_seq1_1	L	
C2|~aph3p-44_1|aph3p-44_1|LCP|Li_2025|k141_3544808_seq1_1	aph3p	L	C	P	Li_2025	Li_2025-aminoglycoside_model_h|cattle|k141_3544808_seq1_1	L	
C2|~aph2b-33_1|aph2b-33_1|LCP|Li_2025|k141_479593_seq1_1	aph2b	L	C	P	Li_2025	Li_2025-aminoglycoside_model_g|cattle|k141_479593_seq1_1	L	
C2|~aac3-87_1|aac3-87_1|LCP|Li_2025|k141_229709_seq1_1	aac3	L	C	P	Li_2025	Li_2025-aminoglycoside_model_c|cattle|k141_229709_seq1_1	L	
C2|~erm-126_1|erm-126_1|LCP|Li_2025|k141_88548_seq1_1	erm	L	C	P	Li_2025	Li_2025-erm_type_a|cattle|k141_88548_seq1_1	L	
C2|~blaD2-153_1|blaD2-153_1|LCP|Li_2025|k141_28956_seq1_1	blaD2	L	C	P	Li_2025	Li_2025-class_d_2|cattle|k141_28956_seq1_1	L	
C2|~blaB3-316_1|blaB3-316_1|LCP|Li_2025|k141_2076904_seq1_1	blaB3	L	C	P	Li_2025	Li_2025-class_b_3|cattle|k141_2076904_seq1_1	L	
C2|~blaB3-317_1|blaB3-317_1|LCP|Li_2025|k141_373895_seq1_1	blaB3	L	C	P	Li_2025	Li_2025-class_b_3|cattle|k141_373895_seq1_1	L	
C2|~blaB3-319_1|blaB3-319_1|LCP|Li_2025|k141_73173_seq1_1	blaB3	L	C	P	Li_2025	Li_2025-class_b_3|cattle|k141_73173_seq1_1	L	
C2|~blaB3-320_1|blaB3-320_1|LCP|Li_2025|k141_350827_seq1_1	blaB3	L	C	P	Li_2025	Li_2025-class_b_3|cattle|k141_350827_seq1_1	L	
C2|~blaB3-322_1|blaB3-322_1|LCP|Li_2025|k141_1228957_seq1_1	blaB3	L	C	P	Li_2025	Li_2025-class_b_3|cattle|k141_1228957_seq1_1	L	
C2|~blaA1-391_1|blaA1-391_1|LMP|Li_2025|k141_1265265_seq1_1	blaA1	L	M	P	Li_2025	Li_2025-class_a|cattle|k141_1265265_seq1_1	L	
C2|~blaA1-392_1|blaA1-392_1|LCP|Li_2025|k141_422006_seq1_1	blaA1	L	C	P	Li_2025	Li_2025-class_a|cattle|k141_422006_seq1_1	L	
C2|~blaA1-393_1|blaA1-393_1|LCP|Li_2025|k141_113869_seq1_1	blaA1	L	C	P	Li_2025	Li_2025-class_a|cattle|k141_113869_seq1_1	L	
C2|~blaA1-394_1|blaA1-394_1|LCP|Li_2025|k141_441276_seq1_1	blaA1	L	C	P	Li_2025	Li_2025-class_a|cattle|k141_441276_seq1_1	L	
C2|~blaB3-324_1|blaB3-324_1|LCP|CocheMiranda_2026|CocheMiranda_2026_SPA_MetaAn_8_l300_st3555_e4454_se1_ID=1806_7	blaB3	L	C	P	CocheMiranda_2026	CocheMiranda_2026-fARgene_CocheMiranda_2026.faa_class_b_3-CocheMiranda_2026_SPA_MetaAn_8_l300_st3555_e4454_se1_ID=1806_7	L	
C2|~blaB3-fARgene_21|blaB3-fARgene_21|LCP|CocheMiranda_2026|CocheMiranda_2026_SPA_MetaAn_82_l309_st3053_e3979_se	blaB3	L	C	P	CocheMiranda_2026	CocheMiranda_2026-fARgene_CocheMiranda_2026.faa_class_b_3-CocheMiranda_2026_SPA_MetaAn_82_l309_st3053_e3979_se-1_ID=17574_3	L	
C2|~blaA1-396_1|blaA1-396_1|LCP|CocheMiranda_2026|CocheMiranda_2026_SPA_MetaAn_7_l302_st145_e1050_se1_ID=113997_2	blaA1	L	C	P	CocheMiranda_2026	CocheMiranda_2026-fARgene_CocheMiranda_2026.faa_class_a-CocheMiranda_2026_SPA_MetaAn_7_l302_st145_e1050_se1_ID=113997_2	L	
C2|~blaA1-406_2|blaA1-406_2|LCP|CocheMiranda_2026|CocheMiranda_2026_6932871_len_306_MetaAn_3	blaA1	L	C	P	CocheMiranda_2026	CocheMiranda_2026-fARgene_CocheMiranda_2026.faa_class_a-CocheMiranda_2026_6932871_len_306_MetaAn_3	L	
C2|~blaA1-401_28|blaA1-401_28|LCP|CocheMiranda_2026|CocheMiranda_2026_1026213_len_303_MetaAn_21	blaA1	L	C	P	CocheMiranda_2026	CocheMiranda_2026-fARgene_CocheMiranda_2026.faa_class_a-CocheMiranda_2026_1026213_len_303_MetaAn_21	L	
C2|~blaD1-37_1|blaD1-37_1|LCP|Victor_2025|SeFCLASS_d1_sequ3ence	blaD1	L	C	P	Victor_2025	Victor_2025-SeFCLASS_d1_sequ3ence	L	
C2|~blaA1-414_1|blaA1-414_1|LCP|Victor_2025|HoACLASS_a_sequ53ence	blaA1	L	C	P	Victor_2025	Victor_2025-HoACLASS_a_sequ53ence	L	
C2|~aph6-84_1|aph6-84_1|LCP|Victor_2025|HiAAMG_I_sequ6ence	aph6	L	C	P	Victor_2025	Victor_2025-HiAAMG_I_sequ6ence	L	
C2|~blaB3-334_1|blaB3-334_1|LCP|Victor_2025b|Class_B3NSF22B3	blaB3	L	C	P	Victor_2025b	Victor_2025b-Class_B3NSF22B3	L	
C2|~blaB3-335_1|blaB3-335_1|LCP|Victor_2025b|Class_B3NSF1B3	blaB3	L	C	P	Victor_2025b	Victor_2025b-Class_B3NSF1B3	L	
C2|~blaB3-336_1|blaB3-336_1|LCS|Ruppe_2019|MC3.MG277.AS1.GP1.C21817.G1	blaB3	L	C	S	Ruppe_2019	Ruppe_2019-1|1809686|16|Human-Microbiome-3.9M-Gene-Catalog-(metahit-v2)|MC3.MG277.AS1.GP1.C21817.G1|blab3	L	
C2|~blaA-405_1|blaA-405_1|LCS|Ruppe_2019|AFC34214_1	blaA	L	C	S	Ruppe_2019	Ruppe_2019-7398|3877157|12|ARD-reference-gene-catalog|AFC34214_1|blaa	L	
C2|~blaA-407_1|blaA-407_1|LCS|Ruppe_2019|MC3.MG288.AS1.GP1.C54295.G17	blaA	L	C	S	Ruppe_2019	Ruppe_2019-1|1915590|12|Human-Microbiome-3.9M-Gene-Catalog-(metahit-v2)|MC3.MG288.AS1.GP1.C54295.G17|blaa	L	
C2|~blaA-410_1|blaA-410_1|LCS|Ruppe_2019|MC3.MG125.AS1.GP1.C10493.G3	blaA	L	C	S	Ruppe_2019	Ruppe_2019-1|416079|12|Human-Microbiome-3.9M-Gene-Catalog-(metahit-v2)|MC3.MG125.AS1.GP1.C10493.G3|blaa	L	
C2|~aph-95_1|aph-95_1|LCS|Ruppe_2019|MC3.MG370.AS1.GP1.C3112.G2	aph	L	C	S	Ruppe_2019	Ruppe_2019-1|2926493|8|Human-Microbiome-3.9M-Gene-Catalog-(metahit-v2)|MC3.MG370.AS1.GP1.C3112.G2|aph	L	
C2|~mph-46_1|mph-46_1|LCP|Li_2025|k141_463241_seq1_1	mph	L	C	P	Li_2025	Li_2025-mph|swine|k141_463241_seq1_1	L	
C2|~blaB3-337_1|blaB3-337_1|LCP|Li_2025|k141_76473_seq1_1	blaB3	L	C	P	Li_2025	Li_2025-class_b_3|swine|k141_76473_seq1_1	L	
C2|~blaA1-415_1|blaA1-415_1|LCP|Li_2025|k141_76088_seq1_1	blaA1	L	C	P	Li_2025	Li_2025-class_a|swine|k141_76088_seq1_1	L	
C2|~mph-47_1|mph-47_1|LCP|Li_2025|k141_166978_seq1_1	mph	L	C	P	Li_2025	Li_2025-mph|chicken|k141_166978_seq1_1	L	
C2|~erm-127_1|erm-127_1|LCP|Li_2025|k141_410059_seq1_1	erm	L	C	P	Li_2025	Li_2025-erm_type_a|chicken|k141_410059_seq1_1	L	
C2|~blaB3-338_1|blaB3-338_1|LCP|Li_2025|k141_195518_seq1_1	blaB3	L	C	P	Li_2025	Li_2025-class_b_3|chicken|k141_195518_seq1_1	L	
C2|~blaB3-339_1|blaB3-339_1|LCP|Li_2025|k141_246313_seq2_1	blaB3	L	C	P	Li_2025	Li_2025-class_b_3|chicken|k141_246313_seq2_1	L	
C2|~blaB3-340_1|blaB3-340_1|LCP|Li_2025|k141_535883_seq1_1	blaB3	L	C	P	Li_2025	Li_2025-class_b_3|chicken|k141_535883_seq1_1	L	
C2|~blaA1-416_1|blaA1-416_1|LCP|Li_2025|k141_264784_seq1_1	blaA1	L	C	P	Li_2025	Li_2025-class_a|chicken|k141_264784_seq1_1	L	
C2|~blaA1-417_1|blaA1-417_1|LCP|Li_2025|k141_547544_seq1_1	blaA1	L	C	P	Li_2025	Li_2025-class_a|chicken|k141_547544_seq1_1	L	
C2|~blaA1-418_1|blaA1-418_1|LCP|Li_2025|k141_141594_seq1_1	blaA1	L	C	P	Li_2025	Li_2025-class_a|chicken|k141_141594_seq1_1	L	
C2|~blaA1-419_1|blaA1-419_1|LCP|Li_2025|k141_41486_seq1_1	blaA1	L	C	P	Li_2025	Li_2025-class_a|chicken|k141_41486_seq1_1	L	
C2|~blaA1-420_1|blaA1-420_1|LCP|Li_2025|k119_43381_seq1_1	blaA1	L	C	P	Li_2025	Li_2025-class_a|chicken|k119_43381_seq1_1	L	
C2|~blaA1-421_1|blaA1-421_1|LCP|Li_2025|k119_46472_seq1_1	blaA1	L	C	P	Li_2025	Li_2025-class_a|chicken|k119_46472_seq1_1	L	
C2|~blaA1-422_1|blaA1-422_1|LCP|Li_2025|k141_20048_seq1_1	blaA1	L	C	P	Li_2025	Li_2025-class_a|chicken|k141_20048_seq1_1	L	
C2|~blaA1-423_1|blaA1-423_1|LCP|Li_2025|k141_540901_seq1_1	blaA1	L	C	P	Li_2025	Li_2025-class_a|chicken|k141_540901_seq1_1	L	
C2|~blaA1-424_1|blaA1-424_1|LCP|Li_2025|k141_442879_seq1_1	blaA1	L	C	P	Li_2025	Li_2025-class_a|chicken|k141_442879_seq1_1	L	
C2|~aph3p-45_1|aph3p-45_1|LCP|Li_2025|k141_1564840_seq1_1	aph3p	L	C	P	Li_2025	Li_2025-aminoglycoside_model_h|cattle|k141_1564840_seq1_1	L	
C2|~aac3-88_1|aac3-88_1|LCP|Li_2025|k141_1354492_seq1_1	aac3	L	C	P	Li_2025	Li_2025-aminoglycoside_model_c|cattle|k141_1354492_seq1_1	L	
C2|~aac3-89_1|aac3-89_1|LCP|Li_2025|k141_999880_seq1_1	aac3	L	C	P	Li_2025	Li_2025-aminoglycoside_model_c|cattle|k141_999880_seq1_1	L	
C2|~blaB3-341_1|blaB3-341_1|LCP|Li_2025|k141_2237562_seq1_1	blaB3	L	C	P	Li_2025	Li_2025-class_b_3|cattle|k141_2237562_seq1_1	L	
C2|~blaB3-343_1|blaB3-343_1|LCP|CocheMiranda_2026|CocheMiranda_2026_22312373_len_299_MetaAn_73	blaB3	L	C	P	CocheMiranda_2026	CocheMiranda_2026-fARgene_CocheMiranda_2026.faa_class_b_3-CocheMiranda_2026_22312373_len_299_MetaAn_73	L	
C2|~blaB3-fARgene_22|blaB3-fARgene_22|LCP|CocheMiranda_2026|CocheMiranda_2026_SPA_MetaAn_60_l298_st3888_e4781_se	blaB3	L	C	P	CocheMiranda_2026	CocheMiranda_2026-fARgene_CocheMiranda_2026.faa_class_b_3-CocheMiranda_2026_SPA_MetaAn_60_l298_st3888_e4781_se-1_ID=116_6	L	
C2|~blaB3-345_1|blaB3-345_1|LCP|CocheMiranda_2026|CocheMiranda_2026_SPA_MetaAn_62_l304_st254_e1165_se1_ID=33912_2	blaB3	L	C	P	CocheMiranda_2026	CocheMiranda_2026-fARgene_CocheMiranda_2026.faa_class_b_3-CocheMiranda_2026_SPA_MetaAn_62_l304_st254_e1165_se1_ID=33912_2	L	
C2|~blaB3-346_1|blaB3-346_1|LCP|CocheMiranda_2026|CocheMiranda_2026_23471528_len_300_MetaAn_68	blaB3	L	C	P	CocheMiranda_2026	CocheMiranda_2026-fARgene_CocheMiranda_2026.faa_class_b_3-CocheMiranda_2026_23471528_len_300_MetaAn_68	L	
C2|~blaB3-350_1|blaB3-350_1|LCP|Victor_2025|SeFCLASS_b3_sequ8ence	blaB3	L	C	P	Victor_2025	Victor_2025-SeFCLASS_b3_sequ8ence	L	
C2|~blaB3-351_1|blaB3-351_1|LCP|Victor_2025b|Class_B3NSF37B3	blaB3	L	C	P	Victor_2025b	Victor_2025b-Class_B3NSF37B3	L	
C2|~blaB3-352_1|blaB3-352_1|LCP|Victor_2025b|Class_B3NSF24B3	blaB3	L	C	P	Victor_2025b	Victor_2025b-Class_B3NSF24B3	L	
C2|~blaA1-433_1|blaA1-433_1|LCP|Victor_2025b|Class_ANSF7A	blaA1	L	C	P	Victor_2025b	Victor_2025b-Class_ANSF7A	L	
C2|~blaC-215_1|blaC-215_1|LCS|Ruppe_2019|MC3.MG330.AS1.GP1.C29851.G2	blaC	L	C	S	Ruppe_2019	Ruppe_2019-1|2472782|17|Human-Microbiome-3.9M-Gene-Catalog-(metahit-v2)|MC3.MG330.AS1.GP1.C29851.G2|blac	L	
C2|~blaA-412_1|blaA-412_1|LCS|Ruppe_2019|MC3.MG227.AS1.GP1.C27581.G4	blaA	L	C	S	Ruppe_2019	Ruppe_2019-1|1430641|12|Human-Microbiome-3.9M-Gene-Catalog-(metahit-v2)|MC3.MG227.AS1.GP1.C27581.G4|blaa	L	
C2|~aph-96_1|aph-96_1|LCS|Ruppe_2019|MC3.MG89.AS1.GP1.C4501.G4	aph	L	C	S	Ruppe_2019	Ruppe_2019-1|3714978|8|Human-Microbiome-3.9M-Gene-Catalog-(metahit-v2)|MC3.MG89.AS1.GP1.C4501.G4|aph	L	
C2|~aph-97_1|aph-97_1|LCS|Ruppe_2019|MC3.MG6.AS1.GP1.C97483.G1	aph	L	C	S	Ruppe_2019	Ruppe_2019-1|3477259|8|Human-Microbiome-3.9M-Gene-Catalog-(metahit-v2)|MC3.MG6.AS1.GP1.C97483.G1|aph	L	
C2|~aph-98_1|aph-98_1|LCS|Ruppe_2019|MC3.MG35.AS1.GP1.C23750.G3	aph	L	C	S	Ruppe_2019	Ruppe_2019-1|2678025|8|Human-Microbiome-3.9M-Gene-Catalog-(metahit-v2)|MC3.MG35.AS1.GP1.C23750.G3|aph	L	
C2|~ant-25_1|ant-25_1|LMS|Ruppe_2019|MC3.MG382.AS1.GP1.C67199.G3	ant	L	M	S	Ruppe_2019	Ruppe_2019-1|3086144|7|Human-Microbiome-3.9M-Gene-Catalog-(metahit-v2)|MC3.MG382.AS1.GP1.C67199.G3|ant	L	
C2|~aac3-90_1|aac3-90_1|LCS|Ruppe_2019|MC3.MG12.AS1.GP1.C31238.G2	aac3	L	C	S	Ruppe_2019	Ruppe_2019-1|276377|5|Human-Microbiome-3.9M-Gene-Catalog-(metahit-v2)|MC3.MG12.AS1.GP1.C31238.G2|aac3_2	L	
C2|~mph-49_1|mph-49_1|LCP|Li_2025|k141_471339_seq1_1	mph	L	C	P	Li_2025	Li_2025-mph|swine|k141_471339_seq1_1	L	
C2|~blaA1-434_1|blaA1-434_1|LCP|Li_2025|k141_1214873_seq1_1	blaA1	L	C	P	Li_2025	Li_2025-class_a|swine|k141_1214873_seq1_1	L	
C2|~aph6-85_1|aph6-85_1|LCP|Li_2025|k141_340099_seq1_1	aph6	L	C	P	Li_2025	Li_2025-aminoglycoside_model_i|chicken|k141_340099_seq1_1	L	
C2|~erm-128_1|erm-128_1|LCP|Li_2025|k141_144573_seq1_1	erm	L	C	P	Li_2025	Li_2025-erm_type_a|chicken|k141_144573_seq1_1	L	
C2|~blaA1-435_1|blaA1-435_1|LCP|Li_2025|k141_539648_seq1_1	blaA1	L	C	P	Li_2025	Li_2025-class_a|chicken|k141_539648_seq1_1	L	
C2|~blaA1-437_1|blaA1-437_1|LCP|Li_2025|k141_150602_seq1_1	blaA1	L	C	P	Li_2025	Li_2025-class_a|chicken|k141_150602_seq1_1	L	
C2|~blaA1-438_1|blaA1-438_1|LCP|Li_2025|k141_99635_seq1_1	blaA1	L	C	P	Li_2025	Li_2025-class_a|chicken|k141_99635_seq1_1	L	
C2|~blaA1-439_1|blaA1-439_1|LCP|Li_2025|k141_280673_seq1_1	blaA1	L	C	P	Li_2025	Li_2025-class_a|chicken|k141_280673_seq1_1	L	
C2|~blaA1-440_1|blaA1-440_1|LCP|Li_2025|k141_196524_seq1_1	blaA1	L	C	P	Li_2025	Li_2025-class_a|chicken|k141_196524_seq1_1	L	
C2|~aph3p-46_1|aph3p-46_1|LCP|Li_2025|k141_581961_seq1_1	aph3p	L	C	P	Li_2025	Li_2025-aminoglycoside_model_h|cattle|k141_581961_seq1_1	L	
C2|~aph2b-34_1|aph2b-34_1|LMP|Li_2025|k141_607601_seq1_1	aph2b	L	M	P	Li_2025	Li_2025-aminoglycoside_model_g|cattle|k141_607601_seq1_1	L	
C2|~mph-50_1|mph-50_1|LMP|Li_2025|k141_1526979_seq1_1	mph	L	M	P	Li_2025	Li_2025-mph|cattle|k141_1526979_seq1_1	L	
C2|~erm-129_1|erm-129_1|LCP|Li_2025|k141_63677_seq1_1	erm	L	C	P	Li_2025	Li_2025-erm_type_f|cattle|k141_63677_seq1_1	L	
C2|~blaB3-354_1|blaB3-354_1|LCP|Li_2025|k141_231147_seq1_1	blaB3	L	C	P	Li_2025	Li_2025-class_b_3|cattle|k141_231147_seq1_1	L	
C2|~blaB3-fARgene_24|blaB3-fARgene_24|LCP|CocheMiranda_2026|CocheMiranda_2026_SPA_MetaAn_57_l297_st636_e1526_se	blaB3	L	C	P	CocheMiranda_2026	CocheMiranda_2026-fARgene_CocheMiranda_2026.faa_class_b_3-CocheMiranda_2026_SPA_MetaAn_57_l297_st636_e1526_se-1_ID=27881_2	L	
C2|~blaB3-355_1|blaB3-355_1|LCP|CocheMiranda_2026|CocheMiranda_2026_17856111_len_307_MetaAn_2	blaB3	L	C	P	CocheMiranda_2026	CocheMiranda_2026-fARgene_CocheMiranda_2026.faa_class_b_3-CocheMiranda_2026_17856111_len_307_MetaAn_2	L	
C2|~blaB3-357_1|blaB3-357_1|LCP|CocheMiranda_2026|CocheMiranda_2026_22470036_len_310_MetaAn_68	blaB3	L	C	P	CocheMiranda_2026	CocheMiranda_2026-fARgene_CocheMiranda_2026.faa_class_b_3-CocheMiranda_2026_22470036_len_310_MetaAn_68	L	
C2|~blaA1-fARgene_32|blaA1-fARgene_32|LCP|CocheMiranda_2026|CocheMiranda_2026_SPA_MetaAn_8_l299_st384_e1280_se	blaA1	L	C	P	CocheMiranda_2026	CocheMiranda_2026-fARgene_CocheMiranda_2026.faa_class_a-CocheMiranda_2026_SPA_MetaAn_8_l299_st384_e1280_se-1_ID=50615_2	L	
C2|~blaA1-441_1|blaA1-441_1|LCP|CocheMiranda_2026|CocheMiranda_2026_SPA_MetaAn_74_l320_st2570_e3529_se1_ID=15044_3	blaA1	L	C	P	CocheMiranda_2026	CocheMiranda_2026-fARgene_CocheMiranda_2026.faa_class_a-CocheMiranda_2026_SPA_MetaAn_74_l320_st2570_e3529_se1_ID=15044_3	L	
C2|~blaA1-fARgene_33|blaA1-fARgene_33|LCP|CocheMiranda_2026|CocheMiranda_2026_SPA_MetaAn_66_l299_st3103_e3999_se	blaA1	L	C	P	CocheMiranda_2026	CocheMiranda_2026-fARgene_CocheMiranda_2026.faa_class_a-CocheMiranda_2026_SPA_MetaAn_66_l299_st3103_e3999_se-1_ID=2494_4	L	
C2|~blaA1-442_1|blaA1-442_1|LCP|CocheMiranda_2026|CocheMiranda_2026_SPA_MetaAn_62_l297_st1821_e2711_se1_ID=12640_3	blaA1	L	C	P	CocheMiranda_2026	CocheMiranda_2026-fARgene_CocheMiranda_2026.faa_class_a-CocheMiranda_2026_SPA_MetaAn_62_l297_st1821_e2711_se1_ID=12640_3	L	
C2|~blaA1-445_1|blaA1-445_1|LCP|CocheMiranda_2026|CocheMiranda_2026_891403_len_299_MetaAn_83	blaA1	L	C	P	CocheMiranda_2026	CocheMiranda_2026-fARgene_CocheMiranda_2026.faa_class_a-CocheMiranda_2026_891403_len_299_MetaAn_83	L	
C2|~blaA1-446_1|blaA1-446_1|LCP|Victor_2025|SeFCLASS_a_sequ37ence	blaA1	L	C	P	Victor_2025	Victor_2025-SeFCLASS_a_sequ37ence	L	
C2|~blaA1-447_1|blaA1-447_1|LCP|Victor_2025|SeACLASS_a_sequ41ence	blaA1	L	C	P	Victor_2025	Victor_2025-SeACLASS_a_sequ41ence	L	
C2|~mph-51_1|mph-51_1|LCP|Victor_2025|HoFMPH_sequ3ence	mph	L	C	P	Victor_2025	Victor_2025-HoFMPH_sequ3ence	L	
C2|~blaA1-448_1|blaA1-448_1|LCP|Victor_2025|HoFCLASS_a_sequ10ence	blaA1	L	C	P	Victor_2025	Victor_2025-HoFCLASS_a_sequ10ence	L	
C2|~blaB3-359_1|blaB3-359_1|LCP|Victor_2025|HiFCLASS_b3_sequ1ence	blaB3	L	C	P	Victor_2025	Victor_2025-HiFCLASS_b3_sequ1ence	L	
C2|~blaB3-360_1|blaB3-360_1|LCP|Victor_2025b|Class_B3NSF27B3	blaB3	L	C	P	Victor_2025b	Victor_2025b-Class_B3NSF27B3	L	
C2|~blaD-15_1|blaD-15_1|LCS|Ruppe_2019|MC3.MG91.AS1.GP1.C56685.G2	blaD	L	C	S	Ruppe_2019	Ruppe_2019-1|3753478|18|Human-Microbiome-3.9M-Gene-Catalog-(metahit-v2)|MC3.MG91.AS1.GP1.C56685.G2|blad	L	
C2|~blaA-413_1|blaA-413_1|LCS|Ruppe_2019|CP003048	blaA	L	C	S	Ruppe_2019	Ruppe_2019-7398|3875227|12|ARD-reference-gene-catalog|CP003048|blaa	L	
C2|~aph-99_1|aph-99_1|LCS|Ruppe_2019|S15_GE_5_KJ695413_1_2	aph	L	C	S	Ruppe_2019	Ruppe_2019-3|3873811|8|ARD-Forsberg-gene-catalog|S15_GE_5_KJ695413_1_2|aph	L	
C2|~aph-100_1|aph-100_1|LCS|Ruppe_2019|MC3.MG227.AS1.GP1.C31695.G15	aph	L	C	S	Ruppe_2019	Ruppe_2019-1|1431944|8|Human-Microbiome-3.9M-Gene-Catalog-(metahit-v2)|MC3.MG227.AS1.GP1.C31695.G15|aph	L	
C2|~aph-101_1|aph-101_1|LCS|Ruppe_2019|MC3.MG144.AS1.GP1.C27566.G1	aph	L	C	S	Ruppe_2019	Ruppe_2019-1|680041|8|Human-Microbiome-3.9M-Gene-Catalog-(metahit-v2)|MC3.MG144.AS1.GP1.C27566.G1|aph	L	
C2|~aph-102_1|aph-102_1|LCS|Ruppe_2019|MC3.MG140.AS1.GP1.C21989.G11	aph	L	C	S	Ruppe_2019	Ruppe_2019-1|630701|8|Human-Microbiome-3.9M-Gene-Catalog-(metahit-v2)|MC3.MG140.AS1.GP1.C21989.G11|aph	L	
C2|~aph-103_1|aph-103_1|LCS|Ruppe_2019|MC3.MG127.AS1.GP1.C27838.G18	aph	L	C	S	Ruppe_2019	Ruppe_2019-1|443431|8|Human-Microbiome-3.9M-Gene-Catalog-(metahit-v2)|MC3.MG127.AS1.GP1.C27838.G18|aph	L	
C2|~ant-26_1|ant-26_1|LCS|Ruppe_2019|MC3.MG351.AS1.GP1.C44704.G9	ant	L	C	S	Ruppe_2019	Ruppe_2019-1|2694964|7|Human-Microbiome-3.9M-Gene-Catalog-(metahit-v2)|MC3.MG351.AS1.GP1.C44704.G9|ant	L	
C2|~ant-28_1|ant-28_1|LCS|Ruppe_2019|MC3.MG179.AS1.GP1.C26752.G1	ant	L	C	S	Ruppe_2019	Ruppe_2019-1|998374|7|Human-Microbiome-3.9M-Gene-Catalog-(metahit-v2)|MC3.MG179.AS1.GP1.C26752.G1|ant	L	
C2|~aph6-86_1|aph6-86_1|LCP|Li_2025|k141_281490_seq1_1	aph6	L	C	P	Li_2025	Li_2025-aminoglycoside_model_i|swine|k141_281490_seq1_1	L	
C2|~mph-52_1|mph-52_1|LCP|Li_2025|k141_933674_seq1_1	mph	L	C	P	Li_2025	Li_2025-mph|swine|k141_933674_seq1_1	L	
C2|~erm-130_1|erm-130_1|LMP|Li_2025|k141_868864_seq1_1	erm	L	M	P	Li_2025	Li_2025-erm_type_a|swine|k141_868864_seq1_1	L	
C2|~blaB3-362_1|blaB3-362_1|LCP|Li_2025|k141_543926_seq1_1	blaB3	L	C	P	Li_2025	Li_2025-class_b_3|swine|k141_543926_seq1_1	L	
C2|~blaB3-363_1|blaB3-363_1|LCP|Li_2025|k141_181386_seq1_1	blaB3	L	C	P	Li_2025	Li_2025-class_b_3|swine|k141_181386_seq1_1	L	
C2|~blaB3-364_1|blaB3-364_1|LCP|Li_2025|k141_1382978_seq1_1	blaB3	L	C	P	Li_2025	Li_2025-class_b_3|swine|k141_1382978_seq1_1	L	
C2|~blaA1-449_1|blaA1-449_1|LCP|Li_2025|k141_1051514_seq1_1	blaA1	L	C	P	Li_2025	Li_2025-class_a|swine|k141_1051514_seq1_1	L	
C2|~blaA1-450_1|blaA1-450_1|LCP|Li_2025|k141_634158_seq1_1	blaA1	L	C	P	Li_2025	Li_2025-class_a|swine|k141_634158_seq1_1	L	
C2|~aph6-87_1|aph6-87_1|LCP|Li_2025|k141_310243_seq1_1	aph6	L	C	P	Li_2025	Li_2025-aminoglycoside_model_i|chicken|k141_310243_seq1_1	L	
C2|~aph6-88_1|aph6-88_1|LCP|Li_2025|k141_360422_seq1_1	aph6	L	C	P	Li_2025	Li_2025-aminoglycoside_model_i|chicken|k141_360422_seq1_1	L	
C2|~mph-53_1|mph-53_1|LCP|Li_2025|k141_39164_seq1_1	mph	L	C	P	Li_2025	Li_2025-mph|chicken|k141_39164_seq1_1	L	
C2|~mph-54_1|mph-54_1|LCP|Li_2025|k141_466144_seq1_1	mph	L	C	P	Li_2025	Li_2025-mph|chicken|k141_466144_seq1_1	L	
C2|~erm-131_1|erm-131_1|LCP|Li_2025|k119_261360_seq1_1	erm	L	C	P	Li_2025	Li_2025-erm_type_f|chicken|k119_261360_seq1_1	L	
C2|~blaB3-365_1|blaB3-365_1|LCP|Li_2025|k141_91127_seq1_1	blaB3	L	C	P	Li_2025	Li_2025-class_b_3|chicken|k141_91127_seq1_1	L	
C2|~blaA1-451_1|blaA1-451_1|LCP|Li_2025|k141_263687_seq1_1	blaA1	L	C	P	Li_2025	Li_2025-class_a|chicken|k141_263687_seq1_1	L	
C2|~aph2b-35_1|aph2b-35_1|LCP|Li_2025|k141_3694198_seq1_1	aph2b	L	C	P	Li_2025	Li_2025-aminoglycoside_model_g|cattle|k141_3694198_seq1_1	L	
C2|~mph-55_1|mph-55_1|LCP|Li_2025|k141_644673_seq1_1	mph	L	C	P	Li_2025	Li_2025-mph|cattle|k141_644673_seq1_1	L	
C2|~mph-56_1|mph-56_1|LCP|Li_2025|k141_1189426_seq1_1	mph	L	C	P	Li_2025	Li_2025-mph|cattle|k141_1189426_seq1_1	L	
C2|~blaB3-367_1|blaB3-367_1|LCP|Li_2025|k141_219468_seq1_1	blaB3	L	C	P	Li_2025	Li_2025-class_b_3|cattle|k141_219468_seq1_1	L	
C2|~blaB3-368_1|blaB3-368_1|LCP|Li_2025|k141_238751_seq1_1	blaB3	L	C	P	Li_2025	Li_2025-class_b_3|cattle|k141_238751_seq1_1	L	
C2|~blaB3-370_1|blaB3-370_1|LCP|Li_2025|k141_329820_seq1_1	blaB3	L	C	P	Li_2025	Li_2025-class_b_3|cattle|k141_329820_seq1_1	L	
C2|~blaB3-371_1|blaB3-371_1|LCP|Li_2025|k141_1271040_seq1_1	blaB3	L	C	P	Li_2025	Li_2025-class_b_3|cattle|k141_1271040_seq1_1	L	
C2|~blaB3-374_1|blaB3-374_1|LCP|Li_2025|k141_248977_seq1_1	blaB3	L	C	P	Li_2025	Li_2025-class_b_3|cattle|k141_248977_seq1_1	L	
C2|~blaA1-455_1|blaA1-455_1|LCP|Li_2025|k141_461317_seq1_1	blaA1	L	C	P	Li_2025	Li_2025-class_a|cattle|k141_461317_seq1_1	L	
C2|~blaB3-376_1|blaB3-376_1|LCP|CocheMiranda_2026|CocheMiranda_2026_SPA_MetaAn_61_l310_st2095_e3024_se1_ID=27109_3	blaB3	L	C	P	CocheMiranda_2026	CocheMiranda_2026-fARgene_CocheMiranda_2026.faa_class_b_3-CocheMiranda_2026_SPA_MetaAn_61_l310_st2095_e3024_se1_ID=27109_3	L	
C2|~blaB3-377_1|blaB3-377_1|LCP|CocheMiranda_2026|CocheMiranda_2026_SPA_MetaAn_83_l316_st79_e1026_se1_ID=27587_2	blaB3	L	C	P	CocheMiranda_2026	CocheMiranda_2026-fARgene_CocheMiranda_2026.faa_class_b_3-CocheMiranda_2026_SPA_MetaAn_83_l316_st79_e1026_se1_ID=27587_2	L	
C2|~blaA1-fARgene_37|blaA1-fARgene_37|LCP|CocheMiranda_2026|CocheMiranda_2026_SPA_MetaAn_76_l305_st322_e1236_se	blaA1	L	C	P	CocheMiranda_2026	CocheMiranda_2026-fARgene_CocheMiranda_2026.faa_class_a-CocheMiranda_2026_SPA_MetaAn_76_l305_st322_e1236_se-1_ID=47622_2	L	
C2|~blaA1-456_1|blaA1-456_1|LCP|CocheMiranda_2026|CocheMiranda_2026_SPA_MetaAn_73_l299_st2196_e3092_se1_ID=14218_4	blaA1	L	C	P	CocheMiranda_2026	CocheMiranda_2026-fARgene_CocheMiranda_2026.faa_class_a-CocheMiranda_2026_SPA_MetaAn_73_l299_st2196_e3092_se1_ID=14218_4	L	
C2|~blaA1-457_1|blaA1-457_1|LCP|CocheMiranda_2026|CocheMiranda_2026_SPA_MetaAn_62_l297_st134_e1024_se1_ID=101796_1	blaA1	L	C	P	CocheMiranda_2026	CocheMiranda_2026-fARgene_CocheMiranda_2026.faa_class_a-CocheMiranda_2026_SPA_MetaAn_62_l297_st134_e1024_se1_ID=101796_1	L	
C2|~blaA1-458_1|blaA1-458_1|LCP|CocheMiranda_2026|CocheMiranda_2026_SPA_MetaAn_17_l296_st2112_e2999_se1_ID=43852_3	blaA1	L	C	P	CocheMiranda_2026	CocheMiranda_2026-fARgene_CocheMiranda_2026.faa_class_a-CocheMiranda_2026_SPA_MetaAn_17_l296_st2112_e2999_se1_ID=43852_3	L	
C2|~blaA1-460_1|blaA1-460_1|LCP|Victor_2025|HoFCLASS_a_sequ35ence	blaA1	L	C	P	Victor_2025	Victor_2025-HoFCLASS_a_sequ35ence	L	
C2|~blaA1-461_1|blaA1-461_1|LCP|Victor_2025|HoFCLASS_a_sequ23ence	blaA1	L	C	P	Victor_2025	Victor_2025-HoFCLASS_a_sequ23ence	L	
C2|~aph6-89_1|aph6-89_1|LMP|Victor_2025|HoFAMG_I_sequ5ence	aph6	L	M	P	Victor_2025	Victor_2025-HoFAMG_I_sequ5ence	L	
C2|~blaB3-380_1|blaB3-380_1|LCP|Victor_2025|HiFCLASS_b3_sequ3ence	blaB3	L	C	P	Victor_2025	Victor_2025-HiFCLASS_b3_sequ3ence	L	
C2|~blaB3-381_1|blaB3-381_1|LCS|Ruppe_2019|MC3.MG12.AS1.GP1.C79942.G2	blaB3	L	C	S	Ruppe_2019	Ruppe_2019-1|328779|16|Human-Microbiome-3.9M-Gene-Catalog-(metahit-v2)|MC3.MG12.AS1.GP1.C79942.G2|blab3	L	
C2|~blaB3-382_1|blaB3-382_1|LCS|Ruppe_2019|MC3.MG12.AS1.GP1.C3716.G2	blaB3	L	C	S	Ruppe_2019	Ruppe_2019-1|282786|16|Human-Microbiome-3.9M-Gene-Catalog-(metahit-v2)|MC3.MG12.AS1.GP1.C3716.G2|blab3	L	
C2|~blaB3-383_1|blaB3-383_1|LCS|Ruppe_2019|MC3.MG118.AS1.GP1.C21413.G6	blaB3	L	C	S	Ruppe_2019	Ruppe_2019-1|239760|16|Human-Microbiome-3.9M-Gene-Catalog-(metahit-v2)|MC3.MG118.AS1.GP1.C21413.G6|blab3	L	
C2|~blaA-416_1|blaA-416_1|LCS|Ruppe_2019|MC3.MG65.AS1.GP1.C1872.G2	blaA	L	C	S	Ruppe_2019	Ruppe_2019-1|3511936|12|Human-Microbiome-3.9M-Gene-Catalog-(metahit-v2)|MC3.MG65.AS1.GP1.C1872.G2|blaa	L	
C2|~blaA-418_1|blaA-418_1|LCS|Ruppe_2019|MC3.MG140.AS1.GP1.C54427.G32	blaA	L	C	S	Ruppe_2019	Ruppe_2019-1|639399|12|Human-Microbiome-3.9M-Gene-Catalog-(metahit-v2)|MC3.MG140.AS1.GP1.C54427.G32|blaa	L	
C2|~blaA-419_1|blaA-419_1|LCS|Ruppe_2019|MC3.MG11.AS1.GP1.C32505.G2	blaA	L	C	S	Ruppe_2019	Ruppe_2019-1|141492|12|Human-Microbiome-3.9M-Gene-Catalog-(metahit-v2)|MC3.MG11.AS1.GP1.C32505.G2|blaa	L	
C2|~aph-104_1|aph-104_1|LCS|Ruppe_2019|MC3.MG98.AS1.GP1.C38332.G2	aph	L	C	S	Ruppe_2019	Ruppe_2019-1|3844844|8|Human-Microbiome-3.9M-Gene-Catalog-(metahit-v2)|MC3.MG98.AS1.GP1.C38332.G2|aph	L	
C2|~aph-105_1|aph-105_1|LCS|Ruppe_2019|MC3.MG213.AS1.GP1.C45792.G42	aph	L	C	S	Ruppe_2019	Ruppe_2019-1|1324344|8|Human-Microbiome-3.9M-Gene-Catalog-(metahit-v2)|MC3.MG213.AS1.GP1.C45792.G42|aph	L	
C2|~ant-30_1|ant-30_1|LCS|Ruppe_2019|MC3.MG320.AS1.GP1.C10665.G5	ant	L	C	S	Ruppe_2019	Ruppe_2019-1|2294439|7|Human-Microbiome-3.9M-Gene-Catalog-(metahit-v2)|MC3.MG320.AS1.GP1.C10665.G5|ant	L	
C2|~ant-31_1|ant-31_1|LCS|Ruppe_2019|MC3.MG287.AS1.GP1.C5120.G14	ant	L	C	S	Ruppe_2019	Ruppe_2019-1|1902807|7|Human-Microbiome-3.9M-Gene-Catalog-(metahit-v2)|MC3.MG287.AS1.GP1.C5120.G14|ant	L	
C2|~ant-32_1|ant-32_1|LCS|Ruppe_2019|MC3.MG142.AS1.GP1.C40860.G2	ant	L	C	S	Ruppe_2019	Ruppe_2019-1|656622|7|Human-Microbiome-3.9M-Gene-Catalog-(metahit-v2)|MC3.MG142.AS1.GP1.C40860.G2|ant	L	
C2|~erm-132_1|erm-132_1|LCP|Li_2025|k141_363175_seq1_1	erm	L	C	P	Li_2025	Li_2025-erm_type_f|swine|k141_363175_seq1_1	L	
C2|~blaB3-385_1|blaB3-385_1|LCP|Li_2025|k141_68434_seq1_1	blaB3	L	C	P	Li_2025	Li_2025-class_b_3|swine|k141_68434_seq1_1	L	
C2|~blaB3-386_1|blaB3-386_1|LCP|Li_2025|k141_192553_seq1_1	blaB3	L	C	P	Li_2025	Li_2025-class_b_3|swine|k141_192553_seq1_1	L	
C2|~blaA1-462_1|blaA1-462_1|LCP|Li_2025|k141_1017161_seq1_1	blaA1	L	C	P	Li_2025	Li_2025-class_a|swine|k141_1017161_seq1_1	L	
C2|~mph-58_1|mph-58_1|LCP|Li_2025|k141_463012_seq1_1	mph	L	C	P	Li_2025	Li_2025-mph|chicken|k141_463012_seq1_1	L	
C2|~blaB3-388_1|blaB3-388_1|LCP|Li_2025|k141_685235_seq1_1	blaB3	L	C	P	Li_2025	Li_2025-class_b_3|chicken|k141_685235_seq1_1	L	
C2|~blaA1-463_1|blaA1-463_1|LCP|Li_2025|k119_159291_seq1_1	blaA1	L	C	P	Li_2025	Li_2025-class_a|chicken|k119_159291_seq1_1	L	
C2|~blaA1-464_1|blaA1-464_1|LCP|Li_2025|k119_160160_seq1_1	blaA1	L	C	P	Li_2025	Li_2025-class_a|chicken|k119_160160_seq1_1	L	
C2|~aph3p-47_1|aph3p-47_1|LCP|Li_2025|k141_972340_seq1_1	aph3p	L	C	P	Li_2025	Li_2025-aminoglycoside_model_h|cattle|k141_972340_seq1_1	L	
C2|~aph3p-48_1|aph3p-48_1|LCP|Li_2025|k141_785104_seq1_1	aph3p	L	C	P	Li_2025	Li_2025-aminoglycoside_model_h|cattle|k141_785104_seq1_1	L	
C2|~erm-134_1|erm-134_1|LCP|Li_2025|k141_983908_seq1_1	erm	L	C	P	Li_2025	Li_2025-erm_type_f|cattle|k141_983908_seq1_1	L	
C2|~erm-135_1|erm-135_1|LCP|Li_2025|k141_211028_seq1_1	erm	L	C	P	Li_2025	Li_2025-erm_type_f|cattle|k141_211028_seq1_1	L	
C2|~erm-136_1|erm-136_1|LCP|Li_2025|k141_133308_seq1_1	erm	L	C	P	Li_2025	Li_2025-erm_type_f|cattle|k141_133308_seq1_1	L	
C2|~blaD2-156_1|blaD2-156_1|LCP|Li_2025|k141_62467_seq1_1	blaD2	L	C	P	Li_2025	Li_2025-class_d_2|cattle|k141_62467_seq1_1	L	
C2|~blaB3-389_1|blaB3-389_1|LCP|Li_2025|k141_1023073_seq1_1	blaB3	L	C	P	Li_2025	Li_2025-class_b_3|cattle|k141_1023073_seq1_1	L	
C2|~blaB3-390_1|blaB3-390_1|LCP|Li_2025|k141_1377980_seq1_1	blaB3	L	C	P	Li_2025	Li_2025-class_b_3|cattle|k141_1377980_seq1_1	L	
C2|~blaB3-392_1|blaB3-392_1|LCP|Li_2025|k141_976179_seq1_1	blaB3	L	C	P	Li_2025	Li_2025-class_b_3|cattle|k141_976179_seq1_1	L	
C2|~blaB3-393_1|blaB3-393_1|LCP|Li_2025|k141_776212_seq1_1	blaB3	L	C	P	Li_2025	Li_2025-class_b_3|cattle|k141_776212_seq1_1	L	
C2|~blaB3-394_1|blaB3-394_1|LCP|Li_2025|k141_61043_seq1_1	blaB3	L	C	P	Li_2025	Li_2025-class_b_3|cattle|k141_61043_seq1_1	L	
C2|~blaA1-466_1|blaA1-466_1|LCP|Li_2025|k141_270885_seq1_1	blaA1	L	C	P	Li_2025	Li_2025-class_a|cattle|k141_270885_seq1_1	L	
C2|~blaA1-467_1|blaA1-467_1|LCP|Li_2025|k141_244919_seq1_1	blaA1	L	C	P	Li_2025	Li_2025-class_a|cattle|k141_244919_seq1_1	L	
C2|~blaB3-399_1|blaB3-399_1|LCP|CocheMiranda_2026|CocheMiranda_2026_SPA_MetaAn_2_l298_st478_e1371_se1_ID=48120_2	blaB3	L	C	P	CocheMiranda_2026	CocheMiranda_2026-fARgene_CocheMiranda_2026.faa_class_b_3-CocheMiranda_2026_SPA_MetaAn_2_l298_st478_e1371_se1_ID=48120_2	L	
C2|~blaA1-fARgene_38|blaA1-fARgene_38|LCP|CocheMiranda_2026|CocheMiranda_2026_SPA_MetaAn_84_l297_st33_e923_se	blaA1	L	C	P	CocheMiranda_2026	CocheMiranda_2026-fARgene_CocheMiranda_2026.faa_class_a-CocheMiranda_2026_SPA_MetaAn_84_l297_st33_e923_se-1_ID=122061_1	L	
C2|~blaA1-fARgene_39|blaA1-fARgene_39|LCP|CocheMiranda_2026|CocheMiranda_2026_SPA_MetaAn_84_l295_st16977_e17861_se	blaA1	L	C	P	CocheMiranda_2026	CocheMiranda_2026-fARgene_CocheMiranda_2026.faa_class_a-CocheMiranda_2026_SPA_MetaAn_84_l295_st16977_e17861_se-1_ID=318_18	L	
C2|~aph6-90_1|aph6-90_1|LCP|Victor_2025|HoFAMG_I_sequ2ence	aph6	L	C	P	Victor_2025	Victor_2025-HoFAMG_I_sequ2ence	L	
C2|~blaD-16_1|blaD-16_1|LCP|Victor_2025b|Class_DNSF78D	blaD	L	C	P	Victor_2025b	Victor_2025b-Class_DNSF78D	L	
C2|~blaD-17_1|blaD-17_1|LCP|Victor_2025b|Class_DNSF20D	blaD	L	C	P	Victor_2025b	Victor_2025b-Class_DNSF20D	L	
C2|~blaB3-400_1|blaB3-400_1|LCP|Victor_2025b|Class_B3NSF30B3	blaB3	L	C	P	Victor_2025b	Victor_2025b-Class_B3NSF30B3	L	
C2|~blaB3-401_1|blaB3-401_1|LCS|Ruppe_2019|MC3.MG9.AS1.GP1.C26640.G5	blaB3	L	C	S	Ruppe_2019	Ruppe_2019-1|3726648|16|Human-Microbiome-3.9M-Gene-Catalog-(metahit-v2)|MC3.MG9.AS1.GP1.C26640.G5|blab3	L	
C2|~blaB1-100_1|blaB1-100_1|LCS|Ruppe_2019|MC3.MG383.AS1.GP1.C51464.G2	blaB1	L	C	S	Ruppe_2019	Ruppe_2019-1|3100946|14|Human-Microbiome-3.9M-Gene-Catalog-(metahit-v2)|MC3.MG383.AS1.GP1.C51464.G2|blab1	L	
C2|~blaB-29_1|blaB-29_1|LCS|Ruppe_2019|S12_CZ_10_KJ694723_1_4	blaB	L	C	S	Ruppe_2019	Ruppe_2019-3|3873969|13|ARD-Forsberg-gene-catalog|S12_CZ_10_KJ694723_1_4|blab	L	
C2|~blaA-420_1|blaA-420_1|LCS|Ruppe_2019|MC3.MG65.AS1.GP1.C8496.G8	blaA	L	C	S	Ruppe_2019	Ruppe_2019-1|3518174|12|Human-Microbiome-3.9M-Gene-Catalog-(metahit-v2)|MC3.MG65.AS1.GP1.C8496.G8|blaa	L	
C2|~blaA-421_1|blaA-421_1|LCS|Ruppe_2019|MC3.MG16.AS1.GP1.C24275.G3	blaA	L	C	S	Ruppe_2019	Ruppe_2019-1|818740|12|Human-Microbiome-3.9M-Gene-Catalog-(metahit-v2)|MC3.MG16.AS1.GP1.C24275.G3|blaa	L	
C2|~aph-106_1|aph-106_1|LCS|Ruppe_2019|MC3.MG291.AS1.GP1.C6332.G5	aph	L	C	S	Ruppe_2019	Ruppe_2019-1|1974526|8|Human-Microbiome-3.9M-Gene-Catalog-(metahit-v2)|MC3.MG291.AS1.GP1.C6332.G5|aph	L	
C2|~ant-33_1|ant-33_1|LMS|Ruppe_2019|MC3.MG244.AS1.GP1.C21974.G1	ant	L	M	S	Ruppe_2019	Ruppe_2019-1|1551416|7|Human-Microbiome-3.9M-Gene-Catalog-(metahit-v2)|MC3.MG244.AS1.GP1.C21974.G1|ant	L	
C2|~aac3-91_1|aac3-91_1|LMS|Ruppe_2019|MC3.MG162.AS1.GP1.C50454.G1	aac3	L	M	S	Ruppe_2019	Ruppe_2019-1|845523|5|Human-Microbiome-3.9M-Gene-Catalog-(metahit-v2)|MC3.MG162.AS1.GP1.C50454.G1|aac3_2	L	
C2|~blaB3-404_1|blaB3-404_1|LCP|Li_2025|k141_285397_seq1_1	blaB3	L	C	P	Li_2025	Li_2025-class_b_3|swine|k141_285397_seq1_1	L	
C2|~blaB3-405_1|blaB3-405_1|LCP|Li_2025|k141_72670_seq1_1	blaB3	L	C	P	Li_2025	Li_2025-class_b_3|swine|k141_72670_seq1_1	L	
C2|~blaB3-406_1|blaB3-406_1|LCP|Li_2025|k141_141357_seq1_1	blaB3	L	C	P	Li_2025	Li_2025-class_b_3|swine|k141_141357_seq1_1	L	
C2|~blaA1-470_1|blaA1-470_1|LCP|Li_2025|k141_87316_seq1_1	blaA1	L	C	P	Li_2025	Li_2025-class_a|swine|k141_87316_seq1_1	L	
C2|~aph2b-36_1|aph2b-36_1|LMP|Li_2025|k141_547548_seq1_1	aph2b	L	M	P	Li_2025	Li_2025-aminoglycoside_model_g|chicken|k141_547548_seq1_1	L	
C2|~blaA1-473_1|blaA1-473_1|LCP|Li_2025|k141_89490_seq1_1	blaA1	L	C	P	Li_2025	Li_2025-class_a|chicken|k141_89490_seq1_1	L	
C2|~aph3p-50_1|aph3p-50_1|LMP|Li_2025|k141_35589_seq1_1	aph3p	L	M	P	Li_2025	Li_2025-aminoglycoside_model_h|cattle|k141_35589_seq1_1	L	
C2|~aph2b-37_1|aph2b-37_1|LCP|Li_2025|k141_722880_seq1_1	aph2b	L	C	P	Li_2025	Li_2025-aminoglycoside_model_g|cattle|k141_722880_seq1_1	L	
C2|~mph-59_1|mph-59_1|LCP|Li_2025|k141_326613_seq1_1	mph	L	C	P	Li_2025	Li_2025-mph|cattle|k141_326613_seq1_1	L	
C2|~mph-60_1|mph-60_1|LMP|Li_2025|k141_1469824_seq1_1	mph	L	M	P	Li_2025	Li_2025-mph|cattle|k141_1469824_seq1_1	L	
C2|~mph-61_1|mph-61_1|LCP|Li_2025|k141_134164_seq1_1	mph	L	C	P	Li_2025	Li_2025-mph|cattle|k141_134164_seq1_1	L	
C2|~blaB3-407_1|blaB3-407_1|LCP|Li_2025|k141_1359955_seq1_1	blaB3	L	C	P	Li_2025	Li_2025-class_b_3|cattle|k141_1359955_seq1_1	L	
C2|~blaB3-408_1|blaB3-408_1|LCP|Li_2025|k141_201252_seq1_1	blaB3	L	C	P	Li_2025	Li_2025-class_b_3|cattle|k141_201252_seq1_1	L	
C2|~blaB3-409_1|blaB3-409_1|LCP|Li_2025|k141_853829_seq1_1	blaB3	L	C	P	Li_2025	Li_2025-class_b_3|cattle|k141_853829_seq1_1	L	
C2|~blaB3-412_1|blaB3-412_1|LCP|Li_2025|k119_342963_seq1_1	blaB3	L	C	P	Li_2025	Li_2025-class_b_3|cattle|k119_342963_seq1_1	L	
C2|~blaB3-415_1|blaB3-415_1|LCP|Li_2025|k141_378417_seq1_1	blaB3	L	C	P	Li_2025	Li_2025-class_b_3|cattle|k141_378417_seq1_1	L	
C2|~blaB3-416_1|blaB3-416_1|LCP|Li_2025|k141_730673_seq1_1	blaB3	L	C	P	Li_2025	Li_2025-class_b_3|cattle|k141_730673_seq1_1	L	
C2|~blaB3-418_1|blaB3-418_1|LCP|Li_2025|k141_240955_seq1_1	blaB3	L	C	P	Li_2025	Li_2025-class_b_3|cattle|k141_240955_seq1_1	L	
C2|~blaB3-419_1|blaB3-419_1|LCP|Li_2025|k141_805556_seq1_1	blaB3	L	C	P	Li_2025	Li_2025-class_b_3|cattle|k141_805556_seq1_1	L	
C2|~blaB3-420_1|blaB3-420_1|LCP|Li_2025|k141_589959_seq1_1	blaB3	L	C	P	Li_2025	Li_2025-class_b_3|cattle|k141_589959_seq1_1	L	
C2|~blaB3-421_1|blaB3-421_1|LCP|Li_2025|k141_276058_seq1_1	blaB3	L	C	P	Li_2025	Li_2025-class_b_3|cattle|k141_276058_seq1_1	L	
C2|~blaA1-474_1|blaA1-474_1|LCP|Li_2025|k141_59061_seq1_1	blaA1	L	C	P	Li_2025	Li_2025-class_a|cattle|k141_59061_seq1_1	L	
C2|~blaA1-475_1|blaA1-475_1|LCP|Li_2025|k141_734384_seq1_1	blaA1	L	C	P	Li_2025	Li_2025-class_a|cattle|k141_734384_seq1_1	L	
C2|~blaA1-476_1|blaA1-476_1|LCP|Li_2025|k141_14649_seq1_1	blaA1	L	C	P	Li_2025	Li_2025-class_a|cattle|k141_14649_seq1_1	L	
C2|~blaB3-423_1|blaB3-423_1|LCP|CocheMiranda_2026|CocheMiranda_2026_10395901_len_313_MetaAn_8	blaB3	L	C	P	CocheMiranda_2026	CocheMiranda_2026-fARgene_CocheMiranda_2026.faa_class_b_3-CocheMiranda_2026_10395901_len_313_MetaAn_8	L	
C2|~blaA1-fARgene_40|blaA1-fARgene_40|LCP|CocheMiranda_2026|CocheMiranda_2026_SPA_MetaAn_77_l328_st754_e1737_se	blaA1	L	C	P	CocheMiranda_2026	CocheMiranda_2026-fARgene_CocheMiranda_2026.faa_class_a-CocheMiranda_2026_SPA_MetaAn_77_l328_st754_e1737_se-1_ID=32869_2	L	
C2|~blaA1-478_1|blaA1-478_1|LCP|CocheMiranda_2026|CocheMiranda_2026_SPA_MetaAn_70_l295_st1206_e2090_se1_ID=7630_3	blaA1	L	C	P	CocheMiranda_2026	CocheMiranda_2026-fARgene_CocheMiranda_2026.faa_class_a-CocheMiranda_2026_SPA_MetaAn_70_l295_st1206_e2090_se1_ID=7630_3	L	
C2|~blaA1-480_1|blaA1-480_1|LCP|CocheMiranda_2026|CocheMiranda_2026_SPA_MetaAn_3_l295_st88_e972_se1_ID=28541_1	blaA1	L	C	P	CocheMiranda_2026	CocheMiranda_2026-fARgene_CocheMiranda_2026.faa_class_a-CocheMiranda_2026_SPA_MetaAn_3_l295_st88_e972_se1_ID=28541_1	L	
C2|~blaA1-481_1|blaA1-481_1|LCP|CocheMiranda_2026|CocheMiranda_2026_SPA_MetaAn_1_l302_st502_e1407_se1_ID=35628_3	blaA1	L	C	P	CocheMiranda_2026	CocheMiranda_2026-fARgene_CocheMiranda_2026.faa_class_a-CocheMiranda_2026_SPA_MetaAn_1_l302_st502_e1407_se1_ID=35628_3	L	
C2|~blaA1-fARgene_42|blaA1-fARgene_42|LCP|CocheMiranda_2026|CocheMiranda_2026_SPA_MetaAn_1_l295_st1080_e1964_se	blaA1	L	C	P	CocheMiranda_2026	CocheMiranda_2026-fARgene_CocheMiranda_2026.faa_class_a-CocheMiranda_2026_SPA_MetaAn_1_l295_st1080_e1964_se-1_ID=57481_3	L	
C2|~blaA1-488_1|blaA1-488_1|LCP|Victor_2025|SeFCLASS_a_sequ64ence	blaA1	L	C	P	Victor_2025	Victor_2025-SeFCLASS_a_sequ64ence	L	
C2|~blaA1-489_1|blaA1-489_1|LCP|Victor_2025|SeACLASS_a_sequ39ence	blaA1	L	C	P	Victor_2025	Victor_2025-SeACLASS_a_sequ39ence	L	
C2|~blaA1-490_1|blaA1-490_1|LMP|Victor_2025|HoFCLASS_a_sequ31ence	blaA1	L	M	P	Victor_2025	Victor_2025-HoFCLASS_a_sequ31ence	L	
C2|~mph-62_1|mph-62_1|LCP|Victor_2025|HoAMPH_sequ6ence	mph	L	C	P	Victor_2025	Victor_2025-HoAMPH_sequ6ence	L	
C2|~blaA1-491_1|blaA1-491_1|LMP|Victor_2025|HoACLASS_a_sequ81ence	blaA1	L	M	P	Victor_2025	Victor_2025-HoACLASS_a_sequ81ence	L	
C2|~blaB3-426_1|blaB3-426_1|LCP|Victor_2025b|Class_B3NSF38B3	blaB3	L	C	P	Victor_2025b	Victor_2025b-Class_B3NSF38B3	L	
C2|~blaB3-427_1|blaB3-427_1|LCP|Victor_2025b|Class_B3NSF33B3	blaB3	L	C	P	Victor_2025b	Victor_2025b-Class_B3NSF33B3	L	
C2|~blaB3-428_1|blaB3-428_1|LCS|Ruppe_2019|MC3.MG53.AS1.GP1.C18238.G2	blaB3	L	C	S	Ruppe_2019	Ruppe_2019-1|3358343|16|Human-Microbiome-3.9M-Gene-Catalog-(metahit-v2)|MC3.MG53.AS1.GP1.C18238.G2|blab3	L	
C2|~blaB3-429_1|blaB3-429_1|LCS|Ruppe_2019|MC3.MG386.AS1.GP1.C17245.G21	blaB3	L	C	S	Ruppe_2019	Ruppe_2019-1|3134119|16|Human-Microbiome-3.9M-Gene-Catalog-(metahit-v2)|MC3.MG386.AS1.GP1.C17245.G21|blab3	L	
C2|~blaB3-430_1|blaB3-430_1|LCS|Ruppe_2019|MC3.MG103.AS1.GP1.C30170.G3	blaB3	L	C	S	Ruppe_2019	Ruppe_2019-1|67313|16|Human-Microbiome-3.9M-Gene-Catalog-(metahit-v2)|MC3.MG103.AS1.GP1.C30170.G3|blab3	L	
C2|~blaB3-431_1|blaB3-431_1|LCS|Ruppe_2019|MC3.MG101.AS1.GP1.C56456.G8	blaB3	L	C	S	Ruppe_2019	Ruppe_2019-1|53553|16|Human-Microbiome-3.9M-Gene-Catalog-(metahit-v2)|MC3.MG101.AS1.GP1.C56456.G8|blab3	L	
C2|~blaB-30_1|blaB-30_1|LCS|Ruppe_2019|S11_CZ_6_KJ694529_1_2	blaB	L	C	S	Ruppe_2019	Ruppe_2019-3|3873968|13|ARD-Forsberg-gene-catalog|S11_CZ_6_KJ694529_1_2|blab	L	
C2|~blaA-423_1|blaA-423_1|LCS|Ruppe_2019|MC3.MG101.AS1.GP1.C13315.G7	blaA	L	C	S	Ruppe_2019	Ruppe_2019-1|42596|12|Human-Microbiome-3.9M-Gene-Catalog-(metahit-v2)|MC3.MG101.AS1.GP1.C13315.G7|blaa	L	
C2|~aph-107_1|aph-107_1|LCS|Ruppe_2019|MC3.MG213.AS1.GP1.C4117.G2	aph	L	C	S	Ruppe_2019	Ruppe_2019-1|1323629|8|Human-Microbiome-3.9M-Gene-Catalog-(metahit-v2)|MC3.MG213.AS1.GP1.C4117.G2|aph	L	
C2|~aph-108_1|aph-108_1|LCS|Ruppe_2019|MC3.MG13.AS1.GP1.C14335.G4	aph	L	C	S	Ruppe_2019	Ruppe_2019-1|466781|8|Human-Microbiome-3.9M-Gene-Catalog-(metahit-v2)|MC3.MG13.AS1.GP1.C14335.G4|aph	L	
C2|~aph-109_1|aph-109_1|LCS|Ruppe_2019|MC3.MG105.AS1.GP1.C2541.G16	aph	L	C	S	Ruppe_2019	Ruppe_2019-1|86856|8|Human-Microbiome-3.9M-Gene-Catalog-(metahit-v2)|MC3.MG105.AS1.GP1.C2541.G16|aph	L	
C2|~ant-34_1|ant-34_1|LMS|Ruppe_2019|MC3.MG91.AS1.GP1.C16589.G2	ant	L	M	S	Ruppe_2019	Ruppe_2019-1|3743243|7|Human-Microbiome-3.9M-Gene-Catalog-(metahit-v2)|MC3.MG91.AS1.GP1.C16589.G2|ant	L	
C2|~ant-35_1|ant-35_1|LMS|Ruppe_2019|MC3.MG168.AS1.GP1.C39157.G7	ant	L	M	S	Ruppe_2019	Ruppe_2019-1|904125|7|Human-Microbiome-3.9M-Gene-Catalog-(metahit-v2)|MC3.MG168.AS1.GP1.C39157.G7|ant	L	
C2|~aac3-92_1|aac3-92_1|LCS|Ruppe_2019|MC3.MG307.AS1.GP1.C32831.G9	aac3	L	C	S	Ruppe_2019	Ruppe_2019-1|2194461|5|Human-Microbiome-3.9M-Gene-Catalog-(metahit-v2)|MC3.MG307.AS1.GP1.C32831.G9|aac3_2	L	
C2|~blaB3-433_1|blaB3-433_1|LCP|Li_2025|k141_554700_seq1_1	blaB3	L	C	P	Li_2025	Li_2025-class_b_3|swine|k141_554700_seq1_1	L	
C2|~blaA1-493_1|blaA1-493_1|LCP|Li_2025|k141_466899_seq1_1	blaA1	L	C	P	Li_2025	Li_2025-class_a|swine|k141_466899_seq1_1	L	
C2|~aac3-93_1|aac3-93_1|LCP|Li_2025|k141_894557_seq1_1	aac3	L	C	P	Li_2025	Li_2025-aminoglycoside_model_c|chicken|k141_894557_seq1_1	L	
C2|~blaD2-157_1|blaD2-157_1|LCP|Li_2025|k141_130617_seq1_1	blaD2	L	C	P	Li_2025	Li_2025-class_d_2|chicken|k141_130617_seq1_1	L	
C2|~blaB3-434_1|blaB3-434_1|LCP|Li_2025|k141_60625_seq1_1	blaB3	L	C	P	Li_2025	Li_2025-class_b_3|chicken|k141_60625_seq1_1	L	
C2|~blaB3-437_1|blaB3-437_1|LCP|Li_2025|k141_2892072_seq1_1	blaB3	L	C	P	Li_2025	Li_2025-class_b_3|cattle|k141_2892072_seq1_1	L	
C2|~blaB3-438_1|blaB3-438_1|LCP|Li_2025|k141_1334328_seq1_1	blaB3	L	C	P	Li_2025	Li_2025-class_b_3|cattle|k141_1334328_seq1_1	L	
C2|~blaB3-439_1|blaB3-439_1|LCP|Li_2025|k141_761472_seq1_1	blaB3	L	C	P	Li_2025	Li_2025-class_b_3|cattle|k141_761472_seq1_1	L	
C2|~blaB3-440_1|blaB3-440_1|LCP|Li_2025|k141_477995_seq1_1	blaB3	L	C	P	Li_2025	Li_2025-class_b_3|cattle|k141_477995_seq1_1	L	
C2|~blaB3-441_1|blaB3-441_1|LCP|Li_2025|k141_1088357_seq1_1	blaB3	L	C	P	Li_2025	Li_2025-class_b_3|cattle|k141_1088357_seq1_1	L	
C2|~blaB3-442_1|blaB3-442_1|LCP|Li_2025|k141_599373_seq1_1	blaB3	L	C	P	Li_2025	Li_2025-class_b_3|cattle|k141_599373_seq1_1	L	
C2|~blaB3-443_1|blaB3-443_1|LCP|Li_2025|k141_492445_seq1_1	blaB3	L	C	P	Li_2025	Li_2025-class_b_3|cattle|k141_492445_seq1_1	L	
C2|~blaB3-444_1|blaB3-444_1|LCP|Li_2025|k141_287270_seq1_1	blaB3	L	C	P	Li_2025	Li_2025-class_b_3|cattle|k141_287270_seq1_1	L	
C2|~blaB3-445_1|blaB3-445_1|LCP|Li_2025|k141_746319_seq1_1	blaB3	L	C	P	Li_2025	Li_2025-class_b_3|cattle|k141_746319_seq1_1	L	
C2|~blaB3-447_1|blaB3-447_1|LCP|Li_2025|k141_1276882_seq1_1	blaB3	L	C	P	Li_2025	Li_2025-class_b_3|cattle|k141_1276882_seq1_1	L	
C2|~blaB3-448_1|blaB3-448_1|LCP|Li_2025|k141_665290_seq1_1	blaB3	L	C	P	Li_2025	Li_2025-class_b_3|cattle|k141_665290_seq1_1	L	
C2|~blaB3-451_1|blaB3-451_1|LCP|Li_2025|k141_329823_seq1_1	blaB3	L	C	P	Li_2025	Li_2025-class_b_3|cattle|k141_329823_seq1_1	L	
C2|~blaB3-452_1|blaB3-452_1|LCP|Li_2025|k141_624374_seq1_1	blaB3	L	C	P	Li_2025	Li_2025-class_b_3|cattle|k141_624374_seq1_1	L	
C2|~blaB3-456_1|blaB3-456_1|LCP|Li_2025|k141_400885_seq2_1	blaB3	L	C	P	Li_2025	Li_2025-class_b_3|cattle|k141_400885_seq2_1	L	
C2|~blaB3-458_1|blaB3-458_1|LCP|Li_2025|k141_628864_seq1_1	blaB3	L	C	P	Li_2025	Li_2025-class_b_3|cattle|k141_628864_seq1_1	L	
C2|~blaB1-101_1|blaB1-101_1|LCP|Li_2025|k141_477784_seq1_1	blaB1	L	C	P	Li_2025	Li_2025-class_b_1_2|cattle|k141_477784_seq1_1	L	
C2|~blaA1-494_1|blaA1-494_1|LCP|Li_2025|k141_190367_seq1_1	blaA1	L	C	P	Li_2025	Li_2025-class_a|cattle|k141_190367_seq1_1	L	
C2|~blaA1-495_1|blaA1-495_1|LCP|Li_2025|k141_402483_seq1_1	blaA1	L	C	P	Li_2025	Li_2025-class_a|cattle|k141_402483_seq1_1	L	
C2|~blaA1-496_1|blaA1-496_1|LCP|Li_2025|k141_327512_seq1_1	blaA1	L	C	P	Li_2025	Li_2025-class_a|cattle|k141_327512_seq1_1	L	
C2|~blaA1-497_1|blaA1-497_1|LCP|Li_2025|k141_8718_seq1_1	blaA1	L	C	P	Li_2025	Li_2025-class_a|cattle|k141_8718_seq1_1	L	
C2|~blaA1-499_1|blaA1-499_1|LCP|Li_2025|k141_1084222_seq1_1	blaA1	L	C	P	Li_2025	Li_2025-class_a|cattle|k141_1084222_seq1_1	L	
C2|~blaD2-158_1|blaD2-158_1|LCP|CocheMiranda_2026|CocheMiranda_2026_2640755_len_308_MetaAn_24	blaD2	L	C	P	CocheMiranda_2026	CocheMiranda_2026-fARgene_CocheMiranda_2026.faa_class_d_2-CocheMiranda_2026_2640755_len_308_MetaAn_24	L	
C2|~blaB3-459_1|blaB3-459_1|LCP|CocheMiranda_2026|CocheMiranda_2026_SPA_MetaAn_67_l298_st2396_e3289_se1_ID=1301_3	blaB3	L	C	P	CocheMiranda_2026	CocheMiranda_2026-fARgene_CocheMiranda_2026.faa_class_b_3-CocheMiranda_2026_SPA_MetaAn_67_l298_st2396_e3289_se1_ID=1301_3	L	
C2|~blaB3-460_1|blaB3-460_1|LCP|CocheMiranda_2026|CocheMiranda_2026_21612749_len_335_MetaAn_73	blaB3	L	C	P	CocheMiranda_2026	CocheMiranda_2026-fARgene_CocheMiranda_2026.faa_class_b_3-CocheMiranda_2026_21612749_len_335_MetaAn_73	L	
C2|~blaB3-461_1|blaB3-461_1|LCP|CocheMiranda_2026|CocheMiranda_2026_2579854_len_296_MetaAn_62	blaB3	L	C	P	CocheMiranda_2026	CocheMiranda_2026-fARgene_CocheMiranda_2026.faa_class_b_3-CocheMiranda_2026_2579854_len_296_MetaAn_62	L	
C2|~blaA1-fARgene_43|blaA1-fARgene_43|LCP|CocheMiranda_2026|CocheMiranda_2026_SPA_MetaAn_9_l301_st282_e1184_se	blaA1	L	C	P	CocheMiranda_2026	CocheMiranda_2026-fARgene_CocheMiranda_2026.faa_class_a-CocheMiranda_2026_SPA_MetaAn_9_l301_st282_e1184_se-1_ID=39587_2	L	
C2|~blaA1-501_1|blaA1-501_1|LCP|CocheMiranda_2026|CocheMiranda_2026_8820271_len_295_MetaAn_57	blaA1	L	C	P	CocheMiranda_2026	CocheMiranda_2026-fARgene_CocheMiranda_2026.faa_class_a-CocheMiranda_2026_8820271_len_295_MetaAn_57	L	
C2|~blaA1-503_1|blaA1-503_1|LCP|CocheMiranda_2026|CocheMiranda_2026_3468961_len_294_MetaAn_61	blaA1	L	C	P	CocheMiranda_2026	CocheMiranda_2026-fARgene_CocheMiranda_2026.faa_class_a-CocheMiranda_2026_3468961_len_294_MetaAn_61	L	
C2|~erm-139_1|erm-139_1|LCP|Victor_2025|SeFERM_ermtype_sequ2ence	erm	L	C	P	Victor_2025	Victor_2025-SeFERM_ermtype_sequ2ence	L	
C2|~blaA1-505_1|blaA1-505_1|LCP|Victor_2025|SeFCLASS_a_sequ45ence	blaA1	L	C	P	Victor_2025	Victor_2025-SeFCLASS_a_sequ45ence	L	
C2|~blaA1-506_1|blaA1-506_1|LCP|Victor_2025|SeFCLASS_a_sequ27ence	blaA1	L	C	P	Victor_2025	Victor_2025-SeFCLASS_a_sequ27ence	L	
C2|~blaA1-507_1|blaA1-507_1|LCP|Victor_2025|SeFCLASS_a_sequ1ence	blaA1	L	C	P	Victor_2025	Victor_2025-SeFCLASS_a_sequ1ence	L	
C2|~blaA1-508_1|blaA1-508_1|LCP|Victor_2025|SeFCLASS_a_sequ18ence	blaA1	L	C	P	Victor_2025	Victor_2025-SeFCLASS_a_sequ18ence	L	
C2|~aph6-91_1|aph6-91_1|LCP|Victor_2025|HiAAMG_I_sequ5ence	aph6	L	C	P	Victor_2025	Victor_2025-HiAAMG_I_sequ5ence	L	
C2|~blaD-18_1|blaD-18_1|LCP|Victor_2025b|Class_DNSF69D	blaD	L	C	P	Victor_2025b	Victor_2025b-Class_DNSF69D	L	
C2|~blaB3-468_1|blaB3-468_1|LCP|Victor_2025b|Class_B3NSF26B3	blaB3	L	C	P	Victor_2025b	Victor_2025b-Class_B3NSF26B3	L	
C2|~blaB3-469_1|blaB3-469_1|LCP|Victor_2025b|Class_B3NSF14B3	blaB3	L	C	P	Victor_2025b	Victor_2025b-Class_B3NSF14B3	L	
C2|~blaB3-470_1|blaB3-470_1|LCS|Ruppe_2019|MC3.MG358.AS1.GP1.C26200.G2	blaB3	L	C	S	Ruppe_2019	Ruppe_2019-1|2756050|16|Human-Microbiome-3.9M-Gene-Catalog-(metahit-v2)|MC3.MG358.AS1.GP1.C26200.G2|blab3	L	
C2|~blaA-424_1|blaA-424_1|LCS|Ruppe_2019|MC3.MG240.AS1.GP1.C58264.G25	blaA	L	C	S	Ruppe_2019	Ruppe_2019-1|1526131|12|Human-Microbiome-3.9M-Gene-Catalog-(metahit-v2)|MC3.MG240.AS1.GP1.C58264.G25|blaa	L	
C2|~ant-36_1|ant-36_1|LMS|Ruppe_2019|MC3.MG378.AS1.GP1.C19030.G2	ant	L	M	S	Ruppe_2019	Ruppe_2019-1|3014270|7|Human-Microbiome-3.9M-Gene-Catalog-(metahit-v2)|MC3.MG378.AS1.GP1.C19030.G2|ant	L	
C2|~ant-37_1|ant-37_1|LMS|Ruppe_2019|MC3.MG303.AS1.GP1.C43742.G3	ant	L	M	S	Ruppe_2019	Ruppe_2019-1|2151035|7|Human-Microbiome-3.9M-Gene-Catalog-(metahit-v2)|MC3.MG303.AS1.GP1.C43742.G3|ant	L	
C2|~ant-38_1|ant-38_1|LCS|Ruppe_2019|MC3.MG292.AS1.GP1.C12346.G3	ant	L	C	S	Ruppe_2019	Ruppe_2019-1|1980182|7|Human-Microbiome-3.9M-Gene-Catalog-(metahit-v2)|MC3.MG292.AS1.GP1.C12346.G3|ant	L	
C2|~ant-39_1|ant-39_1|LCS|Ruppe_2019|MC3.MG245.AS1.GP1.C61168.G11	ant	L	C	S	Ruppe_2019	Ruppe_2019-1|1576492|7|Human-Microbiome-3.9M-Gene-Catalog-(metahit-v2)|MC3.MG245.AS1.GP1.C61168.G11|ant	L	
C2|~ant-40_1|ant-40_1|LMS|Ruppe_2019|MC3.MG100.AS1.GP1.C5332.G2	ant	L	M	S	Ruppe_2019	Ruppe_2019-1|38742|7|Human-Microbiome-3.9M-Gene-Catalog-(metahit-v2)|MC3.MG100.AS1.GP1.C5332.G2|ant	L	
C2|~aph6-92_1|aph6-92_1|LCP|Li_2025|k141_58985_seq1_1	aph6	L	C	P	Li_2025	Li_2025-aminoglycoside_model_i|swine|k141_58985_seq1_1	L	
C2|~blaA1-509_1|blaA1-509_1|LCP|Li_2025|k141_62486_seq1_1	blaA1	L	C	P	Li_2025	Li_2025-class_a|swine|k141_62486_seq1_1	L	
C2|~blaA1-510_1|blaA1-510_1|LCP|Li_2025|k141_69460_seq1_1	blaA1	L	C	P	Li_2025	Li_2025-class_a|swine|k141_69460_seq1_1	L	
C2|~blaD2-160_1|blaD2-160_1|LCP|Li_2025|k141_296629_seq1_1	blaD2	L	C	P	Li_2025	Li_2025-class_d_2|chicken|k141_296629_seq1_1	L	
C2|~blaB3-473_1|blaB3-473_1|LCP|Li_2025|k141_18039_seq1_1	blaB3	L	C	P	Li_2025	Li_2025-class_b_3|chicken|k141_18039_seq1_1	L	
C2|~blaA1-511_1|blaA1-511_1|LCP|Li_2025|k141_10935_seq1_1	blaA1	L	C	P	Li_2025	Li_2025-class_a|chicken|k141_10935_seq1_1	L	
C2|~blaA1-512_1|blaA1-512_1|LCP|Li_2025|k141_115746_seq1_1	blaA1	L	C	P	Li_2025	Li_2025-class_a|chicken|k141_115746_seq1_1	L	
C2|~aph3p-51_1|aph3p-51_1|LCP|Li_2025|k141_788747_seq1_1	aph3p	L	C	P	Li_2025	Li_2025-aminoglycoside_model_h|cattle|k141_788747_seq1_1	L	
C2|~erm-140_1|erm-140_1|LMP|Li_2025|k141_753292_seq1_1	erm	L	M	P	Li_2025	Li_2025-erm_type_f|cattle|k141_753292_seq1_1	L	
C2|~blaB3-474_1|blaB3-474_1|LCP|Li_2025|k141_372680_seq1_1	blaB3	L	C	P	Li_2025	Li_2025-class_b_3|cattle|k141_372680_seq1_1	L	
C2|~blaB3-475_1|blaB3-475_1|LCP|Li_2025|k141_588551_seq1_1	blaB3	L	C	P	Li_2025	Li_2025-class_b_3|cattle|k141_588551_seq1_1	L	
C2|~blaB3-476_1|blaB3-476_1|LCP|Li_2025|k141_209189_seq1_1	blaB3	L	C	P	Li_2025	Li_2025-class_b_3|cattle|k141_209189_seq1_1	L	
C2|~blaB3-477_1|blaB3-477_1|LCP|Li_2025|k141_259217_seq1_1	blaB3	L	C	P	Li_2025	Li_2025-class_b_3|cattle|k141_259217_seq1_1	L	
C2|~blaA1-513_1|blaA1-513_1|LCP|Li_2025|k141_389740_seq1_1	blaA1	L	C	P	Li_2025	Li_2025-class_a|cattle|k141_389740_seq1_1	L	
C2|~blaA1-514_1|blaA1-514_1|LCP|Li_2025|k141_1615496_seq1_1	blaA1	L	C	P	Li_2025	Li_2025-class_a|cattle|k141_1615496_seq1_1	L	
C2|~blaA1-515_1|blaA1-515_1|LCP|Li_2025|k141_1382933_seq1_1	blaA1	L	C	P	Li_2025	Li_2025-class_a|cattle|k141_1382933_seq1_1	L	
C2|~blaA1-516_1|blaA1-516_1|LCP|Li_2025|k141_90483_seq1_1	blaA1	L	C	P	Li_2025	Li_2025-class_a|cattle|k141_90483_seq1_1	L	
C2|~blaB3-488_1|blaB3-488_1|LCP|CocheMiranda_2026|CocheMiranda_2026_8425597_len_308_MetaAn_74	blaB3	L	C	P	CocheMiranda_2026	CocheMiranda_2026-fARgene_CocheMiranda_2026.faa_class_b_3-CocheMiranda_2026_8425597_len_308_MetaAn_74	L	
C2|~blaA1-fARgene_49|blaA1-fARgene_49|LCP|CocheMiranda_2026|CocheMiranda_2026_SPA_MetaAn_77_l293_st482_e1360_se	blaA1	L	C	P	CocheMiranda_2026	CocheMiranda_2026-fARgene_CocheMiranda_2026.faa_class_a-CocheMiranda_2026_SPA_MetaAn_77_l293_st482_e1360_se-1_ID=44178_2	L	
C2|~blaA1-fARgene_50|blaA1-fARgene_50|LCP|CocheMiranda_2026|CocheMiranda_2026_SPA_MetaAn_74_l294_st1336_e2217_se	blaA1	L	C	P	CocheMiranda_2026	CocheMiranda_2026-fARgene_CocheMiranda_2026.faa_class_a-CocheMiranda_2026_SPA_MetaAn_74_l294_st1336_e2217_se-1_ID=24560_3	L	
C2|~blaA1-fARgene_51|blaA1-fARgene_51|LCP|CocheMiranda_2026|CocheMiranda_2026_SPA_MetaAn_1_l295_st279_e1163_se	blaA1	L	C	P	CocheMiranda_2026	CocheMiranda_2026-fARgene_CocheMiranda_2026.faa_class_a-CocheMiranda_2026_SPA_MetaAn_1_l295_st279_e1163_se-1_ID=13422_2	L	
C2|~blaD-19_1|blaD-19_1|LCP|Victor_2025b|Class_DNSF95D	blaD	L	C	P	Victor_2025b	Victor_2025b-Class_DNSF95D	L	
C2|~blaD-20_1|blaD-20_1|LCP|Victor_2025b|Class_DNSF37D	blaD	L	C	P	Victor_2025b	Victor_2025b-Class_DNSF37D	L	
C2|~blaB3-499_1|blaB3-499_1|LCS|Ruppe_2019|MC3.MG95.AS1.GP1.C43668.G55	blaB3	L	C	S	Ruppe_2019	Ruppe_2019-1|3805550|16|Human-Microbiome-3.9M-Gene-Catalog-(metahit-v2)|MC3.MG95.AS1.GP1.C43668.G55|blab3	L	
C2|~blaA-425_1|blaA-425_1|LCS|Ruppe_2019|MC3.MG98.AS1.GP1.C37896.G1	blaA	L	C	S	Ruppe_2019	Ruppe_2019-1|3844799|12|Human-Microbiome-3.9M-Gene-Catalog-(metahit-v2)|MC3.MG98.AS1.GP1.C37896.G1|blaa	L	
C2|~aph-110_1|aph-110_1|LCS|Ruppe_2019|MC3.MG385.AS1.GP1.C69202.G1	aph	L	C	S	Ruppe_2019	Ruppe_2019-1|3126707|8|Human-Microbiome-3.9M-Gene-Catalog-(metahit-v2)|MC3.MG385.AS1.GP1.C69202.G1|aph	L	
C2|~aph-111_1|aph-111_1|LCS|Ruppe_2019|MC3.MG214.AS1.GP1.C66989.G82	aph	L	C	S	Ruppe_2019	Ruppe_2019-1|1330613|8|Human-Microbiome-3.9M-Gene-Catalog-(metahit-v2)|MC3.MG214.AS1.GP1.C66989.G82|aph	L	
C2|~aph-112_1|aph-112_1|LCS|Ruppe_2019|MC3.MG169.AS1.GP1.C9493.G1	aph	L	C	S	Ruppe_2019	Ruppe_2019-1|913479|8|Human-Microbiome-3.9M-Gene-Catalog-(metahit-v2)|MC3.MG169.AS1.GP1.C9493.G1|aph	L	
C2|~ant-41_1|ant-41_1|LMS|Ruppe_2019|MC3.MG320.AS1.GP1.C34101.G8	ant	L	M	S	Ruppe_2019	Ruppe_2019-1|2303339|7|Human-Microbiome-3.9M-Gene-Catalog-(metahit-v2)|MC3.MG320.AS1.GP1.C34101.G8|ant	L	
C2|~ant-43_1|ant-43_1|LCS|Ruppe_2019|MC3.MG100.AS1.GP1.C6039.G1	ant	L	C	S	Ruppe_2019	Ruppe_2019-1|39224|7|Human-Microbiome-3.9M-Gene-Catalog-(metahit-v2)|MC3.MG100.AS1.GP1.C6039.G1|ant	L	
C2|~aac3-94_1|aac3-94_1|LCS|Ruppe_2019|MC3.MG117.AS1.GP1.C1072.G3	aac3	L	C	S	Ruppe_2019	Ruppe_2019-1|234453|5|Human-Microbiome-3.9M-Gene-Catalog-(metahit-v2)|MC3.MG117.AS1.GP1.C1072.G3|aac3_2	L	
C2|~blaD2-161_1|blaD2-161_1|LCP|Li_2025|k141_556906_seq1_1	blaD2	L	C	P	Li_2025	Li_2025-class_d_2|swine|k141_556906_seq1_1	L	
C2|~blaB3-500_1|blaB3-500_1|LCP|Li_2025|k141_159716_seq1_1	blaB3	L	C	P	Li_2025	Li_2025-class_b_3|swine|k141_159716_seq1_1	L	
C2|~blaA1-518_1|blaA1-518_1|LCP|Li_2025|k119_166714_seq1_1	blaA1	L	C	P	Li_2025	Li_2025-class_a|swine|k119_166714_seq1_1	L	
C2|~aph6-93_1|aph6-93_1|LCP|Li_2025|k141_106417_seq1_1	aph6	L	C	P	Li_2025	Li_2025-aminoglycoside_model_i|chicken|k141_106417_seq1_1	L	
C2|~blaB3-501_1|blaB3-501_1|LCP|Li_2025|k141_617349_seq1_1	blaB3	L	C	P	Li_2025	Li_2025-class_b_3|chicken|k141_617349_seq1_1	L	
C2|~blaB3-502_1|blaB3-502_1|LCP|Li_2025|k141_861_seq1_1	blaB3	L	C	P	Li_2025	Li_2025-class_b_3|chicken|k141_861_seq1_1	L	
C2|~blaB3-503_1|blaB3-503_1|LCP|Li_2025|k141_69876_seq1_1	blaB3	L	C	P	Li_2025	Li_2025-class_b_3|chicken|k141_69876_seq1_1	L	
C2|~blaB3-504_1|blaB3-504_1|LCP|Li_2025|k141_172512_seq1_1	blaB3	L	C	P	Li_2025	Li_2025-class_b_3|chicken|k141_172512_seq1_1	L	
C2|~blaA1-519_1|blaA1-519_1|LCP|Li_2025|k141_318275_seq1_1	blaA1	L	C	P	Li_2025	Li_2025-class_a|chicken|k141_318275_seq1_1	L	
C2|~blaA1-520_1|blaA1-520_1|LCP|Li_2025|k141_30893_seq1_1	blaA1	L	C	P	Li_2025	Li_2025-class_a|chicken|k141_30893_seq1_1	L	
C2|~mph-63_1|mph-63_1|LCP|Li_2025|k141_238442_seq1_1	mph	L	C	P	Li_2025	Li_2025-mph|cattle|k141_238442_seq1_1	L	
C2|~blaD2-162_1|blaD2-162_1|LCP|Li_2025|k141_284977_seq1_1	blaD2	L	C	P	Li_2025	Li_2025-class_d_2|cattle|k141_284977_seq1_1	L	
C2|~blaB3-505_1|blaB3-505_1|LCP|Li_2025|k141_240356_seq1_1	blaB3	L	C	P	Li_2025	Li_2025-class_b_3|cattle|k141_240356_seq1_1	L	
C2|~blaB3-506_1|blaB3-506_1|LCP|Li_2025|k141_1088699_seq1_1	blaB3	L	C	P	Li_2025	Li_2025-class_b_3|cattle|k141_1088699_seq1_1	L	
C2|~blaB3-507_1|blaB3-507_1|LCP|Li_2025|k141_175980_seq1_1	blaB3	L	C	P	Li_2025	Li_2025-class_b_3|cattle|k141_175980_seq1_1	L	
C2|~blaA1-521_1|blaA1-521_1|LCP|Li_2025|k141_137363_seq1_1	blaA1	L	C	P	Li_2025	Li_2025-class_a|cattle|k141_137363_seq1_1	L	
C2|~blaB3-508_1|blaB3-508_1|LCP|CocheMiranda_2026|CocheMiranda_2026_2605757_len_300_MetaAn_62	blaB3	L	C	P	CocheMiranda_2026	CocheMiranda_2026-fARgene_CocheMiranda_2026.faa_class_b_3-CocheMiranda_2026_2605757_len_300_MetaAn_62	L	
C2|~blaB3-fARgene_28|blaB3-fARgene_28|LCP|CocheMiranda_2026|CocheMiranda_2026_SPA_MetaAn_77_l293_st1508_e2386_se	blaB3	L	C	P	CocheMiranda_2026	CocheMiranda_2026-fARgene_CocheMiranda_2026.faa_class_b_3-CocheMiranda_2026_SPA_MetaAn_77_l293_st1508_e2386_se-1_ID=11772_2	L	
C2|~blaB3-512_1|blaB3-512_1|LCP|CocheMiranda_2026|CocheMiranda_2026_7527728_len_292_MetaAn_61	blaB3	L	C	P	CocheMiranda_2026	CocheMiranda_2026-fARgene_CocheMiranda_2026.faa_class_b_3-CocheMiranda_2026_7527728_len_292_MetaAn_61	L	
C2|~blaA1-523_1|blaA1-523_1|LCP|CocheMiranda_2026|CocheMiranda_2026_SPA_MetaAn_8_l300_st2018_e2917_se1_ID=15056_3	blaA1	L	C	P	CocheMiranda_2026	CocheMiranda_2026-fARgene_CocheMiranda_2026.faa_class_a-CocheMiranda_2026_SPA_MetaAn_8_l300_st2018_e2917_se1_ID=15056_3	L	
C2|~blaA1-524_1|blaA1-524_1|LCP|CocheMiranda_2026|CocheMiranda_2026_SPA_MetaAn_64_l291_st1318_e2190_se1_ID=28445_4	blaA1	L	C	P	CocheMiranda_2026	CocheMiranda_2026-fARgene_CocheMiranda_2026.faa_class_a-CocheMiranda_2026_SPA_MetaAn_64_l291_st1318_e2190_se1_ID=28445_4	L	
C2|~blaA1-fARgene_54|blaA1-fARgene_54|LCP|CocheMiranda_2026|CocheMiranda_2026_SPA_MetaAn_31_l292_st13597_e14472_se	blaA1	L	C	P	CocheMiranda_2026	CocheMiranda_2026-fARgene_CocheMiranda_2026.faa_class_a-CocheMiranda_2026_SPA_MetaAn_31_l292_st13597_e14472_se-1_ID=1500_17	L	
C2|~blaA1-526_1|blaA1-526_1|LCP|CocheMiranda_2026|CocheMiranda_2026_2659200_len_292_MetaAn_8	blaA1	L	C	P	CocheMiranda_2026	CocheMiranda_2026-fARgene_CocheMiranda_2026.faa_class_a-CocheMiranda_2026_2659200_len_292_MetaAn_8	L	
C2|~blaD2-163_1|blaD2-163_1|LCP|Victor_2025|SeFCLASS_d2_sequ7ence	blaD2	L	C	P	Victor_2025	Victor_2025-SeFCLASS_d2_sequ7ence	L	
C2|~aph3p-52_1|aph3p-52_1|LCP|Victor_2025|HoAAMG_H_sequ4ence	aph3p	L	C	P	Victor_2025	Victor_2025-HoAAMG_H_sequ4ence	L	
C2|~blaD-21_1|blaD-21_1|LCP|Victor_2025b|Class_DNSF25D	blaD	L	C	P	Victor_2025b	Victor_2025b-Class_DNSF25D	L	
C2|~blaB3-513_1|blaB3-513_1|LCP|Victor_2025b|Class_B3NSF13B3	blaB3	L	C	P	Victor_2025b	Victor_2025b-Class_B3NSF13B3	L	
C2|~blaC-216_1|blaC-216_1|LCS|Ruppe_2019|MC3.MG364.AS1.GP1.C28836.G1	blaC	L	C	S	Ruppe_2019	Ruppe_2019-1|2843829|17|Human-Microbiome-3.9M-Gene-Catalog-(metahit-v2)|MC3.MG364.AS1.GP1.C28836.G1|blac	L	
C2|~blaB3-514_1|blaB3-514_1|LCS|Ruppe_2019|MC3.MG361.AS1.GP1.C28374.G3	blaB3	L	C	S	Ruppe_2019	Ruppe_2019-1|2814178|16|Human-Microbiome-3.9M-Gene-Catalog-(metahit-v2)|MC3.MG361.AS1.GP1.C28374.G3|blab3	L	
C2|~blaB3-515_1|blaB3-515_1|LCS|Ruppe_2019|MC3.MG224.AS1.GP1.C42715.G3	blaB3	L	C	S	Ruppe_2019	Ruppe_2019-1|1411105|16|Human-Microbiome-3.9M-Gene-Catalog-(metahit-v2)|MC3.MG224.AS1.GP1.C42715.G3|blab3	L	
C2|~aph-113_1|aph-113_1|LCS|Ruppe_2019|MC3.MG262.AS1.GP1.C11480.G6	aph	L	C	S	Ruppe_2019	Ruppe_2019-1|1710092|8|Human-Microbiome-3.9M-Gene-Catalog-(metahit-v2)|MC3.MG262.AS1.GP1.C11480.G6|aph	L	
C2|~aph-114_1|aph-114_1|LCS|Ruppe_2019|MC3.MG155.AS1.GP1.C56650.G4	aph	L	C	S	Ruppe_2019	Ruppe_2019-1|789000|8|Human-Microbiome-3.9M-Gene-Catalog-(metahit-v2)|MC3.MG155.AS1.GP1.C56650.G4|aph	L	
C2|~aph-115_1|aph-115_1|LCS|Ruppe_2019|MC3.MG100.AS1.GP1.C198.G10	aph	L	C	S	Ruppe_2019	Ruppe_2019-1|19214|8|Human-Microbiome-3.9M-Gene-Catalog-(metahit-v2)|MC3.MG100.AS1.GP1.C198.G10|aph	L	
C2|~ant-44_1|ant-44_1|LCS|Ruppe_2019|MC3.MG378.AS1.GP1.C53579.G3	ant	L	C	S	Ruppe_2019	Ruppe_2019-1|3041073|7|Human-Microbiome-3.9M-Gene-Catalog-(metahit-v2)|MC3.MG378.AS1.GP1.C53579.G3|ant	L	
C2|~ant-45_1|ant-45_1|LCS|Ruppe_2019|MC3.MG320.AS1.GP1.C33832.G3	ant	L	C	S	Ruppe_2019	Ruppe_2019-1|2303247|7|Human-Microbiome-3.9M-Gene-Catalog-(metahit-v2)|MC3.MG320.AS1.GP1.C33832.G3|ant	L	
C2|~aph3p-53_1|aph3p-53_1|LCP|Li_2025|k141_239183_seq1_1	aph3p	L	C	P	Li_2025	Li_2025-aminoglycoside_model_h|swine|k141_239183_seq1_1	L	
C2|~aac3-95_1|aac3-95_1|LCP|Li_2025|k99_95708_seq1_1	aac3	L	C	P	Li_2025	Li_2025-aminoglycoside_model_c|swine|k99_95708_seq1_1	L	
C2|~blaB3-516_1|blaB3-516_1|LCP|Li_2025|k141_121523_seq1_1	blaB3	L	C	P	Li_2025	Li_2025-class_b_3|swine|k141_121523_seq1_1	L	
C2|~aph3p-54_1|aph3p-54_1|LCP|Li_2025|k141_199609_seq1_1	aph3p	L	C	P	Li_2025	Li_2025-aminoglycoside_model_h|chicken|k141_199609_seq1_1	L	
C2|~blaB3-517_1|blaB3-517_1|LCP|Li_2025|k141_1121390_seq1_1	blaB3	L	C	P	Li_2025	Li_2025-class_b_3|chicken|k141_1121390_seq1_1	L	
C2|~blaB3-518_1|blaB3-518_1|LCP|Li_2025|k141_332374_seq1_1	blaB3	L	C	P	Li_2025	Li_2025-class_b_3|chicken|k141_332374_seq1_1	L	
C2|~blaA1-528_1|blaA1-528_1|LCP|Li_2025|k141_570172_seq1_1	blaA1	L	C	P	Li_2025	Li_2025-class_a|chicken|k141_570172_seq1_1	L	
C2|~aph3p-55_1|aph3p-55_1|LMP|Li_2025|k141_750867_seq1_1	aph3p	L	M	P	Li_2025	Li_2025-aminoglycoside_model_h|cattle|k141_750867_seq1_1	L	
C2|~aph2b-39_1|aph2b-39_1|LCP|Li_2025|k141_621023_seq1_1	aph2b	L	C	P	Li_2025	Li_2025-aminoglycoside_model_g|cattle|k141_621023_seq1_1	L	
C2|~aac3-96_1|aac3-96_1|LCP|Li_2025|k141_21922_seq1_1	aac3	L	C	P	Li_2025	Li_2025-aminoglycoside_model_c|cattle|k141_21922_seq1_1	L	
C2|~blaB3-519_1|blaB3-519_1|LCP|Li_2025|k141_1275123_seq1_1	blaB3	L	C	P	Li_2025	Li_2025-class_b_3|cattle|k141_1275123_seq1_1	L	
C2|~blaB3-520_1|blaB3-520_1|LCP|Li_2025|k141_852314_seq1_1	blaB3	L	C	P	Li_2025	Li_2025-class_b_3|cattle|k141_852314_seq1_1	L	
C2|~blaB3-521_1|blaB3-521_1|LCP|Li_2025|k141_65526_seq1_1	blaB3	L	C	P	Li_2025	Li_2025-class_b_3|cattle|k141_65526_seq1_1	L	
C2|~blaB3-522_1|blaB3-522_1|LCP|Li_2025|k141_461930_seq1_1	blaB3	L	C	P	Li_2025	Li_2025-class_b_3|cattle|k141_461930_seq1_1	L	
C2|~blaA1-530_1|blaA1-530_1|LCP|Li_2025|k141_163942_seq1_1	blaA1	L	C	P	Li_2025	Li_2025-class_a|cattle|k141_163942_seq1_1	L	
C2|~blaD2-164_1|blaD2-164_1|LCP|CocheMiranda_2026|CocheMiranda_2026_SPA_MetaAn_28_l294_st7089_e7970_se1_ID=6216_8	blaD2	L	C	P	CocheMiranda_2026	CocheMiranda_2026-fARgene_CocheMiranda_2026.faa_class_d_2-CocheMiranda_2026_SPA_MetaAn_28_l294_st7089_e7970_se1_ID=6216_8	L	
C2|~blaD2-165_1|blaD2-165_1|LCP|CocheMiranda_2026|CocheMiranda_2026_25967795_len_291_MetaAn_62	blaD2	L	C	P	CocheMiranda_2026	CocheMiranda_2026-fARgene_CocheMiranda_2026.faa_class_d_2-CocheMiranda_2026_25967795_len_291_MetaAn_62	L	
C2|~blaB3-523_1|blaB3-523_1|LCP|CocheMiranda_2026|CocheMiranda_2026_SPA_MetaAn_30_l294_st4575_e5456_se1_ID=4243_4	blaB3	L	C	P	CocheMiranda_2026	CocheMiranda_2026-fARgene_CocheMiranda_2026.faa_class_b_3-CocheMiranda_2026_SPA_MetaAn_30_l294_st4575_e5456_se1_ID=4243_4	L	
C2|~blaB3-525_1|blaB3-525_1|LCP|CocheMiranda_2026|CocheMiranda_2026_SPA_MetaAn_62_l291_st6588_e7460_se1_ID=4092_7	blaB3	L	C	P	CocheMiranda_2026	CocheMiranda_2026-fARgene_CocheMiranda_2026.faa_class_b_3-CocheMiranda_2026_SPA_MetaAn_62_l291_st6588_e7460_se1_ID=4092_7	L	
C2|~blaB3-527_1|blaB3-527_1|LCP|CocheMiranda_2026|CocheMiranda_2026_SPA_MetaAn_78_l292_st311_e1186_se1_ID=11351_1	blaB3	L	C	P	CocheMiranda_2026	CocheMiranda_2026-fARgene_CocheMiranda_2026.faa_class_b_3-CocheMiranda_2026_SPA_MetaAn_78_l292_st311_e1186_se1_ID=11351_1	L	
C2|~blaB3-fARgene_30|blaB3-fARgene_30|LCP|CocheMiranda_2026|CocheMiranda_2026_SPA_MetaAn_69_l292_st2610_e3485_se	blaB3	L	C	P	CocheMiranda_2026	CocheMiranda_2026-fARgene_CocheMiranda_2026.faa_class_b_3-CocheMiranda_2026_SPA_MetaAn_69_l292_st2610_e3485_se-1_ID=7463_4	L	
C2|~blaD2-166_1|blaD2-166_1|LCP|Victor_2025|SeFCLASS_d2_sequ11ence	blaD2	L	C	P	Victor_2025	Victor_2025-SeFCLASS_d2_sequ11ence	L	
C2|~blaD2-167_1|blaD2-167_1|LCP|Victor_2025|HoACLASS_d2_sequ44ence	blaD2	L	C	P	Victor_2025	Victor_2025-HoACLASS_d2_sequ44ence	L	
C2|~blaD-22_1|blaD-22_1|LCP|Victor_2025b|Class_DNSF82D	blaD	L	C	P	Victor_2025b	Victor_2025b-Class_DNSF82D	L	
C2|~blaB3-528_1|blaB3-528_1|LCP|Victor_2025b|Class_B3NSF31B3	blaB3	L	C	P	Victor_2025b	Victor_2025b-Class_B3NSF31B3	L	
C2|~blaB3-529_1|blaB3-529_1|LCP|Victor_2025b|Class_B3NSF5B3	blaB3	L	C	P	Victor_2025b	Victor_2025b-Class_B3NSF5B3	L	
C2|~blaB3-530_1|blaB3-530_1|LCS|Ruppe_2019|MC3.MG68.AS1.GP1.C25263.G3	blaB3	L	C	S	Ruppe_2019	Ruppe_2019-1|3535204|16|Human-Microbiome-3.9M-Gene-Catalog-(metahit-v2)|MC3.MG68.AS1.GP1.C25263.G3|blab3	L	
C2|~blaB3-532_1|blaB3-532_1|LCS|Ruppe_2019|MC3.MG116.AS1.GP1.C24725.G2	blaB3	L	C	S	Ruppe_2019	Ruppe_2019-1|227691|16|Human-Microbiome-3.9M-Gene-Catalog-(metahit-v2)|MC3.MG116.AS1.GP1.C24725.G2|blab3	L	
C2|~blaA-427_1|blaA-427_1|LCS|Ruppe_2019|MC3.MG292.AS1.GP1.C27754.G6	blaA	L	C	S	Ruppe_2019	Ruppe_2019-1|1986556|12|Human-Microbiome-3.9M-Gene-Catalog-(metahit-v2)|MC3.MG292.AS1.GP1.C27754.G6|blaa	L	
C2|~aph-116_1|aph-116_1|LCS|Ruppe_2019|MC3.MG245.AS1.GP1.C14328.G7	aph	L	C	S	Ruppe_2019	Ruppe_2019-1|1564267|8|Human-Microbiome-3.9M-Gene-Catalog-(metahit-v2)|MC3.MG245.AS1.GP1.C14328.G7|aph	L	
C2|~ant-46_1|ant-46_1|LCS|Ruppe_2019|MC3.MG332.AS1.GP1.C28091.G2	ant	L	C	S	Ruppe_2019	Ruppe_2019-1|2503366|7|Human-Microbiome-3.9M-Gene-Catalog-(metahit-v2)|MC3.MG332.AS1.GP1.C28091.G2|ant	L	
C2|~ant-47_1|ant-47_1|LCS|Ruppe_2019|MC3.MG254.AS1.GP1.C19136.G1	ant	L	C	S	Ruppe_2019	Ruppe_2019-1|1635400|7|Human-Microbiome-3.9M-Gene-Catalog-(metahit-v2)|MC3.MG254.AS1.GP1.C19136.G1|ant	L	
C2|~ant-48_1|ant-48_1|LCS|Ruppe_2019|MC3.MG25.AS1.GP1.C3391.G2	ant	L	C	S	Ruppe_2019	Ruppe_2019-1|1606895|7|Human-Microbiome-3.9M-Gene-Catalog-(metahit-v2)|MC3.MG25.AS1.GP1.C3391.G2|ant	L	
C2|~aac3-97_1|aac3-97_1|LCS|Ruppe_2019|MC3.MG120.AS1.GP1.C48677.G11	aac3	L	C	S	Ruppe_2019	Ruppe_2019-1|355243|5|Human-Microbiome-3.9M-Gene-Catalog-(metahit-v2)|MC3.MG120.AS1.GP1.C48677.G11|aac3_2	L	
C2|~aph6-94_1|aph6-94_1|LCP|Li_2025|k141_294666_seq1_1	aph6	L	C	P	Li_2025	Li_2025-aminoglycoside_model_i|swine|k141_294666_seq1_1	L	
C2|~blaD2-168_1|blaD2-168_1|LCP|Li_2025|k141_1171603_seq1_1	blaD2	L	C	P	Li_2025	Li_2025-class_d_2|swine|k141_1171603_seq1_1	L	
C2|~blaB3-533_1|blaB3-533_1|LCP|Li_2025|k141_462838_seq1_1	blaB3	L	C	P	Li_2025	Li_2025-class_b_3|swine|k141_462838_seq1_1	L	
C2|~blaB3-534_1|blaB3-534_1|LCP|Li_2025|k141_917112_seq1_1	blaB3	L	C	P	Li_2025	Li_2025-class_b_3|swine|k141_917112_seq1_1	L	
C2|~blaA1-531_1|blaA1-531_1|LCP|Li_2025|k141_476006_seq1_1	blaA1	L	C	P	Li_2025	Li_2025-class_a|swine|k141_476006_seq1_1	L	
C2|~blaA1-532_1|blaA1-532_1|LCP|Li_2025|k141_542925_seq1_1	blaA1	L	C	P	Li_2025	Li_2025-class_a|swine|k141_542925_seq1_1	L	
C2|~blaD2-169_1|blaD2-169_1|LMP|Li_2025|k141_22409_seq1_1	blaD2	L	M	P	Li_2025	Li_2025-class_d_2|chicken|k141_22409_seq1_1	L	
C2|~blaB3-535_1|blaB3-535_1|LMP|Li_2025|k141_7253_seq1_1	blaB3	L	M	P	Li_2025	Li_2025-class_b_3|chicken|k141_7253_seq1_1	L	
C2|~blaB3-536_1|blaB3-536_1|LCP|Li_2025|k141_57866_seq1_1	blaB3	L	C	P	Li_2025	Li_2025-class_b_3|chicken|k141_57866_seq1_1	L	
C2|~blaA1-533_1|blaA1-533_1|LMP|Li_2025|k119_6722_seq1_1	blaA1	L	M	P	Li_2025	Li_2025-class_a|chicken|k119_6722_seq1_1	L	
C2|~aph2b-40_1|aph2b-40_1|LCP|Li_2025|k141_113501_seq1_1	aph2b	L	C	P	Li_2025	Li_2025-aminoglycoside_model_g|cattle|k141_113501_seq1_1	L	
C2|~blaB3-537_1|blaB3-537_1|LCP|Li_2025|k141_1432524_seq1_1	blaB3	L	C	P	Li_2025	Li_2025-class_b_3|cattle|k141_1432524_seq1_1	L	
C2|~blaB3-538_1|blaB3-538_1|LCP|Li_2025|k141_163742_seq1_1	blaB3	L	C	P	Li_2025	Li_2025-class_b_3|cattle|k141_163742_seq1_1	L	
C2|~blaB3-540_1|blaB3-540_1|LCP|Li_2025|k141_623023_seq1_1	blaB3	L	C	P	Li_2025	Li_2025-class_b_3|cattle|k141_623023_seq1_1	L	
C2|~blaB3-541_1|blaB3-541_1|LCP|Li_2025|k141_829486_seq1_1	blaB3	L	C	P	Li_2025	Li_2025-class_b_3|cattle|k141_829486_seq1_1	L	
C2|~blaB3-542_1|blaB3-542_1|LCP|Li_2025|k141_751049_seq1_1	blaB3	L	C	P	Li_2025	Li_2025-class_b_3|cattle|k141_751049_seq1_1	L	
C2|~blaA1-534_1|blaA1-534_1|LCP|Li_2025|k141_377266_seq1_1	blaA1	L	C	P	Li_2025	Li_2025-class_a|cattle|k141_377266_seq1_1	L	
C2|~blaB3-543_1|blaB3-543_1|LCP|CocheMiranda_2026|CocheMiranda_2026_SPA_MetaAn_9_l289_st13990_e14856_se1_ID=572_13	blaB3	L	C	P	CocheMiranda_2026	CocheMiranda_2026-fARgene_CocheMiranda_2026.faa_class_b_3-CocheMiranda_2026_SPA_MetaAn_9_l289_st13990_e14856_se1_ID=572_13	L	
C2|~blaB3-fARgene_31|blaB3-fARgene_31|LCP|CocheMiranda_2026|CocheMiranda_2026_SPA_MetaAn_74_l290_st1282_e2151_se	blaB3	L	C	P	CocheMiranda_2026	CocheMiranda_2026-fARgene_CocheMiranda_2026.faa_class_b_3-CocheMiranda_2026_SPA_MetaAn_74_l290_st1282_e2151_se-1_ID=19921_4	L	
C2|~blaA1-537_1|blaA1-537_1|LCP|CocheMiranda_2026|CocheMiranda_2026_SPA_MetaAn_77_l291_st4627_e5499_se1_ID=3751_7	blaA1	L	C	P	CocheMiranda_2026	CocheMiranda_2026-fARgene_CocheMiranda_2026.faa_class_a-CocheMiranda_2026_SPA_MetaAn_77_l291_st4627_e5499_se1_ID=3751_7	L	
C2|~blaA1-538_1|blaA1-538_1|LCP|CocheMiranda_2026|CocheMiranda_2026_SPA_MetaAn_5_l306_st1047_e1964_se1_ID=26657_2	blaA1	L	C	P	CocheMiranda_2026	CocheMiranda_2026-fARgene_CocheMiranda_2026.faa_class_a-CocheMiranda_2026_SPA_MetaAn_5_l306_st1047_e1964_se1_ID=26657_2	L	
C2|~erm-138_3|erm-138_3|LMP|Victor_2025|HoAERM_ermtype_sequ3ence	erm	L	M	P	Victor_2025	Victor_2025-HoAERM_ermtype_sequ3ence	L	
C2|~blaD-23_1|blaD-23_1|LCP|Victor_2025b|Class_DNSF73D	blaD	L	C	P	Victor_2025b	Victor_2025b-Class_DNSF73D	L	
C2|~blaD-24_1|blaD-24_1|LCS|Ruppe_2019|KF628409.1	blaD	L	C	S	Ruppe_2019	Ruppe_2019-7398|3876057|18|ARD-reference-gene-catalog|KF628409.1|blad	L	
C2|~blaD-25_1|blaD-25_1|LCS|Ruppe_2019|MC3.MG344.AS1.GP1.C20612.G1	blaD	L	C	S	Ruppe_2019	Ruppe_2019-1|2599776|18|Human-Microbiome-3.9M-Gene-Catalog-(metahit-v2)|MC3.MG344.AS1.GP1.C20612.G1|blad	L	
C2|~blaB3-546_1|blaB3-546_1|LCS|Ruppe_2019|MC3.MG291.AS1.GP1.C1053.G2	blaB3	L	C	S	Ruppe_2019	Ruppe_2019-1|1956586|16|Human-Microbiome-3.9M-Gene-Catalog-(metahit-v2)|MC3.MG291.AS1.GP1.C1053.G2|blab3	L	
C2|~blaB-31_1|blaB-31_1|LCS|Ruppe_2019|S08_CX_7_KJ693689_1_2	blaB	L	C	S	Ruppe_2019	Ruppe_2019-3|3873964|13|ARD-Forsberg-gene-catalog|S08_CX_7_KJ693689_1_2|blab	L	
C2|~blaA-428_1|blaA-428_1|LCS|Ruppe_2019|MC3.MG359.AS1.GP1.C475.G2	blaA	L	C	S	Ruppe_2019	Ruppe_2019-1|2786163|12|Human-Microbiome-3.9M-Gene-Catalog-(metahit-v2)|MC3.MG359.AS1.GP1.C475.G2|blaa	L	
C2|~aph-118_1|aph-118_1|LCS|Ruppe_2019|MC3.MG46.AS1.GP1.C5701.G7	aph	L	C	S	Ruppe_2019	Ruppe_2019-1|3305581|8|Human-Microbiome-3.9M-Gene-Catalog-(metahit-v2)|MC3.MG46.AS1.GP1.C5701.G7|aph	L	
C2|~aph-119_1|aph-119_1|LCS|Ruppe_2019|MC3.MG370.AS1.GP1.C34377.G2	aph	L	C	S	Ruppe_2019	Ruppe_2019-1|2926974|8|Human-Microbiome-3.9M-Gene-Catalog-(metahit-v2)|MC3.MG370.AS1.GP1.C34377.G2|aph	L	
C2|~aph-120_1|aph-120_1|LCS|Ruppe_2019|MC3.MG195.AS1.GP1.C10879.G1	aph	L	C	S	Ruppe_2019	Ruppe_2019-1|1122986|8|Human-Microbiome-3.9M-Gene-Catalog-(metahit-v2)|MC3.MG195.AS1.GP1.C10879.G1|aph	L	
C2|~ant-49_1|ant-49_1|LMS|Ruppe_2019|MC3.MG130.AS1.GP1.C14618.G3	ant	L	M	S	Ruppe_2019	Ruppe_2019-1|474109|7|Human-Microbiome-3.9M-Gene-Catalog-(metahit-v2)|MC3.MG130.AS1.GP1.C14618.G3|ant	L	
C2|~aac3-98_1|aac3-98_1|LCS|Ruppe_2019|MC3.MG94.AS1.GP1.C14949.G16	aac3	L	C	S	Ruppe_2019	Ruppe_2019-1|3773003|5|Human-Microbiome-3.9M-Gene-Catalog-(metahit-v2)|MC3.MG94.AS1.GP1.C14949.G16|aac3_2	L	
C2|~aac3-99_1|aac3-99_1|LCS|Ruppe_2019|MC3.MG225.AS1.GP1.C8044.G14	aac3	L	C	S	Ruppe_2019	Ruppe_2019-1|1420894|5|Human-Microbiome-3.9M-Gene-Catalog-(metahit-v2)|MC3.MG225.AS1.GP1.C8044.G14|aac3_2	L	
C2|~aph3p-56_1|aph3p-56_1|LCP|Li_2025|k141_400512_seq1_1	aph3p	L	C	P	Li_2025	Li_2025-aminoglycoside_model_h|swine|k141_400512_seq1_1	L	
C2|~aph2b-41_1|aph2b-41_1|LCP|Li_2025|k141_1265969_seq1_1	aph2b	L	C	P	Li_2025	Li_2025-aminoglycoside_model_g|swine|k141_1265969_seq1_1	L	
C2|~erm-149_1|erm-149_1|LCP|Li_2025|k141_882829_seq1_1	erm	L	C	P	Li_2025	Li_2025-erm_type_a|swine|k141_882829_seq1_1	L	
C2|~blaB3-548_1|blaB3-548_1|LCP|Li_2025|k141_880823_seq1_1	blaB3	L	C	P	Li_2025	Li_2025-class_b_3|swine|k141_880823_seq1_1	L	
C2|~blaB3-549_1|blaB3-549_1|LCP|Li_2025|k141_31924_seq1_1	blaB3	L	C	P	Li_2025	Li_2025-class_b_3|swine|k141_31924_seq1_1	L	
C2|~blaB3-550_1|blaB3-550_1|LCP|Li_2025|k141_327102_seq1_1	blaB3	L	C	P	Li_2025	Li_2025-class_b_3|swine|k141_327102_seq1_1	L	
C2|~erm-150_1|erm-150_1|LCP|Li_2025|k141_155452_seq1_1	erm	L	C	P	Li_2025	Li_2025-erm_type_f|chicken|k141_155452_seq1_1	L	
C2|~blaB3-551_1|blaB3-551_1|LCP|Li_2025|k119_166520_seq1_1	blaB3	L	C	P	Li_2025	Li_2025-class_b_3|chicken|k119_166520_seq1_1	L	
C2|~blaB3-552_1|blaB3-552_1|LCP|Li_2025|k141_289964_seq1_1	blaB3	L	C	P	Li_2025	Li_2025-class_b_3|chicken|k141_289964_seq1_1	L	
C2|~blaB3-553_1|blaB3-553_1|LCP|Li_2025|k141_34651_seq1_1	blaB3	L	C	P	Li_2025	Li_2025-class_b_3|chicken|k141_34651_seq1_1	L	
C2|~blaB3-554_1|blaB3-554_1|LCP|Li_2025|k141_137019_seq1_1	blaB3	L	C	P	Li_2025	Li_2025-class_b_3|chicken|k141_137019_seq1_1	L	
C2|~blaB3-555_1|blaB3-555_1|LCP|Li_2025|k141_6067_seq1_1	blaB3	L	C	P	Li_2025	Li_2025-class_b_3|chicken|k141_6067_seq1_1	L	
C2|~blaA1-539_1|blaA1-539_1|LCP|Li_2025|k141_319259_seq1_1	blaA1	L	C	P	Li_2025	Li_2025-class_a|chicken|k141_319259_seq1_1	L	
C2|~aac3-101_1|aac3-101_1|LCP|Li_2025|k141_323312_seq1_1	aac3	L	C	P	Li_2025	Li_2025-aminoglycoside_model_c|cattle|k141_323312_seq1_1	L	
C2|~blaD2-171_1|blaD2-171_1|LCP|Li_2025|k141_77514_seq1_1	blaD2	L	C	P	Li_2025	Li_2025-class_d_2|cattle|k141_77514_seq1_1	L	
C2|~blaD2-172_1|blaD2-172_1|LCP|Li_2025|k141_64024_seq1_1	blaD2	L	C	P	Li_2025	Li_2025-class_d_2|cattle|k141_64024_seq1_1	L	
C2|~blaB3-556_1|blaB3-556_1|LCP|Li_2025|k141_1323320_seq1_1	blaB3	L	C	P	Li_2025	Li_2025-class_b_3|cattle|k141_1323320_seq1_1	L	
C2|~blaB3-557_1|blaB3-557_1|LCP|Li_2025|k141_432615_seq1_1	blaB3	L	C	P	Li_2025	Li_2025-class_b_3|cattle|k141_432615_seq1_1	L	
C2|~blaB3-558_1|blaB3-558_1|LCP|Li_2025|k141_263719_seq1_1	blaB3	L	C	P	Li_2025	Li_2025-class_b_3|cattle|k141_263719_seq1_1	L	
C2|~blaA1-541_1|blaA1-541_1|LCP|Li_2025|k141_371111_seq1_1	blaA1	L	C	P	Li_2025	Li_2025-class_a|cattle|k141_371111_seq1_1	L	
C2|~blaD1-38_1|blaD1-38_1|LCP|Victor_2025|HoACLASS_d1_sequ8ence	blaD1	L	C	P	Victor_2025	Victor_2025-HoACLASS_d1_sequ8ence	L	
C2|~blaD-26_1|blaD-26_1|LCP|Victor_2025b|Class_DNSF72D	blaD	L	C	P	Victor_2025b	Victor_2025b-Class_DNSF72D	L	
C2|~blaA1-542_1|blaA1-542_1|LCP|Victor_2025b|Class_ANSF18A	blaA1	L	C	P	Victor_2025b	Victor_2025b-Class_ANSF18A	L	
C2|~blaA-429_1|blaA-429_1|LCS|Ruppe_2019|MC3.MG325.AS1.GP1.C42937.G3	blaA	L	C	S	Ruppe_2019	Ruppe_2019-1|2398875|12|Human-Microbiome-3.9M-Gene-Catalog-(metahit-v2)|MC3.MG325.AS1.GP1.C42937.G3|blaa	L	
C2|~aph-121_1|aph-121_1|LCS|Ruppe_2019|MC3.MG99.AS1.GP1.C54750.G3	aph	L	C	S	Ruppe_2019	Ruppe_2019-1|3865155|8|Human-Microbiome-3.9M-Gene-Catalog-(metahit-v2)|MC3.MG99.AS1.GP1.C54750.G3|aph	L	
C2|~aph-122_1|aph-122_1|LCS|Ruppe_2019|MC3.MG96.AS1.GP1.C37031.G23	aph	L	C	S	Ruppe_2019	Ruppe_2019-1|3821521|8|Human-Microbiome-3.9M-Gene-Catalog-(metahit-v2)|MC3.MG96.AS1.GP1.C37031.G23|aph	L	
C2|~aph-123_1|aph-123_1|LCS|Ruppe_2019|MC3.MG359.AS1.GP1.C36682.G2	aph	L	C	S	Ruppe_2019	Ruppe_2019-1|2782455|8|Human-Microbiome-3.9M-Gene-Catalog-(metahit-v2)|MC3.MG359.AS1.GP1.C36682.G2|aph	L	
C2|~ant-50_1|ant-50_1|LCS|Ruppe_2019|MC3.MG320.AS1.GP1.C22896.G1	ant	L	C	S	Ruppe_2019	Ruppe_2019-1|2299430|7|Human-Microbiome-3.9M-Gene-Catalog-(metahit-v2)|MC3.MG320.AS1.GP1.C22896.G1|ant	L	
C2|~aph3p-57_1|aph3p-57_1|LCP|Li_2025|k141_667673_seq1_1	aph3p	L	C	P	Li_2025	Li_2025-aminoglycoside_model_h|swine|k141_667673_seq1_1	L	
C2|~aac3-102_1|aac3-102_1|LCP|Li_2025|k141_83157_seq1_1	aac3	L	C	P	Li_2025	Li_2025-aminoglycoside_model_c|swine|k141_83157_seq1_1	L	
C2|~erm-151_1|erm-151_1|LCP|Li_2025|k141_426960_seq1_1	erm	L	C	P	Li_2025	Li_2025-erm_type_f|swine|k141_426960_seq1_1	L	
C2|~blaD2-174_1|blaD2-174_1|LMP|Li_2025|k141_584279_seq1_1	blaD2	L	M	P	Li_2025	Li_2025-class_d_2|swine|k141_584279_seq1_1	L	
C2|~blaB3-560_1|blaB3-560_1|LCP|Li_2025|k141_93441_seq1_1	blaB3	L	C	P	Li_2025	Li_2025-class_b_3|swine|k141_93441_seq1_1	L	
C2|~blaB3-561_1|blaB3-561_1|LCP|Li_2025|k141_325244_seq1_1	blaB3	L	C	P	Li_2025	Li_2025-class_b_3|swine|k141_325244_seq1_1	L	
C2|~blaB3-562_1|blaB3-562_1|LCP|Li_2025|k141_477411_seq1_1	blaB3	L	C	P	Li_2025	Li_2025-class_b_3|swine|k141_477411_seq1_1	L	
C2|~blaA1-544_1|blaA1-544_1|LCP|Li_2025|k141_284539_seq1_1	blaA1	L	C	P	Li_2025	Li_2025-class_a|swine|k141_284539_seq1_1	L	
C2|~erm-152_1|erm-152_1|LCP|Li_2025|k141_379261_seq1_1	erm	L	C	P	Li_2025	Li_2025-erm_type_f|chicken|k141_379261_seq1_1	L	
C2|~erm-153_1|erm-153_1|LCP|Li_2025|k119_2600_seq1_1	erm	L	C	P	Li_2025	Li_2025-erm_type_f|chicken|k119_2600_seq1_1	L	
C2|~erm-154_1|erm-154_1|LCP|Li_2025|k141_278156_seq1_1	erm	L	C	P	Li_2025	Li_2025-erm_type_f|chicken|k141_278156_seq1_1	L	
C2|~erm-155_1|erm-155_1|LCP|Li_2025|k141_129341_seq1_1	erm	L	C	P	Li_2025	Li_2025-erm_type_a|chicken|k141_129341_seq1_1	L	
C2|~blaB3-563_1|blaB3-563_1|LCP|Li_2025|k141_1027514_seq1_1	blaB3	L	C	P	Li_2025	Li_2025-class_b_3|chicken|k141_1027514_seq1_1	L	
C2|~blaB3-564_1|blaB3-564_1|LCP|Li_2025|k141_481876_seq1_1	blaB3	L	C	P	Li_2025	Li_2025-class_b_3|chicken|k141_481876_seq1_1	L	
C2|~blaA1-546_1|blaA1-546_1|LCP|Li_2025|k141_193936_seq1_1	blaA1	L	C	P	Li_2025	Li_2025-class_a|chicken|k141_193936_seq1_1	L	
C2|~aph3p-59_1|aph3p-59_1|LCP|Li_2025|k141_849171_seq1_1	aph3p	L	C	P	Li_2025	Li_2025-aminoglycoside_model_h|cattle|k141_849171_seq1_1	L	
C2|~blaA1-547_1|blaA1-547_1|LMP|Li_2025|k141_1424504_seq1_1	blaA1	L	M	P	Li_2025	Li_2025-class_a|cattle|k141_1424504_seq1_1	L	
C2|~blaA1-548_1|blaA1-548_1|LCP|Li_2025|k141_235236_seq1_1	blaA1	L	C	P	Li_2025	Li_2025-class_a|cattle|k141_235236_seq1_1	L	
C2|~erm-156_1|erm-156_1|LCP|Victor_2025|SeFERM_ermtype_sequ10ence	erm	L	C	P	Victor_2025	Victor_2025-SeFERM_ermtype_sequ10ence	L	
C2|~blaD-27_1|blaD-27_1|LCP|Victor_2025b|Class_DNSF47D	blaD	L	C	P	Victor_2025b	Victor_2025b-Class_DNSF47D	L	
C2|~blaB3-569_1|blaB3-569_1|LCP|Victor_2025b|Class_B3NSF10B3	blaB3	L	C	P	Victor_2025b	Victor_2025b-Class_B3NSF10B3	L	
C2|~blaB3-570_1|blaB3-570_1|LCS|Ruppe_2019|MC3.MG382.AS1.GP1.C15088.G2	blaB3	L	C	S	Ruppe_2019	Ruppe_2019-1|3071963|16|Human-Microbiome-3.9M-Gene-Catalog-(metahit-v2)|MC3.MG382.AS1.GP1.C15088.G2|blab3	L	
C2|~blaB3-571_1|blaB3-571_1|LCS|Ruppe_2019|MC3.MG327.AS1.GP1.C18054.G14	blaB3	L	C	S	Ruppe_2019	Ruppe_2019-1|2417938|16|Human-Microbiome-3.9M-Gene-Catalog-(metahit-v2)|MC3.MG327.AS1.GP1.C18054.G14|blab3	L	
C2|~blaB3-572_1|blaB3-572_1|LCS|Ruppe_2019|MC3.MG290.AS1.GP1.C52030.G8	blaB3	L	C	S	Ruppe_2019	Ruppe_2019-1|1952928|16|Human-Microbiome-3.9M-Gene-Catalog-(metahit-v2)|MC3.MG290.AS1.GP1.C52030.G8|blab3	L	
C2|~blaB3-573_1|blaB3-573_1|LCS|Ruppe_2019|MC3.MG207.AS1.GP1.C25092.G1	blaB3	L	C	S	Ruppe_2019	Ruppe_2019-1|1256407|16|Human-Microbiome-3.9M-Gene-Catalog-(metahit-v2)|MC3.MG207.AS1.GP1.C25092.G1|blab3	L	
C2|~blaA-430_1|blaA-430_1|LCS|Ruppe_2019|MC3.MG128.AS1.GP1.C3335.G5	blaA	L	C	S	Ruppe_2019	Ruppe_2019-1|457931|12|Human-Microbiome-3.9M-Gene-Catalog-(metahit-v2)|MC3.MG128.AS1.GP1.C3335.G5|blaa	L	
C2|~aph-124_1|aph-124_1|LCS|Ruppe_2019|MC3.MG46.AS1.GP1.C13426.G3	aph	L	C	S	Ruppe_2019	Ruppe_2019-1|3299740|8|Human-Microbiome-3.9M-Gene-Catalog-(metahit-v2)|MC3.MG46.AS1.GP1.C13426.G3|aph	L	
C2|~aph-125_1|aph-125_1|LCS|Ruppe_2019|MC3.MG140.AS1.GP1.C14432.G6	aph	L	C	S	Ruppe_2019	Ruppe_2019-1|628859|8|Human-Microbiome-3.9M-Gene-Catalog-(metahit-v2)|MC3.MG140.AS1.GP1.C14432.G6|aph	L	
C2|~ant-51_1|ant-51_1|LCS|Ruppe_2019|MC3.MG359.AS1.GP1.C40310.G1	ant	L	C	S	Ruppe_2019	Ruppe_2019-1|2783561|7|Human-Microbiome-3.9M-Gene-Catalog-(metahit-v2)|MC3.MG359.AS1.GP1.C40310.G1|ant	L	
C2|~aph6-95_1|aph6-95_1|LCP|Li_2025|k141_641899_seq1_1	aph6	L	C	P	Li_2025	Li_2025-aminoglycoside_model_i|swine|k141_641899_seq1_1	L	
C2|~aph3p-60_1|aph3p-60_1|LCP|Li_2025|k141_393471_seq1_1	aph3p	L	C	P	Li_2025	Li_2025-aminoglycoside_model_h|swine|k141_393471_seq1_1	L	
C2|~aph2b-42_1|aph2b-42_1|LCP|Li_2025|k141_439343_seq1_1	aph2b	L	C	P	Li_2025	Li_2025-aminoglycoside_model_g|swine|k141_439343_seq1_1	L	
C2|~blaB3-574_1|blaB3-574_1|LCP|Li_2025|k141_105654_seq1_1	blaB3	L	C	P	Li_2025	Li_2025-class_b_3|swine|k141_105654_seq1_1	L	
C2|~blaA1-549_1|blaA1-549_1|LCP|Li_2025|k99_238228_seq1_1	blaA1	L	C	P	Li_2025	Li_2025-class_a|swine|k99_238228_seq1_1	L	
C2|~erm-158_1|erm-158_1|LMP|Li_2025|k141_318430_seq1_1	erm	L	M	P	Li_2025	Li_2025-erm_type_a|chicken|k141_318430_seq1_1	L	
C2|~blaB3-575_1|blaB3-575_1|LCP|Li_2025|k141_336385_seq1_1	blaB3	L	C	P	Li_2025	Li_2025-class_b_3|chicken|k141_336385_seq1_1	L	
C2|~blaA1-550_1|blaA1-550_1|LCP|Li_2025|k141_31744_seq1_1	blaA1	L	C	P	Li_2025	Li_2025-class_a|chicken|k141_31744_seq1_1	L	
C2|~blaA1-551_1|blaA1-551_1|LMP|Li_2025|k141_47149_seq1_1	blaA1	L	M	P	Li_2025	Li_2025-class_a|chicken|k141_47149_seq1_1	L	
C2|~aph3p-61_1|aph3p-61_1|LCP|Li_2025|k141_2792160_seq1_1	aph3p	L	C	P	Li_2025	Li_2025-aminoglycoside_model_h|cattle|k141_2792160_seq1_1	L	
C2|~erm-159_1|erm-159_1|LCP|Li_2025|k141_836262_seq1_1	erm	L	C	P	Li_2025	Li_2025-erm_type_f|cattle|k141_836262_seq1_1	L	
C2|~blaB3-577_1|blaB3-577_1|LCP|Li_2025|k141_3677146_seq1_1	blaB3	L	C	P	Li_2025	Li_2025-class_b_3|cattle|k141_3677146_seq1_1	L	
C2|~blaB3-578_1|blaB3-578_1|LCP|Li_2025|k141_2199437_seq1_1	blaB3	L	C	P	Li_2025	Li_2025-class_b_3|cattle|k141_2199437_seq1_1	L	
C2|~blaB3-579_1|blaB3-579_1|LCP|Li_2025|k141_738455_seq1_1	blaB3	L	C	P	Li_2025	Li_2025-class_b_3|cattle|k141_738455_seq1_1	L	
C2|~erm-160_1|erm-160_1|LCP|Victor_2025|SeFERM_ermtype_sequ5ence	erm	L	C	P	Victor_2025	Victor_2025-SeFERM_ermtype_sequ5ence	L	
C2|~blaB3-582_1|blaB3-582_1|LCP|Victor_2025|SeFCLASS_b3_sequ2ence	blaB3	L	C	P	Victor_2025	Victor_2025-SeFCLASS_b3_sequ2ence	L	
C2|~blaD2-176_1|blaD2-176_1|LCP|Victor_2025|HoFCLASS_d2_sequ1ence	blaD2	L	C	P	Victor_2025	Victor_2025-HoFCLASS_d2_sequ1ence	L	
C2|~blaD2-177_1|blaD2-177_1|LCP|Victor_2025|HoACLASS_d2_sequ47ence	blaD2	L	C	P	Victor_2025	Victor_2025-HoACLASS_d2_sequ47ence	L	
C2|~blaD1-39_1|blaD1-39_1|LCP|Victor_2025|HoACLASS_d1_sequ5ence	blaD1	L	C	P	Victor_2025	Victor_2025-HoACLASS_d1_sequ5ence	L	
C2|~blaB3-583_1|blaB3-583_1|LCP|Victor_2025b|Class_B3NSF19B3	blaB3	L	C	P	Victor_2025b	Victor_2025b-Class_B3NSF19B3	L	
C2|~blaD-28_1|blaD-28_1|LCS|Ruppe_2019|MC3.MG386.AS1.GP1.C11254.G21	blaD	L	C	S	Ruppe_2019	Ruppe_2019-1|3129656|18|Human-Microbiome-3.9M-Gene-Catalog-(metahit-v2)|MC3.MG386.AS1.GP1.C11254.G21|blad	L	
C2|~blaB3-584_1|blaB3-584_1|LCS|Ruppe_2019|MC3.MG137.AS1.GP1.C29536.G2	blaB3	L	C	S	Ruppe_2019	Ruppe_2019-1|546212|16|Human-Microbiome-3.9M-Gene-Catalog-(metahit-v2)|MC3.MG137.AS1.GP1.C29536.G2|blab3	L	
C2|~blaB3-585_1|blaB3-585_1|LCS|Ruppe_2019|MC3.MG132.AS1.GP1.C21770.G1	blaB3	L	C	S	Ruppe_2019	Ruppe_2019-1|489494|16|Human-Microbiome-3.9M-Gene-Catalog-(metahit-v2)|MC3.MG132.AS1.GP1.C21770.G1|blab3	L	
C2|~blaB1-102_1|blaB1-102_1|LCS|Ruppe_2019|MC3.MG330.AS1.GP1.C10923.G1	blaB1	L	C	S	Ruppe_2019	Ruppe_2019-1|2457308|14|Human-Microbiome-3.9M-Gene-Catalog-(metahit-v2)|MC3.MG330.AS1.GP1.C10923.G1|blab1	L	
C2|~blaA-431_1|blaA-431_1|LCS|Ruppe_2019|MC3.MG354.AS1.GP1.C75684.G1	blaA	L	C	S	Ruppe_2019	Ruppe_2019-1|2726055|12|Human-Microbiome-3.9M-Gene-Catalog-(metahit-v2)|MC3.MG354.AS1.GP1.C75684.G1|blaa	L	
C2|~ant-52_1|ant-52_1|LCS|Ruppe_2019|MC3.MG12.AS1.GP1.C87661.G2	ant	L	C	S	Ruppe_2019	Ruppe_2019-1|333170|7|Human-Microbiome-3.9M-Gene-Catalog-(metahit-v2)|MC3.MG12.AS1.GP1.C87661.G2|ant	L	
C2|~aac3-103_1|aac3-103_1|LCS|Ruppe_2019|MC3.MG6.AS1.GP1.C48520.G3	aac3	L	C	S	Ruppe_2019	Ruppe_2019-1|3441887|5|Human-Microbiome-3.9M-Gene-Catalog-(metahit-v2)|MC3.MG6.AS1.GP1.C48520.G3|aac3_2	L	
C2|~aph3p-62_1|aph3p-62_1|LCP|Li_2025|k141_131604_seq1_1	aph3p	L	C	P	Li_2025	Li_2025-aminoglycoside_model_h|swine|k141_131604_seq1_1	L	
C2|~blaA1-554_1|blaA1-554_1|LCP|Li_2025|k99_130193_seq1_1	blaA1	L	C	P	Li_2025	Li_2025-class_a|swine|k99_130193_seq1_1	L	
C2|~blaA1-555_1|blaA1-555_1|LCP|Li_2025|k141_816474_seq1_1	blaA1	L	C	P	Li_2025	Li_2025-class_a|swine|k141_816474_seq1_1	L	
C2|~aph6-97_1|aph6-97_1|LCP|Li_2025|k141_73350_seq1_1	aph6	L	C	P	Li_2025	Li_2025-aminoglycoside_model_i|chicken|k141_73350_seq1_1	L	
C2|~blaB3-586_1|blaB3-586_1|LCP|Li_2025|k141_246313_seq1_1	blaB3	L	C	P	Li_2025	Li_2025-class_b_3|chicken|k141_246313_seq1_1	L	
C2|~blaA1-556_1|blaA1-556_1|LCP|Li_2025|k141_58182_seq1_1	blaA1	L	C	P	Li_2025	Li_2025-class_a|chicken|k141_58182_seq1_1	L	
C2|~aph3p-63_1|aph3p-63_1|LCP|Li_2025|k141_1870670_seq1_1	aph3p	L	C	P	Li_2025	Li_2025-aminoglycoside_model_h|cattle|k141_1870670_seq1_1	L	
C2|~aph3p-64_1|aph3p-64_1|LCP|Li_2025|k141_367272_seq1_1	aph3p	L	C	P	Li_2025	Li_2025-aminoglycoside_model_h|cattle|k141_367272_seq1_1	L	
C2|~aph3p-65_1|aph3p-65_1|LCP|Li_2025|k141_1132617_seq1_1	aph3p	L	C	P	Li_2025	Li_2025-aminoglycoside_model_h|cattle|k141_1132617_seq1_1	L	
C2|~blaB3-587_1|blaB3-587_1|LCP|Li_2025|k141_1021616_seq1_1	blaB3	L	C	P	Li_2025	Li_2025-class_b_3|cattle|k141_1021616_seq1_1	L	
C2|~blaB3-588_1|blaB3-588_1|LCP|Li_2025|k141_101490_seq1_1	blaB3	L	C	P	Li_2025	Li_2025-class_b_3|cattle|k141_101490_seq1_1	L	
C2|~blaA1-557_1|blaA1-557_1|LCP|Li_2025|k141_186031_seq1_1	blaA1	L	C	P	Li_2025	Li_2025-class_a|cattle|k141_186031_seq1_1	L	
C2|~blaD2-fARgene_1|blaD2-fARgene_1|LCP|CocheMiranda_2026|CocheMiranda_2026_SPA_MetaAn_74_l286_st173_e1030_se	blaD2	L	C	P	CocheMiranda_2026	CocheMiranda_2026-fARgene_CocheMiranda_2026.faa_class_d_2-CocheMiranda_2026_SPA_MetaAn_74_l286_st173_e1030_se-1_ID=42348_1	L	
C2|~blaA1-558_1|blaA1-558_1|LCP|CocheMiranda_2026|CocheMiranda_2026_SPA_MetaAn_3_l288_st172_e1035_se1_ID=176893_2	blaA1	L	C	P	CocheMiranda_2026	CocheMiranda_2026-fARgene_CocheMiranda_2026.faa_class_a-CocheMiranda_2026_SPA_MetaAn_3_l288_st172_e1035_se1_ID=176893_2	L	
C2|~aph6-98_1|aph6-98_1|LCP|Victor_2025|HoFAMG_I_sequ3ence	aph6	L	C	P	Victor_2025	Victor_2025-HoFAMG_I_sequ3ence	L	
C2|~blaB3-589_1|blaB3-589_1|LCP|Victor_2025b|Class_B3NSF45B3	blaB3	L	C	P	Victor_2025b	Victor_2025b-Class_B3NSF45B3	L	
C2|~blaB3-590_1|blaB3-590_1|LCP|Victor_2025b|Class_B3NSF29B3	blaB3	L	C	P	Victor_2025b	Victor_2025b-Class_B3NSF29B3	L	
C2|~blaB3-591_1|blaB3-591_1|LCP|Victor_2025b|Class_B3NSF9B3	blaB3	L	C	P	Victor_2025b	Victor_2025b-Class_B3NSF9B3	L	
C2|~blaB3-592_1|blaB3-592_1|LCS|Ruppe_2019|MC3.MG386.AS1.GP1.C57665.G2	blaB3	L	C	S	Ruppe_2019	Ruppe_2019-1|3161059|16|Human-Microbiome-3.9M-Gene-Catalog-(metahit-v2)|MC3.MG386.AS1.GP1.C57665.G2|blab3	L	
C2|~blaB3-593_1|blaB3-593_1|LCS|Ruppe_2019|MC3.MG26.AS1.GP1.C10985.G4	blaB3	L	C	S	Ruppe_2019	Ruppe_2019-1|1689991|16|Human-Microbiome-3.9M-Gene-Catalog-(metahit-v2)|MC3.MG26.AS1.GP1.C10985.G4|blab3	L	
C2|~blaB3-594_1|blaB3-594_1|LCS|Ruppe_2019|MC3.MG144.AS1.GP1.C20007.G3	blaB3	L	C	S	Ruppe_2019	Ruppe_2019-1|677462|16|Human-Microbiome-3.9M-Gene-Catalog-(metahit-v2)|MC3.MG144.AS1.GP1.C20007.G3|blab3	L	
C2|~aph-126_1|aph-126_1|LCS|Ruppe_2019|MC3.MG95.AS1.GP1.C25607.G1	aph	L	C	S	Ruppe_2019	Ruppe_2019-1|3791236|8|Human-Microbiome-3.9M-Gene-Catalog-(metahit-v2)|MC3.MG95.AS1.GP1.C25607.G1|aph	L	
C2|~aph-127_1|aph-127_1|LCS|Ruppe_2019|MC3.MG189.AS1.GP1.C17889.G2	aph	L	C	S	Ruppe_2019	Ruppe_2019-1|1081998|8|Human-Microbiome-3.9M-Gene-Catalog-(metahit-v2)|MC3.MG189.AS1.GP1.C17889.G2|aph	L	
C2|~ant-53_1|ant-53_1|LCS|Ruppe_2019|MC3.MG291.AS1.GP1.C372.G34	ant	L	C	S	Ruppe_2019	Ruppe_2019-1|1970372|7|Human-Microbiome-3.9M-Gene-Catalog-(metahit-v2)|MC3.MG291.AS1.GP1.C372.G34|ant	L	
C2|~aac3-105_1|aac3-105_1|LMP|Li_2025|k141_605827_seq1_1	aac3	L	M	P	Li_2025	Li_2025-aminoglycoside_model_c|swine|k141_605827_seq1_1	L	
C2|~erm-162_1|erm-162_1|LCP|Li_2025|k99_520171_seq1_1	erm	L	C	P	Li_2025	Li_2025-erm_type_f|swine|k99_520171_seq1_1	L	
C2|~erm-163_1|erm-163_1|LCP|Li_2025|k141_486539_seq1_1	erm	L	C	P	Li_2025	Li_2025-erm_type_f|swine|k141_486539_seq1_1	L	
C2|~blaB3-595_1|blaB3-595_1|LCP|Li_2025|k141_352002_seq1_1	blaB3	L	C	P	Li_2025	Li_2025-class_b_3|swine|k141_352002_seq1_1	L	
C2|~blaB3-596_1|blaB3-596_1|LCP|Li_2025|k141_143781_seq1_1	blaB3	L	C	P	Li_2025	Li_2025-class_b_3|chicken|k141_143781_seq1_1	L	
C2|~blaB3-599_1|blaB3-599_1|LCP|Li_2025|k141_206428_seq1_1	blaB3	L	C	P	Li_2025	Li_2025-class_b_3|chicken|k141_206428_seq1_1	L	
C2|~blaA1-561_1|blaA1-561_1|LCP|Li_2025|k141_11286_seq1_1	blaA1	L	C	P	Li_2025	Li_2025-class_a|chicken|k141_11286_seq1_1	L	
C2|~aph3p-66_1|aph3p-66_1|LCP|Li_2025|k141_906984_seq1_1	aph3p	L	C	P	Li_2025	Li_2025-aminoglycoside_model_h|cattle|k141_906984_seq1_1	L	
C2|~aph3p-67_1|aph3p-67_1|LMP|Li_2025|k141_1017767_seq1_1	aph3p	L	M	P	Li_2025	Li_2025-aminoglycoside_model_h|cattle|k141_1017767_seq1_1	L	
C2|~aph3p-68_1|aph3p-68_1|LCP|Li_2025|k141_841558_seq1_1	aph3p	L	C	P	Li_2025	Li_2025-aminoglycoside_model_h|cattle|k141_841558_seq1_1	L	
C2|~aph2b-44_1|aph2b-44_1|LCP|Li_2025|k141_510189_seq1_1	aph2b	L	C	P	Li_2025	Li_2025-aminoglycoside_model_g|cattle|k141_510189_seq1_1	L	
C2|~aac3-106_1|aac3-106_1|LCP|Li_2025|k141_628709_seq1_1	aac3	L	C	P	Li_2025	Li_2025-aminoglycoside_model_c|cattle|k141_628709_seq1_1	L	
C2|~blaB3-600_1|blaB3-600_1|LCP|Li_2025|k141_378618_seq1_1	blaB3	L	C	P	Li_2025	Li_2025-class_b_3|cattle|k141_378618_seq1_1	L	
C2|~blaB3-601_1|blaB3-601_1|LCP|Li_2025|k141_981997_seq1_1	blaB3	L	C	P	Li_2025	Li_2025-class_b_3|cattle|k141_981997_seq1_1	L	
C2|~blaB3-602_1|blaB3-602_1|LCP|Li_2025|k141_666866_seq1_1	blaB3	L	C	P	Li_2025	Li_2025-class_b_3|cattle|k141_666866_seq1_1	L	
C2|~blaB3-603_1|blaB3-603_1|LCP|CocheMiranda_2026|CocheMiranda_2026_6170116_len_285_MetaAn_57	blaB3	L	C	P	CocheMiranda_2026	CocheMiranda_2026-fARgene_CocheMiranda_2026.faa_class_b_3-CocheMiranda_2026_6170116_len_285_MetaAn_57	L	
C2|~blaD1-40_1|blaD1-40_1|LCP|Victor_2025|HoACLASS_d1_sequ3ence	blaD1	L	C	P	Victor_2025	Victor_2025-HoACLASS_d1_sequ3ence	L	
C2|~blaD-29_1|blaD-29_1|LCP|Victor_2025b|Class_DNSF55D	blaD	L	C	P	Victor_2025b	Victor_2025b-Class_DNSF55D	L	
C2|~blaD-30_1|blaD-30_1|LCP|Victor_2025b|Class_DNSF52D	blaD	L	C	P	Victor_2025b	Victor_2025b-Class_DNSF52D	L	
C2|~blaD-31_1|blaD-31_1|LCP|Victor_2025b|Class_DNSF32D	blaD	L	C	P	Victor_2025b	Victor_2025b-Class_DNSF32D	L	
C2|~blaB3-604_1|blaB3-604_1|LCP|Victor_2025b|Class_B3NSF41B3	blaB3	L	C	P	Victor_2025b	Victor_2025b-Class_B3NSF41B3	L	
C2|~blaB3-605_1|blaB3-605_1|LCP|Victor_2025b|Class_B3NSF23B3	blaB3	L	C	P	Victor_2025b	Victor_2025b-Class_B3NSF23B3	L	
C2|~blaB1-103_1|blaB1-103_1|LCS|Ruppe_2019|MC3.MG12.AS1.GP1.C38724.G2	blaB1	L	C	S	Ruppe_2019	Ruppe_2019-1|284644|14|Human-Microbiome-3.9M-Gene-Catalog-(metahit-v2)|MC3.MG12.AS1.GP1.C38724.G2|blab1	L	
C2|~blaA-436_1|blaA-436_1|LCS|Ruppe_2019|MC3.MG327.AS1.GP1.C1210.G7	blaA	L	C	S	Ruppe_2019	Ruppe_2019-1|2410747|12|Human-Microbiome-3.9M-Gene-Catalog-(metahit-v2)|MC3.MG327.AS1.GP1.C1210.G7|blaa	L	
C2|~aph-128_1|aph-128_1|LCS|Ruppe_2019|MC3.MG143.AS1.GP1.C64899.G29	aph	L	C	S	Ruppe_2019	Ruppe_2019-1|673807|8|Human-Microbiome-3.9M-Gene-Catalog-(metahit-v2)|MC3.MG143.AS1.GP1.C64899.G29|aph	L	
C2|~aph-129_1|aph-129_1|LCS|Ruppe_2019|MC3.MG120.AS1.GP1.C2389.G6	aph	L	C	S	Ruppe_2019	Ruppe_2019-1|343855|8|Human-Microbiome-3.9M-Gene-Catalog-(metahit-v2)|MC3.MG120.AS1.GP1.C2389.G6|aph	L	
C2|~ant-55_1|ant-55_1|LCS|Ruppe_2019|MC3.MG321.AS1.GP1.C47220.G20	ant	L	C	S	Ruppe_2019	Ruppe_2019-1|2350962|7|Human-Microbiome-3.9M-Gene-Catalog-(metahit-v2)|MC3.MG321.AS1.GP1.C47220.G20|ant	L	
C2|~ant-56_1|ant-56_1|LCS|Ruppe_2019|MC3.MG12.AS1.GP1.C4922.G5	ant	L	C	S	Ruppe_2019	Ruppe_2019-1|295343|7|Human-Microbiome-3.9M-Gene-Catalog-(metahit-v2)|MC3.MG12.AS1.GP1.C4922.G5|ant	L	
C2|~ant-57_1|ant-57_1|LCS|Ruppe_2019|MC3.MG100.AS1.GP1.C24590.G2	ant	L	C	S	Ruppe_2019	Ruppe_2019-1|22733|7|Human-Microbiome-3.9M-Gene-Catalog-(metahit-v2)|MC3.MG100.AS1.GP1.C24590.G2|ant	L	
C2|~aac3-110_1|aac3-110_1|LCS|Ruppe_2019|MC3.MG117.AS1.GP1.C11763.G2	aac3	L	C	S	Ruppe_2019	Ruppe_2019-1|234571|5|Human-Microbiome-3.9M-Gene-Catalog-(metahit-v2)|MC3.MG117.AS1.GP1.C11763.G2|aac3_2	L	
C2|~erm-164_1|erm-164_1|LCP|Li_2025|k141_1038686_seq1_1	erm	L	C	P	Li_2025	Li_2025-erm_type_f|swine|k141_1038686_seq1_1	L	
C2|~blaD2-186_1|blaD2-186_1|LCP|Li_2025|k141_833182_seq1_1	blaD2	L	C	P	Li_2025	Li_2025-class_d_2|swine|k141_833182_seq1_1	L	
C2|~blaA1-564_1|blaA1-564_1|LCP|Li_2025|k141_430497_seq1_1	blaA1	L	C	P	Li_2025	Li_2025-class_a|swine|k141_430497_seq1_1	L	
C2|~aph6-99_1|aph6-99_1|LCP|Li_2025|k141_73496_seq1_1	aph6	L	C	P	Li_2025	Li_2025-aminoglycoside_model_i|chicken|k141_73496_seq1_1	L	
C2|~blaB3-606_1|blaB3-606_1|LCP|Li_2025|k141_143566_seq1_1	blaB3	L	C	P	Li_2025	Li_2025-class_b_3|chicken|k141_143566_seq1_1	L	
C2|~blaB3-607_1|blaB3-607_1|LCP|Li_2025|k141_238961_seq1_1	blaB3	L	C	P	Li_2025	Li_2025-class_b_3|chicken|k141_238961_seq1_1	L	
C2|~blaB3-608_1|blaB3-608_1|LCP|Li_2025|k141_622195_seq1_1	blaB3	L	C	P	Li_2025	Li_2025-class_b_3|chicken|k141_622195_seq1_1	L	
C2|~blaA1-565_1|blaA1-565_1|LCP|Li_2025|k141_78448_seq1_1	blaA1	L	C	P	Li_2025	Li_2025-class_a|chicken|k141_78448_seq1_1	L	
C2|~blaD2-187_1|blaD2-187_1|LCP|Li_2025|k141_448322_seq1_1	blaD2	L	C	P	Li_2025	Li_2025-class_d_2|cattle|k141_448322_seq1_1	L	
C2|~blaB3-609_1|blaB3-609_1|LCP|Li_2025|k141_383334_seq1_1	blaB3	L	C	P	Li_2025	Li_2025-class_b_3|cattle|k141_383334_seq1_1	L	
C2|~blaB3-610_1|blaB3-610_1|LCP|Li_2025|k141_478787_seq1_1	blaB3	L	C	P	Li_2025	Li_2025-class_b_3|cattle|k141_478787_seq1_1	L	
C2|~blaA1-566_1|blaA1-566_1|LCP|Li_2025|k141_1064202_seq1_1	blaA1	L	C	P	Li_2025	Li_2025-class_a|cattle|k141_1064202_seq1_1	L	
C2|~blaB3-fARgene_38|blaB3-fARgene_38|LCP|CocheMiranda_2026|CocheMiranda_2026_SPA_MetaAn_23_l285_st12_e866_se	blaB3	L	C	P	CocheMiranda_2026	CocheMiranda_2026-fARgene_CocheMiranda_2026.faa_class_b_3-CocheMiranda_2026_SPA_MetaAn_23_l285_st12_e866_se-1_ID=135876_1	L	
C2|~blaD-32_1|blaD-32_1|LCP|Victor_2025b|Class_DNSF65D	blaD	L	C	P	Victor_2025b	Victor_2025b-Class_DNSF65D	L	
C2|~blaD-33_1|blaD-33_1|LCP|Victor_2025b|Class_DNSF11D	blaD	L	C	P	Victor_2025b	Victor_2025b-Class_DNSF11D	L	
C2|~blaD-34_1|blaD-34_1|LCP|Victor_2025b|Class_DNSF5D	blaD	L	C	P	Victor_2025b	Victor_2025b-Class_DNSF5D	L	
C2|~blaA1-567_1|blaA1-567_1|LCP|Victor_2025b|Class_ANSF25A	blaA1	L	C	P	Victor_2025b	Victor_2025b-Class_ANSF25A	L	
C2|~blaA1-568_1|blaA1-568_1|LCP|Victor_2025b|Class_ANSF17A	blaA1	L	C	P	Victor_2025b	Victor_2025b-Class_ANSF17A	L	
C2|~blaB3-611_1|blaB3-611_1|LMS|Ruppe_2019|MC3.MG38.AS1.GP1.C18971.G2	blaB3	L	M	S	Ruppe_2019	Ruppe_2019-1|3060675|16|Human-Microbiome-3.9M-Gene-Catalog-(metahit-v2)|MC3.MG38.AS1.GP1.C18971.G2|blab3	L	
C2|~blaB3-612_1|blaB3-612_1|LCS|Ruppe_2019|MC3.MG351.AS1.GP1.C46641.G2	blaB3	L	C	S	Ruppe_2019	Ruppe_2019-1|2695386|16|Human-Microbiome-3.9M-Gene-Catalog-(metahit-v2)|MC3.MG351.AS1.GP1.C46641.G2|blab3	L	
C2|~blaB3-613_1|blaB3-613_1|LCS|Ruppe_2019|MC3.MG284.AS1.GP1.C18122.G1	blaB3	L	C	S	Ruppe_2019	Ruppe_2019-1|1865982|16|Human-Microbiome-3.9M-Gene-Catalog-(metahit-v2)|MC3.MG284.AS1.GP1.C18122.G1|blab3	L	
C2|~blaA-437_1|blaA-437_1|LCS|Ruppe_2019|MC3.MG354.AS1.GP1.C68306.G1	blaA	L	C	S	Ruppe_2019	Ruppe_2019-1|2724721|12|Human-Microbiome-3.9M-Gene-Catalog-(metahit-v2)|MC3.MG354.AS1.GP1.C68306.G1|blaa	L	
C2|~aph-130_1|aph-130_1|LCS|Ruppe_2019|MC3.MG332.AS1.GP1.C21956.G10	aph	L	C	S	Ruppe_2019	Ruppe_2019-1|2497643|8|Human-Microbiome-3.9M-Gene-Catalog-(metahit-v2)|MC3.MG332.AS1.GP1.C21956.G10|aph	L	
C2|~aph-131_1|aph-131_1|LCS|Ruppe_2019|MC3.MG320.AS1.GP1.C4364.G4	aph	L	C	S	Ruppe_2019	Ruppe_2019-1|2307575|8|Human-Microbiome-3.9M-Gene-Catalog-(metahit-v2)|MC3.MG320.AS1.GP1.C4364.G4|aph	L	
C2|~blaB3-614_1|blaB3-614_1|LCP|Li_2025|k141_767993_seq1_1	blaB3	L	C	P	Li_2025	Li_2025-class_b_3|swine|k141_767993_seq1_1	L	
C2|~aph6-100_1|aph6-100_1|LCP|Li_2025|k141_335740_seq1_1	aph6	L	C	P	Li_2025	Li_2025-aminoglycoside_model_i|chicken|k141_335740_seq1_1	L	
C2|~aph3p-70_1|aph3p-70_1|LCP|Li_2025|k141_605067_seq1_1	aph3p	L	C	P	Li_2025	Li_2025-aminoglycoside_model_h|chicken|k141_605067_seq1_1	L	
C2|~aac3-111_1|aac3-111_1|LCP|Li_2025|k141_368056_seq1_1	aac3	L	C	P	Li_2025	Li_2025-aminoglycoside_model_c|chicken|k141_368056_seq1_1	L	
C2|~aac3-112_1|aac3-112_1|LCP|Li_2025|k141_330_seq1_1	aac3	L	C	P	Li_2025	Li_2025-aminoglycoside_model_c|cattle|k141_330_seq1_1	L	
C2|~erm-165_1|erm-165_1|LCP|Li_2025|k141_884629_seq1_1	erm	L	C	P	Li_2025	Li_2025-erm_type_f|cattle|k141_884629_seq1_1	L	
C2|~erm-166_1|erm-166_1|LCP|Li_2025|k141_145793_seq1_1	erm	L	C	P	Li_2025	Li_2025-erm_type_f|cattle|k141_145793_seq1_1	L	
C2|~blaD2-188_1|blaD2-188_1|LCP|Li_2025|k141_40205_seq1_1	blaD2	L	C	P	Li_2025	Li_2025-class_d_2|cattle|k141_40205_seq1_1	L	
C2|~blaB3-615_1|blaB3-615_1|LCP|Li_2025|k141_307061_seq1_1	blaB3	L	C	P	Li_2025	Li_2025-class_b_3|cattle|k141_307061_seq1_1	L	
C2|~blaA1-569_1|blaA1-569_1|LCP|Li_2025|k141_363393_seq1_1	blaA1	L	C	P	Li_2025	Li_2025-class_a|cattle|k141_363393_seq1_1	L	
C2|~blaB3-fARgene_39|blaB3-fARgene_39|LCP|CocheMiranda_2026|CocheMiranda_2026_SPA_MetaAn_65_l290_st511_e1380_se	blaB3	L	C	P	CocheMiranda_2026	CocheMiranda_2026-fARgene_CocheMiranda_2026.faa_class_b_3-CocheMiranda_2026_SPA_MetaAn_65_l290_st511_e1380_se-1_ID=109256_2	L	
C2|~blaB3-fARgene_40|blaB3-fARgene_40|LCP|CocheMiranda_2026|CocheMiranda_2026_SPA_MetaAn_62_l292_st3287_e4162_se	blaB3	L	C	P	CocheMiranda_2026	CocheMiranda_2026-fARgene_CocheMiranda_2026.faa_class_b_3-CocheMiranda_2026_SPA_MetaAn_62_l292_st3287_e4162_se-1_ID=212_5	L	
C2|~blaA1-570_1|blaA1-570_1|LCP|CocheMiranda_2026|CocheMiranda_2026_SPA_MetaAn_5_l282_st5192_e6037_se1_ID=4043_6	blaA1	L	C	P	CocheMiranda_2026	CocheMiranda_2026-fARgene_CocheMiranda_2026.faa_class_a-CocheMiranda_2026_SPA_MetaAn_5_l282_st5192_e6037_se1_ID=4043_6	L	
C2|~blaD-35_1|blaD-35_1|LCP|Victor_2025b|Class_DNSF21D	blaD	L	C	P	Victor_2025b	Victor_2025b-Class_DNSF21D	L	
C2|~blaB1-104_1|blaB1-104_1|LCP|Victor_2025b|Class_B1B2NSF2B1B2	blaB1	L	C	P	Victor_2025b	Victor_2025b-Class_B1B2NSF2B1B2	L	
C2|~blaB3-616_1|blaB3-616_1|LCS|Ruppe_2019|MC3.MG86.AS1.GP1.C8422.G14	blaB3	L	C	S	Ruppe_2019	Ruppe_2019-1|3670400|16|Human-Microbiome-3.9M-Gene-Catalog-(metahit-v2)|MC3.MG86.AS1.GP1.C8422.G14|blab3	L	
C2|~blaB1-105_1|blaB1-105_1|LCS|Ruppe_2019|MC3.MG249.AS1.GP1.C57309.G4	blaB1	L	C	S	Ruppe_2019	Ruppe_2019-1|1596298|14|Human-Microbiome-3.9M-Gene-Catalog-(metahit-v2)|MC3.MG249.AS1.GP1.C57309.G4|blab1	L	
C2|~blaB-35_1|blaB-35_1|LCS|Ruppe_2019|S08_CZ_11_KJ693634_1_2	blaB	L	C	S	Ruppe_2019	Ruppe_2019-3|3873950|13|ARD-Forsberg-gene-catalog|S08_CZ_11_KJ693634_1_2|blab	L	
C2|~aph-132_1|aph-132_1|LCS|Ruppe_2019|MC3.MG181.AS1.GP1.C38231.G4	aph	L	C	S	Ruppe_2019	Ruppe_2019-1|1030490|8|Human-Microbiome-3.9M-Gene-Catalog-(metahit-v2)|MC3.MG181.AS1.GP1.C38231.G4|aph	L	
C2|~aac3-114_1|aac3-114_1|LCP|Li_2025|k141_113250_seq1_1	aac3	L	C	P	Li_2025	Li_2025-aminoglycoside_model_c|swine|k141_113250_seq1_1	L	
C2|~aac3-116_1|aac3-116_1|LCP|Li_2025|k141_1426837_seq1_1	aac3	L	C	P	Li_2025	Li_2025-aminoglycoside_model_c|swine|k141_1426837_seq1_1	L	
C2|~blaD2-192_1|blaD2-192_1|LCP|Li_2025|k141_711262_seq1_1	blaD2	L	C	P	Li_2025	Li_2025-class_d_2|swine|k141_711262_seq1_1	L	
C2|~blaB3-619_1|blaB3-619_1|LCP|Li_2025|k141_1145980_seq1_1	blaB3	L	C	P	Li_2025	Li_2025-class_b_3|swine|k141_1145980_seq1_1	L	
C2|~aac3-118_1|aac3-118_1|LCP|Li_2025|k141_36225_seq1_1	aac3	L	C	P	Li_2025	Li_2025-aminoglycoside_model_c|chicken|k141_36225_seq1_1	L	
C2|~blaB3-620_1|blaB3-620_1|LCP|Li_2025|k119_228486_seq1_1	blaB3	L	C	P	Li_2025	Li_2025-class_b_3|chicken|k119_228486_seq1_1	L	
C2|~blaA1-571_1|blaA1-571_1|LCP|Li_2025|k141_19831_seq1_1	blaA1	L	C	P	Li_2025	Li_2025-class_a|chicken|k141_19831_seq1_1	L	
C2|~aph3p-71_1|aph3p-71_1|LCP|Li_2025|k141_869270_seq1_1	aph3p	L	C	P	Li_2025	Li_2025-aminoglycoside_model_h|cattle|k141_869270_seq1_1	L	
C2|~erm-167_1|erm-167_1|LCP|Li_2025|k141_762106_seq1_1	erm	L	C	P	Li_2025	Li_2025-erm_type_f|cattle|k141_762106_seq1_1	L	
C2|~erm-168_1|erm-168_1|LCP|Li_2025|k141_94550_seq1_1	erm	L	C	P	Li_2025	Li_2025-erm_type_a|cattle|k141_94550_seq1_1	L	
C2|~blaD2-193_1|blaD2-193_1|LMP|Li_2025|k141_628010_seq1_1	blaD2	L	M	P	Li_2025	Li_2025-class_d_2|cattle|k141_628010_seq1_1	L	
C2|~blaB3-621_1|blaB3-621_1|LCP|Li_2025|k141_2363498_seq1_1	blaB3	L	C	P	Li_2025	Li_2025-class_b_3|cattle|k141_2363498_seq1_1	L	
C2|~blaB3-622_1|blaB3-622_1|LCP|Li_2025|k141_111154_seq1_1	blaB3	L	C	P	Li_2025	Li_2025-class_b_3|cattle|k141_111154_seq1_1	L	
C2|~blaA1-573_1|blaA1-573_1|LCP|Li_2025|k141_105812_seq1_1	blaA1	L	C	P	Li_2025	Li_2025-class_a|cattle|k141_105812_seq1_1	L	
C2|~blaA1-574_1|blaA1-574_1|LCP|CocheMiranda_2026|CocheMiranda_2026_SPA_MetaAn_62_l283_st602_e1450_se1_ID=20927_3	blaA1	L	C	P	CocheMiranda_2026	CocheMiranda_2026-fARgene_CocheMiranda_2026.faa_class_a-CocheMiranda_2026_SPA_MetaAn_62_l283_st602_e1450_se1_ID=20927_3	L	
C2|~blaD-36_1|blaD-36_1|LCP|Victor_2025b|Class_DNSF42D	blaD	L	C	P	Victor_2025b	Victor_2025b-Class_DNSF42D	L	
C2|~blaD-37_1|blaD-37_1|LCP|Victor_2025b|Class_DNSF27D	blaD	L	C	P	Victor_2025b	Victor_2025b-Class_DNSF27D	L	
C2|~blaD-38_1|blaD-38_1|LCP|Victor_2025b|Class_DNSF19D	blaD	L	C	P	Victor_2025b	Victor_2025b-Class_DNSF19D	L	
C2|~blaD-39_1|blaD-39_1|LCP|Victor_2025b|Class_DNSF16D	blaD	L	C	P	Victor_2025b	Victor_2025b-Class_DNSF16D	L	
C2|~blaB1-106_1|blaB1-106_1|LCP|Victor_2025b|Class_B1B2NSF12B1B2	blaB1	L	C	P	Victor_2025b	Victor_2025b-Class_B1B2NSF12B1B2	L	
C2|~blaA1-575_1|blaA1-575_1|LCP|Victor_2025b|Class_ANSF21A	blaA1	L	C	P	Victor_2025b	Victor_2025b-Class_ANSF21A	L	
C2|~blaB3-627_1|blaB3-627_1|LCS|Ruppe_2019|MC3.MG144.AS1.GP1.C49042.G1	blaB3	L	C	S	Ruppe_2019	Ruppe_2019-1|688735|16|Human-Microbiome-3.9M-Gene-Catalog-(metahit-v2)|MC3.MG144.AS1.GP1.C49042.G1|blab3	L	
C2|~blaB3-628_1|blaB3-628_1|LCS|Ruppe_2019|MC3.MG136.AS1.GP1.C17615.G4	blaB3	L	C	S	Ruppe_2019	Ruppe_2019-1|525473|16|Human-Microbiome-3.9M-Gene-Catalog-(metahit-v2)|MC3.MG136.AS1.GP1.C17615.G4|blab3	L	
C2|~blaA-438_1|blaA-438_1|LCS|Ruppe_2019|MC3.MG171.AS1.GP1.C16693.G1	blaA	L	C	S	Ruppe_2019	Ruppe_2019-1|927087|12|Human-Microbiome-3.9M-Gene-Catalog-(metahit-v2)|MC3.MG171.AS1.GP1.C16693.G1|blaa	L	
C2|~aph-133_1|aph-133_1|LCS|Ruppe_2019|MC3.MG179.AS1.GP1.C27684.G3	aph	L	C	S	Ruppe_2019	Ruppe_2019-1|998905|8|Human-Microbiome-3.9M-Gene-Catalog-(metahit-v2)|MC3.MG179.AS1.GP1.C27684.G3|aph	L	
C2|~aac3-119_1|aac3-119_1|LCS|Ruppe_2019|MC3.MG245.AS1.GP1.C16207.G4	aac3	L	C	S	Ruppe_2019	Ruppe_2019-1|1564713|5|Human-Microbiome-3.9M-Gene-Catalog-(metahit-v2)|MC3.MG245.AS1.GP1.C16207.G4|aac3_2	L	
C2|~aac3-120_1|aac3-120_1|LCS|Ruppe_2019|MC3.MG243.AS1.GP1.C60576.G15	aac3	L	C	S	Ruppe_2019	Ruppe_2019-1|1545155|5|Human-Microbiome-3.9M-Gene-Catalog-(metahit-v2)|MC3.MG243.AS1.GP1.C60576.G15|aac3_2	L	
C2|~aph6-101_1|aph6-101_1|LCP|Li_2025|k141_14784_seq1_1	aph6	L	C	P	Li_2025	Li_2025-aminoglycoside_model_i|swine|k141_14784_seq1_1	L	
C2|~aph6-102_1|aph6-102_1|LCP|Li_2025|k141_119868_seq1_1	aph6	L	C	P	Li_2025	Li_2025-aminoglycoside_model_i|swine|k141_119868_seq1_1	L	
C2|~aac3-121_1|aac3-121_1|LCP|Li_2025|k141_1133257_seq1_1	aac3	L	C	P	Li_2025	Li_2025-aminoglycoside_model_c|swine|k141_1133257_seq1_1	L	
C2|~erm-169_1|erm-169_1|LCP|Li_2025|k141_840965_seq1_1	erm	L	C	P	Li_2025	Li_2025-erm_type_f|swine|k141_840965_seq1_1	L	
C2|~erm-170_1|erm-170_1|LCP|Li_2025|k141_700631_seq1_1	erm	L	C	P	Li_2025	Li_2025-erm_type_f|swine|k141_700631_seq1_1	L	
C2|~blaB3-629_1|blaB3-629_1|LCP|Li_2025|k141_51892_seq1_1	blaB3	L	C	P	Li_2025	Li_2025-class_b_3|swine|k141_51892_seq1_1	L	
C2|~blaB3-630_1|blaB3-630_1|LCP|Li_2025|k141_532772_seq1_1	blaB3	L	C	P	Li_2025	Li_2025-class_b_3|swine|k141_532772_seq1_1	L	
C2|~blaB3-632_1|blaB3-632_1|LCP|Li_2025|k141_151664_seq1_1	blaB3	L	C	P	Li_2025	Li_2025-class_b_3|chicken|k141_151664_seq1_1	L	
C2|~blaD2-195_1|blaD2-195_1|LCP|Li_2025|k141_344585_seq1_1	blaD2	L	C	P	Li_2025	Li_2025-class_d_2|cattle|k141_344585_seq1_1	L	
C2|~blaD2-196_1|blaD2-196_1|LMP|Li_2025|k141_233110_seq1_1	blaD2	L	M	P	Li_2025	Li_2025-class_d_2|cattle|k141_233110_seq1_1	L	
C2|~blaB3-635_1|blaB3-635_1|LCP|Li_2025|k141_275378_seq1_1	blaB3	L	C	P	Li_2025	Li_2025-class_b_3|cattle|k141_275378_seq1_1	L	
C2|~blaB3-636_1|blaB3-636_1|LCP|Li_2025|k141_1375090_seq1_1	blaB3	L	C	P	Li_2025	Li_2025-class_b_3|cattle|k141_1375090_seq1_1	L	
C2|~blaB3-637_1|blaB3-637_1|LCP|Li_2025|k141_625426_seq1_1	blaB3	L	C	P	Li_2025	Li_2025-class_b_3|cattle|k141_625426_seq1_1	L	
C2|~blaB3-638_1|blaB3-638_1|LCP|Li_2025|k141_142193_seq1_1	blaB3	L	C	P	Li_2025	Li_2025-class_b_3|cattle|k141_142193_seq1_1	L	
C2|~blaD2-197_1|blaD2-197_1|LCP|CocheMiranda_2026|CocheMiranda_2026_2688882_len_281_MetaAn_67	blaD2	L	C	P	CocheMiranda_2026	CocheMiranda_2026-fARgene_CocheMiranda_2026.faa_class_d_2-CocheMiranda_2026_2688882_len_281_MetaAn_67	L	
C2|~aph6-103_1|aph6-103_1|LCP|Victor_2025|SeFAMG_I_sequ5ence	aph6	L	C	P	Victor_2025	Victor_2025-SeFAMG_I_sequ5ence	L	
C2|~aph6-104_1|aph6-104_1|LCP|Victor_2025|HoFAMG_I_sequ6ence	aph6	L	C	P	Victor_2025	Victor_2025-HoFAMG_I_sequ6ence	L	
C2|~blaD2-199_1|blaD2-199_1|LCP|Victor_2025|HoACLASS_d2_sequ23ence	blaD2	L	C	P	Victor_2025	Victor_2025-HoACLASS_d2_sequ23ence	L	
C2|~aph3p-73_1|aph3p-73_1|LCP|Victor_2025|HoAAMG_H_sequ6ence	aph3p	L	C	P	Victor_2025	Victor_2025-HoAAMG_H_sequ6ence	L	
C2|~blaD-40_1|blaD-40_1|LCP|Victor_2025b|Class_DNSF81D	blaD	L	C	P	Victor_2025b	Victor_2025b-Class_DNSF81D	L	
C2|~blaD-42_1|blaD-42_1|LCP|Victor_2025b|Class_DNSF9D	blaD	L	C	P	Victor_2025b	Victor_2025b-Class_DNSF9D	L	
C2|~blaD-43_1|blaD-43_1|LCP|Victor_2025b|Class_DNSF7D	blaD	L	C	P	Victor_2025b	Victor_2025b-Class_DNSF7D	L	
C2|~blaB3-639_1|blaB3-639_1|LCP|Victor_2025b|Class_B3NSF18B3	blaB3	L	C	P	Victor_2025b	Victor_2025b-Class_B3NSF18B3	L	
C2|~blaB1-107_1|blaB1-107_1|LCS|Ruppe_2019|MC3.MG122.AS1.GP1.C20894.G1	blaB1	L	C	S	Ruppe_2019	Ruppe_2019-1|375699|14|Human-Microbiome-3.9M-Gene-Catalog-(metahit-v2)|MC3.MG122.AS1.GP1.C20894.G1|blab1	L	
C2|~blaA-439_1|blaA-439_1|LCS|Ruppe_2019|MC3.MG296.AS1.GP1.C36428.G1	blaA	L	C	S	Ruppe_2019	Ruppe_2019-1|2036016|12|Human-Microbiome-3.9M-Gene-Catalog-(metahit-v2)|MC3.MG296.AS1.GP1.C36428.G1|blaa	L	
C2|~aph-134_1|aph-134_1|LCS|Ruppe_2019|MC3.MG320.AS1.GP1.C5882.G1	aph	L	C	S	Ruppe_2019	Ruppe_2019-1|2308675|8|Human-Microbiome-3.9M-Gene-Catalog-(metahit-v2)|MC3.MG320.AS1.GP1.C5882.G1|aph	L	
C2|~aph-136_1|aph-136_1|LCS|Ruppe_2019|MC3.MG138.AS1.GP1.C59902.G23	aph	L	C	S	Ruppe_2019	Ruppe_2019-1|590165|8|Human-Microbiome-3.9M-Gene-Catalog-(metahit-v2)|MC3.MG138.AS1.GP1.C59902.G23|aph	L	
C2|~ant-58_1|ant-58_1|LCS|Ruppe_2019|MC3.MG345.AS1.GP1.C65177.G22	ant	L	C	S	Ruppe_2019	Ruppe_2019-1|2652849|7|Human-Microbiome-3.9M-Gene-Catalog-(metahit-v2)|MC3.MG345.AS1.GP1.C65177.G22|ant	L	
C2|~ant-59_1|ant-59_1|LCS|Ruppe_2019|MC3.MG223.AS1.GP1.C33365.G5	ant	L	C	S	Ruppe_2019	Ruppe_2019-1|1403814|7|Human-Microbiome-3.9M-Gene-Catalog-(metahit-v2)|MC3.MG223.AS1.GP1.C33365.G5|ant	L	
C2|~aac3-124_1|aac3-124_1|LCS|Ruppe_2019|MC3.MG393.AS1.GP1.C599.G10	aac3	L	C	S	Ruppe_2019	Ruppe_2019-1|3241790|5|Human-Microbiome-3.9M-Gene-Catalog-(metahit-v2)|MC3.MG393.AS1.GP1.C599.G10|aac3_2	L	
C2|~aac3-125_1|aac3-125_1|LCP|Li_2025|k141_839256_seq1_1	aac3	L	C	P	Li_2025	Li_2025-aminoglycoside_model_c|swine|k141_839256_seq1_1	L	
C2|~blaB3-642_1|blaB3-642_1|LCP|Li_2025|k141_130638_seq1_1	blaB3	L	C	P	Li_2025	Li_2025-class_b_3|swine|k141_130638_seq1_1	L	
C2|~aph3p-74_1|aph3p-74_1|LMP|Li_2025|k119_36543_seq1_1	aph3p	L	M	P	Li_2025	Li_2025-aminoglycoside_model_h|chicken|k119_36543_seq1_1	L	
C2|~aph3p-76_1|aph3p-76_1|LMP|Li_2025|k141_451520_seq1_1	aph3p	L	M	P	Li_2025	Li_2025-aminoglycoside_model_h|cattle|k141_451520_seq1_1	L	
C2|~aph3p-77_1|aph3p-77_1|LCP|Li_2025|k141_476576_seq1_1	aph3p	L	C	P	Li_2025	Li_2025-aminoglycoside_model_h|cattle|k141_476576_seq1_1	L	
C2|~aac3-126_1|aac3-126_1|LCP|Li_2025|k141_883249_seq1_1	aac3	L	C	P	Li_2025	Li_2025-aminoglycoside_model_c|cattle|k141_883249_seq1_1	L	
C2|~blaD1-41_1|blaD1-41_1|LCP|Li_2025|k141_292598_seq1_1	blaD1	L	C	P	Li_2025	Li_2025-class_d_1|cattle|k141_292598_seq1_1	L	
C2|~blaB3-643_1|blaB3-643_1|LCP|Li_2025|k141_839289_seq1_1	blaB3	L	C	P	Li_2025	Li_2025-class_b_3|cattle|k141_839289_seq1_1	L	
C2|~blaB3-644_1|blaB3-644_1|LCP|Li_2025|k141_188689_seq1_1	blaB3	L	C	P	Li_2025	Li_2025-class_b_3|cattle|k141_188689_seq1_1	L	
C2|~blaB3-645_1|blaB3-645_1|LCP|Li_2025|k141_104941_seq1_1	blaB3	L	C	P	Li_2025	Li_2025-class_b_3|cattle|k141_104941_seq1_1	L	
C2|~blaB3-646_1|blaB3-646_1|LCP|Li_2025|k141_146018_seq1_1	blaB3	L	C	P	Li_2025	Li_2025-class_b_3|cattle|k141_146018_seq1_1	L	
C2|~blaB1-108_1|blaB1-108_1|LCP|Li_2025|k141_192_seq1_1	blaB1	L	C	P	Li_2025	Li_2025-class_b_1_2|cattle|k141_192_seq1_1	L	
C2|~blaD2-202_1|blaD2-202_1|LCP|CocheMiranda_2026|CocheMiranda_2026_20333278_len_292_MetaAn_17	blaD2	L	C	P	CocheMiranda_2026	CocheMiranda_2026-fARgene_CocheMiranda_2026.faa_class_d_2-CocheMiranda_2026_20333278_len_292_MetaAn_17	L	
C2|~blaB3-fARgene_41|blaB3-fARgene_41|LCP|CocheMiranda_2026|CocheMiranda_2026_SPA_MetaAn_50_l279_st1066_e1902_se	blaB3	L	C	P	CocheMiranda_2026	CocheMiranda_2026-fARgene_CocheMiranda_2026.faa_class_b_3-CocheMiranda_2026_SPA_MetaAn_50_l279_st1066_e1902_se-1_ID=69806_4	L	
C2|~blaB3-fARgene_42|blaB3-fARgene_42|LCP|CocheMiranda_2026|CocheMiranda_2026_SPA_MetaAn_54_l279_st191_e1027_se	blaB3	L	C	P	CocheMiranda_2026	CocheMiranda_2026-fARgene_CocheMiranda_2026.faa_class_b_3-CocheMiranda_2026_SPA_MetaAn_54_l279_st191_e1027_se-1_ID=43151_2	L	
C2|~blaB3-647_1|blaB3-647_1|LCP|CocheMiranda_2026|CocheMiranda_2026_11081746_len_282_MetaAn_63	blaB3	L	C	P	CocheMiranda_2026	CocheMiranda_2026-fARgene_CocheMiranda_2026.faa_class_b_3-CocheMiranda_2026_11081746_len_282_MetaAn_63	L	
C2|~blaA1-576_1|blaA1-576_1|LCP|Victor_2025|SeFCLASS_a_sequ69ence	blaA1	L	C	P	Victor_2025	Victor_2025-SeFCLASS_a_sequ69ence	L	
C2|~blaD-44_1|blaD-44_1|LCP|Victor_2025b|Class_DNSF2D	blaD	L	C	P	Victor_2025b	Victor_2025b-Class_DNSF2D	L	
C2|~blaA1-579_1|blaA1-579_1|LCP|Victor_2025b|Class_ANSF10A	blaA1	L	C	P	Victor_2025b	Victor_2025b-Class_ANSF10A	L	
C2|~blaB3-648_1|blaB3-648_1|LCS|Ruppe_2019|MC3.MG85.AS1.GP1.C50641.G2	blaB3	L	C	S	Ruppe_2019	Ruppe_2019-1|3662629|16|Human-Microbiome-3.9M-Gene-Catalog-(metahit-v2)|MC3.MG85.AS1.GP1.C50641.G2|blab3	L	
C2|~blaB3-649_1|blaB3-649_1|LCS|Ruppe_2019|MC3.MG286.AS1.GP1.C459.G8	blaB3	L	C	S	Ruppe_2019	Ruppe_2019-1|1894897|16|Human-Microbiome-3.9M-Gene-Catalog-(metahit-v2)|MC3.MG286.AS1.GP1.C459.G8|blab3	L	
C2|~blaB3-650_1|blaB3-650_1|LCS|Ruppe_2019|MC3.MG173.AS1.GP1.C28082.G5	blaB3	L	C	S	Ruppe_2019	Ruppe_2019-1|948687|16|Human-Microbiome-3.9M-Gene-Catalog-(metahit-v2)|MC3.MG173.AS1.GP1.C28082.G5|blab3	L	
C2|~blaA-440_1|blaA-440_1|LCS|Ruppe_2019|MC3.MG181.AS1.GP1.C8472.G3	blaA	L	C	S	Ruppe_2019	Ruppe_2019-1|1035969|12|Human-Microbiome-3.9M-Gene-Catalog-(metahit-v2)|MC3.MG181.AS1.GP1.C8472.G3|blaa	L	
C2|~aph-137_1|aph-137_1|LCS|Ruppe_2019|MC3.MG9.AS1.GP1.C10198.G9	aph	L	C	S	Ruppe_2019	Ruppe_2019-1|3717711|8|Human-Microbiome-3.9M-Gene-Catalog-(metahit-v2)|MC3.MG9.AS1.GP1.C10198.G9|aph	L	
C2|~aph-140_1|aph-140_1|LCS|Ruppe_2019|MC3.MG208.AS1.GP1.C20889.G13	aph	L	C	S	Ruppe_2019	Ruppe_2019-1|1285903|8|Human-Microbiome-3.9M-Gene-Catalog-(metahit-v2)|MC3.MG208.AS1.GP1.C20889.G13|aph	L	
C2|~aph-141_1|aph-141_1|LCS|Ruppe_2019|MC3.MG106.AS1.GP1.C14892.G3	aph	L	C	S	Ruppe_2019	Ruppe_2019-1|92295|8|Human-Microbiome-3.9M-Gene-Catalog-(metahit-v2)|MC3.MG106.AS1.GP1.C14892.G3|aph	L	
C2|~ant-60_1|ant-60_1|LCS|Ruppe_2019|MC3.MG375.AS1.GP1.C21620.G2	ant	L	C	S	Ruppe_2019	Ruppe_2019-1|2958793|7|Human-Microbiome-3.9M-Gene-Catalog-(metahit-v2)|MC3.MG375.AS1.GP1.C21620.G2|ant	L	
C2|~aac3-127_1|aac3-127_1|LMS|Ruppe_2019|MC3.MG276.AS1.GP1.C1990.G1	aac3	L	M	S	Ruppe_2019	Ruppe_2019-1|1801411|5|Human-Microbiome-3.9M-Gene-Catalog-(metahit-v2)|MC3.MG276.AS1.GP1.C1990.G1|aac3_2	L	
C2|~aac3-128_1|aac3-128_1|LCS|Ruppe_2019|MC3.MG197.AS1.GP1.C11517.G1	aac3	L	C	S	Ruppe_2019	Ruppe_2019-1|1156036|5|Human-Microbiome-3.9M-Gene-Catalog-(metahit-v2)|MC3.MG197.AS1.GP1.C11517.G1|aac3_2	L	
C2|~aac3-129_1|aac3-129_1|LCP|Li_2025|k141_120727_seq1_1	aac3	L	C	P	Li_2025	Li_2025-aminoglycoside_model_c|swine|k141_120727_seq1_1	L	
C2|~aac3-130_1|aac3-130_1|LCP|Li_2025|k141_319484_seq1_1	aac3	L	C	P	Li_2025	Li_2025-aminoglycoside_model_c|swine|k141_319484_seq1_1	L	
C2|~erm-171_1|erm-171_1|LCP|Li_2025|k141_763267_seq1_1	erm	L	C	P	Li_2025	Li_2025-erm_type_f|swine|k141_763267_seq1_1	L	
C2|~blaB3-651_1|blaB3-651_1|LCP|Li_2025|k141_153900_seq1_1	blaB3	L	C	P	Li_2025	Li_2025-class_b_3|swine|k141_153900_seq1_1	L	
C2|~aph6-105_1|aph6-105_1|LCP|Li_2025|k141_258285_seq1_1	aph6	L	C	P	Li_2025	Li_2025-aminoglycoside_model_i|chicken|k141_258285_seq1_1	L	
C2|~erm-172_1|erm-172_1|LCP|Li_2025|k141_80908_seq1_1	erm	L	C	P	Li_2025	Li_2025-erm_type_f|chicken|k141_80908_seq1_1	L	
C2|~aph3p-78_1|aph3p-78_1|LCP|Li_2025|k141_2430784_seq1_1	aph3p	L	C	P	Li_2025	Li_2025-aminoglycoside_model_h|cattle|k141_2430784_seq1_1	L	
C2|~aph3p-80_1|aph3p-80_1|LCP|Li_2025|k141_131355_seq1_1	aph3p	L	C	P	Li_2025	Li_2025-aminoglycoside_model_h|cattle|k141_131355_seq1_1	L	
C2|~aph3p-81_1|aph3p-81_1|LCP|Li_2025|k141_911627_seq1_1	aph3p	L	C	P	Li_2025	Li_2025-aminoglycoside_model_h|cattle|k141_911627_seq1_1	L	
C2|~aac3-131_1|aac3-131_1|LCP|Li_2025|k141_81727_seq1_1	aac3	L	C	P	Li_2025	Li_2025-aminoglycoside_model_c|cattle|k141_81727_seq1_1	L	
C2|~aac3-132_1|aac3-132_1|LCP|Li_2025|k141_383907_seq1_1	aac3	L	C	P	Li_2025	Li_2025-aminoglycoside_model_c|cattle|k141_383907_seq1_1	L	
C2|~aac3-133_1|aac3-133_1|LCP|Li_2025|k141_970527_seq1_1	aac3	L	C	P	Li_2025	Li_2025-aminoglycoside_model_c|cattle|k141_970527_seq1_1	L	
C2|~aac3-134_1|aac3-134_1|LCP|Li_2025|k141_169329_seq1_1	aac3	L	C	P	Li_2025	Li_2025-aminoglycoside_model_c|cattle|k141_169329_seq1_1	L	
C2|~erm-173_1|erm-173_1|LCP|Li_2025|k141_632621_seq1_1	erm	L	C	P	Li_2025	Li_2025-erm_type_f|cattle|k141_632621_seq1_1	L	
C2|~blaB3-652_1|blaB3-652_1|LCP|Li_2025|k141_1273016_seq1_1	blaB3	L	C	P	Li_2025	Li_2025-class_b_3|cattle|k141_1273016_seq1_1	L	
C2|~blaB3-653_1|blaB3-653_1|LCP|Li_2025|k141_2280139_seq1_1	blaB3	L	C	P	Li_2025	Li_2025-class_b_3|cattle|k141_2280139_seq1_1	L	
C2|~blaB3-654_1|blaB3-654_1|LCP|Li_2025|k141_567690_seq1_1	blaB3	L	C	P	Li_2025	Li_2025-class_b_3|cattle|k141_567690_seq1_1	L	
C2|~blaB3-655_1|blaB3-655_1|LCP|Li_2025|k141_1186900_seq1_1	blaB3	L	C	P	Li_2025	Li_2025-class_b_3|cattle|k141_1186900_seq1_1	L	
C2|~blaA1-fARgene_56|blaA1-fARgene_56|LCP|CocheMiranda_2026|CocheMiranda_2026_SPA_MetaAn_83_l280_st202_e1041_se	blaA1	L	C	P	CocheMiranda_2026	CocheMiranda_2026-fARgene_CocheMiranda_2026.faa_class_a-CocheMiranda_2026_SPA_MetaAn_83_l280_st202_e1041_se-1_ID=62073_2	L	
C2|~blaD-45_1|blaD-45_1|LCP|Victor_2025b|Class_DNSF68D	blaD	L	C	P	Victor_2025b	Victor_2025b-Class_DNSF68D	L	
C2|~blaD-46_1|blaD-46_1|LCP|Victor_2025b|Class_DNSF43D	blaD	L	C	P	Victor_2025b	Victor_2025b-Class_DNSF43D	L	
C2|~blaD-47_1|blaD-47_1|LCP|Victor_2025b|Class_DNSF10D	blaD	L	C	P	Victor_2025b	Victor_2025b-Class_DNSF10D	L	
C2|~blaA1-582_1|blaA1-582_1|LCP|Victor_2025b|Class_ANSF11A	blaA1	L	C	P	Victor_2025b	Victor_2025b-Class_ANSF11A	L	
C2|~blaB3-656_1|blaB3-656_1|LCS|Ruppe_2019|MC3.MG6.AS1.GP1.C27338.G2	blaB3	L	C	S	Ruppe_2019	Ruppe_2019-1|3425796|16|Human-Microbiome-3.9M-Gene-Catalog-(metahit-v2)|MC3.MG6.AS1.GP1.C27338.G2|blab3	L	
C2|~blaB3-657_1|blaB3-657_1|LCS|Ruppe_2019|MC3.MG216.AS1.GP1.C37568.G2	blaB3	L	C	S	Ruppe_2019	Ruppe_2019-1|1340094|16|Human-Microbiome-3.9M-Gene-Catalog-(metahit-v2)|MC3.MG216.AS1.GP1.C37568.G2|blab3	L	
C2|~blaB3-658_1|blaB3-658_1|LCS|Ruppe_2019|MC3.MG195.AS1.GP1.C22783.G2	blaB3	L	C	S	Ruppe_2019	Ruppe_2019-1|1130485|16|Human-Microbiome-3.9M-Gene-Catalog-(metahit-v2)|MC3.MG195.AS1.GP1.C22783.G2|blab3	L	
C2|~blaA-441_1|blaA-441_1|LCS|Ruppe_2019|MC3.MG145.AS1.GP1.C16507.G2	blaA	L	C	S	Ruppe_2019	Ruppe_2019-1|695126|12|Human-Microbiome-3.9M-Gene-Catalog-(metahit-v2)|MC3.MG145.AS1.GP1.C16507.G2|blaa	L	
C2|~blaA-442_1|blaA-442_1|LCS|Ruppe_2019|MC3.MG144.AS1.GP1.C26699.G1	blaA	L	C	S	Ruppe_2019	Ruppe_2019-1|679463|12|Human-Microbiome-3.9M-Gene-Catalog-(metahit-v2)|MC3.MG144.AS1.GP1.C26699.G1|blaa	L	
C2|~aph-142_1|aph-142_1|LCS|Ruppe_2019|MC3.MG372.AS1.GP1.C45788.G2	aph	L	C	S	Ruppe_2019	Ruppe_2019-1|2938286|8|Human-Microbiome-3.9M-Gene-Catalog-(metahit-v2)|MC3.MG372.AS1.GP1.C45788.G2|aph	L	
C2|~aph-143_1|aph-143_1|LCS|Ruppe_2019|MC3.MG179.AS1.GP1.C12863.G2	aph	L	C	S	Ruppe_2019	Ruppe_2019-1|993360|8|Human-Microbiome-3.9M-Gene-Catalog-(metahit-v2)|MC3.MG179.AS1.GP1.C12863.G2|aph	L	
C2|~aph6-106_1|aph6-106_1|LMP|Li_2025|k141_189483_seq1_1	aph6	L	M	P	Li_2025	Li_2025-aminoglycoside_model_i|swine|k141_189483_seq1_1	L	
C2|~aph6-107_1|aph6-107_1|LMP|Li_2025|k141_245531_seq1_1	aph6	L	M	P	Li_2025	Li_2025-aminoglycoside_model_i|swine|k141_245531_seq1_1	L	
C2|~aph6-108_1|aph6-108_1|LCP|Li_2025|k141_1436408_seq1_1	aph6	L	C	P	Li_2025	Li_2025-aminoglycoside_model_i|swine|k141_1436408_seq1_1	L	
C2|~aac3-135_1|aac3-135_1|LCP|Li_2025|k141_52313_seq1_1	aac3	L	C	P	Li_2025	Li_2025-aminoglycoside_model_c|swine|k141_52313_seq1_1	L	
C2|~erm-174_1|erm-174_1|LCP|Li_2025|k141_66014_seq1_1	erm	L	C	P	Li_2025	Li_2025-erm_type_f|swine|k141_66014_seq1_1	L	
C2|~blaB3-659_1|blaB3-659_1|LCP|Li_2025|k141_95063_seq1_1	blaB3	L	C	P	Li_2025	Li_2025-class_b_3|swine|k141_95063_seq1_1	L	
C2|~blaB3-660_1|blaB3-660_1|LCP|Li_2025|k119_199182_seq1_1	blaB3	L	C	P	Li_2025	Li_2025-class_b_3|swine|k119_199182_seq1_1	L	
C2|~aph3p-82_1|aph3p-82_1|LCP|Li_2025|k141_841055_seq1_1	aph3p	L	C	P	Li_2025	Li_2025-aminoglycoside_model_h|cattle|k141_841055_seq1_1	L	
C2|~aph3p-84_1|aph3p-84_1|LCP|Li_2025|k141_253626_seq1_1	aph3p	L	C	P	Li_2025	Li_2025-aminoglycoside_model_h|cattle|k141_253626_seq1_1	L	
C2|~aac3-136_1|aac3-136_1|LCP|Li_2025|k141_292331_seq1_1	aac3	L	C	P	Li_2025	Li_2025-aminoglycoside_model_c|cattle|k141_292331_seq1_1	L	
C2|~erm-178_1|erm-178_1|LCP|Li_2025|k141_1157393_seq1_1	erm	L	C	P	Li_2025	Li_2025-erm_type_f|cattle|k141_1157393_seq1_1	L	
C2|~blaB3-661_1|blaB3-661_1|LCP|Li_2025|k141_392042_seq1_1	blaB3	L	C	P	Li_2025	Li_2025-class_b_3|cattle|k141_392042_seq1_1	L	
C2|~blaB3-662_1|blaB3-662_1|LCP|Li_2025|k141_63716_seq1_1	blaB3	L	C	P	Li_2025	Li_2025-class_b_3|cattle|k141_63716_seq1_1	L	
C2|~blaB3-663_1|blaB3-663_1|LCP|Li_2025|k141_265307_seq1_1	blaB3	L	C	P	Li_2025	Li_2025-class_b_3|cattle|k141_265307_seq1_1	L	
C2|~blaB3-664_1|blaB3-664_1|LCP|Li_2025|k141_147304_seq1_1	blaB3	L	C	P	Li_2025	Li_2025-class_b_3|cattle|k141_147304_seq1_1	L	
C2|~blaB3-666_1|blaB3-666_1|LCP|Li_2025|k141_741772_seq1_1	blaB3	L	C	P	Li_2025	Li_2025-class_b_3|cattle|k141_741772_seq1_1	L	
C2|~aph3p-85_1|aph3p-85_1|LCP|Victor_2025|SeFAMG_H_sequ2ence	aph3p	L	C	P	Victor_2025	Victor_2025-SeFAMG_H_sequ2ence	L	
C2|~blaD2-206_1|blaD2-206_1|LCP|Victor_2025|HoFCLASS_d2_sequ28ence	blaD2	L	C	P	Victor_2025	Victor_2025-HoFCLASS_d2_sequ28ence	L	
C2|~blaD2-207_1|blaD2-207_1|LCP|Victor_2025|HoFCLASS_d2_sequ20ence	blaD2	L	C	P	Victor_2025	Victor_2025-HoFCLASS_d2_sequ20ence	L	
C2|~blaD-48_1|blaD-48_1|LCP|Victor_2025b|Class_DNSF58D	blaD	L	C	P	Victor_2025b	Victor_2025b-Class_DNSF58D	L	
C2|~blaD-49_1|blaD-49_1|LCP|Victor_2025b|Class_DNSF41D	blaD	L	C	P	Victor_2025b	Victor_2025b-Class_DNSF41D	L	
C2|~blaB3-669_1|blaB3-669_1|LCS|Ruppe_2019|MC3.MG6.AS1.GP1.C51021.G7	blaB3	L	C	S	Ruppe_2019	Ruppe_2019-1|3443315|16|Human-Microbiome-3.9M-Gene-Catalog-(metahit-v2)|MC3.MG6.AS1.GP1.C51021.G7|blab3	L	
C2|~blaB3-670_1|blaB3-670_1|LCS|Ruppe_2019|MC3.MG40.AS1.GP1.C5826.G2	blaB3	L	C	S	Ruppe_2019	Ruppe_2019-1|3267722|16|Human-Microbiome-3.9M-Gene-Catalog-(metahit-v2)|MC3.MG40.AS1.GP1.C5826.G2|blab3	L	
C2|~blaB3-671_1|blaB3-671_1|LCS|Ruppe_2019|MC3.MG140.AS1.GP1.C18534.G2	blaB3	L	C	S	Ruppe_2019	Ruppe_2019-1|630078|16|Human-Microbiome-3.9M-Gene-Catalog-(metahit-v2)|MC3.MG140.AS1.GP1.C18534.G2|blab3	L	
C2|~blaB3-672_1|blaB3-672_1|LCS|Ruppe_2019|MC3.MG100.AS1.GP1.C5856.G1	blaB3	L	C	S	Ruppe_2019	Ruppe_2019-1|39127|16|Human-Microbiome-3.9M-Gene-Catalog-(metahit-v2)|MC3.MG100.AS1.GP1.C5856.G1|blab3	L	
C2|~blaA-443_1|blaA-443_1|LCS|Ruppe_2019|MC3.MG195.AS1.GP1.C15004.G2	blaA	L	C	S	Ruppe_2019	Ruppe_2019-1|1125549|12|Human-Microbiome-3.9M-Gene-Catalog-(metahit-v2)|MC3.MG195.AS1.GP1.C15004.G2|blaa	L	
C2|~ant-62_1|ant-62_1|LMS|Ruppe_2019|MC3.MG324.AS1.GP1.C7213.G2	ant	L	M	S	Ruppe_2019	Ruppe_2019-1|2385048|7|Human-Microbiome-3.9M-Gene-Catalog-(metahit-v2)|MC3.MG324.AS1.GP1.C7213.G2|ant	L	
C2|~aac3-137_1|aac3-137_1|LCS|Ruppe_2019|MC3.MG290.AS1.GP1.C41433.G6	aac3	L	C	S	Ruppe_2019	Ruppe_2019-1|1947814|5|Human-Microbiome-3.9M-Gene-Catalog-(metahit-v2)|MC3.MG290.AS1.GP1.C41433.G6|aac3_2	L	
C2|~erm-179_1|erm-179_1|LCP|Li_2025|k141_942754_seq1_1	erm	L	C	P	Li_2025	Li_2025-erm_type_a|swine|k141_942754_seq1_1	L	
C2|~blaB3-673_1|blaB3-673_1|LCP|Li_2025|k141_177424_seq1_1	blaB3	L	C	P	Li_2025	Li_2025-class_b_3|swine|k141_177424_seq1_1	L	
C2|~aac3-138_1|aac3-138_1|LCP|Li_2025|k141_89721_seq1_1	aac3	L	C	P	Li_2025	Li_2025-aminoglycoside_model_c|chicken|k141_89721_seq1_1	L	
C2|~aac3-140_1|aac3-140_1|LCP|Li_2025|k141_75315_seq1_1	aac3	L	C	P	Li_2025	Li_2025-aminoglycoside_model_c|chicken|k141_75315_seq1_1	L	
C2|~aac3-141_1|aac3-141_1|LCP|Li_2025|k141_15460_seq1_1	aac3	L	C	P	Li_2025	Li_2025-aminoglycoside_model_c|chicken|k141_15460_seq1_1	L	
C2|~blaB3-674_1|blaB3-674_1|LCP|Li_2025|k141_355447_seq1_1	blaB3	L	C	P	Li_2025	Li_2025-class_b_3|chicken|k141_355447_seq1_1	L	
C2|~aph3p-87_1|aph3p-87_1|LCP|Li_2025|k141_582649_seq1_1	aph3p	L	C	P	Li_2025	Li_2025-aminoglycoside_model_h|cattle|k141_582649_seq1_1	L	
C2|~aph3p-88_1|aph3p-88_1|LMP|Li_2025|k141_736038_seq1_1	aph3p	L	M	P	Li_2025	Li_2025-aminoglycoside_model_h|cattle|k141_736038_seq1_1	L	
C2|~aac3-142_1|aac3-142_1|LCP|Li_2025|k141_1023744_seq1_1	aac3	L	C	P	Li_2025	Li_2025-aminoglycoside_model_c|cattle|k141_1023744_seq1_1	L	
C2|~blaD2-208_1|blaD2-208_1|LCP|Li_2025|k141_456705_seq1_1	blaD2	L	C	P	Li_2025	Li_2025-class_d_2|cattle|k141_456705_seq1_1	L	
C2|~blaD2-209_1|blaD2-209_1|LCP|Li_2025|k141_131139_seq1_1	blaD2	L	C	P	Li_2025	Li_2025-class_d_2|cattle|k141_131139_seq1_1	L	
C2|~blaB3-675_1|blaB3-675_1|LCP|Li_2025|k141_2218452_seq1_1	blaB3	L	C	P	Li_2025	Li_2025-class_b_3|cattle|k141_2218452_seq1_1	L	
C2|~blaB3-677_1|blaB3-677_1|LCP|Li_2025|k141_813052_seq1_1	blaB3	L	C	P	Li_2025	Li_2025-class_b_3|cattle|k141_813052_seq1_1	L	
C2|~blaB3-678_1|blaB3-678_1|LCP|Li_2025|k141_281440_seq1_1	blaB3	L	C	P	Li_2025	Li_2025-class_b_3|cattle|k141_281440_seq1_1	L	
C2|~blaB3-679_1|blaB3-679_1|LCP|Li_2025|k141_436433_seq1_1	blaB3	L	C	P	Li_2025	Li_2025-class_b_3|cattle|k141_436433_seq1_1	L	
C2|~blaB3-681_1|blaB3-681_1|LCP|Li_2025|k141_996217_seq1_1	blaB3	L	C	P	Li_2025	Li_2025-class_b_3|cattle|k141_996217_seq1_1	L	
C2|~blaB3-686_1|blaB3-686_1|LCP|Li_2025|k141_496304_seq1_1	blaB3	L	C	P	Li_2025	Li_2025-class_b_3|cattle|k141_496304_seq1_1	L	
C2|~blaB3-690_1|blaB3-690_1|LCP|Li_2025|k141_190230_seq1_1	blaB3	L	C	P	Li_2025	Li_2025-class_b_3|cattle|k141_190230_seq1_1	L	
C2|~blaA1-586_1|blaA1-586_1|LCP|Li_2025|k141_1427549_seq1_1	blaA1	L	C	P	Li_2025	Li_2025-class_a|cattle|k141_1427549_seq1_1	L	
C2|~blaD2-210_1|blaD2-210_1|LCP|CocheMiranda_2026|CocheMiranda_2026_8623562_len_280_MetaAn_30	blaD2	L	C	P	CocheMiranda_2026	CocheMiranda_2026-fARgene_CocheMiranda_2026.faa_class_d_2-CocheMiranda_2026_8623562_len_280_MetaAn_30	L	
C2|~aph6-111_1|aph6-111_1|LCP|Victor_2025|SeAAMG_I_sequ4ence	aph6	L	C	P	Victor_2025	Victor_2025-SeAAMG_I_sequ4ence	L	
C2|~blaD2-211_1|blaD2-211_1|LCP|Victor_2025|HiFCLASS_d2_sequ12ence	blaD2	L	C	P	Victor_2025	Victor_2025-HiFCLASS_d2_sequ12ence	L	
C2|~blaD-50_1|blaD-50_1|LCP|Victor_2025b|Class_DNSF3D	blaD	L	C	P	Victor_2025b	Victor_2025b-Class_DNSF3D	L	
C2|~blaB3-692_1|blaB3-692_1|LCP|Victor_2025b|Class_B3NSF4B3	blaB3	L	C	P	Victor_2025b	Victor_2025b-Class_B3NSF4B3	L	
C2|~blaB3-694_1|blaB3-694_1|LCS|Ruppe_2019|MC3.MG181.AS1.GP1.C28111.G1	blaB3	L	C	S	Ruppe_2019	Ruppe_2019-1|1026058|16|Human-Microbiome-3.9M-Gene-Catalog-(metahit-v2)|MC3.MG181.AS1.GP1.C28111.G1|blab3	L	
C2|~blaB3-695_1|blaB3-695_1|LCS|Ruppe_2019|MC3.MG138.AS1.GP1.C14772.G3	blaB3	L	C	S	Ruppe_2019	Ruppe_2019-1|558066|16|Human-Microbiome-3.9M-Gene-Catalog-(metahit-v2)|MC3.MG138.AS1.GP1.C14772.G3|blab3	L	
C2|~blaB1-109_1|blaB1-109_1|LCS|Ruppe_2019|MC3.MG303.AS1.GP1.C26709.G1	blaB1	L	C	S	Ruppe_2019	Ruppe_2019-1|2146093|14|Human-Microbiome-3.9M-Gene-Catalog-(metahit-v2)|MC3.MG303.AS1.GP1.C26709.G1|blab1	L	
C2|~aph-145_1|aph-145_1|LMS|Ruppe_2019|MC3.MG254.AS1.GP1.C89142.G1	aph	L	M	S	Ruppe_2019	Ruppe_2019-1|1650918|8|Human-Microbiome-3.9M-Gene-Catalog-(metahit-v2)|MC3.MG254.AS1.GP1.C89142.G1|aph	L	
C2|~aph-146_1|aph-146_1|LCS|Ruppe_2019|MC3.MG125.AS1.GP1.C2296.G2	aph	L	C	S	Ruppe_2019	Ruppe_2019-1|419578|8|Human-Microbiome-3.9M-Gene-Catalog-(metahit-v2)|MC3.MG125.AS1.GP1.C2296.G2|aph	L	
C2|~aph3p-89_1|aph3p-89_1|LCP|Li_2025|k141_940835_seq1_1	aph3p	L	C	P	Li_2025	Li_2025-aminoglycoside_model_h|swine|k141_940835_seq1_1	L	
C2|~aac3-144_1|aac3-144_1|LCP|Li_2025|k141_398431_seq1_1	aac3	L	C	P	Li_2025	Li_2025-aminoglycoside_model_c|swine|k141_398431_seq1_1	L	
C2|~aac3-145_1|aac3-145_1|LCP|Li_2025|k119_284853_seq1_1	aac3	L	C	P	Li_2025	Li_2025-aminoglycoside_model_c|swine|k119_284853_seq1_1	L	
C2|~blaD1-42_1|blaD1-42_1|LCP|Li_2025|k141_562215_seq1_1	blaD1	L	C	P	Li_2025	Li_2025-class_d_1|swine|k141_562215_seq1_1	L	
C2|~blaB3-697_1|blaB3-697_1|LCP|Li_2025|k99_103776_seq1_1	blaB3	L	C	P	Li_2025	Li_2025-class_b_3|swine|k99_103776_seq1_1	L	
C2|~blaB3-698_1|blaB3-698_1|LCP|Li_2025|k99_289340_seq1_1	blaB3	L	C	P	Li_2025	Li_2025-class_b_3|swine|k99_289340_seq1_1	L	
C2|~aph6-112_1|aph6-112_1|LCP|Li_2025|k141_37578_seq1_1	aph6	L	C	P	Li_2025	Li_2025-aminoglycoside_model_i|chicken|k141_37578_seq1_1	L	
C2|~aph3p-90_1|aph3p-90_1|LCP|Li_2025|k141_392507_seq1_1	aph3p	L	C	P	Li_2025	Li_2025-aminoglycoside_model_h|chicken|k141_392507_seq1_1	L	
C2|~aph6-113_1|aph6-113_1|LMP|Li_2025|k141_309766_seq1_1	aph6	L	M	P	Li_2025	Li_2025-aminoglycoside_model_i|cattle|k141_309766_seq1_1	L	
C2|~aph3p-91_1|aph3p-91_1|LCP|Li_2025|k141_149170_seq1_1	aph3p	L	C	P	Li_2025	Li_2025-aminoglycoside_model_h|cattle|k141_149170_seq1_1	L	
C2|~aph3p-92_1|aph3p-92_1|LCP|Li_2025|k141_676620_seq1_1	aph3p	L	C	P	Li_2025	Li_2025-aminoglycoside_model_h|cattle|k141_676620_seq1_1	L	
C2|~aac3-148_1|aac3-148_1|LCP|Li_2025|k141_100181_seq1_1	aac3	L	C	P	Li_2025	Li_2025-aminoglycoside_model_c|cattle|k141_100181_seq1_1	L	
C2|~aac3-149_1|aac3-149_1|LCP|Li_2025|k141_1496409_seq1_1	aac3	L	C	P	Li_2025	Li_2025-aminoglycoside_model_c|cattle|k141_1496409_seq1_1	L	
C2|~blaD1-43_1|blaD1-43_1|LCP|Li_2025|k141_457892_seq1_1	blaD1	L	C	P	Li_2025	Li_2025-class_d_1|cattle|k141_457892_seq1_1	L	
C2|~blaD1-44_1|blaD1-44_1|LCP|Li_2025|k141_94858_seq1_1	blaD1	L	C	P	Li_2025	Li_2025-class_d_1|cattle|k141_94858_seq1_1	L	
C2|~blaB3-700_1|blaB3-700_1|LCP|Li_2025|k141_931255_seq1_1	blaB3	L	C	P	Li_2025	Li_2025-class_b_3|cattle|k141_931255_seq1_1	L	
C2|~blaB3-701_1|blaB3-701_1|LCP|Li_2025|k141_1968443_seq1_1	blaB3	L	C	P	Li_2025	Li_2025-class_b_3|cattle|k141_1968443_seq1_1	L	
C2|~blaB3-703_1|blaB3-703_1|LCP|Li_2025|k141_207892_seq1_1	blaB3	L	C	P	Li_2025	Li_2025-class_b_3|cattle|k141_207892_seq1_1	L	
C2|~blaB3-704_1|blaB3-704_1|LCP|Li_2025|k141_123628_seq1_1	blaB3	L	C	P	Li_2025	Li_2025-class_b_3|cattle|k141_123628_seq1_1	L	
C2|~blaB3-706_1|blaB3-706_1|LCP|Li_2025|k141_395564_seq1_1	blaB3	L	C	P	Li_2025	Li_2025-class_b_3|cattle|k141_395564_seq1_1	L	
C2|~blaB3-708_1|blaB3-708_1|LCP|Li_2025|k141_1091941_seq1_1	blaB3	L	C	P	Li_2025	Li_2025-class_b_3|cattle|k141_1091941_seq1_1	L	
C2|~blaB3-710_1|blaB3-710_1|LCP|Li_2025|k141_925281_seq1_1	blaB3	L	C	P	Li_2025	Li_2025-class_b_3|cattle|k141_925281_seq1_1	L	
C2|~blaB1-110_1|blaB1-110_1|LCP|Li_2025|k141_150416_seq1_1	blaB1	L	C	P	Li_2025	Li_2025-class_b_1_2|cattle|k141_150416_seq1_1	L	
C2|~blaD2-215_1|blaD2-215_1|LCP|CocheMiranda_2026|CocheMiranda_2026_37229888_len_289_MetaAn_74	blaD2	L	C	P	CocheMiranda_2026	CocheMiranda_2026-fARgene_CocheMiranda_2026.faa_class_d_2-CocheMiranda_2026_37229888_len_289_MetaAn_74	L	
C2|~blaD2-216_1|blaD2-216_1|LCP|Victor_2025|HoACLASS_d2_sequ48ence	blaD2	L	C	P	Victor_2025	Victor_2025-HoACLASS_d2_sequ48ence	L	
C2|~blaD-52_1|blaD-52_1|LCS|Ruppe_2019|S08_AZ_2_KJ693621_1_1	blaD	L	C	S	Ruppe_2019	Ruppe_2019-3|3874090|18|ARD-Forsberg-gene-catalog|S08_AZ_2_KJ693621_1_1|blad	L	
C2|~blaB3-711_1|blaB3-711_1|LCS|Ruppe_2019|MC3.MG386.AS1.GP1.C316.G20	blaB3	L	C	S	Ruppe_2019	Ruppe_2019-1|3144649|16|Human-Microbiome-3.9M-Gene-Catalog-(metahit-v2)|MC3.MG386.AS1.GP1.C316.G20|blab3	L	
C2|~blaB3-712_1|blaB3-712_1|LCS|Ruppe_2019|MC3.MG382.AS1.GP1.C29833.G3	blaB3	L	C	S	Ruppe_2019	Ruppe_2019-1|3076163|16|Human-Microbiome-3.9M-Gene-Catalog-(metahit-v2)|MC3.MG382.AS1.GP1.C29833.G3|blab3	L	
C2|~blaB3-713_1|blaB3-713_1|LCS|Ruppe_2019|MC3.MG271.AS1.GP1.C47885.G2	blaB3	L	C	S	Ruppe_2019	Ruppe_2019-1|1774603|16|Human-Microbiome-3.9M-Gene-Catalog-(metahit-v2)|MC3.MG271.AS1.GP1.C47885.G2|blab3	L	
C2|~blaB1-111_1|blaB1-111_1|LCS|Ruppe_2019|MC3.MG358.AS1.GP1.C29110.G3	blaB1	L	C	S	Ruppe_2019	Ruppe_2019-1|2756904|14|Human-Microbiome-3.9M-Gene-Catalog-(metahit-v2)|MC3.MG358.AS1.GP1.C29110.G3|blab1	L	
C2|~blaA-444_1|blaA-444_1|LCS|Ruppe_2019|ACZ24171.1	blaA	L	C	S	Ruppe_2019	Ruppe_2019-7398|3877111|12|ARD-reference-gene-catalog|ACZ24171.1|blaa	L	
C2|~blaA-445_1|blaA-445_1|LCS|Ruppe_2019|ACZ39462.1	blaA	L	C	S	Ruppe_2019	Ruppe_2019-7398|3876784|12|ARD-reference-gene-catalog|ACZ39462.1|blaa	L	
C2|~blaA-447_1|blaA-447_1|LCS|Ruppe_2019|MC3.MG304.AS1.GP1.C17043.G28	blaA	L	C	S	Ruppe_2019	Ruppe_2019-1|2165546|12|Human-Microbiome-3.9M-Gene-Catalog-(metahit-v2)|MC3.MG304.AS1.GP1.C17043.G28|blaa	L	
C2|~blaA-449_1|blaA-449_1|LCS|Ruppe_2019|MC3.MG256.AS1.GP1.C11939.G2	blaA	L	C	S	Ruppe_2019	Ruppe_2019-1|1668876|12|Human-Microbiome-3.9M-Gene-Catalog-(metahit-v2)|MC3.MG256.AS1.GP1.C11939.G2|blaa	L	
C2|~aph-147_1|aph-147_1|LCS|Ruppe_2019|MC3.MG78.AS1.GP1.C14333.G3	aph	L	C	S	Ruppe_2019	Ruppe_2019-1|3593164|8|Human-Microbiome-3.9M-Gene-Catalog-(metahit-v2)|MC3.MG78.AS1.GP1.C14333.G3|aph	L	
C2|~aac3-150_1|aac3-150_1|LCS|Ruppe_2019|MC3.MG87.AS1.GP1.C104.G1	aac3	L	C	S	Ruppe_2019	Ruppe_2019-1|3671676|5|Human-Microbiome-3.9M-Gene-Catalog-(metahit-v2)|MC3.MG87.AS1.GP1.C104.G1|aac3_2	L	
C2|~aac3-151_1|aac3-151_1|LCS|Ruppe_2019|MC3.MG282.AS1.GP1.C17890.G5	aac3	L	C	S	Ruppe_2019	Ruppe_2019-1|1838165|5|Human-Microbiome-3.9M-Gene-Catalog-(metahit-v2)|MC3.MG282.AS1.GP1.C17890.G5|aac3_2	L	
C2|~aph3p-93_1|aph3p-93_1|LCP|Li_2025|k141_291339_seq1_1	aph3p	L	C	P	Li_2025	Li_2025-aminoglycoside_model_h|swine|k141_291339_seq1_1	L	
C2|~blaD2-217_1|blaD2-217_1|LCP|Li_2025|k141_154241_seq1_1	blaD2	L	C	P	Li_2025	Li_2025-class_d_2|swine|k141_154241_seq1_1	L	
C2|~blaA1-589_1|blaA1-589_1|LCP|Li_2025|k141_919647_seq1_1	blaA1	L	C	P	Li_2025	Li_2025-class_a|swine|k141_919647_seq1_1	L	
C2|~aph3p-95_1|aph3p-95_1|LCP|Li_2025|k141_216792_seq1_1	aph3p	L	C	P	Li_2025	Li_2025-aminoglycoside_model_h|chicken|k141_216792_seq1_1	L	
C2|~aac3-153_1|aac3-153_1|LCP|Li_2025|k141_56561_seq1_1	aac3	L	C	P	Li_2025	Li_2025-aminoglycoside_model_c|chicken|k141_56561_seq1_1	L	
C2|~aac3-154_1|aac3-154_1|LCP|Li_2025|k141_71492_seq1_1	aac3	L	C	P	Li_2025	Li_2025-aminoglycoside_model_c|chicken|k141_71492_seq1_1	L	
C2|~aac3-155_1|aac3-155_1|LCP|Li_2025|k141_401871_seq1_1	aac3	L	C	P	Li_2025	Li_2025-aminoglycoside_model_c|chicken|k141_401871_seq1_1	L	
C2|~blaD2-218_1|blaD2-218_1|LCP|Li_2025|k141_49438_seq1_1	blaD2	L	C	P	Li_2025	Li_2025-class_d_2|chicken|k141_49438_seq1_1	L	
C2|~blaB3-714_1|blaB3-714_1|LCP|Li_2025|k141_86494_seq1_1	blaB3	L	C	P	Li_2025	Li_2025-class_b_3|chicken|k141_86494_seq1_1	L	
C2|~aph3p-96_1|aph3p-96_1|LCP|Li_2025|k141_639682_seq1_1	aph3p	L	C	P	Li_2025	Li_2025-aminoglycoside_model_h|cattle|k141_639682_seq1_1	L	
C2|~aph3p-97_1|aph3p-97_1|LCP|Li_2025|k141_375473_seq1_1	aph3p	L	C	P	Li_2025	Li_2025-aminoglycoside_model_h|cattle|k141_375473_seq1_1	L	
C2|~aac3-156_1|aac3-156_1|LCP|Li_2025|k141_767839_seq1_1	aac3	L	C	P	Li_2025	Li_2025-aminoglycoside_model_c|cattle|k141_767839_seq1_1	L	
C2|~aac3-157_1|aac3-157_1|LCP|Li_2025|k141_387014_seq1_1	aac3	L	C	P	Li_2025	Li_2025-aminoglycoside_model_c|cattle|k141_387014_seq1_1	L	
C2|~aac3-158_1|aac3-158_1|LCP|Li_2025|k119_969343_seq1_1	aac3	L	C	P	Li_2025	Li_2025-aminoglycoside_model_c|cattle|k119_969343_seq1_1	L	
C2|~aac3-159_1|aac3-159_1|LCP|Li_2025|k141_193247_seq1_1	aac3	L	C	P	Li_2025	Li_2025-aminoglycoside_model_c|cattle|k141_193247_seq1_1	L	
C2|~aac3-160_1|aac3-160_1|LCP|Li_2025|k141_424747_seq1_1	aac3	L	C	P	Li_2025	Li_2025-aminoglycoside_model_c|cattle|k141_424747_seq1_1	L	
C2|~aac3-162_1|aac3-162_1|LCP|Li_2025|k141_1599598_seq1_1	aac3	L	C	P	Li_2025	Li_2025-aminoglycoside_model_c|cattle|k141_1599598_seq1_1	L	
C2|~erm-181_1|erm-181_1|LCP|Li_2025|k141_198120_seq1_1	erm	L	C	P	Li_2025	Li_2025-erm_type_f|cattle|k141_198120_seq1_1	L	
C2|~blaD2-219_1|blaD2-219_1|LCP|Li_2025|k141_487137_seq1_1	blaD2	L	C	P	Li_2025	Li_2025-class_d_2|cattle|k141_487137_seq1_1	L	
C2|~blaD2-220_1|blaD2-220_1|LCP|Li_2025|k141_11365_seq1_1	blaD2	L	C	P	Li_2025	Li_2025-class_d_2|cattle|k141_11365_seq1_1	L	
C2|~blaD2-221_1|blaD2-221_1|LCP|Li_2025|k141_429033_seq1_1	blaD2	L	C	P	Li_2025	Li_2025-class_d_2|cattle|k141_429033_seq1_1	L	
C2|~blaD2-222_1|blaD2-222_1|LCP|Li_2025|k141_68663_seq1_1	blaD2	L	C	P	Li_2025	Li_2025-class_d_2|cattle|k141_68663_seq1_1	L	
C2|~blaD1-45_1|blaD1-45_1|LCP|Li_2025|k141_526828_seq1_1	blaD1	L	C	P	Li_2025	Li_2025-class_d_1|cattle|k141_526828_seq1_1	L	
C2|~blaB3-715_1|blaB3-715_1|LCP|Li_2025|k119_485879_seq1_1	blaB3	L	C	P	Li_2025	Li_2025-class_b_3|cattle|k119_485879_seq1_1	L	
C2|~blaB3-716_1|blaB3-716_1|LCP|Li_2025|k141_107042_seq1_1	blaB3	L	C	P	Li_2025	Li_2025-class_b_3|cattle|k141_107042_seq1_1	L	
C2|~blaB3-717_1|blaB3-717_1|LCP|Li_2025|k141_168361_seq1_1	blaB3	L	C	P	Li_2025	Li_2025-class_b_3|cattle|k141_168361_seq1_1	L	
C2|~blaB3-718_1|blaB3-718_1|LCP|Li_2025|k141_777055_seq1_1	blaB3	L	C	P	Li_2025	Li_2025-class_b_3|cattle|k141_777055_seq1_1	L	
C2|~blaB3-719_1|blaB3-719_1|LCP|Li_2025|k141_3276130_seq1_1	blaB3	L	C	P	Li_2025	Li_2025-class_b_3|cattle|k141_3276130_seq1_1	L	
C2|~blaB3-720_1|blaB3-720_1|LCP|Li_2025|k141_626033_seq1_1	blaB3	L	C	P	Li_2025	Li_2025-class_b_3|cattle|k141_626033_seq1_1	L	
C2|~blaB3-722_1|blaB3-722_1|LCP|Li_2025|k141_636846_seq1_1	blaB3	L	C	P	Li_2025	Li_2025-class_b_3|cattle|k141_636846_seq1_1	L	
C2|~blaB3-723_1|blaB3-723_1|LCP|Li_2025|k141_482803_seq1_1	blaB3	L	C	P	Li_2025	Li_2025-class_b_3|cattle|k141_482803_seq1_1	L	
C2|~blaB3-724_1|blaB3-724_1|LCP|Li_2025|k141_794144_seq1_1	blaB3	L	C	P	Li_2025	Li_2025-class_b_3|cattle|k141_794144_seq1_1	L	
C2|~blaA1-590_1|blaA1-590_1|LCP|Li_2025|k141_100008_seq1_1	blaA1	L	C	P	Li_2025	Li_2025-class_a|cattle|k141_100008_seq1_1	L	
C2|~blaD2-228_1|blaD2-228_1|LCP|Victor_2025|SeFCLASS_d2_sequ14ence	blaD2	L	C	P	Victor_2025	Victor_2025-SeFCLASS_d2_sequ14ence	L	
C2|~blaD2-230_1|blaD2-230_1|LCP|Victor_2025|HoACLASS_d2_sequ46ence	blaD2	L	C	P	Victor_2025	Victor_2025-HoACLASS_d2_sequ46ence	L	
C2|~blaB1-113_1|blaB1-113_1|LCP|Victor_2025b|Class_B1B2NSF21B1B2	blaB1	L	C	P	Victor_2025b	Victor_2025b-Class_B1B2NSF21B1B2	L	
C2|~blaA1-591_1|blaA1-591_1|LCP|Victor_2025b|Class_ANSF2A	blaA1	L	C	P	Victor_2025b	Victor_2025b-Class_ANSF2A	L	
C2|~blaD-54_1|blaD-54_1|LCS|Ruppe_2019|MC3.MG262.AS1.GP1.C30030.G3	blaD	L	C	S	Ruppe_2019	Ruppe_2019-1|1712139|18|Human-Microbiome-3.9M-Gene-Catalog-(metahit-v2)|MC3.MG262.AS1.GP1.C30030.G3|blad	L	
C2|~blaB3-727_1|blaB3-727_1|LCS|Ruppe_2019|MC3.MG351.AS1.GP1.C49325.G2	blaB3	L	C	S	Ruppe_2019	Ruppe_2019-1|2696363|16|Human-Microbiome-3.9M-Gene-Catalog-(metahit-v2)|MC3.MG351.AS1.GP1.C49325.G2|blab3	L	
C2|~blaB3-728_1|blaB3-728_1|LCS|Ruppe_2019|MC3.MG320.AS1.GP1.C6844.G4	blaB3	L	C	S	Ruppe_2019	Ruppe_2019-1|2308995|16|Human-Microbiome-3.9M-Gene-Catalog-(metahit-v2)|MC3.MG320.AS1.GP1.C6844.G4|blab3	L	
C2|~blaB3-729_1|blaB3-729_1|LCS|Ruppe_2019|MC3.MG3.AS1.GP1.C15750.G2	blaB3	L	C	S	Ruppe_2019	Ruppe_2019-1|2083348|16|Human-Microbiome-3.9M-Gene-Catalog-(metahit-v2)|MC3.MG3.AS1.GP1.C15750.G2|blab3	L	
C2|~blaB3-730_1|blaB3-730_1|LCS|Ruppe_2019|MC3.MG173.AS1.GP1.C23405.G5	blaB3	L	C	S	Ruppe_2019	Ruppe_2019-1|947730|16|Human-Microbiome-3.9M-Gene-Catalog-(metahit-v2)|MC3.MG173.AS1.GP1.C23405.G5|blab3	L	
C2|~blaB3-731_1|blaB3-731_1|LCS|Ruppe_2019|MC3.MG151.AS1.GP1.C18338.G3	blaB3	L	C	S	Ruppe_2019	Ruppe_2019-1|748348|16|Human-Microbiome-3.9M-Gene-Catalog-(metahit-v2)|MC3.MG151.AS1.GP1.C18338.G3|blab3	L	
C2|~blaB1-114_1|blaB1-114_1|LCS|Ruppe_2019|MC3.MG3.AS1.GP1.C13692.G4	blaB1	L	C	S	Ruppe_2019	Ruppe_2019-1|2081791|14|Human-Microbiome-3.9M-Gene-Catalog-(metahit-v2)|MC3.MG3.AS1.GP1.C13692.G4|blab1	L	
C2|~blaB1-115_1|blaB1-115_1|LCS|Ruppe_2019|MC3.MG106.AS1.GP1.C23661.G8	blaB1	L	C	S	Ruppe_2019	Ruppe_2019-1|94718|14|Human-Microbiome-3.9M-Gene-Catalog-(metahit-v2)|MC3.MG106.AS1.GP1.C23661.G8|blab1	L	
C2|~blaA-451_1|blaA-451_1|LCS|Ruppe_2019|MC3.MG223.AS1.GP1.C14514.G2	blaA	L	C	S	Ruppe_2019	Ruppe_2019-1|1398597|12|Human-Microbiome-3.9M-Gene-Catalog-(metahit-v2)|MC3.MG223.AS1.GP1.C14514.G2|blaa	L	
C2|~aph-148_1|aph-148_1|LCS|Ruppe_2019|MC3.MG99.AS1.GP1.C57669.G5	aph	L	C	S	Ruppe_2019	Ruppe_2019-1|3866248|8|Human-Microbiome-3.9M-Gene-Catalog-(metahit-v2)|MC3.MG99.AS1.GP1.C57669.G5|aph	L	
C2|~ant-64_1|ant-64_1|LCS|Ruppe_2019|MC3.MG386.AS1.GP1.C72890.G2	ant	L	C	S	Ruppe_2019	Ruppe_2019-1|3169345|7|Human-Microbiome-3.9M-Gene-Catalog-(metahit-v2)|MC3.MG386.AS1.GP1.C72890.G2|ant	L	
C2|~aph3p-98_1|aph3p-98_1|LCP|Li_2025|k141_43624_seq1_1	aph3p	L	C	P	Li_2025	Li_2025-aminoglycoside_model_h|swine|k141_43624_seq1_1	L	
C2|~aac3-163_1|aac3-163_1|LCP|Li_2025|k141_62185_seq1_1	aac3	L	C	P	Li_2025	Li_2025-aminoglycoside_model_c|swine|k141_62185_seq1_1	L	
C2|~aac3-165_1|aac3-165_1|LCP|Li_2025|k141_306500_seq1_1	aac3	L	C	P	Li_2025	Li_2025-aminoglycoside_model_c|swine|k141_306500_seq1_1	L	
C2|~erm-182_1|erm-182_1|LCP|Li_2025|k141_376563_seq1_1	erm	L	C	P	Li_2025	Li_2025-erm_type_f|swine|k141_376563_seq1_1	L	
C2|~blaB1-116_1|blaB1-116_1|LCP|Li_2025|k141_720026_seq1_1	blaB1	L	C	P	Li_2025	Li_2025-class_b_1_2|swine|k141_720026_seq1_1	L	
C2|~aph6-114_1|aph6-114_1|LCP|Li_2025|k141_98342_seq1_1	aph6	L	C	P	Li_2025	Li_2025-aminoglycoside_model_i|chicken|k141_98342_seq1_1	L	
C2|~aph3p-99_1|aph3p-99_1|LCP|Li_2025|k141_110588_seq1_1	aph3p	L	C	P	Li_2025	Li_2025-aminoglycoside_model_h|chicken|k141_110588_seq1_1	L	
C2|~aac3-167_1|aac3-167_1|LCP|Li_2025|k141_174566_seq1_1	aac3	L	C	P	Li_2025	Li_2025-aminoglycoside_model_c|chicken|k141_174566_seq1_1	L	
C2|~erm-184_1|erm-184_1|LCP|Li_2025|k141_58289_seq1_1	erm	L	C	P	Li_2025	Li_2025-erm_type_a|chicken|k141_58289_seq1_1	L	
C2|~erm-185_1|erm-185_1|LCP|Li_2025|k141_214704_seq1_1	erm	L	C	P	Li_2025	Li_2025-erm_type_a|chicken|k141_214704_seq1_1	L	
C2|~blaD2-232_1|blaD2-232_1|LCP|Li_2025|k141_112667_seq1_1	blaD2	L	C	P	Li_2025	Li_2025-class_d_2|chicken|k141_112667_seq1_1	L	
C2|~aph3p-100_1|aph3p-100_1|LCP|Li_2025|k141_4710864_seq1_1	aph3p	L	C	P	Li_2025	Li_2025-aminoglycoside_model_h|cattle|k141_4710864_seq1_1	L	
C2|~aph3p-101_1|aph3p-101_1|LCP|Li_2025|k141_264461_seq1_1	aph3p	L	C	P	Li_2025	Li_2025-aminoglycoside_model_h|cattle|k141_264461_seq1_1	L	
C2|~aph3p-102_1|aph3p-102_1|LCP|Li_2025|k141_977718_seq1_1	aph3p	L	C	P	Li_2025	Li_2025-aminoglycoside_model_h|cattle|k141_977718_seq1_1	L	
C2|~aac3-168_1|aac3-168_1|LCP|Li_2025|k141_2320372_seq1_1	aac3	L	C	P	Li_2025	Li_2025-aminoglycoside_model_c|cattle|k141_2320372_seq1_1	L	
C2|~aac3-169_1|aac3-169_1|LCP|Li_2025|k141_793373_seq1_1	aac3	L	C	P	Li_2025	Li_2025-aminoglycoside_model_c|cattle|k141_793373_seq1_1	L	
C2|~aac3-171_1|aac3-171_1|LCP|Li_2025|k141_85930_seq1_1	aac3	L	C	P	Li_2025	Li_2025-aminoglycoside_model_c|cattle|k141_85930_seq1_1	L	
C2|~erm-186_1|erm-186_1|LCP|Li_2025|k141_414411_seq1_1	erm	L	C	P	Li_2025	Li_2025-erm_type_a|cattle|k141_414411_seq1_1	L	
C2|~blaB3-734_1|blaB3-734_1|LCP|Li_2025|k141_913324_seq1_1	blaB3	L	C	P	Li_2025	Li_2025-class_b_3|cattle|k141_913324_seq1_1	L	
C2|~blaB3-735_1|blaB3-735_1|LCP|Li_2025|k141_924085_seq1_1	blaB3	L	C	P	Li_2025	Li_2025-class_b_3|cattle|k141_924085_seq1_1	L	
C2|~blaB3-736_1|blaB3-736_1|LCP|Li_2025|k141_1160404_seq1_1	blaB3	L	C	P	Li_2025	Li_2025-class_b_3|cattle|k141_1160404_seq1_1	L	
C2|~blaB3-737_1|blaB3-737_1|LCP|Li_2025|k141_613734_seq1_1	blaB3	L	C	P	Li_2025	Li_2025-class_b_3|cattle|k141_613734_seq1_1	L	
C2|~blaB3-738_1|blaB3-738_1|LCP|Li_2025|k141_549506_seq1_1	blaB3	L	C	P	Li_2025	Li_2025-class_b_3|cattle|k141_549506_seq1_1	L	
C2|~blaB3-739_1|blaB3-739_1|LCP|Li_2025|k141_837246_seq1_1	blaB3	L	C	P	Li_2025	Li_2025-class_b_3|cattle|k141_837246_seq1_1	L	
C2|~blaB3-740_1|blaB3-740_1|LCP|Li_2025|k141_347271_seq1_1	blaB3	L	C	P	Li_2025	Li_2025-class_b_3|cattle|k141_347271_seq1_1	L	
C2|~blaB3-741_1|blaB3-741_1|LCP|Li_2025|k141_1043386_seq1_1	blaB3	L	C	P	Li_2025	Li_2025-class_b_3|cattle|k141_1043386_seq1_1	L	
C2|~blaB3-742_1|blaB3-742_1|LCP|Li_2025|k141_138653_seq1_1	blaB3	L	C	P	Li_2025	Li_2025-class_b_3|cattle|k141_138653_seq1_1	L	
C2|~blaB1-117_1|blaB1-117_1|LCP|Li_2025|k141_21312_seq1_1	blaB1	L	C	P	Li_2025	Li_2025-class_b_1_2|cattle|k141_21312_seq1_1	L	
C2|~blaA1-592_1|blaA1-592_1|LCP|Li_2025|k141_40188_seq1_1	blaA1	L	C	P	Li_2025	Li_2025-class_a|cattle|k141_40188_seq1_1	L	
C2|~blaD2-235_1|blaD2-235_1|LCP|CocheMiranda_2026|CocheMiranda_2026_SPA_MetaAn_22_l274_st2349_e3170_se1_ID=348_2	blaD2	L	C	P	CocheMiranda_2026	CocheMiranda_2026-fARgene_CocheMiranda_2026.faa_class_d_2-CocheMiranda_2026_SPA_MetaAn_22_l274_st2349_e3170_se1_ID=348_2	L	
C2|~blaD2-237_1|blaD2-237_1|LCP|Victor_2025|HoACLASS_d2_sequ39ence	blaD2	L	C	P	Victor_2025	Victor_2025-HoACLASS_d2_sequ39ence	L	
C2|~aph6-115_1|aph6-115_1|LCP|Victor_2025|HoAAMG_I_sequ1ence	aph6	L	C	P	Victor_2025	Victor_2025-HoAAMG_I_sequ1ence	L	
C2|~blaD-56_1|blaD-56_1|LCP|Victor_2025b|Class_DNSF31D	blaD	L	C	P	Victor_2025b	Victor_2025b-Class_DNSF31D	L	
C2|~blaD-57_1|blaD-57_1|LCP|Victor_2025b|Class_DNSF24D	blaD	L	C	P	Victor_2025b	Victor_2025b-Class_DNSF24D	L	
C2|~blaD-58_1|blaD-58_1|LCP|Victor_2025b|Class_DNSF14D	blaD	L	C	P	Victor_2025b	Victor_2025b-Class_DNSF14D	L	
C2|~blaC-217_1|blaC-217_1|LCS|Ruppe_2019|MC3.MG361.AS1.GP1.C8106.G1	blaC	L	C	S	Ruppe_2019	Ruppe_2019-1|2822954|17|Human-Microbiome-3.9M-Gene-Catalog-(metahit-v2)|MC3.MG361.AS1.GP1.C8106.G1|blac	L	
C2|~blaB3-748_1|blaB3-748_1|LCS|Ruppe_2019|MC3.MG94.AS1.GP1.C4380.G2	blaB3	L	C	S	Ruppe_2019	Ruppe_2019-1|3779457|16|Human-Microbiome-3.9M-Gene-Catalog-(metahit-v2)|MC3.MG94.AS1.GP1.C4380.G2|blab3	L	
C2|~blaB3-749_1|blaB3-749_1|LCS|Ruppe_2019|MC3.MG351.AS1.GP1.C33189.G6	blaB3	L	C	S	Ruppe_2019	Ruppe_2019-1|2691748|16|Human-Microbiome-3.9M-Gene-Catalog-(metahit-v2)|MC3.MG351.AS1.GP1.C33189.G6|blab3	L	
C2|~blaB3-750_1|blaB3-750_1|LCS|Ruppe_2019|MC3.MG344.AS1.GP1.C8961.G2	blaB3	L	C	S	Ruppe_2019	Ruppe_2019-1|2625511|16|Human-Microbiome-3.9M-Gene-Catalog-(metahit-v2)|MC3.MG344.AS1.GP1.C8961.G2|blab3	L	
C2|~blaB3-751_1|blaB3-751_1|LCS|Ruppe_2019|MC3.MG267.AS1.GP1.C50227.G2	blaB3	L	C	S	Ruppe_2019	Ruppe_2019-1|1742328|16|Human-Microbiome-3.9M-Gene-Catalog-(metahit-v2)|MC3.MG267.AS1.GP1.C50227.G2|blab3	L	
C2|~aph-150_1|aph-150_1|LCS|Ruppe_2019|MC3.MG130.AS1.GP1.C35124.G2	aph	L	C	S	Ruppe_2019	Ruppe_2019-1|478029|8|Human-Microbiome-3.9M-Gene-Catalog-(metahit-v2)|MC3.MG130.AS1.GP1.C35124.G2|aph	L	
C2|~aac3-175_1|aac3-175_1|LCS|Ruppe_2019|MC3.MG248.AS1.GP1.C27259.G1	aac3	L	C	S	Ruppe_2019	Ruppe_2019-1|1588731|5|Human-Microbiome-3.9M-Gene-Catalog-(metahit-v2)|MC3.MG248.AS1.GP1.C27259.G1|aac3_2	L	
C2|~aac3-177_1|aac3-177_1|LCP|Li_2025|k141_60717_seq1_1	aac3	L	C	P	Li_2025	Li_2025-aminoglycoside_model_c|swine|k141_60717_seq1_1	L	
C2|~aac3-178_1|aac3-178_1|LCP|Li_2025|k141_70138_seq1_1	aac3	L	C	P	Li_2025	Li_2025-aminoglycoside_model_c|swine|k141_70138_seq1_1	L	
C2|~aac3-179_1|aac3-179_1|LCP|Li_2025|k141_377749_seq1_1	aac3	L	C	P	Li_2025	Li_2025-aminoglycoside_model_c|swine|k141_377749_seq1_1	L	
C2|~aac3-180_1|aac3-180_1|LCP|Li_2025|k141_59414_seq1_1	aac3	L	C	P	Li_2025	Li_2025-aminoglycoside_model_c|swine|k141_59414_seq1_1	L	
C2|~aac3-181_1|aac3-181_1|LCP|Li_2025|k141_430886_seq1_1	aac3	L	C	P	Li_2025	Li_2025-aminoglycoside_model_c|swine|k141_430886_seq1_1	L	
C2|~aac3-182_1|aac3-182_1|LCP|Li_2025|k141_78787_seq1_1	aac3	L	C	P	Li_2025	Li_2025-aminoglycoside_model_c|swine|k141_78787_seq1_1	L	
C2|~blaB3-752_1|blaB3-752_1|LCP|Li_2025|k141_740214_seq1_1	blaB3	L	C	P	Li_2025	Li_2025-class_b_3|swine|k141_740214_seq1_1	L	
C2|~aph3p-106_1|aph3p-106_1|LCP|Li_2025|k141_38224_seq1_1	aph3p	L	C	P	Li_2025	Li_2025-aminoglycoside_model_h|chicken|k141_38224_seq1_1	L	
C2|~aph3p-107_1|aph3p-107_1|LCP|Li_2025|k141_484483_seq1_1	aph3p	L	C	P	Li_2025	Li_2025-aminoglycoside_model_h|chicken|k141_484483_seq1_1	L	
C2|~aph3p-109_1|aph3p-109_1|LCP|Li_2025|k141_47549_seq1_1	aph3p	L	C	P	Li_2025	Li_2025-aminoglycoside_model_h|chicken|k141_47549_seq1_1	L	
C2|~aac3-183_1|aac3-183_1|LCP|Li_2025|k141_344089_seq1_1	aac3	L	C	P	Li_2025	Li_2025-aminoglycoside_model_c|chicken|k141_344089_seq1_1	L	
C2|~blaA1-594_1|blaA1-594_1|LCP|Li_2025|k141_339597_seq1_1	blaA1	L	C	P	Li_2025	Li_2025-class_a|chicken|k141_339597_seq1_1	L	
C2|~aph3p-110_1|aph3p-110_1|LCP|Li_2025|k141_1720756_seq1_1	aph3p	L	C	P	Li_2025	Li_2025-aminoglycoside_model_h|cattle|k141_1720756_seq1_1	L	
C2|~aph3p-111_1|aph3p-111_1|LCP|Li_2025|k141_36964_seq1_1	aph3p	L	C	P	Li_2025	Li_2025-aminoglycoside_model_h|cattle|k141_36964_seq1_1	L	
C2|~aac3-184_1|aac3-184_1|LCP|Li_2025|k141_450070_seq1_1	aac3	L	C	P	Li_2025	Li_2025-aminoglycoside_model_c|cattle|k141_450070_seq1_1	L	
C2|~aac3-185_1|aac3-185_1|LCP|Li_2025|k141_83118_seq1_1	aac3	L	C	P	Li_2025	Li_2025-aminoglycoside_model_c|cattle|k141_83118_seq1_1	L	
C2|~aac3-187_1|aac3-187_1|LCP|Li_2025|k141_2725555_seq1_1	aac3	L	C	P	Li_2025	Li_2025-aminoglycoside_model_c|cattle|k141_2725555_seq1_1	L	
C2|~aac3-188_1|aac3-188_1|LCP|Li_2025|k141_45764_seq1_1	aac3	L	C	P	Li_2025	Li_2025-aminoglycoside_model_c|cattle|k141_45764_seq1_1	L	
C2|~erm-187_1|erm-187_1|LCP|Li_2025|k141_640626_seq1_1	erm	L	C	P	Li_2025	Li_2025-erm_type_a|cattle|k141_640626_seq1_1	L	
C2|~blaD2-238_1|blaD2-238_1|LCP|Li_2025|k141_470780_seq1_1	blaD2	L	C	P	Li_2025	Li_2025-class_d_2|cattle|k141_470780_seq1_1	L	
C2|~blaB3-754_1|blaB3-754_1|LCP|Li_2025|k141_3718591_seq1_1	blaB3	L	C	P	Li_2025	Li_2025-class_b_3|cattle|k141_3718591_seq1_1	L	
C2|~blaB3-755_1|blaB3-755_1|LCP|Li_2025|k141_2691368_seq1_1	blaB3	L	C	P	Li_2025	Li_2025-class_b_3|cattle|k141_2691368_seq1_1	L	
C2|~blaB3-756_1|blaB3-756_1|LCP|Li_2025|k141_961307_seq1_1	blaB3	L	C	P	Li_2025	Li_2025-class_b_3|cattle|k141_961307_seq1_1	L	
C2|~blaB3-757_1|blaB3-757_1|LCP|Li_2025|k141_896051_seq1_1	blaB3	L	C	P	Li_2025	Li_2025-class_b_3|cattle|k141_896051_seq1_1	L	
C2|~blaB3-758_1|blaB3-758_1|LCP|Li_2025|k141_107934_seq1_1	blaB3	L	C	P	Li_2025	Li_2025-class_b_3|cattle|k141_107934_seq1_1	L	
C2|~blaB3-759_1|blaB3-759_1|LCP|Li_2025|k141_196031_seq1_1	blaB3	L	C	P	Li_2025	Li_2025-class_b_3|cattle|k141_196031_seq1_1	L	
C2|~blaB3-760_1|blaB3-760_1|LCP|Li_2025|k141_145405_seq1_1	blaB3	L	C	P	Li_2025	Li_2025-class_b_3|cattle|k141_145405_seq1_1	L	
C2|~blaB3-761_1|blaB3-761_1|LCP|Li_2025|k141_1100704_seq1_1	blaB3	L	C	P	Li_2025	Li_2025-class_b_3|cattle|k141_1100704_seq1_1	L	
C2|~blaB3-762_1|blaB3-762_1|LCP|Li_2025|k141_1023019_seq1_1	blaB3	L	C	P	Li_2025	Li_2025-class_b_3|cattle|k141_1023019_seq1_1	L	
C2|~blaB3-763_1|blaB3-763_1|LCP|Li_2025|k141_626124_seq1_1	blaB3	L	C	P	Li_2025	Li_2025-class_b_3|cattle|k141_626124_seq1_1	L	
C2|~blaB3-765_1|blaB3-765_1|LCP|Li_2025|k141_144980_seq1_1	blaB3	L	C	P	Li_2025	Li_2025-class_b_3|cattle|k141_144980_seq1_1	L	
C2|~blaB3-767_1|blaB3-767_1|LCP|Li_2025|k141_985465_seq1_1	blaB3	L	C	P	Li_2025	Li_2025-class_b_3|cattle|k141_985465_seq1_1	L	
C2|~blaB3-770_1|blaB3-770_1|LCP|Li_2025|k141_132105_seq1_1	blaB3	L	C	P	Li_2025	Li_2025-class_b_3|cattle|k141_132105_seq1_1	L	
C2|~erm-188_1|erm-188_1|LCP|Victor_2025|SeFERM_ermtype_sequ6ence	erm	L	C	P	Victor_2025	Victor_2025-SeFERM_ermtype_sequ6ence	L	
C2|~blaD2-244_1|blaD2-244_1|LCP|Victor_2025|HoACLASS_d2_sequ3ence	blaD2	L	C	P	Victor_2025	Victor_2025-HoACLASS_d2_sequ3ence	L	
C2|~blaD-60_1|blaD-60_1|LCP|Victor_2025b|Class_DNSF89D	blaD	L	C	P	Victor_2025b	Victor_2025b-Class_DNSF89D	L	
C2|~blaD-61_1|blaD-61_1|LCP|Victor_2025b|Class_DNSF66D	blaD	L	C	P	Victor_2025b	Victor_2025b-Class_DNSF66D	L	
C2|~blaD-62_1|blaD-62_1|LCP|Victor_2025b|Class_DNSF40D	blaD	L	C	P	Victor_2025b	Victor_2025b-Class_DNSF40D	L	
C2|~blaD-63_1|blaD-63_1|LCP|Victor_2025b|Class_DNSF28D	blaD	L	C	P	Victor_2025b	Victor_2025b-Class_DNSF28D	L	
C2|~blaB3-771_1|blaB3-771_1|LCS|Ruppe_2019|MC3.MG201.AS1.GP1.C40186.G7	blaB3	L	C	S	Ruppe_2019	Ruppe_2019-1|1213761|16|Human-Microbiome-3.9M-Gene-Catalog-(metahit-v2)|MC3.MG201.AS1.GP1.C40186.G7|blab3	L	
C2|~blaB1-118_1|blaB1-118_1|LCS|Ruppe_2019|MC3.MG181.AS1.GP1.C45559.G2	blaB1	L	C	S	Ruppe_2019	Ruppe_2019-1|1033750|14|Human-Microbiome-3.9M-Gene-Catalog-(metahit-v2)|MC3.MG181.AS1.GP1.C45559.G2|blab1	L	
C2|~blaA-452_1|blaA-452_1|LCS|Ruppe_2019|MC3.MG82.AS1.GP1.C12240.G5	blaA	L	C	S	Ruppe_2019	Ruppe_2019-1|3636903|12|Human-Microbiome-3.9M-Gene-Catalog-(metahit-v2)|MC3.MG82.AS1.GP1.C12240.G5|blaa	L	
C2|~ant-66_1|ant-66_1|LMS|Ruppe_2019|MC3.MG294.AS1.GP1.C36725.G3	ant	L	M	S	Ruppe_2019	Ruppe_2019-1|2016684|7|Human-Microbiome-3.9M-Gene-Catalog-(metahit-v2)|MC3.MG294.AS1.GP1.C36725.G3|ant	L	
C2|~aac3-189_1|aac3-189_1|LMS|Ruppe_2019|MC3.MG302.AS1.GP1.C34511.G1	aac3	L	M	S	Ruppe_2019	Ruppe_2019-1|2133820|5|Human-Microbiome-3.9M-Gene-Catalog-(metahit-v2)|MC3.MG302.AS1.GP1.C34511.G1|aac3_2	L	
C2|~aac3-191_1|aac3-191_1|LCS|Ruppe_2019|MC3.MG192.AS1.GP1.C10541.G2	aac3	L	C	S	Ruppe_2019	Ruppe_2019-1|1100225|5|Human-Microbiome-3.9M-Gene-Catalog-(metahit-v2)|MC3.MG192.AS1.GP1.C10541.G2|aac3_2	L	
C2|~aph3p-115_1|aph3p-115_1|LCP|Li_2025|k141_687073_seq1_1	aph3p	L	C	P	Li_2025	Li_2025-aminoglycoside_model_h|swine|k141_687073_seq1_1	L	
C2|~aph3p-116_1|aph3p-116_1|LCP|Li_2025|k141_274292_seq1_1	aph3p	L	C	P	Li_2025	Li_2025-aminoglycoside_model_h|swine|k141_274292_seq1_1	L	
C2|~aac3-192_1|aac3-192_1|LCP|Li_2025|k141_209240_seq1_1	aac3	L	C	P	Li_2025	Li_2025-aminoglycoside_model_c|swine|k141_209240_seq1_1	L	
C2|~aac3-193_1|aac3-193_1|LCP|Li_2025|k141_158635_seq1_1	aac3	L	C	P	Li_2025	Li_2025-aminoglycoside_model_c|swine|k141_158635_seq1_1	L	
C2|~aac3-194_1|aac3-194_1|LCP|Li_2025|k141_223470_seq1_1	aac3	L	C	P	Li_2025	Li_2025-aminoglycoside_model_c|swine|k141_223470_seq1_1	L	
C2|~aac3-195_1|aac3-195_1|LCP|Li_2025|k141_862002_seq1_1	aac3	L	C	P	Li_2025	Li_2025-aminoglycoside_model_c|swine|k141_862002_seq1_1	L	
C2|~aac3-196_1|aac3-196_1|LCP|Li_2025|k141_188913_seq1_1	aac3	L	C	P	Li_2025	Li_2025-aminoglycoside_model_c|swine|k141_188913_seq1_1	L	
C2|~blaA1-596_1|blaA1-596_1|LCP|Li_2025|k141_140192_seq1_1	blaA1	L	C	P	Li_2025	Li_2025-class_a|swine|k141_140192_seq1_1	L	
C2|~aac3-197_1|aac3-197_1|LCP|Li_2025|k141_43823_seq1_1	aac3	L	C	P	Li_2025	Li_2025-aminoglycoside_model_c|chicken|k141_43823_seq1_1	L	
C2|~aac3-198_1|aac3-198_1|LCP|Li_2025|k141_265806_seq1_1	aac3	L	C	P	Li_2025	Li_2025-aminoglycoside_model_c|chicken|k141_265806_seq1_1	L	
C2|~aac3-200_1|aac3-200_1|LCP|Li_2025|k141_282767_seq1_1	aac3	L	C	P	Li_2025	Li_2025-aminoglycoside_model_c|chicken|k141_282767_seq1_1	L	
C2|~blaD1-46_1|blaD1-46_1|LCP|Li_2025|k141_32318_seq1_1	blaD1	L	C	P	Li_2025	Li_2025-class_d_1|chicken|k141_32318_seq1_1	L	
C2|~aph6-117_1|aph6-117_1|LCP|Li_2025|k141_186364_seq1_1	aph6	L	C	P	Li_2025	Li_2025-aminoglycoside_model_i|cattle|k141_186364_seq1_1	L	
C2|~aph3p-117_1|aph3p-117_1|LMP|Li_2025|k141_1546280_seq1_1	aph3p	L	M	P	Li_2025	Li_2025-aminoglycoside_model_h|cattle|k141_1546280_seq1_1	L	
C2|~aph3p-118_1|aph3p-118_1|LCP|Li_2025|k141_212850_seq1_1	aph3p	L	C	P	Li_2025	Li_2025-aminoglycoside_model_h|cattle|k141_212850_seq1_1	L	
C2|~aph3p-120_1|aph3p-120_1|LMP|Li_2025|k141_852678_seq1_1	aph3p	L	M	P	Li_2025	Li_2025-aminoglycoside_model_h|cattle|k141_852678_seq1_1	L	
C2|~aac3-203_1|aac3-203_1|LCP|Li_2025|k141_1301737_seq1_1	aac3	L	C	P	Li_2025	Li_2025-aminoglycoside_model_c|cattle|k141_1301737_seq1_1	L	
C2|~aac3-204_1|aac3-204_1|LCP|Li_2025|k141_129399_seq1_1	aac3	L	C	P	Li_2025	Li_2025-aminoglycoside_model_c|cattle|k141_129399_seq1_1	L	
C2|~blaD1-47_1|blaD1-47_1|LCP|Li_2025|k141_224011_seq1_1	blaD1	L	C	P	Li_2025	Li_2025-class_d_1|cattle|k141_224011_seq1_1	L	
C2|~blaD2-245_1|blaD2-245_1|LCP|Victor_2025|SeFCLASS_d2_sequ6ence	blaD2	L	C	P	Victor_2025	Victor_2025-SeFCLASS_d2_sequ6ence	L	
C2|~blaD1-48_1|blaD1-48_1|LMP|Victor_2025|SeFCLASS_d1_sequ4ence	blaD1	L	M	P	Victor_2025	Victor_2025-SeFCLASS_d1_sequ4ence	L	
C2|~blaD2-246_1|blaD2-246_1|LCP|Victor_2025|HoFCLASS_d2_sequ30ence	blaD2	L	C	P	Victor_2025	Victor_2025-HoFCLASS_d2_sequ30ence	L	
C2|~blaD1-49_1|blaD1-49_1|LCP|Victor_2025|HoFCLASS_d1_sequ3ence	blaD1	L	C	P	Victor_2025	Victor_2025-HoFCLASS_d1_sequ3ence	L	
C2|~blaD2-247_1|blaD2-247_1|LCP|Victor_2025|HoACLASS_d2_sequ4ence	blaD2	L	C	P	Victor_2025	Victor_2025-HoACLASS_d2_sequ4ence	L	
C2|~aph6-118_1|aph6-118_1|LCP|Victor_2025|HoAAMG_I_sequ10ence	aph6	L	C	P	Victor_2025	Victor_2025-HoAAMG_I_sequ10ence	L	
C2|~aac3-205_1|aac3-205_1|LCP|Victor_2025|HoAAMG_C_sequ4ence	aac3	L	C	P	Victor_2025	Victor_2025-HoAAMG_C_sequ4ence	L	
C2|~blaD-64_1|blaD-64_1|LCP|Victor_2025b|Class_DNSF92D	blaD	L	C	P	Victor_2025b	Victor_2025b-Class_DNSF92D	L	
C2|~blaB1-119_1|blaB1-119_1|LCP|Victor_2025b|Class_B1B2NSF23B1B2	blaB1	L	C	P	Victor_2025b	Victor_2025b-Class_B1B2NSF23B1B2	L	
C2|~blaA1-597_1|blaA1-597_1|LCP|Victor_2025b|Class_ANSF15A	blaA1	L	C	P	Victor_2025b	Victor_2025b-Class_ANSF15A	L	
C2|~blaA1-598_1|blaA1-598_1|LCP|Victor_2025b|Class_ANSF4A	blaA1	L	C	P	Victor_2025b	Victor_2025b-Class_ANSF4A	L	
C2|~blaB3-772_1|blaB3-772_1|LCS|Ruppe_2019|MC3.MG67.AS1.GP1.C2973.G3	blaB3	L	C	S	Ruppe_2019	Ruppe_2019-1|3527583|16|Human-Microbiome-3.9M-Gene-Catalog-(metahit-v2)|MC3.MG67.AS1.GP1.C2973.G3|blab3	L	
C2|~blaB3-773_1|blaB3-773_1|LCS|Ruppe_2019|MC3.MG4.AS1.GP1.C5733.G13	blaB3	L	C	S	Ruppe_2019	Ruppe_2019-1|3258445|16|Human-Microbiome-3.9M-Gene-Catalog-(metahit-v2)|MC3.MG4.AS1.GP1.C5733.G13|blab3	L	
C2|~blaB3-774_1|blaB3-774_1|LCS|Ruppe_2019|MC3.MG384.AS1.GP1.C25204.G3	blaB3	L	C	S	Ruppe_2019	Ruppe_2019-1|3104286|16|Human-Microbiome-3.9M-Gene-Catalog-(metahit-v2)|MC3.MG384.AS1.GP1.C25204.G3|blab3	L	
C2|~blaB3-775_1|blaB3-775_1|LCS|Ruppe_2019|MC3.MG330.AS1.GP1.C375.G4	blaB3	L	C	S	Ruppe_2019	Ruppe_2019-1|2476922|16|Human-Microbiome-3.9M-Gene-Catalog-(metahit-v2)|MC3.MG330.AS1.GP1.C375.G4|blab3	L	
C2|~blaB3-777_1|blaB3-777_1|LCS|Ruppe_2019|MC3.MG120.AS1.GP1.C41126.G2	blaB3	L	C	S	Ruppe_2019	Ruppe_2019-1|351475|16|Human-Microbiome-3.9M-Gene-Catalog-(metahit-v2)|MC3.MG120.AS1.GP1.C41126.G2|blab3	L	
C2|~blaB3-778_1|blaB3-778_1|LCS|Ruppe_2019|MC3.MG12.AS1.GP1.C56370.G2	blaB3	L	C	S	Ruppe_2019	Ruppe_2019-1|303081|16|Human-Microbiome-3.9M-Gene-Catalog-(metahit-v2)|MC3.MG12.AS1.GP1.C56370.G2|blab3	L	
C2|~blaA-453_1|blaA-453_1|LCS|Ruppe_2019|MC3.MG314.AS1.GP1.C16795.G2	blaA	L	C	S	Ruppe_2019	Ruppe_2019-1|2248803|12|Human-Microbiome-3.9M-Gene-Catalog-(metahit-v2)|MC3.MG314.AS1.GP1.C16795.G2|blaa	L	
C2|~aac3-207_1|aac3-207_1|LCS|Ruppe_2019|MC3.MG282.AS1.GP1.C17150.G10	aac3	L	C	S	Ruppe_2019	Ruppe_2019-1|1837755|5|Human-Microbiome-3.9M-Gene-Catalog-(metahit-v2)|MC3.MG282.AS1.GP1.C17150.G10|aac3_2	L	
C2|~aph3p-121_1|aph3p-121_1|LCP|Li_2025|k141_66538_seq1_1	aph3p	L	C	P	Li_2025	Li_2025-aminoglycoside_model_h|swine|k141_66538_seq1_1	L	
C2|~aph3p-122_1|aph3p-122_1|LCP|Li_2025|k119_82696_seq1_1	aph3p	L	C	P	Li_2025	Li_2025-aminoglycoside_model_h|swine|k119_82696_seq1_1	L	
C2|~aac3-210_1|aac3-210_1|LCP|Li_2025|k141_104476_seq1_1	aac3	L	C	P	Li_2025	Li_2025-aminoglycoside_model_c|swine|k141_104476_seq1_1	L	
C2|~aac3-213_1|aac3-213_1|LCP|Li_2025|k141_456982_seq1_1	aac3	L	C	P	Li_2025	Li_2025-aminoglycoside_model_c|swine|k141_456982_seq1_1	L	
C2|~aac3-214_1|aac3-214_1|LCP|Li_2025|k141_45672_seq1_1	aac3	L	C	P	Li_2025	Li_2025-aminoglycoside_model_c|swine|k141_45672_seq1_1	L	
C2|~aph6-119_1|aph6-119_1|LCP|Li_2025|k141_34282_seq1_1	aph6	L	C	P	Li_2025	Li_2025-aminoglycoside_model_i|chicken|k141_34282_seq1_1	L	
C2|~aph3p-123_1|aph3p-123_1|LCP|Li_2025|k141_36412_seq1_1	aph3p	L	C	P	Li_2025	Li_2025-aminoglycoside_model_h|chicken|k141_36412_seq1_1	L	
C2|~aph3p-124_1|aph3p-124_1|LMP|Li_2025|k141_454438_seq1_1	aph3p	L	M	P	Li_2025	Li_2025-aminoglycoside_model_h|chicken|k141_454438_seq1_1	L	
C2|~aac3-215_1|aac3-215_1|LCP|Li_2025|k141_178685_seq1_1	aac3	L	C	P	Li_2025	Li_2025-aminoglycoside_model_c|chicken|k141_178685_seq1_1	L	
C2|~erm-191_1|erm-191_1|LCP|Li_2025|k141_147319_seq1_1	erm	L	C	P	Li_2025	Li_2025-erm_type_a|chicken|k141_147319_seq1_1	L	
C2|~aph3p-126_1|aph3p-126_1|LCP|Li_2025|k141_602614_seq1_1	aph3p	L	C	P	Li_2025	Li_2025-aminoglycoside_model_h|cattle|k141_602614_seq1_1	L	
C2|~aph3p-127_1|aph3p-127_1|LMP|Li_2025|k141_734570_seq1_1	aph3p	L	M	P	Li_2025	Li_2025-aminoglycoside_model_h|cattle|k141_734570_seq1_1	L	
C2|~aph3p-128_1|aph3p-128_1|LCP|Li_2025|k141_187982_seq1_1	aph3p	L	C	P	Li_2025	Li_2025-aminoglycoside_model_h|cattle|k141_187982_seq1_1	L	
C2|~erm-192_1|erm-192_1|LCP|Li_2025|k141_528535_seq1_1	erm	L	C	P	Li_2025	Li_2025-erm_type_f|cattle|k141_528535_seq1_1	L	
C2|~erm-193_1|erm-193_1|LCP|Li_2025|k141_891726_seq1_1	erm	L	C	P	Li_2025	Li_2025-erm_type_f|cattle|k141_891726_seq1_1	L	
C2|~blaA1-599_1|blaA1-599_1|LCP|Li_2025|k141_421765_seq1_1	blaA1	L	C	P	Li_2025	Li_2025-class_a|cattle|k141_421765_seq1_1	L	
C2|~blaD2-248_1|blaD2-248_1|LMP|Victor_2025|SeFCLASS_d2_sequ24ence	blaD2	L	M	P	Victor_2025	Victor_2025-SeFCLASS_d2_sequ24ence	L	
C2|~blaD2-249_1|blaD2-249_1|LCP|Victor_2025|SeFCLASS_d2_sequ22ence	blaD2	L	C	P	Victor_2025	Victor_2025-SeFCLASS_d2_sequ22ence	L	
C2|~blaD2-250_1|blaD2-250_1|LMP|Victor_2025|HoFCLASS_d2_sequ5ence	blaD2	L	M	P	Victor_2025	Victor_2025-HoFCLASS_d2_sequ5ence	L	
C2|~aph6-120_1|aph6-120_1|LMP|Victor_2025|HoAAMG_I_sequ6ence	aph6	L	M	P	Victor_2025	Victor_2025-HoAAMG_I_sequ6ence	L	
C2|~aph3p-130_1|aph3p-130_1|LCP|Victor_2025|HoAAMG_H_sequ2ence	aph3p	L	C	P	Victor_2025	Victor_2025-HoAAMG_H_sequ2ence	L	
C2|~blaD-65_1|blaD-65_1|LCP|Victor_2025b|Class_DNSF60D	blaD	L	C	P	Victor_2025b	Victor_2025b-Class_DNSF60D	L	
C2|~blaD-66_1|blaD-66_1|LCP|Victor_2025b|Class_DNSF48D	blaD	L	C	P	Victor_2025b	Victor_2025b-Class_DNSF48D	L	
C2|~blaB1-121_1|blaB1-121_1|LCS|Ruppe_2019|KF630274.1	blaB1	L	C	S	Ruppe_2019	Ruppe_2019-7398|3876052|14|ARD-reference-gene-catalog|KF630274.1|blab1	L	
C2|~blaB1-122_1|blaB1-122_1|LCS|Ruppe_2019|KF628554.1	blaB1	L	C	S	Ruppe_2019	Ruppe_2019-7398|3876051|14|ARD-reference-gene-catalog|KF628554.1|blab1	L	
C2|~blaB1-123_1|blaB1-123_1|LCS|Ruppe_2019|MC3.MG86.AS1.GP1.C5675.G3	blaB1	L	C	S	Ruppe_2019	Ruppe_2019-1|3668888|14|Human-Microbiome-3.9M-Gene-Catalog-(metahit-v2)|MC3.MG86.AS1.GP1.C5675.G3|blab1	L	
C2|~blaB1-124_1|blaB1-124_1|LCS|Ruppe_2019|MC3.MG232.AS1.GP1.C30321.G2	blaB1	L	C	S	Ruppe_2019	Ruppe_2019-1|1462770|14|Human-Microbiome-3.9M-Gene-Catalog-(metahit-v2)|MC3.MG232.AS1.GP1.C30321.G2|blab1	L	
C2|~blaB-37_1|blaB-37_1|LCS|Ruppe_2019|S05_CT_1_KJ692455_1_3	blaB	L	C	S	Ruppe_2019	Ruppe_2019-3|3873947|13|ARD-Forsberg-gene-catalog|S05_CT_1_KJ692455_1_3|blab	L	
C2|~blaA-454_1|blaA-454_1|LCS|Ruppe_2019|MC3.MG13.AS1.GP1.C2713.G1	blaA	L	C	S	Ruppe_2019	Ruppe_2019-1|467482|12|Human-Microbiome-3.9M-Gene-Catalog-(metahit-v2)|MC3.MG13.AS1.GP1.C2713.G1|blaa	L	
C2|~aph3p-131_1|aph3p-131_1|LCP|Li_2025|k141_1269542_seq1_1	aph3p	L	C	P	Li_2025	Li_2025-aminoglycoside_model_h|swine|k141_1269542_seq1_1	L	
C2|~aac3-219_1|aac3-219_1|LCP|Li_2025|k141_56036_seq1_1	aac3	L	C	P	Li_2025	Li_2025-aminoglycoside_model_c|swine|k141_56036_seq1_1	L	
C2|~aac3-221_1|aac3-221_1|LCP|Li_2025|k141_33832_seq1_1	aac3	L	C	P	Li_2025	Li_2025-aminoglycoside_model_c|swine|k141_33832_seq1_1	L	
C2|~aph3p-132_1|aph3p-132_1|LCP|Li_2025|k141_101799_seq1_1	aph3p	L	C	P	Li_2025	Li_2025-aminoglycoside_model_h|chicken|k141_101799_seq1_1	L	
C2|~aac3-222_1|aac3-222_1|LCP|Li_2025|k141_238759_seq1_1	aac3	L	C	P	Li_2025	Li_2025-aminoglycoside_model_c|chicken|k141_238759_seq1_1	L	
C2|~erm-194_1|erm-194_1|LCP|Li_2025|k141_404901_seq1_1	erm	L	C	P	Li_2025	Li_2025-erm_type_a|chicken|k141_404901_seq1_1	L	
C2|~aph3p-133_1|aph3p-133_1|LMP|Li_2025|k141_514806_seq1_1	aph3p	L	M	P	Li_2025	Li_2025-aminoglycoside_model_h|cattle|k141_514806_seq1_1	L	
C2|~aph3p-134_1|aph3p-134_1|LCP|Li_2025|k141_1262240_seq1_1	aph3p	L	C	P	Li_2025	Li_2025-aminoglycoside_model_h|cattle|k141_1262240_seq1_1	L	
C2|~aph3p-135_1|aph3p-135_1|LCP|Li_2025|k141_1206778_seq1_1	aph3p	L	C	P	Li_2025	Li_2025-aminoglycoside_model_h|cattle|k141_1206778_seq1_1	L	
C2|~aph3p-137_1|aph3p-137_1|LCP|Li_2025|k141_1581736_seq1_1	aph3p	L	C	P	Li_2025	Li_2025-aminoglycoside_model_h|cattle|k141_1581736_seq1_1	L	
C2|~aph3p-138_1|aph3p-138_1|LCP|Li_2025|k141_179370_seq1_1	aph3p	L	C	P	Li_2025	Li_2025-aminoglycoside_model_h|cattle|k141_179370_seq1_1	L	
C2|~aph3p-139_1|aph3p-139_1|LCP|Li_2025|k141_410441_seq1_1	aph3p	L	C	P	Li_2025	Li_2025-aminoglycoside_model_h|cattle|k141_410441_seq1_1	L	
C2|~aph3p-140_1|aph3p-140_1|LCP|Li_2025|k141_386931_seq1_1	aph3p	L	C	P	Li_2025	Li_2025-aminoglycoside_model_h|cattle|k141_386931_seq1_1	L	
C2|~aph3p-141_1|aph3p-141_1|LCP|Li_2025|k141_23400_seq1_1	aph3p	L	C	P	Li_2025	Li_2025-aminoglycoside_model_h|cattle|k141_23400_seq1_1	L	
C2|~aph3p-143_1|aph3p-143_1|LCP|Li_2025|k141_462261_seq1_1	aph3p	L	C	P	Li_2025	Li_2025-aminoglycoside_model_h|cattle|k141_462261_seq1_1	L	
C2|~aph3p-146_1|aph3p-146_1|LCP|Li_2025|k141_1287586_seq1_1	aph3p	L	C	P	Li_2025	Li_2025-aminoglycoside_model_h|cattle|k141_1287586_seq1_1	L	
C2|~aac3-223_1|aac3-223_1|LCP|Li_2025|k141_97431_seq1_1	aac3	L	C	P	Li_2025	Li_2025-aminoglycoside_model_c|cattle|k141_97431_seq1_1	L	
C2|~aac3-224_1|aac3-224_1|LCP|Li_2025|k141_553072_seq1_1	aac3	L	C	P	Li_2025	Li_2025-aminoglycoside_model_c|cattle|k141_553072_seq1_1	L	
C2|~aac3-225_1|aac3-225_1|LCP|Li_2025|k141_1937761_seq1_1	aac3	L	C	P	Li_2025	Li_2025-aminoglycoside_model_c|cattle|k141_1937761_seq1_1	L	
C2|~aac3-227_1|aac3-227_1|LCP|Li_2025|k141_62556_seq1_1	aac3	L	C	P	Li_2025	Li_2025-aminoglycoside_model_c|cattle|k141_62556_seq1_1	L	
C2|~aac3-228_1|aac3-228_1|LCP|Li_2025|k141_341247_seq1_1	aac3	L	C	P	Li_2025	Li_2025-aminoglycoside_model_c|cattle|k141_341247_seq1_1	L	
C2|~erm-195_1|erm-195_1|LCP|Li_2025|k141_78400_seq1_1	erm	L	C	P	Li_2025	Li_2025-erm_type_f|cattle|k141_78400_seq1_1	L	
C2|~blaD2-252_1|blaD2-252_1|LCP|Li_2025|k141_10215_seq1_1	blaD2	L	C	P	Li_2025	Li_2025-class_d_2|cattle|k141_10215_seq1_1	L	
C2|~blaD2-254_1|blaD2-254_1|LCP|CocheMiranda_2026|CocheMiranda_2026_14432592_len_273_MetaAn_74	blaD2	L	C	P	CocheMiranda_2026	CocheMiranda_2026-fARgene_CocheMiranda_2026.faa_class_d_2-CocheMiranda_2026_14432592_len_273_MetaAn_74	L	
C2|~blaB1-125_1|blaB1-125_1|LCP|CocheMiranda_2026|CocheMiranda_2026_9857620_len_271_MetaAn_3	blaB1	L	C	P	CocheMiranda_2026	CocheMiranda_2026-fARgene_CocheMiranda_2026.faa_class_b_1_2-CocheMiranda_2026_9857620_len_271_MetaAn_3	L	
C2|~blaB1-120_2|blaB1-120_2|LCP|CocheMiranda_2026|CocheMiranda_2026_5997888_len_294_MetaAn_7	blaB1	L	C	P	CocheMiranda_2026	CocheMiranda_2026-fARgene_CocheMiranda_2026.faa_class_b_1_2-CocheMiranda_2026_5997888_len_294_MetaAn_7	L	
C2|~aph3p-147_1|aph3p-147_1|LCP|Victor_2025|SeFAMG_H_sequ7ence	aph3p	L	C	P	Victor_2025	Victor_2025-SeFAMG_H_sequ7ence	L	
C2|~aph6-121_1|aph6-121_1|LCP|Victor_2025|SeAAMG_I_sequ3ence	aph6	L	C	P	Victor_2025	Victor_2025-SeAAMG_I_sequ3ence	L	
C2|~aac3-231_1|aac3-231_1|LCP|Victor_2025|HoAAMG_C_sequ5ence	aac3	L	C	P	Victor_2025	Victor_2025-HoAAMG_C_sequ5ence	L	
C2|~blaD-67_1|blaD-67_1|LCP|Victor_2025b|Class_DNSF62D	blaD	L	C	P	Victor_2025b	Victor_2025b-Class_DNSF62D	L	
C2|~blaD-68_1|blaD-68_1|LCP|Victor_2025b|Class_DNSF61D	blaD	L	C	P	Victor_2025b	Victor_2025b-Class_DNSF61D	L	
C2|~blaD-69_1|blaD-69_1|LCP|Victor_2025b|Class_DNSF50D	blaD	L	C	P	Victor_2025b	Victor_2025b-Class_DNSF50D	L	
C2|~blaD-70_1|blaD-70_1|LCP|Victor_2025b|Class_DNSF29D	blaD	L	C	P	Victor_2025b	Victor_2025b-Class_DNSF29D	L	
C2|~blaD-71_1|blaD-71_1|LCP|Victor_2025b|Class_DNSF18D	blaD	L	C	P	Victor_2025b	Victor_2025b-Class_DNSF18D	L	
C2|~blaA1-604_1|blaA1-604_1|LCP|Victor_2025b|Class_ANSF12A	blaA1	L	C	P	Victor_2025b	Victor_2025b-Class_ANSF12A	L	
C2|~blaB3-779_1|blaB3-779_1|LCS|Ruppe_2019|MC3.MG43.AS1.GP1.C984.G2	blaB3	L	C	S	Ruppe_2019	Ruppe_2019-1|3284278|16|Human-Microbiome-3.9M-Gene-Catalog-(metahit-v2)|MC3.MG43.AS1.GP1.C984.G2|blab3	L	
C2|~blaB3-781_1|blaB3-781_1|LCS|Ruppe_2019|MC3.MG120.AS1.GP1.C54416.G30	blaB3	L	C	S	Ruppe_2019	Ruppe_2019-1|359398|16|Human-Microbiome-3.9M-Gene-Catalog-(metahit-v2)|MC3.MG120.AS1.GP1.C54416.G30|blab3	L	
C2|~aph-152_1|aph-152_1|LCS|Ruppe_2019|MC3.MG9.AS1.GP1.C9053.G7	aph	L	C	S	Ruppe_2019	Ruppe_2019-1|3733799|8|Human-Microbiome-3.9M-Gene-Catalog-(metahit-v2)|MC3.MG9.AS1.GP1.C9053.G7|aph	L	
C2|~aph3p-149_1|aph3p-149_1|LCP|Li_2025|k141_365468_seq1_1	aph3p	L	C	P	Li_2025	Li_2025-aminoglycoside_model_h|swine|k141_365468_seq1_1	L	
C2|~aph3p-151_1|aph3p-151_1|LCP|Li_2025|k141_106928_seq1_1	aph3p	L	C	P	Li_2025	Li_2025-aminoglycoside_model_h|swine|k141_106928_seq1_1	L	
C2|~aph3p-152_1|aph3p-152_1|LCP|Li_2025|k141_200068_seq1_1	aph3p	L	C	P	Li_2025	Li_2025-aminoglycoside_model_h|swine|k141_200068_seq1_1	L	
C2|~aac3-233_1|aac3-233_1|LCP|Li_2025|k141_755895_seq1_1	aac3	L	C	P	Li_2025	Li_2025-aminoglycoside_model_c|swine|k141_755895_seq1_1	L	
C2|~erm-197_1|erm-197_1|LCP|Li_2025|k119_351720_seq1_1	erm	L	C	P	Li_2025	Li_2025-erm_type_f|swine|k119_351720_seq1_1	L	
C2|~aph3p-154_1|aph3p-154_1|LCP|Li_2025|k141_319272_seq1_1	aph3p	L	C	P	Li_2025	Li_2025-aminoglycoside_model_h|chicken|k141_319272_seq1_1	L	
C2|~aph3p-155_1|aph3p-155_1|LCP|Li_2025|k141_590964_seq1_1	aph3p	L	C	P	Li_2025	Li_2025-aminoglycoside_model_h|chicken|k141_590964_seq1_1	L	
C2|~aph3p-156_1|aph3p-156_1|LCP|Li_2025|k141_99114_seq1_1	aph3p	L	C	P	Li_2025	Li_2025-aminoglycoside_model_h|chicken|k141_99114_seq1_1	L	
C2|~erm-198_1|erm-198_1|LCP|Li_2025|k141_273375_seq1_1	erm	L	C	P	Li_2025	Li_2025-erm_type_a|chicken|k141_273375_seq1_1	L	
C2|~aph6-122_1|aph6-122_1|LCP|Li_2025|k141_18201_seq1_1	aph6	L	C	P	Li_2025	Li_2025-aminoglycoside_model_i|cattle|k141_18201_seq1_1	L	
C2|~aph3p-158_1|aph3p-158_1|LCP|Li_2025|k141_279808_seq1_1	aph3p	L	C	P	Li_2025	Li_2025-aminoglycoside_model_h|cattle|k141_279808_seq1_1	L	
C2|~aph3p-159_1|aph3p-159_1|LCP|Li_2025|k141_1504975_seq1_1	aph3p	L	C	P	Li_2025	Li_2025-aminoglycoside_model_h|cattle|k141_1504975_seq1_1	L	
C2|~aph3p-160_1|aph3p-160_1|LCP|Li_2025|k141_693401_seq1_1	aph3p	L	C	P	Li_2025	Li_2025-aminoglycoside_model_h|cattle|k141_693401_seq1_1	L	
C2|~aph3p-161_1|aph3p-161_1|LCP|Li_2025|k141_404466_seq1_1	aph3p	L	C	P	Li_2025	Li_2025-aminoglycoside_model_h|cattle|k141_404466_seq1_1	L	
C2|~aph3p-162_1|aph3p-162_1|LCP|Li_2025|k141_2423540_seq1_1	aph3p	L	C	P	Li_2025	Li_2025-aminoglycoside_model_h|cattle|k141_2423540_seq1_1	L	
C2|~aph3p-163_1|aph3p-163_1|LCP|Li_2025|k141_236029_seq1_1	aph3p	L	C	P	Li_2025	Li_2025-aminoglycoside_model_h|cattle|k141_236029_seq1_1	L	
C2|~aph3p-164_1|aph3p-164_1|LCP|Li_2025|k141_394581_seq1_1	aph3p	L	C	P	Li_2025	Li_2025-aminoglycoside_model_h|cattle|k141_394581_seq1_1	L	
C2|~aph3p-165_1|aph3p-165_1|LCP|Li_2025|k141_617919_seq1_1	aph3p	L	C	P	Li_2025	Li_2025-aminoglycoside_model_h|cattle|k141_617919_seq1_1	L	
C2|~aph3p-166_1|aph3p-166_1|LCP|Li_2025|k141_1277998_seq1_1	aph3p	L	C	P	Li_2025	Li_2025-aminoglycoside_model_h|cattle|k141_1277998_seq1_1	L	
C2|~aph3p-167_1|aph3p-167_1|LCP|Li_2025|k141_66307_seq1_1	aph3p	L	C	P	Li_2025	Li_2025-aminoglycoside_model_h|cattle|k141_66307_seq1_1	L	
C2|~aph3p-168_1|aph3p-168_1|LCP|Li_2025|k141_582031_seq1_1	aph3p	L	C	P	Li_2025	Li_2025-aminoglycoside_model_h|cattle|k141_582031_seq1_1	L	
C2|~aph3p-170_1|aph3p-170_1|LCP|Li_2025|k141_2467877_seq1_1	aph3p	L	C	P	Li_2025	Li_2025-aminoglycoside_model_h|cattle|k141_2467877_seq1_1	L	
C2|~aph3p-171_1|aph3p-171_1|LCP|Li_2025|k141_1882146_seq1_1	aph3p	L	C	P	Li_2025	Li_2025-aminoglycoside_model_h|cattle|k141_1882146_seq1_1	L	
C2|~aph3p-172_1|aph3p-172_1|LMP|Li_2025|k141_306865_seq1_1	aph3p	L	M	P	Li_2025	Li_2025-aminoglycoside_model_h|cattle|k141_306865_seq1_1	L	
C2|~aph3p-173_1|aph3p-173_1|LMP|Li_2025|k141_298097_seq1_1	aph3p	L	M	P	Li_2025	Li_2025-aminoglycoside_model_h|cattle|k141_298097_seq1_1	L	
C2|~aph3p-175_1|aph3p-175_1|LCP|Li_2025|k141_1026685_seq1_1	aph3p	L	C	P	Li_2025	Li_2025-aminoglycoside_model_h|cattle|k141_1026685_seq1_1	L	
C2|~aph3p-176_1|aph3p-176_1|LCP|Li_2025|k141_236424_seq1_1	aph3p	L	C	P	Li_2025	Li_2025-aminoglycoside_model_h|cattle|k141_236424_seq1_1	L	
C2|~aph3p-178_1|aph3p-178_1|LCP|Li_2025|k141_387649_seq1_1	aph3p	L	C	P	Li_2025	Li_2025-aminoglycoside_model_h|cattle|k141_387649_seq1_1	L	
C2|~aph3p-179_1|aph3p-179_1|LCP|Li_2025|k141_681606_seq1_1	aph3p	L	C	P	Li_2025	Li_2025-aminoglycoside_model_h|cattle|k141_681606_seq1_1	L	
C2|~aph3p-180_1|aph3p-180_1|LCP|Li_2025|k141_696794_seq1_1	aph3p	L	C	P	Li_2025	Li_2025-aminoglycoside_model_h|cattle|k141_696794_seq1_1	L	
C2|~aph3p-182_1|aph3p-182_1|LCP|Li_2025|k141_1103549_seq1_1	aph3p	L	C	P	Li_2025	Li_2025-aminoglycoside_model_h|cattle|k141_1103549_seq1_1	L	
C2|~aph3p-184_1|aph3p-184_1|LCP|Li_2025|k141_850197_seq1_1	aph3p	L	C	P	Li_2025	Li_2025-aminoglycoside_model_h|cattle|k141_850197_seq1_1	L	
C2|~aac3-235_1|aac3-235_1|LCP|Li_2025|k141_738207_seq1_1	aac3	L	C	P	Li_2025	Li_2025-aminoglycoside_model_c|cattle|k141_738207_seq1_1	L	
C2|~aac3-236_1|aac3-236_1|LCP|Li_2025|k141_4504646_seq1_1	aac3	L	C	P	Li_2025	Li_2025-aminoglycoside_model_c|cattle|k141_4504646_seq1_1	L	
C2|~aac3-237_1|aac3-237_1|LCP|Li_2025|k141_1621521_seq1_1	aac3	L	C	P	Li_2025	Li_2025-aminoglycoside_model_c|cattle|k141_1621521_seq1_1	L	
C2|~aac3-240_1|aac3-240_1|LCP|Li_2025|k141_98718_seq1_1	aac3	L	C	P	Li_2025	Li_2025-aminoglycoside_model_c|cattle|k141_98718_seq1_1	L	
C2|~erm-199_1|erm-199_1|LCP|Li_2025|k141_1216994_seq1_1	erm	L	C	P	Li_2025	Li_2025-erm_type_f|cattle|k141_1216994_seq1_1	L	
C2|~erm-200_1|erm-200_1|LCP|Li_2025|k141_1108032_seq1_1	erm	L	C	P	Li_2025	Li_2025-erm_type_f|cattle|k141_1108032_seq1_1	L	
C2|~erm-201_1|erm-201_1|LCP|Li_2025|k141_1274812_seq1_1	erm	L	C	P	Li_2025	Li_2025-erm_type_f|cattle|k141_1274812_seq1_1	L	
C2|~erm-202_1|erm-202_1|LCP|Li_2025|k141_288556_seq1_1	erm	L	C	P	Li_2025	Li_2025-erm_type_f|cattle|k141_288556_seq1_1	L	
C2|~blaD2-258_1|blaD2-258_1|LCP|Li_2025|k141_83524_seq1_1	blaD2	L	C	P	Li_2025	Li_2025-class_d_2|cattle|k141_83524_seq1_1	L	
C2|~blaD1-fARgene_1|blaD1-fARgene_1|LCP|CocheMiranda_2026|CocheMiranda_2026_SPA_MetaAn_61_l268_st7_e810_se	blaD1	L	C	P	CocheMiranda_2026	CocheMiranda_2026-fARgene_CocheMiranda_2026.faa_class_d_1-CocheMiranda_2026_SPA_MetaAn_61_l268_st7_e810_se-1_ID=576368_1	L	
C2|~blaD2-261_1|blaD2-261_1|LCP|Victor_2025|SeFCLASS_d2_sequ20ence	blaD2	L	C	P	Victor_2025	Victor_2025-SeFCLASS_d2_sequ20ence	L	
C2|~blaB1-127_1|blaB1-127_1|LCP|Victor_2025|HoFCLASS_b12_sequ9ence	blaB1	L	C	P	Victor_2025	Victor_2025-HoFCLASS_b12_sequ9ence	L	
C2|~blaD1-50_1|blaD1-50_1|LCP|Victor_2025|HoACLASS_d1_sequ2ence	blaD1	L	C	P	Victor_2025	Victor_2025-HoACLASS_d1_sequ2ence	L	
C2|~blaD-72_1|blaD-72_1|LCP|Victor_2025b|Class_DNSF94D	blaD	L	C	P	Victor_2025b	Victor_2025b-Class_DNSF94D	L	
C2|~blaD-73_1|blaD-73_1|LCP|Victor_2025b|Class_DNSF93D	blaD	L	C	P	Victor_2025b	Victor_2025b-Class_DNSF93D	L	
C2|~blaD-74_1|blaD-74_1|LCP|Victor_2025b|Class_DNSF84D	blaD	L	C	P	Victor_2025b	Victor_2025b-Class_DNSF84D	L	
C2|~blaB1-128_1|blaB1-128_1|LCP|Victor_2025b|Class_B1B2NSF50B1B2	blaB1	L	C	P	Victor_2025b	Victor_2025b-Class_B1B2NSF50B1B2	L	
C2|~blaB3-782_1|blaB3-782_1|LCS|Ruppe_2019|MC3.MG87.AS1.GP1.C2533.G3	blaB3	L	C	S	Ruppe_2019	Ruppe_2019-1|3680173|16|Human-Microbiome-3.9M-Gene-Catalog-(metahit-v2)|MC3.MG87.AS1.GP1.C2533.G3|blab3	L	
C2|~blaB3-783_1|blaB3-783_1|LCS|Ruppe_2019|MC3.MG358.AS1.GP1.C26933.G11	blaB3	L	C	S	Ruppe_2019	Ruppe_2019-1|2756267|16|Human-Microbiome-3.9M-Gene-Catalog-(metahit-v2)|MC3.MG358.AS1.GP1.C26933.G11|blab3	L	
C2|~blaB3-784_1|blaB3-784_1|LCS|Ruppe_2019|MC3.MG330.AS1.GP1.C31005.G5	blaB3	L	C	S	Ruppe_2019	Ruppe_2019-1|2473956|16|Human-Microbiome-3.9M-Gene-Catalog-(metahit-v2)|MC3.MG330.AS1.GP1.C31005.G5|blab3	L	
C2|~blaB1-129_1|blaB1-129_1|LCS|Ruppe_2019|MC3.MG327.AS1.GP1.C23909.G27	blaB1	L	C	S	Ruppe_2019	Ruppe_2019-1|2422825|14|Human-Microbiome-3.9M-Gene-Catalog-(metahit-v2)|MC3.MG327.AS1.GP1.C23909.G27|blab1	L	
C2|~blaA-456_1|blaA-456_1|LCS|Ruppe_2019|MC3.MG371.AS1.GP1.C1536.G3	blaA	L	C	S	Ruppe_2019	Ruppe_2019-1|2929830|12|Human-Microbiome-3.9M-Gene-Catalog-(metahit-v2)|MC3.MG371.AS1.GP1.C1536.G3|blaa	L	
C2|~aph-153_1|aph-153_1|LMS|Ruppe_2019|MC3.MG153.AS1.GP1.C20144.G2	aph	L	M	S	Ruppe_2019	Ruppe_2019-1|769143|8|Human-Microbiome-3.9M-Gene-Catalog-(metahit-v2)|MC3.MG153.AS1.GP1.C20144.G2|aph	L	
C2|~aph-154_1|aph-154_1|LCS|Ruppe_2019|MC3.MG141.AS1.GP1.C28036.G23	aph	L	C	S	Ruppe_2019	Ruppe_2019-1|647388|8|Human-Microbiome-3.9M-Gene-Catalog-(metahit-v2)|MC3.MG141.AS1.GP1.C28036.G23|aph	L	
C2|~aph3p-185_1|aph3p-185_1|LCP|Li_2025|k141_368049_seq1_1	aph3p	L	C	P	Li_2025	Li_2025-aminoglycoside_model_h|swine|k141_368049_seq1_1	L	
C2|~aph3p-186_1|aph3p-186_1|LCP|Li_2025|k141_1026234_seq1_1	aph3p	L	C	P	Li_2025	Li_2025-aminoglycoside_model_h|swine|k141_1026234_seq1_1	L	
C2|~aph3p-187_1|aph3p-187_1|LCP|Li_2025|k141_63356_seq1_1	aph3p	L	C	P	Li_2025	Li_2025-aminoglycoside_model_h|swine|k141_63356_seq1_1	L	
C2|~aac3-241_1|aac3-241_1|LMP|Li_2025|k141_328679_seq1_1	aac3	L	M	P	Li_2025	Li_2025-aminoglycoside_model_c|swine|k141_328679_seq1_1	L	
C2|~aac3-243_1|aac3-243_1|LCP|Li_2025|k141_358543_seq1_1	aac3	L	C	P	Li_2025	Li_2025-aminoglycoside_model_c|swine|k141_358543_seq1_1	L	
C2|~blaD2-265_1|blaD2-265_1|LCP|Li_2025|k141_520600_seq1_1	blaD2	L	C	P	Li_2025	Li_2025-class_d_2|chicken|k141_520600_seq1_1	L	
C2|~aph3p-188_1|aph3p-188_1|LCP|Li_2025|k141_907581_seq1_1	aph3p	L	C	P	Li_2025	Li_2025-aminoglycoside_model_h|cattle|k141_907581_seq1_1	L	
C2|~aph3p-189_1|aph3p-189_1|LCP|Li_2025|k141_1139225_seq1_1	aph3p	L	C	P	Li_2025	Li_2025-aminoglycoside_model_h|cattle|k141_1139225_seq1_1	L	
C2|~aph3p-190_1|aph3p-190_1|LCP|Li_2025|k141_656016_seq1_1	aph3p	L	C	P	Li_2025	Li_2025-aminoglycoside_model_h|cattle|k141_656016_seq1_1	L	
C2|~aph3p-191_1|aph3p-191_1|LCP|Li_2025|k141_795661_seq1_1	aph3p	L	C	P	Li_2025	Li_2025-aminoglycoside_model_h|cattle|k141_795661_seq1_1	L	
C2|~aph3p-192_1|aph3p-192_1|LCP|Li_2025|k141_561765_seq1_1	aph3p	L	C	P	Li_2025	Li_2025-aminoglycoside_model_h|cattle|k141_561765_seq1_1	L	
C2|~aph3p-194_1|aph3p-194_1|LCP|Li_2025|k141_166465_seq1_1	aph3p	L	C	P	Li_2025	Li_2025-aminoglycoside_model_h|cattle|k141_166465_seq1_1	L	
C2|~aph3p-195_1|aph3p-195_1|LCP|Li_2025|k141_397275_seq1_1	aph3p	L	C	P	Li_2025	Li_2025-aminoglycoside_model_h|cattle|k141_397275_seq1_1	L	
C2|~aph3p-197_1|aph3p-197_1|LCP|Li_2025|k141_1220393_seq1_1	aph3p	L	C	P	Li_2025	Li_2025-aminoglycoside_model_h|cattle|k141_1220393_seq1_1	L	
C2|~aac3-244_1|aac3-244_1|LCP|Li_2025|k141_121631_seq1_1	aac3	L	C	P	Li_2025	Li_2025-aminoglycoside_model_c|cattle|k141_121631_seq1_1	L	
C2|~aac3-245_1|aac3-245_1|LCP|Li_2025|k141_707894_seq1_1	aac3	L	C	P	Li_2025	Li_2025-aminoglycoside_model_c|cattle|k141_707894_seq1_1	L	
C2|~aac3-246_1|aac3-246_1|LCP|Li_2025|k141_105808_seq1_1	aac3	L	C	P	Li_2025	Li_2025-aminoglycoside_model_c|cattle|k141_105808_seq1_1	L	
C2|~aac3-248_1|aac3-248_1|LCP|Li_2025|k141_155555_seq1_1	aac3	L	C	P	Li_2025	Li_2025-aminoglycoside_model_c|cattle|k141_155555_seq1_1	L	
C2|~blaD2-266_1|blaD2-266_1|LCP|Li_2025|k141_113096_seq1_1	blaD2	L	C	P	Li_2025	Li_2025-class_d_2|cattle|k141_113096_seq1_1	L	
C2|~blaD1-51_1|blaD1-51_1|LCP|Li_2025|k141_414915_seq1_1	blaD1	L	C	P	Li_2025	Li_2025-class_d_1|cattle|k141_414915_seq1_1	L	
C2|~blaB1-130_1|blaB1-130_1|LCP|Li_2025|k141_133993_seq1_1	blaB1	L	C	P	Li_2025	Li_2025-class_b_1_2|cattle|k141_133993_seq1_1	L	
C2|~blaB3-785_1|blaB3-785_1|LCP|CocheMiranda_2026|CocheMiranda_2026_SPA_MetaAn_59_l291_st359_e1231_se1_ID=19413_2	blaB3	L	C	P	CocheMiranda_2026	CocheMiranda_2026-fARgene_CocheMiranda_2026.faa_class_b_3-CocheMiranda_2026_SPA_MetaAn_59_l291_st359_e1231_se1_ID=19413_2	L	
C2|~blaB1-131_1|blaB1-131_1|LCP|CocheMiranda_2026|CocheMiranda_2026_17592119_len_273_MetaAn_10	blaB1	L	C	P	CocheMiranda_2026	CocheMiranda_2026-fARgene_CocheMiranda_2026.faa_class_b_1_2-CocheMiranda_2026_17592119_len_273_MetaAn_10	L	
C2|~erm-160_1|erm-160_1|LCP|Victor_2025|SeFERM_ermtype_sequ5ence	erm	L	C	P	Victor_2025	Victor_2025-SeFERM_ermtype_sequ5ence	L	
C2|~erm-203_1|erm-203_1|LCP|Victor_2025|SeFERM_ermtype_sequ3ence	erm	L	C	P	Victor_2025	Victor_2025-SeFERM_ermtype_sequ3ence	L	
C2|~blaD2-267_1|blaD2-267_1|LCP|Victor_2025|SeACLASS_d2_sequ15ence	blaD2	L	C	P	Victor_2025	Victor_2025-SeACLASS_d2_sequ15ence	L	
C2|~aac3-250_1|aac3-250_1|LCP|Victor_2025|SeAAMG_C_sequ4ence	aac3	L	C	P	Victor_2025	Victor_2025-SeAAMG_C_sequ4ence	L	
C2|~blaD2-269_1|blaD2-269_1|LCP|Victor_2025|HoACLASS_d2_sequ45ence	blaD2	L	C	P	Victor_2025	Victor_2025-HoACLASS_d2_sequ45ence	L	
C2|~blaD2-270_1|blaD2-270_1|LCP|Victor_2025|HoACLASS_d2_sequ25ence	blaD2	L	C	P	Victor_2025	Victor_2025-HoACLASS_d2_sequ25ence	L	
C2|~aac3-251_1|aac3-251_1|LCP|Victor_2025|HoAAMG_C_sequ2ence	aac3	L	C	P	Victor_2025	Victor_2025-HoAAMG_C_sequ2ence	L	
C2|~blaD-75_1|blaD-75_1|LCP|Victor_2025b|Class_DNSF75D	blaD	L	C	P	Victor_2025b	Victor_2025b-Class_DNSF75D	L	
C2|~blaD-76_1|blaD-76_1|LCP|Victor_2025b|Class_DNSF71D	blaD	L	C	P	Victor_2025b	Victor_2025b-Class_DNSF71D	L	
C2|~blaD-77_1|blaD-77_1|LCP|Victor_2025b|Class_DNSF67D	blaD	L	C	P	Victor_2025b	Victor_2025b-Class_DNSF67D	L	
C2|~blaD-78_1|blaD-78_1|LCP|Victor_2025b|Class_DNSF53D	blaD	L	C	P	Victor_2025b	Victor_2025b-Class_DNSF53D	L	
C2|~blaB3-786_1|blaB3-786_1|LCS|Ruppe_2019|MC3.MG99.AS1.GP1.C42723.G5	blaB3	L	C	S	Ruppe_2019	Ruppe_2019-1|3860475|16|Human-Microbiome-3.9M-Gene-Catalog-(metahit-v2)|MC3.MG99.AS1.GP1.C42723.G5|blab3	L	
C2|~blaB3-788_1|blaB3-788_1|LCS|Ruppe_2019|MC3.MG335.AS1.GP1.C41534.G2	blaB3	L	C	S	Ruppe_2019	Ruppe_2019-1|2539915|16|Human-Microbiome-3.9M-Gene-Catalog-(metahit-v2)|MC3.MG335.AS1.GP1.C41534.G2|blab3	L	
C2|~blaB3-789_1|blaB3-789_1|LCS|Ruppe_2019|MC3.MG12.AS1.GP1.C56535.G59	blaB3	L	C	S	Ruppe_2019	Ruppe_2019-1|303321|16|Human-Microbiome-3.9M-Gene-Catalog-(metahit-v2)|MC3.MG12.AS1.GP1.C56535.G59|blab3	L	
C2|~blaB1-136_1|blaB1-136_1|LCS|Ruppe_2019|MC3.MG6.AS1.GP1.C3874.G5	blaB1	L	C	S	Ruppe_2019	Ruppe_2019-1|3434331|14|Human-Microbiome-3.9M-Gene-Catalog-(metahit-v2)|MC3.MG6.AS1.GP1.C3874.G5|blab1	L	
C2|~blaA-457_1|blaA-457_1|LCS|Ruppe_2019|MC3.MG386.AS1.GP1.C2691.G7	blaA	L	C	S	Ruppe_2019	Ruppe_2019-1|3141382|12|Human-Microbiome-3.9M-Gene-Catalog-(metahit-v2)|MC3.MG386.AS1.GP1.C2691.G7|blaa	L	
C2|~blaA-458_1|blaA-458_1|LCS|Ruppe_2019|MC3.MG324.AS1.GP1.C9085.G6	blaA	L	C	S	Ruppe_2019	Ruppe_2019-1|2385891|12|Human-Microbiome-3.9M-Gene-Catalog-(metahit-v2)|MC3.MG324.AS1.GP1.C9085.G6|blaa	L	
C2|~aph-155_1|aph-155_1|LCS|Ruppe_2019|MC3.MG98.AS1.GP1.C33993.G2	aph	L	C	S	Ruppe_2019	Ruppe_2019-1|3844125|8|Human-Microbiome-3.9M-Gene-Catalog-(metahit-v2)|MC3.MG98.AS1.GP1.C33993.G2|aph	L	
C2|~aac3-252_1|aac3-252_1|LCS|Ruppe_2019|MC3.MG99.AS1.GP1.C18158.G17	aac3	L	C	S	Ruppe_2019	Ruppe_2019-1|3851612|5|Human-Microbiome-3.9M-Gene-Catalog-(metahit-v2)|MC3.MG99.AS1.GP1.C18158.G17|aac3_2	L	
C2|~aac3-253_1|aac3-253_1|LCS|Ruppe_2019|MC3.MG228.AS1.GP1.C7761.G1	aac3	L	C	S	Ruppe_2019	Ruppe_2019-1|1443493|5|Human-Microbiome-3.9M-Gene-Catalog-(metahit-v2)|MC3.MG228.AS1.GP1.C7761.G1|aac3_2	L	
C2|~aph3p-200_1|aph3p-200_1|LCP|Li_2025|k141_312283_seq1_1	aph3p	L	C	P	Li_2025	Li_2025-aminoglycoside_model_h|swine|k141_312283_seq1_1	L	
C2|~aph3p-201_1|aph3p-201_1|LCP|Li_2025|k141_67195_seq1_1	aph3p	L	C	P	Li_2025	Li_2025-aminoglycoside_model_h|swine|k141_67195_seq1_1	L	
C2|~aph3p-202_1|aph3p-202_1|LCP|Li_2025|k141_251312_seq1_1	aph3p	L	C	P	Li_2025	Li_2025-aminoglycoside_model_h|swine|k141_251312_seq1_1	L	
C2|~aph3p-203_1|aph3p-203_1|LMP|Li_2025|k141_725482_seq1_1	aph3p	L	M	P	Li_2025	Li_2025-aminoglycoside_model_h|swine|k141_725482_seq1_1	L	
C2|~aph3p-204_1|aph3p-204_1|LMP|Li_2025|k141_1039451_seq1_1	aph3p	L	M	P	Li_2025	Li_2025-aminoglycoside_model_h|swine|k141_1039451_seq1_1	L	
C2|~aph3p-207_1|aph3p-207_1|LCP|Li_2025|k141_1026167_seq1_1	aph3p	L	C	P	Li_2025	Li_2025-aminoglycoside_model_h|swine|k141_1026167_seq1_1	L	
C2|~aac3-258_1|aac3-258_1|LCP|Li_2025|k141_748078_seq1_1	aac3	L	C	P	Li_2025	Li_2025-aminoglycoside_model_c|swine|k141_748078_seq1_1	L	
C2|~blaB1-137_1|blaB1-137_1|LCP|Li_2025|k141_799519_seq1_1	blaB1	L	C	P	Li_2025	Li_2025-class_b_1_2|swine|k141_799519_seq1_1	L	
C2|~aph3p-208_1|aph3p-208_1|LCP|Li_2025|k119_85897_seq2_1	aph3p	L	C	P	Li_2025	Li_2025-aminoglycoside_model_h|chicken|k119_85897_seq2_1	L	
C2|~aph3p-209_1|aph3p-209_1|LMP|Li_2025|k141_389433_seq1_1	aph3p	L	M	P	Li_2025	Li_2025-aminoglycoside_model_h|chicken|k141_389433_seq1_1	L	
C2|~aac3-260_1|aac3-260_1|LCP|Li_2025|k141_612277_seq1_1	aac3	L	C	P	Li_2025	Li_2025-aminoglycoside_model_c|chicken|k141_612277_seq1_1	L	
C2|~blaD2-271_1|blaD2-271_1|LCP|Li_2025|k141_539338_seq1_1	blaD2	L	C	P	Li_2025	Li_2025-class_d_2|chicken|k141_539338_seq1_1	L	
C2|~aph3p-212_1|aph3p-212_1|LCP|Li_2025|k141_2240681_seq1_1	aph3p	L	C	P	Li_2025	Li_2025-aminoglycoside_model_h|cattle|k141_2240681_seq1_1	L	
C2|~aph3p-213_1|aph3p-213_1|LCP|Li_2025|k141_1413704_seq1_1	aph3p	L	C	P	Li_2025	Li_2025-aminoglycoside_model_h|cattle|k141_1413704_seq1_1	L	
C2|~aph3p-216_1|aph3p-216_1|LCP|Li_2025|k141_1157095_seq1_1	aph3p	L	C	P	Li_2025	Li_2025-aminoglycoside_model_h|cattle|k141_1157095_seq1_1	L	
C2|~aph3p-217_1|aph3p-217_1|LCP|Li_2025|k141_824941_seq1_1	aph3p	L	C	P	Li_2025	Li_2025-aminoglycoside_model_h|cattle|k141_824941_seq1_1	L	
C2|~aph3p-218_1|aph3p-218_1|LMP|Li_2025|k141_596337_seq1_1	aph3p	L	M	P	Li_2025	Li_2025-aminoglycoside_model_h|cattle|k141_596337_seq1_1	L	
C2|~aph3p-219_1|aph3p-219_1|LCP|Li_2025|k141_1148681_seq1_1	aph3p	L	C	P	Li_2025	Li_2025-aminoglycoside_model_h|cattle|k141_1148681_seq1_1	L	
C2|~aph3p-222_1|aph3p-222_1|LCP|Li_2025|k141_869369_seq1_1	aph3p	L	C	P	Li_2025	Li_2025-aminoglycoside_model_h|cattle|k141_869369_seq1_1	L	
C2|~aph3p-223_1|aph3p-223_1|LCP|Li_2025|k141_849079_seq1_1	aph3p	L	C	P	Li_2025	Li_2025-aminoglycoside_model_h|cattle|k141_849079_seq1_1	L	
C2|~aph3p-224_1|aph3p-224_1|LCP|Li_2025|k141_261238_seq1_1	aph3p	L	C	P	Li_2025	Li_2025-aminoglycoside_model_h|cattle|k141_261238_seq1_1	L	
C2|~aph3p-225_1|aph3p-225_1|LCP|Li_2025|k141_438405_seq1_1	aph3p	L	C	P	Li_2025	Li_2025-aminoglycoside_model_h|cattle|k141_438405_seq1_1	L	
C2|~aph3p-226_1|aph3p-226_1|LCP|Li_2025|k141_563873_seq1_1	aph3p	L	C	P	Li_2025	Li_2025-aminoglycoside_model_h|cattle|k141_563873_seq1_1	L	
C2|~aph3p-228_1|aph3p-228_1|LCP|Li_2025|k141_1024002_seq1_1	aph3p	L	C	P	Li_2025	Li_2025-aminoglycoside_model_h|cattle|k141_1024002_seq1_1	L	
C2|~aph3p-231_1|aph3p-231_1|LCP|Li_2025|k141_126428_seq1_1	aph3p	L	C	P	Li_2025	Li_2025-aminoglycoside_model_h|cattle|k141_126428_seq1_1	L	
C2|~aph3p-232_1|aph3p-232_1|LMP|Li_2025|k141_504012_seq1_1	aph3p	L	M	P	Li_2025	Li_2025-aminoglycoside_model_h|cattle|k141_504012_seq1_1	L	
C2|~aph3p-233_1|aph3p-233_1|LCP|Li_2025|k141_185842_seq1_1	aph3p	L	C	P	Li_2025	Li_2025-aminoglycoside_model_h|cattle|k141_185842_seq1_1	L	
C2|~aph3p-246_1|aph3p-246_1|LCP|Li_2025|k141_552034_seq1_1	aph3p	L	C	P	Li_2025	Li_2025-aminoglycoside_model_h|cattle|k141_552034_seq1_1	L	
C2|~aph3p-251_1|aph3p-251_1|LCP|Li_2025|k141_1037364_seq1_1	aph3p	L	C	P	Li_2025	Li_2025-aminoglycoside_model_h|cattle|k141_1037364_seq1_1	L	
C2|~aph3p-253_1|aph3p-253_1|LCP|Li_2025|k141_981960_seq1_1	aph3p	L	C	P	Li_2025	Li_2025-aminoglycoside_model_h|cattle|k141_981960_seq1_1	L	
C2|~aph3p-254_1|aph3p-254_1|LCP|Li_2025|k141_208283_seq1_1	aph3p	L	C	P	Li_2025	Li_2025-aminoglycoside_model_h|cattle|k141_208283_seq1_1	L	
C2|~aac3-262_1|aac3-262_1|LCP|Li_2025|k141_1618561_seq1_1	aac3	L	C	P	Li_2025	Li_2025-aminoglycoside_model_c|cattle|k141_1618561_seq1_1	L	
C2|~aac3-265_1|aac3-265_1|LCP|Li_2025|k141_122659_seq1_1	aac3	L	C	P	Li_2025	Li_2025-aminoglycoside_model_c|cattle|k141_122659_seq1_1	L	
C2|~blaD2-272_1|blaD2-272_1|LCP|Li_2025|k141_446130_seq1_1	blaD2	L	C	P	Li_2025	Li_2025-class_d_2|cattle|k141_446130_seq1_1	L	
C2|~blaB1-138_1|blaB1-138_1|LCP|CocheMiranda_2026|CocheMiranda_2026_18596176_len_271_MetaAn_1	blaB1	L	C	P	CocheMiranda_2026	CocheMiranda_2026-fARgene_CocheMiranda_2026.faa_class_b_1_2-CocheMiranda_2026_18596176_len_271_MetaAn_1	L	
C2|~blaB1-142_1|blaB1-142_1|LCP|CocheMiranda_2026|CocheMiranda_2026_9427902_len_271_MetaAn_1	blaB1	L	C	P	CocheMiranda_2026	CocheMiranda_2026-fARgene_CocheMiranda_2026.faa_class_b_1_2-CocheMiranda_2026_9427902_len_271_MetaAn_1	L	
C2|~erm-204_1|erm-204_1|LCP|Victor_2025|SeFERM_ermtype_sequ7ence	erm	L	C	P	Victor_2025	Victor_2025-SeFERM_ermtype_sequ7ence	L	
C2|~blaD-79_1|blaD-79_1|LCP|Victor_2025b|Class_DNSF70D	blaD	L	C	P	Victor_2025b	Victor_2025b-Class_DNSF70D	L	
C2|~blaD-80_1|blaD-80_1|LCP|Victor_2025b|Class_DNSF38D	blaD	L	C	P	Victor_2025b	Victor_2025b-Class_DNSF38D	L	
C2|~blaD-81_1|blaD-81_1|LCP|Victor_2025b|Class_DNSF4D	blaD	L	C	P	Victor_2025b	Victor_2025b-Class_DNSF4D	L	
C2|~blaD-82_1|blaD-82_1|LCP|Victor_2025b|Class_DNSF1D	blaD	L	C	P	Victor_2025b	Victor_2025b-Class_DNSF1D	L	
C2|~blaB1-143_1|blaB1-143_1|LCP|Victor_2025b|Class_B1B2NSF5B1B2	blaB1	L	C	P	Victor_2025b	Victor_2025b-Class_B1B2NSF5B1B2	L	
C2|~blaD-83_1|blaD-83_1|LCS|Ruppe_2019|MC3.MG122.AS1.GP1.C38960.G1	blaD	L	C	S	Ruppe_2019	Ruppe_2019-1|385124|18|Human-Microbiome-3.9M-Gene-Catalog-(metahit-v2)|MC3.MG122.AS1.GP1.C38960.G1|blad	L	
C2|~blaB3-790_1|blaB3-790_1|LCS|Ruppe_2019|MC3.MG368.AS1.GP1.C56122.G8	blaB3	L	C	S	Ruppe_2019	Ruppe_2019-1|2909170|16|Human-Microbiome-3.9M-Gene-Catalog-(metahit-v2)|MC3.MG368.AS1.GP1.C56122.G8|blab3	L	
C2|~blaB3-791_1|blaB3-791_1|LCS|Ruppe_2019|MC3.MG332.AS1.GP1.C11315.G1	blaB3	L	C	S	Ruppe_2019	Ruppe_2019-1|2487421|16|Human-Microbiome-3.9M-Gene-Catalog-(metahit-v2)|MC3.MG332.AS1.GP1.C11315.G1|blab3	L	
C2|~blaB3-792_1|blaB3-792_1|LCS|Ruppe_2019|MC3.MG28.AS1.GP1.C35817.G2	blaB3	L	C	S	Ruppe_2019	Ruppe_2019-1|1827402|16|Human-Microbiome-3.9M-Gene-Catalog-(metahit-v2)|MC3.MG28.AS1.GP1.C35817.G2|blab3	L	
C2|~blaB3-793_1|blaB3-793_1|LCS|Ruppe_2019|MC3.MG274.AS1.GP1.C22157.G2	blaB3	L	C	S	Ruppe_2019	Ruppe_2019-1|1792592|16|Human-Microbiome-3.9M-Gene-Catalog-(metahit-v2)|MC3.MG274.AS1.GP1.C22157.G2|blab3	L	
C2|~blaB3-795_1|blaB3-795_1|LCS|Ruppe_2019|MC3.MG120.AS1.GP1.C50362.G1	blaB3	L	C	S	Ruppe_2019	Ruppe_2019-1|356256|16|Human-Microbiome-3.9M-Gene-Catalog-(metahit-v2)|MC3.MG120.AS1.GP1.C50362.G1|blab3	L	
C2|~blaB1-144_1|blaB1-144_1|LCS|Ruppe_2019|MC3.MG100.AS1.GP1.C15784.G4	blaB1	L	C	S	Ruppe_2019	Ruppe_2019-1|16353|14|Human-Microbiome-3.9M-Gene-Catalog-(metahit-v2)|MC3.MG100.AS1.GP1.C15784.G4|blab1	L	
C2|~aph-156_1|aph-156_1|LCS|Ruppe_2019|MC3.MG68.AS1.GP1.C16180.G3	aph	L	C	S	Ruppe_2019	Ruppe_2019-1|3532165|8|Human-Microbiome-3.9M-Gene-Catalog-(metahit-v2)|MC3.MG68.AS1.GP1.C16180.G3|aph	L	
C2|~aac3-266_1|aac3-266_1|LCS|Ruppe_2019|MC3.MG321.AS1.GP1.C34409.G1	aac3	L	C	S	Ruppe_2019	Ruppe_2019-1|2337458|5|Human-Microbiome-3.9M-Gene-Catalog-(metahit-v2)|MC3.MG321.AS1.GP1.C34409.G1|aac3_2	L	
C2|~aac3-267_1|aac3-267_1|LCS|Ruppe_2019|MC3.MG254.AS1.GP1.C34926.G2	aac3	L	C	S	Ruppe_2019	Ruppe_2019-1|1638976|5|Human-Microbiome-3.9M-Gene-Catalog-(metahit-v2)|MC3.MG254.AS1.GP1.C34926.G2|aac3_2	L	
C2|~aph3p-255_1|aph3p-255_1|LCP|Li_2025|k141_1102501_seq1_1	aph3p	L	C	P	Li_2025	Li_2025-aminoglycoside_model_h|swine|k141_1102501_seq1_1	L	
C2|~aph3p-256_1|aph3p-256_1|LCP|Li_2025|k141_1248146_seq1_1	aph3p	L	C	P	Li_2025	Li_2025-aminoglycoside_model_h|swine|k141_1248146_seq1_1	L	
C2|~aph3p-257_1|aph3p-257_1|LCP|Li_2025|k141_1004836_seq1_1	aph3p	L	C	P	Li_2025	Li_2025-aminoglycoside_model_h|swine|k141_1004836_seq1_1	L	
C2|~aph3p-258_1|aph3p-258_1|LCP|Li_2025|k141_491463_seq1_1	aph3p	L	C	P	Li_2025	Li_2025-aminoglycoside_model_h|swine|k141_491463_seq1_1	L	
C2|~aac3-271_1|aac3-271_1|LCP|Li_2025|k141_297519_seq1_1	aac3	L	C	P	Li_2025	Li_2025-aminoglycoside_model_c|swine|k141_297519_seq1_1	L	
C2|~aac3-272_1|aac3-272_1|LCP|Li_2025|k141_26055_seq1_1	aac3	L	C	P	Li_2025	Li_2025-aminoglycoside_model_c|swine|k141_26055_seq1_1	L	
C2|~aac3-274_1|aac3-274_1|LCP|Li_2025|k141_216012_seq1_1	aac3	L	C	P	Li_2025	Li_2025-aminoglycoside_model_c|swine|k141_216012_seq1_1	L	
C2|~aac3-276_1|aac3-276_1|LCP|Li_2025|k141_97295_seq1_1	aac3	L	C	P	Li_2025	Li_2025-aminoglycoside_model_c|swine|k141_97295_seq1_1	L	
C2|~aac3-277_1|aac3-277_1|LCP|Li_2025|k141_237438_seq1_1	aac3	L	C	P	Li_2025	Li_2025-aminoglycoside_model_c|swine|k141_237438_seq1_1	L	
C2|~erm-205_1|erm-205_1|LCP|Li_2025|k141_524183_seq1_1	erm	L	C	P	Li_2025	Li_2025-erm_type_f|swine|k141_524183_seq1_1	L	
C2|~erm-206_1|erm-206_1|LCP|Li_2025|k141_119981_seq1_1	erm	L	C	P	Li_2025	Li_2025-erm_type_a|swine|k141_119981_seq1_1	L	
C2|~aph3p-259_1|aph3p-259_1|LCP|Li_2025|k141_19630_seq1_1	aph3p	L	C	P	Li_2025	Li_2025-aminoglycoside_model_h|chicken|k141_19630_seq1_1	L	
C2|~aac3-280_1|aac3-280_1|LCP|Li_2025|k141_93586_seq1_1	aac3	L	C	P	Li_2025	Li_2025-aminoglycoside_model_c|chicken|k141_93586_seq1_1	L	
C2|~aph3p-261_1|aph3p-261_1|LCP|Li_2025|k141_2801614_seq1_1	aph3p	L	C	P	Li_2025	Li_2025-aminoglycoside_model_h|cattle|k141_2801614_seq1_1	L	
C2|~aph3p-263_1|aph3p-263_1|LCP|Li_2025|k141_1753584_seq1_1	aph3p	L	C	P	Li_2025	Li_2025-aminoglycoside_model_h|cattle|k141_1753584_seq1_1	L	
C2|~aph3p-264_1|aph3p-264_1|LCP|Li_2025|k141_609354_seq1_1	aph3p	L	C	P	Li_2025	Li_2025-aminoglycoside_model_h|cattle|k141_609354_seq1_1	L	
C2|~aph3p-265_1|aph3p-265_1|LCP|Li_2025|k141_1207004_seq1_1	aph3p	L	C	P	Li_2025	Li_2025-aminoglycoside_model_h|cattle|k141_1207004_seq1_1	L	
C2|~aph3p-267_1|aph3p-267_1|LCP|Li_2025|k141_649650_seq1_1	aph3p	L	C	P	Li_2025	Li_2025-aminoglycoside_model_h|cattle|k141_649650_seq1_1	L	
C2|~aph3p-268_1|aph3p-268_1|LCP|Li_2025|k141_1254812_seq1_1	aph3p	L	C	P	Li_2025	Li_2025-aminoglycoside_model_h|cattle|k141_1254812_seq1_1	L	
C2|~aph3p-269_1|aph3p-269_1|LCP|Li_2025|k141_943435_seq1_1	aph3p	L	C	P	Li_2025	Li_2025-aminoglycoside_model_h|cattle|k141_943435_seq1_1	L	
C2|~aph3p-270_1|aph3p-270_1|LMP|Li_2025|k141_1122081_seq1_1	aph3p	L	M	P	Li_2025	Li_2025-aminoglycoside_model_h|cattle|k141_1122081_seq1_1	L	
C2|~aph3p-271_1|aph3p-271_1|LCP|Li_2025|k141_241184_seq1_1	aph3p	L	C	P	Li_2025	Li_2025-aminoglycoside_model_h|cattle|k141_241184_seq1_1	L	
C2|~aph3p-272_1|aph3p-272_1|LCP|Li_2025|k141_1212446_seq1_1	aph3p	L	C	P	Li_2025	Li_2025-aminoglycoside_model_h|cattle|k141_1212446_seq1_1	L	
C2|~aph3p-273_1|aph3p-273_1|LCP|Li_2025|k141_355084_seq1_1	aph3p	L	C	P	Li_2025	Li_2025-aminoglycoside_model_h|cattle|k141_355084_seq1_1	L	
C2|~aph3p-274_1|aph3p-274_1|LCP|Li_2025|k141_246424_seq1_1	aph3p	L	C	P	Li_2025	Li_2025-aminoglycoside_model_h|cattle|k141_246424_seq1_1	L	
C2|~aac3-287_1|aac3-287_1|LCP|Li_2025|k141_499527_seq1_1	aac3	L	C	P	Li_2025	Li_2025-aminoglycoside_model_c|cattle|k141_499527_seq1_1	L	
C2|~aac3-289_1|aac3-289_1|LCP|Li_2025|k141_524428_seq1_1	aac3	L	C	P	Li_2025	Li_2025-aminoglycoside_model_c|cattle|k141_524428_seq1_1	L	
C2|~blaD2-273_1|blaD2-273_1|LCP|Li_2025|k141_369130_seq1_1	blaD2	L	C	P	Li_2025	Li_2025-class_d_2|cattle|k141_369130_seq1_1	L	
C2|~blaD1-53_1|blaD1-53_1|LCP|Li_2025|k141_166636_seq1_1	blaD1	L	C	P	Li_2025	Li_2025-class_d_1|cattle|k141_166636_seq1_1	L	
C2|~blaD2-274_1|blaD2-274_1|LMP|CocheMiranda_2026|CocheMiranda_2026_SPA_MetaAn_75_l267_st209_e1009_se1_ID=16525_2	blaD2	L	M	P	CocheMiranda_2026	CocheMiranda_2026-fARgene_CocheMiranda_2026.faa_class_d_2-CocheMiranda_2026_SPA_MetaAn_75_l267_st209_e1009_se1_ID=16525_2	L	
C2|~blaD2-fARgene_7|blaD2-fARgene_7|LCP|CocheMiranda_2026|CocheMiranda_2026_SPA_MetaAn_31_l282_st5526_e6371_se	blaD2	L	C	P	CocheMiranda_2026	CocheMiranda_2026-fARgene_CocheMiranda_2026.faa_class_d_2-CocheMiranda_2026_SPA_MetaAn_31_l282_st5526_e6371_se-1_ID=397_7	L	
C2|~blaD2-275_1|blaD2-275_1|LCP|CocheMiranda_2026|CocheMiranda_2026_850015_len_267_MetaAn_74	blaD2	L	C	P	CocheMiranda_2026	CocheMiranda_2026-fARgene_CocheMiranda_2026.faa_class_d_2-CocheMiranda_2026_850015_len_267_MetaAn_74	L	
C2|~blaD2-276_1|blaD2-276_1|LCP|Victor_2025|SeFCLASS_d2_sequ23ence	blaD2	L	C	P	Victor_2025	Victor_2025-SeFCLASS_d2_sequ23ence	L	
C2|~blaB1-146_1|blaB1-146_1|LCP|Victor_2025|HoFCLASS_b12_sequ8ence	blaB1	L	C	P	Victor_2025	Victor_2025-HoFCLASS_b12_sequ8ence	L	
C2|~blaD-84_1|blaD-84_1|LCP|Victor_2025b|Class_DNSF87D	blaD	L	C	P	Victor_2025b	Victor_2025b-Class_DNSF87D	L	
C2|~blaD-85_1|blaD-85_1|LCP|Victor_2025b|Class_DNSF57D	blaD	L	C	P	Victor_2025b	Victor_2025b-Class_DNSF57D	L	
C2|~blaD-86_1|blaD-86_1|LCP|Victor_2025b|Class_DNSF33D	blaD	L	C	P	Victor_2025b	Victor_2025b-Class_DNSF33D	L	
C2|~blaB1-147_1|blaB1-147_1|LCP|Victor_2025b|Class_B1B2NSF25B1B2	blaB1	L	C	P	Victor_2025b	Victor_2025b-Class_B1B2NSF25B1B2	L	
C2|~blaC-218_1|blaC-218_1|LCS|Ruppe_2019|MC3.MG344.AS1.GP1.C13602.G2	blaC	L	C	S	Ruppe_2019	Ruppe_2019-1|2597103|17|Human-Microbiome-3.9M-Gene-Catalog-(metahit-v2)|MC3.MG344.AS1.GP1.C13602.G2|blac	L	
C2|~blaB3-796_1|blaB3-796_1|LCS|Ruppe_2019|MC3.MG382.AS1.GP1.C33796.G1	blaB3	L	C	S	Ruppe_2019	Ruppe_2019-1|3077465|16|Human-Microbiome-3.9M-Gene-Catalog-(metahit-v2)|MC3.MG382.AS1.GP1.C33796.G1|blab3	L	
C2|~blaB3-797_1|blaB3-797_1|LCS|Ruppe_2019|MC3.MG367.AS1.GP1.C62060.G10	blaB3	L	C	S	Ruppe_2019	Ruppe_2019-1|2901343|16|Human-Microbiome-3.9M-Gene-Catalog-(metahit-v2)|MC3.MG367.AS1.GP1.C62060.G10|blab3	L	
C2|~blaB3-798_1|blaB3-798_1|LCS|Ruppe_2019|MC3.MG345.AS1.GP1.C70617.G2	blaB3	L	C	S	Ruppe_2019	Ruppe_2019-1|2654670|16|Human-Microbiome-3.9M-Gene-Catalog-(metahit-v2)|MC3.MG345.AS1.GP1.C70617.G2|blab3	L	
C2|~blaB3-799_1|blaB3-799_1|LCS|Ruppe_2019|MC3.MG179.AS1.GP1.C66991.G68	blaB3	L	C	S	Ruppe_2019	Ruppe_2019-1|1011934|16|Human-Microbiome-3.9M-Gene-Catalog-(metahit-v2)|MC3.MG179.AS1.GP1.C66991.G68|blab3	L	
C2|~blaA-461_1|blaA-461_1|LCS|Ruppe_2019|MC3.MG132.AS1.GP1.C33467.G6	blaA	L	C	S	Ruppe_2019	Ruppe_2019-1|491301|12|Human-Microbiome-3.9M-Gene-Catalog-(metahit-v2)|MC3.MG132.AS1.GP1.C33467.G6|blaa	L	
C2|~aph-157_1|aph-157_1|LCS|Ruppe_2019|MC3.MG314.AS1.GP1.C18262.G23	aph	L	C	S	Ruppe_2019	Ruppe_2019-1|2249793|8|Human-Microbiome-3.9M-Gene-Catalog-(metahit-v2)|MC3.MG314.AS1.GP1.C18262.G23|aph	L	
C2|~aph-158_1|aph-158_1|LCS|Ruppe_2019|MC3.MG276.AS1.GP1.C7291.G3	aph	L	C	S	Ruppe_2019	Ruppe_2019-1|1804765|8|Human-Microbiome-3.9M-Gene-Catalog-(metahit-v2)|MC3.MG276.AS1.GP1.C7291.G3|aph	L	
C2|~aac3-290_1|aac3-290_1|LCS|Ruppe_2019|MC3.MG52.AS1.GP1.C29695.G2	aac3	L	C	S	Ruppe_2019	Ruppe_2019-1|3349935|5|Human-Microbiome-3.9M-Gene-Catalog-(metahit-v2)|MC3.MG52.AS1.GP1.C29695.G2|aac3_2	L	
C2|~aac3-291_1|aac3-291_1|LCS|Ruppe_2019|MC3.MG43.AS1.GP1.C18073.G3	aac3	L	C	S	Ruppe_2019	Ruppe_2019-1|3278900|5|Human-Microbiome-3.9M-Gene-Catalog-(metahit-v2)|MC3.MG43.AS1.GP1.C18073.G3|aac3_2	L	
C2|~aph3p-277_1|aph3p-277_1|LCP|Li_2025|k141_514810_seq1_1	aph3p	L	C	P	Li_2025	Li_2025-aminoglycoside_model_h|swine|k141_514810_seq1_1	L	
C2|~aph3p-279_1|aph3p-279_1|LCP|Li_2025|k141_37882_seq1_1	aph3p	L	C	P	Li_2025	Li_2025-aminoglycoside_model_h|swine|k141_37882_seq1_1	L	
C2|~aph3p-280_1|aph3p-280_1|LCP|Li_2025|k141_302118_seq1_1	aph3p	L	C	P	Li_2025	Li_2025-aminoglycoside_model_h|swine|k141_302118_seq1_1	L	
C2|~aph3p-281_1|aph3p-281_1|LCP|Li_2025|k141_1421899_seq1_1	aph3p	L	C	P	Li_2025	Li_2025-aminoglycoside_model_h|swine|k141_1421899_seq1_1	L	
C2|~erm-208_1|erm-208_1|LCP|Li_2025|k141_587694_seq1_1	erm	L	C	P	Li_2025	Li_2025-erm_type_f|swine|k141_587694_seq1_1	L	
C2|~aph3p-282_1|aph3p-282_1|LCP|Li_2025|k141_149811_seq1_1	aph3p	L	C	P	Li_2025	Li_2025-aminoglycoside_model_h|chicken|k141_149811_seq1_1	L	
C2|~aph3p-283_1|aph3p-283_1|LCP|Li_2025|k141_55002_seq1_1	aph3p	L	C	P	Li_2025	Li_2025-aminoglycoside_model_h|chicken|k141_55002_seq1_1	L	
C2|~aph3p-284_1|aph3p-284_1|LCP|Li_2025|k141_200376_seq1_1	aph3p	L	C	P	Li_2025	Li_2025-aminoglycoside_model_h|chicken|k141_200376_seq1_1	L	
C2|~aac3-296_1|aac3-296_1|LCP|Li_2025|k141_119559_seq1_1	aac3	L	C	P	Li_2025	Li_2025-aminoglycoside_model_c|chicken|k141_119559_seq1_1	L	
C2|~aac3-297_1|aac3-297_1|LCP|Li_2025|k141_67195_seq1_1	aac3	L	C	P	Li_2025	Li_2025-aminoglycoside_model_c|chicken|k141_67195_seq1_1	L	
C2|~erm-209_1|erm-209_1|LCP|Li_2025|k119_53360_seq1_1	erm	L	C	P	Li_2025	Li_2025-erm_type_f|chicken|k119_53360_seq1_1	L	
C2|~erm-210_1|erm-210_1|LCP|Li_2025|k141_979800_seq1_1	erm	L	C	P	Li_2025	Li_2025-erm_type_a|chicken|k141_979800_seq1_1	L	
C2|~blaD2-277_1|blaD2-277_1|LCP|Li_2025|k141_44943_seq1_1	blaD2	L	C	P	Li_2025	Li_2025-class_d_2|chicken|k141_44943_seq1_1	L	
C2|~aph3p-286_1|aph3p-286_1|LCP|Li_2025|k141_725619_seq1_1	aph3p	L	C	P	Li_2025	Li_2025-aminoglycoside_model_h|cattle|k141_725619_seq1_1	L	
C2|~aph3p-287_1|aph3p-287_1|LCP|Li_2025|k141_225087_seq1_1	aph3p	L	C	P	Li_2025	Li_2025-aminoglycoside_model_h|cattle|k141_225087_seq1_1	L	
C2|~aph3p-288_1|aph3p-288_1|LCP|Li_2025|k141_914543_seq1_1	aph3p	L	C	P	Li_2025	Li_2025-aminoglycoside_model_h|cattle|k141_914543_seq1_1	L	
C2|~aph3p-289_1|aph3p-289_1|LCP|Li_2025|k119_178800_seq1_1	aph3p	L	C	P	Li_2025	Li_2025-aminoglycoside_model_h|cattle|k119_178800_seq1_1	L	
C2|~aph3p-291_1|aph3p-291_1|LCP|Li_2025|k141_1167885_seq1_1	aph3p	L	C	P	Li_2025	Li_2025-aminoglycoside_model_h|cattle|k141_1167885_seq1_1	L	
C2|~aph3p-292_1|aph3p-292_1|LCP|Li_2025|k141_1152643_seq1_1	aph3p	L	C	P	Li_2025	Li_2025-aminoglycoside_model_h|cattle|k141_1152643_seq1_1	L	
C2|~aph3p-293_1|aph3p-293_1|LCP|Li_2025|k141_597672_seq1_1	aph3p	L	C	P	Li_2025	Li_2025-aminoglycoside_model_h|cattle|k141_597672_seq1_1	L	
C2|~aph3p-294_1|aph3p-294_1|LCP|Li_2025|k141_2618715_seq1_1	aph3p	L	C	P	Li_2025	Li_2025-aminoglycoside_model_h|cattle|k141_2618715_seq1_1	L	
C2|~aph3p-295_1|aph3p-295_1|LCP|Li_2025|k141_4467444_seq1_1	aph3p	L	C	P	Li_2025	Li_2025-aminoglycoside_model_h|cattle|k141_4467444_seq1_1	L	
C2|~aph3p-296_1|aph3p-296_1|LMP|Li_2025|k141_1078023_seq1_1	aph3p	L	M	P	Li_2025	Li_2025-aminoglycoside_model_h|cattle|k141_1078023_seq1_1	L	
C2|~aph3p-298_1|aph3p-298_1|LCP|Li_2025|k141_273160_seq1_1	aph3p	L	C	P	Li_2025	Li_2025-aminoglycoside_model_h|cattle|k141_273160_seq1_1	L	
C2|~aph3p-301_1|aph3p-301_1|LCP|Li_2025|k141_1609783_seq1_1	aph3p	L	C	P	Li_2025	Li_2025-aminoglycoside_model_h|cattle|k141_1609783_seq1_1	L	
C2|~aph3p-302_1|aph3p-302_1|LCP|Li_2025|k141_1832898_seq1_1	aph3p	L	C	P	Li_2025	Li_2025-aminoglycoside_model_h|cattle|k141_1832898_seq1_1	L	
C2|~aph3p-303_1|aph3p-303_1|LCP|Li_2025|k141_2961108_seq1_1	aph3p	L	C	P	Li_2025	Li_2025-aminoglycoside_model_h|cattle|k141_2961108_seq1_1	L	
C2|~aph3p-306_1|aph3p-306_1|LCP|Li_2025|k141_2300153_seq1_1	aph3p	L	C	P	Li_2025	Li_2025-aminoglycoside_model_h|cattle|k141_2300153_seq1_1	L	
C2|~aph3p-307_1|aph3p-307_1|LCP|Li_2025|k141_211977_seq1_1	aph3p	L	C	P	Li_2025	Li_2025-aminoglycoside_model_h|cattle|k141_211977_seq1_1	L	
C2|~aph3p-308_1|aph3p-308_1|LCP|Li_2025|k141_277026_seq1_1	aph3p	L	C	P	Li_2025	Li_2025-aminoglycoside_model_h|cattle|k141_277026_seq1_1	L	
C2|~aph3p-309_1|aph3p-309_1|LCP|Li_2025|k141_1648197_seq1_1	aph3p	L	C	P	Li_2025	Li_2025-aminoglycoside_model_h|cattle|k141_1648197_seq1_1	L	
C2|~aph3p-311_1|aph3p-311_1|LCP|Li_2025|k141_1056259_seq1_1	aph3p	L	C	P	Li_2025	Li_2025-aminoglycoside_model_h|cattle|k141_1056259_seq1_1	L	
C2|~aph3p-312_1|aph3p-312_1|LCP|Li_2025|k141_351287_seq1_1	aph3p	L	C	P	Li_2025	Li_2025-aminoglycoside_model_h|cattle|k141_351287_seq1_1	L	
C2|~aph3p-313_1|aph3p-313_1|LCP|Li_2025|k141_1128178_seq1_1	aph3p	L	C	P	Li_2025	Li_2025-aminoglycoside_model_h|cattle|k141_1128178_seq1_1	L	
C2|~aph3p-314_1|aph3p-314_1|LCP|Li_2025|k141_504265_seq1_1	aph3p	L	C	P	Li_2025	Li_2025-aminoglycoside_model_h|cattle|k141_504265_seq1_1	L	
C2|~aph3p-316_1|aph3p-316_1|LCP|Li_2025|k141_252929_seq1_1	aph3p	L	C	P	Li_2025	Li_2025-aminoglycoside_model_h|cattle|k141_252929_seq1_1	L	
C2|~aph3p-318_1|aph3p-318_1|LCP|Li_2025|k141_305862_seq1_1	aph3p	L	C	P	Li_2025	Li_2025-aminoglycoside_model_h|cattle|k141_305862_seq1_1	L	
C2|~aph3p-319_1|aph3p-319_1|LCP|Li_2025|k141_1008047_seq1_1	aph3p	L	C	P	Li_2025	Li_2025-aminoglycoside_model_h|cattle|k141_1008047_seq1_1	L	
C2|~aph3p-320_1|aph3p-320_1|LCP|Li_2025|k141_318834_seq1_1	aph3p	L	C	P	Li_2025	Li_2025-aminoglycoside_model_h|cattle|k141_318834_seq1_1	L	
C2|~aph3p-321_1|aph3p-321_1|LCP|Li_2025|k141_539289_seq1_1	aph3p	L	C	P	Li_2025	Li_2025-aminoglycoside_model_h|cattle|k141_539289_seq1_1	L	
C2|~aph3p-325_1|aph3p-325_1|LCP|Li_2025|k141_1054346_seq1_1	aph3p	L	C	P	Li_2025	Li_2025-aminoglycoside_model_h|cattle|k141_1054346_seq1_1	L	
C2|~aph3p-326_1|aph3p-326_1|LCP|Li_2025|k141_11970_seq1_1	aph3p	L	C	P	Li_2025	Li_2025-aminoglycoside_model_h|cattle|k141_11970_seq1_1	L	
C2|~aph3p-327_1|aph3p-327_1|LCP|Li_2025|k141_925179_seq1_1	aph3p	L	C	P	Li_2025	Li_2025-aminoglycoside_model_h|cattle|k141_925179_seq1_1	L	
C2|~aph3p-329_1|aph3p-329_1|LCP|Li_2025|k141_62701_seq1_1	aph3p	L	C	P	Li_2025	Li_2025-aminoglycoside_model_h|cattle|k141_62701_seq1_1	L	
C2|~aph3p-330_1|aph3p-330_1|LCP|Li_2025|k141_805961_seq1_1	aph3p	L	C	P	Li_2025	Li_2025-aminoglycoside_model_h|cattle|k141_805961_seq1_1	L	
C2|~aph3p-331_1|aph3p-331_1|LCP|Li_2025|k141_158877_seq1_1	aph3p	L	C	P	Li_2025	Li_2025-aminoglycoside_model_h|cattle|k141_158877_seq1_1	L	
C2|~aph3p-335_1|aph3p-335_1|LCP|Li_2025|k141_1090639_seq1_1	aph3p	L	C	P	Li_2025	Li_2025-aminoglycoside_model_h|cattle|k141_1090639_seq1_1	L	
C2|~aph3p-341_1|aph3p-341_1|LCP|Li_2025|k141_175074_seq1_1	aph3p	L	C	P	Li_2025	Li_2025-aminoglycoside_model_h|cattle|k141_175074_seq1_1	L	
C2|~aph3p-343_1|aph3p-343_1|LCP|Li_2025|k141_661891_seq1_1	aph3p	L	C	P	Li_2025	Li_2025-aminoglycoside_model_h|cattle|k141_661891_seq1_1	L	
C2|~aph3p-344_1|aph3p-344_1|LCP|Li_2025|k141_400932_seq1_1	aph3p	L	C	P	Li_2025	Li_2025-aminoglycoside_model_h|cattle|k141_400932_seq1_1	L	
C2|~aph3p-349_1|aph3p-349_1|LCP|Li_2025|k141_567891_seq1_1	aph3p	L	C	P	Li_2025	Li_2025-aminoglycoside_model_h|cattle|k141_567891_seq1_1	L	
C2|~aph3p-352_1|aph3p-352_1|LCP|Li_2025|k141_600558_seq1_1	aph3p	L	C	P	Li_2025	Li_2025-aminoglycoside_model_h|cattle|k141_600558_seq1_1	L	
C2|~aph3p-353_1|aph3p-353_1|LCP|Li_2025|k141_585597_seq1_1	aph3p	L	C	P	Li_2025	Li_2025-aminoglycoside_model_h|cattle|k141_585597_seq1_1	L	
C2|~aph3p-355_1|aph3p-355_1|LCP|Li_2025|k141_1092480_seq1_1	aph3p	L	C	P	Li_2025	Li_2025-aminoglycoside_model_h|cattle|k141_1092480_seq1_1	L	
C2|~aph3p-356_1|aph3p-356_1|LCP|Li_2025|k141_565110_seq1_1	aph3p	L	C	P	Li_2025	Li_2025-aminoglycoside_model_h|cattle|k141_565110_seq1_1	L	
C2|~aph3p-358_1|aph3p-358_1|LCP|Li_2025|k141_944443_seq1_1	aph3p	L	C	P	Li_2025	Li_2025-aminoglycoside_model_h|cattle|k141_944443_seq1_1	L	
C2|~aph3p-359_1|aph3p-359_1|LCP|Li_2025|k141_146044_seq1_1	aph3p	L	C	P	Li_2025	Li_2025-aminoglycoside_model_h|cattle|k141_146044_seq1_1	L	
C2|~aph3p-366_1|aph3p-366_1|LCP|Li_2025|k141_1036049_seq1_1	aph3p	L	C	P	Li_2025	Li_2025-aminoglycoside_model_h|cattle|k141_1036049_seq1_1	L	
C2|~aph3p-370_1|aph3p-370_1|LCP|Li_2025|k141_200694_seq1_1	aph3p	L	C	P	Li_2025	Li_2025-aminoglycoside_model_h|cattle|k141_200694_seq1_1	L	
C2|~aph3p-371_1|aph3p-371_1|LCP|Li_2025|k141_408593_seq1_1	aph3p	L	C	P	Li_2025	Li_2025-aminoglycoside_model_h|cattle|k141_408593_seq1_1	L	
C2|~aph3p-372_1|aph3p-372_1|LCP|Li_2025|k141_708212_seq1_1	aph3p	L	C	P	Li_2025	Li_2025-aminoglycoside_model_h|cattle|k141_708212_seq1_1	L	
C2|~aph3p-376_1|aph3p-376_1|LCP|Li_2025|k141_668688_seq1_1	aph3p	L	C	P	Li_2025	Li_2025-aminoglycoside_model_h|cattle|k141_668688_seq1_1	L	
C2|~aph3p-379_1|aph3p-379_1|LCP|Li_2025|k141_310074_seq1_1	aph3p	L	C	P	Li_2025	Li_2025-aminoglycoside_model_h|cattle|k141_310074_seq1_1	L	
C2|~aph3p-382_1|aph3p-382_1|LCP|Li_2025|k141_61535_seq1_1	aph3p	L	C	P	Li_2025	Li_2025-aminoglycoside_model_h|cattle|k141_61535_seq1_1	L	
C2|~aph3p-384_1|aph3p-384_1|LCP|Li_2025|k141_112146_seq1_1	aph3p	L	C	P	Li_2025	Li_2025-aminoglycoside_model_h|cattle|k141_112146_seq1_1	L	
C2|~aph3p-386_1|aph3p-386_1|LCP|Li_2025|k141_327040_seq1_1	aph3p	L	C	P	Li_2025	Li_2025-aminoglycoside_model_h|cattle|k141_327040_seq1_1	L	
C2|~aph3p-388_1|aph3p-388_1|LCP|Li_2025|k141_884153_seq1_1	aph3p	L	C	P	Li_2025	Li_2025-aminoglycoside_model_h|cattle|k141_884153_seq1_1	L	
C2|~aph3p-391_1|aph3p-391_1|LMP|Li_2025|k141_1207865_seq1_1	aph3p	L	M	P	Li_2025	Li_2025-aminoglycoside_model_h|cattle|k141_1207865_seq1_1	L	
C2|~aph3p-392_1|aph3p-392_1|LMP|Li_2025|k141_1288659_seq1_1	aph3p	L	M	P	Li_2025	Li_2025-aminoglycoside_model_h|cattle|k141_1288659_seq1_1	L	
C2|~aph3p-393_1|aph3p-393_1|LCP|Li_2025|k141_1259219_seq1_1	aph3p	L	C	P	Li_2025	Li_2025-aminoglycoside_model_h|cattle|k141_1259219_seq1_1	L	
C2|~aac3-303_1|aac3-303_1|LCP|Li_2025|k141_4243303_seq1_1	aac3	L	C	P	Li_2025	Li_2025-aminoglycoside_model_c|cattle|k141_4243303_seq1_1	L	
C2|~erm-211_1|erm-211_1|LCP|Li_2025|k141_153622_seq1_1	erm	L	C	P	Li_2025	Li_2025-erm_type_f|cattle|k141_153622_seq1_1	L	
C2|~erm-212_1|erm-212_1|LCP|Li_2025|k141_120841_seq1_1	erm	L	C	P	Li_2025	Li_2025-erm_type_f|cattle|k141_120841_seq1_1	L	
C2|~erm-213_1|erm-213_1|LCP|Li_2025|k141_1201789_seq1_1	erm	L	C	P	Li_2025	Li_2025-erm_type_f|cattle|k141_1201789_seq1_1	L	
C2|~blaD2-278_1|blaD2-278_1|LCP|Li_2025|k141_64453_seq1_1	blaD2	L	C	P	Li_2025	Li_2025-class_d_2|cattle|k141_64453_seq1_1	L	
C2|~blaD2-280_1|blaD2-280_1|LCP|Victor_2025|HoACLASS_d2_sequ22ence	blaD2	L	C	P	Victor_2025	Victor_2025-HoACLASS_d2_sequ22ence	L	
C2|~blaD-87_1|blaD-87_1|LCP|Victor_2025b|Class_DNSF79D	blaD	L	C	P	Victor_2025b	Victor_2025b-Class_DNSF79D	L	
C2|~blaB3-801_1|blaB3-801_1|LCS|Ruppe_2019|MC3.MG34.AS1.GP1.C15069.G7	blaB3	L	C	S	Ruppe_2019	Ruppe_2019-1|2566178|16|Human-Microbiome-3.9M-Gene-Catalog-(metahit-v2)|MC3.MG34.AS1.GP1.C15069.G7|blab3	L	
C2|~blaB3-802_1|blaB3-802_1|LCS|Ruppe_2019|MC3.MG332.AS1.GP1.C48077.G13	blaB3	L	C	S	Ruppe_2019	Ruppe_2019-1|2521540|16|Human-Microbiome-3.9M-Gene-Catalog-(metahit-v2)|MC3.MG332.AS1.GP1.C48077.G13|blab3	L	
C2|~blaB3-803_1|blaB3-803_1|LCS|Ruppe_2019|MC3.MG299.AS1.GP1.C35411.G13	blaB3	L	C	S	Ruppe_2019	Ruppe_2019-1|2066805|16|Human-Microbiome-3.9M-Gene-Catalog-(metahit-v2)|MC3.MG299.AS1.GP1.C35411.G13|blab3	L	
C2|~blaB3-804_1|blaB3-804_1|LCS|Ruppe_2019|MC3.MG255.AS1.GP1.C4462.G13	blaB3	L	C	S	Ruppe_2019	Ruppe_2019-1|1664178|16|Human-Microbiome-3.9M-Gene-Catalog-(metahit-v2)|MC3.MG255.AS1.GP1.C4462.G13|blab3	L	
C2|~blaA-462_1|blaA-462_1|LCS|Ruppe_2019|MC3.MG377.AS1.GP1.C70389.G2	blaA	L	C	S	Ruppe_2019	Ruppe_2019-1|3001520|12|Human-Microbiome-3.9M-Gene-Catalog-(metahit-v2)|MC3.MG377.AS1.GP1.C70389.G2|blaa	L	
C2|~blaA-463_1|blaA-463_1|LMS|Ruppe_2019|MC3.MG287.AS1.GP1.C2734.G34	blaA	L	M	S	Ruppe_2019	Ruppe_2019-1|1900962|12|Human-Microbiome-3.9M-Gene-Catalog-(metahit-v2)|MC3.MG287.AS1.GP1.C2734.G34|blaa	L	
C2|~blaA-464_1|blaA-464_1|LCS|Ruppe_2019|MC3.MG110.AS1.GP1.C29618.G2	blaA	L	C	S	Ruppe_2019	Ruppe_2019-1|160668|12|Human-Microbiome-3.9M-Gene-Catalog-(metahit-v2)|MC3.MG110.AS1.GP1.C29618.G2|blaa	L	
C2|~aph-160_1|aph-160_1|LCS|Ruppe_2019|MC3.MG42.AS1.GP1.C10108.G1	aph	L	C	S	Ruppe_2019	Ruppe_2019-1|3271265|8|Human-Microbiome-3.9M-Gene-Catalog-(metahit-v2)|MC3.MG42.AS1.GP1.C10108.G1|aph	L	
C2|~aph-161_1|aph-161_1|LCS|Ruppe_2019|MC3.MG245.AS1.GP1.C13972.G1	aph	L	C	S	Ruppe_2019	Ruppe_2019-1|1564094|8|Human-Microbiome-3.9M-Gene-Catalog-(metahit-v2)|MC3.MG245.AS1.GP1.C13972.G1|aph	L	
C2|~aph-163_1|aph-163_1|LCS|Ruppe_2019|MC3.MG144.AS1.GP1.C37158.G5	aph	L	C	S	Ruppe_2019	Ruppe_2019-1|683561|8|Human-Microbiome-3.9M-Gene-Catalog-(metahit-v2)|MC3.MG144.AS1.GP1.C37158.G5|aph	L	
C2|~aac3-307_1|aac3-307_1|LCS|Ruppe_2019|MC3.MG87.AS1.GP1.C38644.G7	aac3	L	C	S	Ruppe_2019	Ruppe_2019-1|3687696|5|Human-Microbiome-3.9M-Gene-Catalog-(metahit-v2)|MC3.MG87.AS1.GP1.C38644.G7|aac3_2	L	
C2|~aph3p-397_1|aph3p-397_1|LCP|Li_2025|k141_812654_seq1_1	aph3p	L	C	P	Li_2025	Li_2025-aminoglycoside_model_h|swine|k141_812654_seq1_1	L	
C2|~aph3p-398_1|aph3p-398_1|LCP|Li_2025|k141_1130619_seq1_1	aph3p	L	C	P	Li_2025	Li_2025-aminoglycoside_model_h|swine|k141_1130619_seq1_1	L	
C2|~aph3p-399_1|aph3p-399_1|LCP|Li_2025|k141_643758_seq1_1	aph3p	L	C	P	Li_2025	Li_2025-aminoglycoside_model_h|swine|k141_643758_seq1_1	L	
C2|~aph3p-400_1|aph3p-400_1|LCP|Li_2025|k141_585618_seq1_1	aph3p	L	C	P	Li_2025	Li_2025-aminoglycoside_model_h|swine|k141_585618_seq1_1	L	
C2|~erm-214_1|erm-214_1|LCP|Li_2025|k141_9073_seq1_1	erm	L	C	P	Li_2025	Li_2025-erm_type_f|swine|k141_9073_seq1_1	L	
C2|~aph3p-401_1|aph3p-401_1|LMP|Li_2025|k141_736564_seq1_1	aph3p	L	M	P	Li_2025	Li_2025-aminoglycoside_model_h|chicken|k141_736564_seq1_1	L	
C2|~aph3p-402_1|aph3p-402_1|LCP|Li_2025|k141_423844_seq1_1	aph3p	L	C	P	Li_2025	Li_2025-aminoglycoside_model_h|chicken|k141_423844_seq1_1	L	
C2|~aph3p-403_1|aph3p-403_1|LCP|Li_2025|k141_113013_seq1_1	aph3p	L	C	P	Li_2025	Li_2025-aminoglycoside_model_h|chicken|k141_113013_seq1_1	L	
C2|~aph3p-404_1|aph3p-404_1|LMP|Li_2025|k141_112761_seq1_1	aph3p	L	M	P	Li_2025	Li_2025-aminoglycoside_model_h|chicken|k141_112761_seq1_1	L	
C2|~aph3p-405_1|aph3p-405_1|LMP|Li_2025|k141_370538_seq1_1	aph3p	L	M	P	Li_2025	Li_2025-aminoglycoside_model_h|chicken|k141_370538_seq1_1	L	
C2|~aac3-310_1|aac3-310_1|LCP|Li_2025|k141_266427_seq1_1	aac3	L	C	P	Li_2025	Li_2025-aminoglycoside_model_c|chicken|k141_266427_seq1_1	L	
C2|~erm-215_1|erm-215_1|LCP|Li_2025|k119_238187_seq1_1	erm	L	C	P	Li_2025	Li_2025-erm_type_a|chicken|k119_238187_seq1_1	L	
C2|~aph3p-406_1|aph3p-406_1|LCP|Li_2025|k141_151531_seq1_1	aph3p	L	C	P	Li_2025	Li_2025-aminoglycoside_model_h|cattle|k141_151531_seq1_1	L	
C2|~aph3p-407_1|aph3p-407_1|LCP|Li_2025|k141_1022389_seq1_1	aph3p	L	C	P	Li_2025	Li_2025-aminoglycoside_model_h|cattle|k141_1022389_seq1_1	L	
C2|~aph3p-410_1|aph3p-410_1|LCP|Li_2025|k141_1214471_seq1_1	aph3p	L	C	P	Li_2025	Li_2025-aminoglycoside_model_h|cattle|k141_1214471_seq1_1	L	
C2|~aph3p-411_1|aph3p-411_1|LCP|Li_2025|k141_1340713_seq1_1	aph3p	L	C	P	Li_2025	Li_2025-aminoglycoside_model_h|cattle|k141_1340713_seq1_1	L	
C2|~aph3p-412_1|aph3p-412_1|LCP|Li_2025|k141_2107360_seq1_1	aph3p	L	C	P	Li_2025	Li_2025-aminoglycoside_model_h|cattle|k141_2107360_seq1_1	L	
C2|~aph3p-413_1|aph3p-413_1|LCP|Li_2025|k141_160039_seq1_1	aph3p	L	C	P	Li_2025	Li_2025-aminoglycoside_model_h|cattle|k141_160039_seq1_1	L	
C2|~aph3p-414_1|aph3p-414_1|LCP|Li_2025|k141_143749_seq1_1	aph3p	L	C	P	Li_2025	Li_2025-aminoglycoside_model_h|cattle|k141_143749_seq1_1	L	
C2|~aph3p-415_1|aph3p-415_1|LMP|Li_2025|k141_1795605_seq1_1	aph3p	L	M	P	Li_2025	Li_2025-aminoglycoside_model_h|cattle|k141_1795605_seq1_1	L	
C2|~aph3p-416_1|aph3p-416_1|LCP|Li_2025|k141_1806123_seq1_1	aph3p	L	C	P	Li_2025	Li_2025-aminoglycoside_model_h|cattle|k141_1806123_seq1_1	L	
C2|~aph3p-417_1|aph3p-417_1|LCP|Li_2025|k141_1463664_seq1_1	aph3p	L	C	P	Li_2025	Li_2025-aminoglycoside_model_h|cattle|k141_1463664_seq1_1	L	
C2|~aph3p-418_1|aph3p-418_1|LCP|Li_2025|k141_1558015_seq1_1	aph3p	L	C	P	Li_2025	Li_2025-aminoglycoside_model_h|cattle|k141_1558015_seq1_1	L	
C2|~aph3p-420_1|aph3p-420_1|LCP|Li_2025|k141_1918669_seq1_1	aph3p	L	C	P	Li_2025	Li_2025-aminoglycoside_model_h|cattle|k141_1918669_seq1_1	L	
C2|~aph3p-421_1|aph3p-421_1|LCP|Li_2025|k141_935750_seq1_1	aph3p	L	C	P	Li_2025	Li_2025-aminoglycoside_model_h|cattle|k141_935750_seq1_1	L	
C2|~aph3p-422_1|aph3p-422_1|LCP|Li_2025|k141_980949_seq1_1	aph3p	L	C	P	Li_2025	Li_2025-aminoglycoside_model_h|cattle|k141_980949_seq1_1	L	
C2|~aph3p-424_1|aph3p-424_1|LCP|Li_2025|k141_911081_seq1_1	aph3p	L	C	P	Li_2025	Li_2025-aminoglycoside_model_h|cattle|k141_911081_seq1_1	L	
C2|~aph3p-425_1|aph3p-425_1|LCP|Li_2025|k141_103321_seq1_1	aph3p	L	C	P	Li_2025	Li_2025-aminoglycoside_model_h|cattle|k141_103321_seq1_1	L	
C2|~aph3p-426_1|aph3p-426_1|LCP|Li_2025|k141_398951_seq1_1	aph3p	L	C	P	Li_2025	Li_2025-aminoglycoside_model_h|cattle|k141_398951_seq1_1	L	
C2|~aph3p-427_1|aph3p-427_1|LCP|Li_2025|k141_375928_seq1_1	aph3p	L	C	P	Li_2025	Li_2025-aminoglycoside_model_h|cattle|k141_375928_seq1_1	L	
C2|~aph3p-428_1|aph3p-428_1|LCP|Li_2025|k141_4578_seq1_1	aph3p	L	C	P	Li_2025	Li_2025-aminoglycoside_model_h|cattle|k141_4578_seq1_1	L	
C2|~aph3p-429_1|aph3p-429_1|LCP|Li_2025|k141_1094094_seq1_1	aph3p	L	C	P	Li_2025	Li_2025-aminoglycoside_model_h|cattle|k141_1094094_seq1_1	L	
C2|~aph3p-431_1|aph3p-431_1|LMP|Li_2025|k141_2992975_seq1_1	aph3p	L	M	P	Li_2025	Li_2025-aminoglycoside_model_h|cattle|k141_2992975_seq1_1	L	
C2|~aph3p-432_1|aph3p-432_1|LCP|Li_2025|k141_1110088_seq1_1	aph3p	L	C	P	Li_2025	Li_2025-aminoglycoside_model_h|cattle|k141_1110088_seq1_1	L	
C2|~aph3p-433_1|aph3p-433_1|LCP|Li_2025|k141_2889720_seq1_1	aph3p	L	C	P	Li_2025	Li_2025-aminoglycoside_model_h|cattle|k141_2889720_seq1_1	L	
C2|~aph3p-434_1|aph3p-434_1|LCP|Li_2025|k141_374585_seq1_1	aph3p	L	C	P	Li_2025	Li_2025-aminoglycoside_model_h|cattle|k141_374585_seq1_1	L	
C2|~aph3p-435_1|aph3p-435_1|LCP|Li_2025|k141_1381372_seq1_1	aph3p	L	C	P	Li_2025	Li_2025-aminoglycoside_model_h|cattle|k141_1381372_seq1_1	L	
C2|~aph3p-436_1|aph3p-436_1|LCP|Li_2025|k141_684822_seq1_1	aph3p	L	C	P	Li_2025	Li_2025-aminoglycoside_model_h|cattle|k141_684822_seq1_1	L	
C2|~aph3p-437_1|aph3p-437_1|LCP|Li_2025|k141_3303188_seq1_1	aph3p	L	C	P	Li_2025	Li_2025-aminoglycoside_model_h|cattle|k141_3303188_seq1_1	L	
C2|~aph3p-438_1|aph3p-438_1|LCP|Li_2025|k141_1271651_seq1_1	aph3p	L	C	P	Li_2025	Li_2025-aminoglycoside_model_h|cattle|k141_1271651_seq1_1	L	
C2|~aph3p-439_1|aph3p-439_1|LCP|Li_2025|k141_3176016_seq1_1	aph3p	L	C	P	Li_2025	Li_2025-aminoglycoside_model_h|cattle|k141_3176016_seq1_1	L	
C2|~aph3p-440_1|aph3p-440_1|LCP|Li_2025|k141_3406890_seq1_1	aph3p	L	C	P	Li_2025	Li_2025-aminoglycoside_model_h|cattle|k141_3406890_seq1_1	L	
C2|~aph3p-442_1|aph3p-442_1|LCP|Li_2025|k141_620442_seq1_1	aph3p	L	C	P	Li_2025	Li_2025-aminoglycoside_model_h|cattle|k141_620442_seq1_1	L	
C2|~aph3p-444_1|aph3p-444_1|LCP|Li_2025|k141_781673_seq1_1	aph3p	L	C	P	Li_2025	Li_2025-aminoglycoside_model_h|cattle|k141_781673_seq1_1	L	
C2|~aph3p-445_1|aph3p-445_1|LCP|Li_2025|k141_1385540_seq1_1	aph3p	L	C	P	Li_2025	Li_2025-aminoglycoside_model_h|cattle|k141_1385540_seq1_1	L	
C2|~aph3p-446_1|aph3p-446_1|LCP|Li_2025|k141_879269_seq1_1	aph3p	L	C	P	Li_2025	Li_2025-aminoglycoside_model_h|cattle|k141_879269_seq1_1	L	
C2|~aph3p-447_1|aph3p-447_1|LCP|Li_2025|k141_545560_seq1_1	aph3p	L	C	P	Li_2025	Li_2025-aminoglycoside_model_h|cattle|k141_545560_seq1_1	L	
C2|~aph3p-449_1|aph3p-449_1|LCP|Li_2025|k141_3835948_seq1_1	aph3p	L	C	P	Li_2025	Li_2025-aminoglycoside_model_h|cattle|k141_3835948_seq1_1	L	
C2|~aph3p-450_1|aph3p-450_1|LCP|Li_2025|k141_2799934_seq1_1	aph3p	L	C	P	Li_2025	Li_2025-aminoglycoside_model_h|cattle|k141_2799934_seq1_1	L	
C2|~aph3p-452_1|aph3p-452_1|LCP|Li_2025|k141_176006_seq1_1	aph3p	L	C	P	Li_2025	Li_2025-aminoglycoside_model_h|cattle|k141_176006_seq1_1	L	
C2|~aph3p-453_1|aph3p-453_1|LCP|Li_2025|k141_81770_seq1_1	aph3p	L	C	P	Li_2025	Li_2025-aminoglycoside_model_h|cattle|k141_81770_seq1_1	L	
C2|~aph3p-455_1|aph3p-455_1|LCP|Li_2025|k141_873453_seq1_1	aph3p	L	C	P	Li_2025	Li_2025-aminoglycoside_model_h|cattle|k141_873453_seq1_1	L	
C2|~aph3p-456_1|aph3p-456_1|LCP|Li_2025|k141_1615540_seq1_1	aph3p	L	C	P	Li_2025	Li_2025-aminoglycoside_model_h|cattle|k141_1615540_seq1_1	L	
C2|~aph3p-460_1|aph3p-460_1|LMP|Li_2025|k141_710701_seq1_1	aph3p	L	M	P	Li_2025	Li_2025-aminoglycoside_model_h|cattle|k141_710701_seq1_1	L	
C2|~aph3p-461_1|aph3p-461_1|LCP|Li_2025|k119_422675_seq1_1	aph3p	L	C	P	Li_2025	Li_2025-aminoglycoside_model_h|cattle|k119_422675_seq1_1	L	
C2|~aph3p-464_1|aph3p-464_1|LCP|Li_2025|k141_1046565_seq1_1	aph3p	L	C	P	Li_2025	Li_2025-aminoglycoside_model_h|cattle|k141_1046565_seq1_1	L	
C2|~aph3p-466_1|aph3p-466_1|LCP|Li_2025|k141_505488_seq1_1	aph3p	L	C	P	Li_2025	Li_2025-aminoglycoside_model_h|cattle|k141_505488_seq1_1	L	
C2|~aph3p-472_1|aph3p-472_1|LCP|Li_2025|k141_155921_seq1_1	aph3p	L	C	P	Li_2025	Li_2025-aminoglycoside_model_h|cattle|k141_155921_seq1_1	L	
C2|~aph3p-473_1|aph3p-473_1|LCP|Li_2025|k141_1273271_seq1_1	aph3p	L	C	P	Li_2025	Li_2025-aminoglycoside_model_h|cattle|k141_1273271_seq1_1	L	
C2|~aph3p-477_1|aph3p-477_1|LCP|Li_2025|k141_1370219_seq1_1	aph3p	L	C	P	Li_2025	Li_2025-aminoglycoside_model_h|cattle|k141_1370219_seq1_1	L	
C2|~aph3p-478_1|aph3p-478_1|LCP|Li_2025|k141_1595196_seq1_1	aph3p	L	C	P	Li_2025	Li_2025-aminoglycoside_model_h|cattle|k141_1595196_seq1_1	L	
C2|~aph3p-479_1|aph3p-479_1|LCP|Li_2025|k141_1537425_seq1_1	aph3p	L	C	P	Li_2025	Li_2025-aminoglycoside_model_h|cattle|k141_1537425_seq1_1	L	
C2|~aph3p-480_1|aph3p-480_1|LCP|Li_2025|k141_523468_seq1_1	aph3p	L	C	P	Li_2025	Li_2025-aminoglycoside_model_h|cattle|k141_523468_seq1_1	L	
C2|~aph3p-482_1|aph3p-482_1|LCP|Li_2025|k141_1846280_seq1_1	aph3p	L	C	P	Li_2025	Li_2025-aminoglycoside_model_h|cattle|k141_1846280_seq1_1	L	
C2|~aph3p-485_1|aph3p-485_1|LCP|Li_2025|k141_3549464_seq1_1	aph3p	L	C	P	Li_2025	Li_2025-aminoglycoside_model_h|cattle|k141_3549464_seq1_1	L	
C2|~aph3p-486_1|aph3p-486_1|LCP|Li_2025|k141_1727065_seq1_1	aph3p	L	C	P	Li_2025	Li_2025-aminoglycoside_model_h|cattle|k141_1727065_seq1_1	L	
C2|~aph3p-487_1|aph3p-487_1|LCP|Li_2025|k141_2268395_seq1_1	aph3p	L	C	P	Li_2025	Li_2025-aminoglycoside_model_h|cattle|k141_2268395_seq1_1	L	
C2|~aph3p-488_1|aph3p-488_1|LCP|Li_2025|k141_463944_seq1_1	aph3p	L	C	P	Li_2025	Li_2025-aminoglycoside_model_h|cattle|k141_463944_seq1_1	L	
C2|~aph3p-489_1|aph3p-489_1|LCP|Li_2025|k141_417292_seq1_1	aph3p	L	C	P	Li_2025	Li_2025-aminoglycoside_model_h|cattle|k141_417292_seq1_1	L	
C2|~aph3p-491_1|aph3p-491_1|LCP|Li_2025|k141_205230_seq1_1	aph3p	L	C	P	Li_2025	Li_2025-aminoglycoside_model_h|cattle|k141_205230_seq1_1	L	
C2|~aph3p-492_1|aph3p-492_1|LCP|Li_2025|k141_358967_seq1_1	aph3p	L	C	P	Li_2025	Li_2025-aminoglycoside_model_h|cattle|k141_358967_seq1_1	L	
C2|~aph3p-493_1|aph3p-493_1|LCP|Li_2025|k141_284796_seq1_1	aph3p	L	C	P	Li_2025	Li_2025-aminoglycoside_model_h|cattle|k141_284796_seq1_1	L	
C2|~aph3p-494_1|aph3p-494_1|LCP|Li_2025|k141_1022201_seq1_1	aph3p	L	C	P	Li_2025	Li_2025-aminoglycoside_model_h|cattle|k141_1022201_seq1_1	L	
C2|~aph3p-495_1|aph3p-495_1|LCP|Li_2025|k141_1041912_seq1_1	aph3p	L	C	P	Li_2025	Li_2025-aminoglycoside_model_h|cattle|k141_1041912_seq1_1	L	
C2|~aph3p-496_1|aph3p-496_1|LCP|Li_2025|k141_86652_seq1_1	aph3p	L	C	P	Li_2025	Li_2025-aminoglycoside_model_h|cattle|k141_86652_seq1_1	L	
C2|~aph3p-497_1|aph3p-497_1|LCP|Li_2025|k141_865025_seq1_1	aph3p	L	C	P	Li_2025	Li_2025-aminoglycoside_model_h|cattle|k141_865025_seq1_1	L	
C2|~aph3p-500_1|aph3p-500_1|LCP|Li_2025|k141_681623_seq1_1	aph3p	L	C	P	Li_2025	Li_2025-aminoglycoside_model_h|cattle|k141_681623_seq1_1	L	
C2|~aph3p-502_1|aph3p-502_1|LCP|Li_2025|k141_800555_seq1_1	aph3p	L	C	P	Li_2025	Li_2025-aminoglycoside_model_h|cattle|k141_800555_seq1_1	L	
C2|~aph3p-503_1|aph3p-503_1|LCP|Li_2025|k141_810944_seq1_1	aph3p	L	C	P	Li_2025	Li_2025-aminoglycoside_model_h|cattle|k141_810944_seq1_1	L	
C2|~aph3p-504_1|aph3p-504_1|LCP|Li_2025|k141_536590_seq1_1	aph3p	L	C	P	Li_2025	Li_2025-aminoglycoside_model_h|cattle|k141_536590_seq1_1	L	
C2|~aph3p-505_1|aph3p-505_1|LCP|Li_2025|k141_880791_seq1_1	aph3p	L	C	P	Li_2025	Li_2025-aminoglycoside_model_h|cattle|k141_880791_seq1_1	L	
C2|~aph3p-506_1|aph3p-506_1|LCP|Li_2025|k141_466338_seq1_1	aph3p	L	C	P	Li_2025	Li_2025-aminoglycoside_model_h|cattle|k141_466338_seq1_1	L	
C2|~aph3p-507_1|aph3p-507_1|LCP|Li_2025|k141_682436_seq1_1	aph3p	L	C	P	Li_2025	Li_2025-aminoglycoside_model_h|cattle|k141_682436_seq1_1	L	
C2|~aph3p-508_1|aph3p-508_1|LCP|Li_2025|k141_399331_seq1_1	aph3p	L	C	P	Li_2025	Li_2025-aminoglycoside_model_h|cattle|k141_399331_seq1_1	L	
C2|~aph3p-509_1|aph3p-509_1|LCP|Li_2025|k141_969007_seq1_1	aph3p	L	C	P	Li_2025	Li_2025-aminoglycoside_model_h|cattle|k141_969007_seq1_1	L	
C2|~aph3p-513_1|aph3p-513_1|LCP|Li_2025|k141_349459_seq1_1	aph3p	L	C	P	Li_2025	Li_2025-aminoglycoside_model_h|cattle|k141_349459_seq1_1	L	
C2|~aph3p-515_1|aph3p-515_1|LCP|Li_2025|k141_453613_seq1_1	aph3p	L	C	P	Li_2025	Li_2025-aminoglycoside_model_h|cattle|k141_453613_seq1_1	L	
C2|~aph3p-517_1|aph3p-517_1|LCP|Li_2025|k141_870734_seq1_1	aph3p	L	C	P	Li_2025	Li_2025-aminoglycoside_model_h|cattle|k141_870734_seq1_1	L	
C2|~aph3p-518_1|aph3p-518_1|LCP|Li_2025|k141_402850_seq1_1	aph3p	L	C	P	Li_2025	Li_2025-aminoglycoside_model_h|cattle|k141_402850_seq1_1	L	
C2|~aph3p-520_1|aph3p-520_1|LCP|Li_2025|k141_396931_seq1_1	aph3p	L	C	P	Li_2025	Li_2025-aminoglycoside_model_h|cattle|k141_396931_seq1_1	L	
C2|~aph3p-522_1|aph3p-522_1|LCP|Li_2025|k141_890971_seq1_1	aph3p	L	C	P	Li_2025	Li_2025-aminoglycoside_model_h|cattle|k141_890971_seq1_1	L	
C2|~aph3p-523_1|aph3p-523_1|LCP|Li_2025|k141_263795_seq1_1	aph3p	L	C	P	Li_2025	Li_2025-aminoglycoside_model_h|cattle|k141_263795_seq1_1	L	
C2|~aph3p-524_1|aph3p-524_1|LCP|Li_2025|k141_1244063_seq1_1	aph3p	L	C	P	Li_2025	Li_2025-aminoglycoside_model_h|cattle|k141_1244063_seq1_1	L	
C2|~aph3p-527_1|aph3p-527_1|LCP|Li_2025|k141_801994_seq1_1	aph3p	L	C	P	Li_2025	Li_2025-aminoglycoside_model_h|cattle|k141_801994_seq1_1	L	
C2|~aph3p-529_1|aph3p-529_1|LCP|Li_2025|k141_212528_seq1_1	aph3p	L	C	P	Li_2025	Li_2025-aminoglycoside_model_h|cattle|k141_212528_seq1_1	L	
C2|~aph3p-535_1|aph3p-535_1|LCP|Li_2025|k141_759702_seq1_1	aph3p	L	C	P	Li_2025	Li_2025-aminoglycoside_model_h|cattle|k141_759702_seq1_1	L	
C2|~aph3p-537_1|aph3p-537_1|LCP|Li_2025|k141_20912_seq1_1	aph3p	L	C	P	Li_2025	Li_2025-aminoglycoside_model_h|cattle|k141_20912_seq1_1	L	
C2|~aph3p-538_1|aph3p-538_1|LCP|Li_2025|k141_961757_seq1_1	aph3p	L	C	P	Li_2025	Li_2025-aminoglycoside_model_h|cattle|k141_961757_seq1_1	L	
C2|~aph3p-539_1|aph3p-539_1|LCP|Li_2025|k141_277727_seq1_1	aph3p	L	C	P	Li_2025	Li_2025-aminoglycoside_model_h|cattle|k141_277727_seq1_1	L	
C2|~aph3p-540_1|aph3p-540_1|LCP|Li_2025|k141_443799_seq1_1	aph3p	L	C	P	Li_2025	Li_2025-aminoglycoside_model_h|cattle|k141_443799_seq1_1	L	
C2|~aph3p-541_1|aph3p-541_1|LCP|Li_2025|k141_319996_seq1_1	aph3p	L	C	P	Li_2025	Li_2025-aminoglycoside_model_h|cattle|k141_319996_seq1_1	L	
C2|~aph3p-542_1|aph3p-542_1|LCP|Li_2025|k141_782479_seq1_1	aph3p	L	C	P	Li_2025	Li_2025-aminoglycoside_model_h|cattle|k141_782479_seq1_1	L	
C2|~aph3p-544_1|aph3p-544_1|LCP|Li_2025|k141_200676_seq1_1	aph3p	L	C	P	Li_2025	Li_2025-aminoglycoside_model_h|cattle|k141_200676_seq1_1	L	
C2|~aph3p-546_1|aph3p-546_1|LCP|Li_2025|k141_2000_seq1_1	aph3p	L	C	P	Li_2025	Li_2025-aminoglycoside_model_h|cattle|k141_2000_seq1_1	L	
C2|~aph3p-547_1|aph3p-547_1|LCP|Li_2025|k141_796583_seq1_1	aph3p	L	C	P	Li_2025	Li_2025-aminoglycoside_model_h|cattle|k141_796583_seq1_1	L	
C2|~aph3p-548_1|aph3p-548_1|LCP|Li_2025|k141_1012086_seq1_1	aph3p	L	C	P	Li_2025	Li_2025-aminoglycoside_model_h|cattle|k141_1012086_seq1_1	L	
C2|~aph3p-549_1|aph3p-549_1|LCP|Li_2025|k141_600194_seq1_1	aph3p	L	C	P	Li_2025	Li_2025-aminoglycoside_model_h|cattle|k141_600194_seq1_1	L	
C2|~aph3p-553_1|aph3p-553_1|LCP|Li_2025|k141_548269_seq1_1	aph3p	L	C	P	Li_2025	Li_2025-aminoglycoside_model_h|cattle|k141_548269_seq1_1	L	
C2|~aph3p-555_1|aph3p-555_1|LCP|Li_2025|k141_581337_seq1_1	aph3p	L	C	P	Li_2025	Li_2025-aminoglycoside_model_h|cattle|k141_581337_seq1_1	L	
C2|~aph3p-557_1|aph3p-557_1|LCP|Li_2025|k141_402378_seq1_1	aph3p	L	C	P	Li_2025	Li_2025-aminoglycoside_model_h|cattle|k141_402378_seq1_1	L	
C2|~aph3p-559_1|aph3p-559_1|LCP|Li_2025|k141_877172_seq1_1	aph3p	L	C	P	Li_2025	Li_2025-aminoglycoside_model_h|cattle|k141_877172_seq1_1	L	
C2|~aph3p-564_1|aph3p-564_1|LCP|Li_2025|k141_554705_seq1_1	aph3p	L	C	P	Li_2025	Li_2025-aminoglycoside_model_h|cattle|k141_554705_seq1_1	L	
C2|~aph3p-566_1|aph3p-566_1|LMP|Li_2025|k141_57640_seq1_1	aph3p	L	M	P	Li_2025	Li_2025-aminoglycoside_model_h|cattle|k141_57640_seq1_1	L	
C2|~aph3p-568_1|aph3p-568_1|LCP|Li_2025|k141_926530_seq1_1	aph3p	L	C	P	Li_2025	Li_2025-aminoglycoside_model_h|cattle|k141_926530_seq1_1	L	
C2|~aph3p-571_1|aph3p-571_1|LCP|Li_2025|k141_1006256_seq1_1	aph3p	L	C	P	Li_2025	Li_2025-aminoglycoside_model_h|cattle|k141_1006256_seq1_1	L	
C2|~aph3p-572_1|aph3p-572_1|LCP|Li_2025|k141_954064_seq1_1	aph3p	L	C	P	Li_2025	Li_2025-aminoglycoside_model_h|cattle|k141_954064_seq1_1	L	
C2|~aph3p-573_1|aph3p-573_1|LCP|Li_2025|k141_52392_seq1_1	aph3p	L	C	P	Li_2025	Li_2025-aminoglycoside_model_h|cattle|k141_52392_seq1_1	L	
C2|~aph3p-576_1|aph3p-576_1|LCP|Li_2025|k141_808145_seq1_1	aph3p	L	C	P	Li_2025	Li_2025-aminoglycoside_model_h|cattle|k141_808145_seq1_1	L	
C2|~aph3p-578_1|aph3p-578_1|LCP|Li_2025|k141_407085_seq1_1	aph3p	L	C	P	Li_2025	Li_2025-aminoglycoside_model_h|cattle|k141_407085_seq1_1	L	
C2|~aph3p-580_1|aph3p-580_1|LCP|Li_2025|k141_84085_seq1_1	aph3p	L	C	P	Li_2025	Li_2025-aminoglycoside_model_h|cattle|k141_84085_seq1_1	L	
C2|~aph3p-583_1|aph3p-583_1|LCP|Li_2025|k141_1041123_seq1_1	aph3p	L	C	P	Li_2025	Li_2025-aminoglycoside_model_h|cattle|k141_1041123_seq1_1	L	
C2|~aph3p-584_1|aph3p-584_1|LCP|Li_2025|k141_1216964_seq1_1	aph3p	L	C	P	Li_2025	Li_2025-aminoglycoside_model_h|cattle|k141_1216964_seq1_1	L	
C2|~aph3p-585_1|aph3p-585_1|LCP|Li_2025|k141_771111_seq1_1	aph3p	L	C	P	Li_2025	Li_2025-aminoglycoside_model_h|cattle|k141_771111_seq1_1	L	
C2|~aph3p-587_1|aph3p-587_1|LCP|Li_2025|k141_354853_seq1_1	aph3p	L	C	P	Li_2025	Li_2025-aminoglycoside_model_h|cattle|k141_354853_seq1_1	L	
C2|~aph3p-588_1|aph3p-588_1|LCP|Li_2025|k141_872546_seq1_1	aph3p	L	C	P	Li_2025	Li_2025-aminoglycoside_model_h|cattle|k141_872546_seq1_1	L	
C2|~aph3p-589_1|aph3p-589_1|LCP|Li_2025|k141_197385_seq1_1	aph3p	L	C	P	Li_2025	Li_2025-aminoglycoside_model_h|cattle|k141_197385_seq1_1	L	
C2|~aph3p-590_1|aph3p-590_1|LCP|Li_2025|k141_15961_seq1_1	aph3p	L	C	P	Li_2025	Li_2025-aminoglycoside_model_h|cattle|k141_15961_seq1_1	L	
C2|~aph3p-591_1|aph3p-591_1|LCP|Li_2025|k141_989014_seq1_1	aph3p	L	C	P	Li_2025	Li_2025-aminoglycoside_model_h|cattle|k141_989014_seq1_1	L	
C2|~aph3p-593_1|aph3p-593_1|LCP|Li_2025|k141_389938_seq1_1	aph3p	L	C	P	Li_2025	Li_2025-aminoglycoside_model_h|cattle|k141_389938_seq1_1	L	
C2|~aph3p-594_1|aph3p-594_1|LCP|Li_2025|k141_63748_seq1_1	aph3p	L	C	P	Li_2025	Li_2025-aminoglycoside_model_h|cattle|k141_63748_seq1_1	L	
C2|~aph3p-595_1|aph3p-595_1|LMP|Li_2025|k141_840502_seq1_1	aph3p	L	M	P	Li_2025	Li_2025-aminoglycoside_model_h|cattle|k141_840502_seq1_1	L	
C2|~aph3p-598_1|aph3p-598_1|LCP|Li_2025|k141_454018_seq1_1	aph3p	L	C	P	Li_2025	Li_2025-aminoglycoside_model_h|cattle|k141_454018_seq1_1	L	
C2|~aph3p-599_1|aph3p-599_1|LCP|Li_2025|k141_670812_seq1_1	aph3p	L	C	P	Li_2025	Li_2025-aminoglycoside_model_h|cattle|k141_670812_seq1_1	L	
C2|~aph3p-601_1|aph3p-601_1|LCP|Li_2025|k141_836375_seq1_1	aph3p	L	C	P	Li_2025	Li_2025-aminoglycoside_model_h|cattle|k141_836375_seq1_1	L	
C2|~aph3p-602_1|aph3p-602_1|LCP|Li_2025|k141_192692_seq1_1	aph3p	L	C	P	Li_2025	Li_2025-aminoglycoside_model_h|cattle|k141_192692_seq1_1	L	
C2|~aph3p-604_1|aph3p-604_1|LCP|Li_2025|k141_640897_seq1_1	aph3p	L	C	P	Li_2025	Li_2025-aminoglycoside_model_h|cattle|k141_640897_seq1_1	L	
C2|~aph3p-606_1|aph3p-606_1|LCP|Li_2025|k141_544496_seq1_1	aph3p	L	C	P	Li_2025	Li_2025-aminoglycoside_model_h|cattle|k141_544496_seq1_1	L	
C2|~aph3p-608_1|aph3p-608_1|LMP|Li_2025|k141_288320_seq1_1	aph3p	L	M	P	Li_2025	Li_2025-aminoglycoside_model_h|cattle|k141_288320_seq1_1	L	
C2|~aph3p-610_1|aph3p-610_1|LCP|Li_2025|k141_1089748_seq1_1	aph3p	L	C	P	Li_2025	Li_2025-aminoglycoside_model_h|cattle|k141_1089748_seq1_1	L	
C2|~aph3p-611_1|aph3p-611_1|LCP|Li_2025|k141_260292_seq1_1	aph3p	L	C	P	Li_2025	Li_2025-aminoglycoside_model_h|cattle|k141_260292_seq1_1	L	
C2|~aph3p-613_1|aph3p-613_1|LCP|Li_2025|k141_622527_seq1_1	aph3p	L	C	P	Li_2025	Li_2025-aminoglycoside_model_h|cattle|k141_622527_seq1_1	L	
C2|~aph3p-616_1|aph3p-616_1|LCP|Li_2025|k141_1105262_seq1_1	aph3p	L	C	P	Li_2025	Li_2025-aminoglycoside_model_h|cattle|k141_1105262_seq1_1	L	
C2|~aph3p-617_1|aph3p-617_1|LCP|Li_2025|k141_1108934_seq1_1	aph3p	L	C	P	Li_2025	Li_2025-aminoglycoside_model_h|cattle|k141_1108934_seq1_1	L	
C2|~aph3p-623_1|aph3p-623_1|LCP|Li_2025|k141_519787_seq1_1	aph3p	L	C	P	Li_2025	Li_2025-aminoglycoside_model_h|cattle|k141_519787_seq1_1	L	
C2|~aph3p-627_1|aph3p-627_1|LCP|Li_2025|k141_1156592_seq1_1	aph3p	L	C	P	Li_2025	Li_2025-aminoglycoside_model_h|cattle|k141_1156592_seq1_1	L	
C2|~aph3p-628_1|aph3p-628_1|LCP|Li_2025|k141_725756_seq1_1	aph3p	L	C	P	Li_2025	Li_2025-aminoglycoside_model_h|cattle|k141_725756_seq1_1	L	
C2|~aph3p-636_1|aph3p-636_1|LCP|Li_2025|k141_2753315_seq1_1	aph3p	L	C	P	Li_2025	Li_2025-aminoglycoside_model_h|cattle|k141_2753315_seq1_1	L	
C2|~aph3p-638_1|aph3p-638_1|LCP|Li_2025|k141_2455833_seq1_1	aph3p	L	C	P	Li_2025	Li_2025-aminoglycoside_model_h|cattle|k141_2455833_seq1_1	L	
C2|~aph3p-640_1|aph3p-640_1|LCP|Li_2025|k141_516476_seq1_1	aph3p	L	C	P	Li_2025	Li_2025-aminoglycoside_model_h|cattle|k141_516476_seq1_1	L	
C2|~aph3p-643_1|aph3p-643_1|LCP|Li_2025|k141_1149147_seq1_1	aph3p	L	C	P	Li_2025	Li_2025-aminoglycoside_model_h|cattle|k141_1149147_seq1_1	L	
C2|~aac3-313_1|aac3-313_1|LCP|Li_2025|k141_1090471_seq1_1	aac3	L	C	P	Li_2025	Li_2025-aminoglycoside_model_c|cattle|k141_1090471_seq1_1	L	
C2|~aac3-314_1|aac3-314_1|LCP|Li_2025|k141_610903_seq1_1	aac3	L	C	P	Li_2025	Li_2025-aminoglycoside_model_c|cattle|k141_610903_seq1_1	L	
C2|~blaD1-54_1|blaD1-54_1|LCP|Li_2025|k141_63205_seq1_1	blaD1	L	C	P	Li_2025	Li_2025-class_d_1|cattle|k141_63205_seq1_1	L	
C2|~blaD2-281_1|blaD2-281_1|LCP|Victor_2025|HoFCLASS_d2_sequ2ence	blaD2	L	C	P	Victor_2025	Victor_2025-HoFCLASS_d2_sequ2ence	L	
C2|~aph3p-646_1|aph3p-646_1|LMP|Victor_2025|HiAAMG_H_sequ1ence	aph3p	L	M	P	Victor_2025	Victor_2025-HiAAMG_H_sequ1ence	L	
C2|~blaD-88_1|blaD-88_1|LCP|Victor_2025b|Class_DNSF51D	blaD	L	C	P	Victor_2025b	Victor_2025b-Class_DNSF51D	L	
C2|~tetX-27_1|tetX-27_1|LCS|Ruppe_2019|S07_TE_24_KJ693272_1_2	tetX	L	C	S	Ruppe_2019	Ruppe_2019-3|3875014|40|ARD-Forsberg-gene-catalog|S07_TE_24_KJ693272_1_2|tetX	L	
C2|~blaB3-805_1|blaB3-805_1|LCS|Ruppe_2019|MC3.MG232.AS1.GP1.C59038.G4	blaB3	L	C	S	Ruppe_2019	Ruppe_2019-1|1469311|16|Human-Microbiome-3.9M-Gene-Catalog-(metahit-v2)|MC3.MG232.AS1.GP1.C59038.G4|blab3	L	
C2|~blaB3-806_1|blaB3-806_1|LCS|Ruppe_2019|MC3.MG13.AS1.GP1.C7646.G1	blaB3	L	C	S	Ruppe_2019	Ruppe_2019-1|471538|16|Human-Microbiome-3.9M-Gene-Catalog-(metahit-v2)|MC3.MG13.AS1.GP1.C7646.G1|blab3	L	
C2|~blaB3-807_1|blaB3-807_1|LCS|Ruppe_2019|MC3.MG12.AS1.GP1.C988.G4	blaB3	L	C	S	Ruppe_2019	Ruppe_2019-1|336583|16|Human-Microbiome-3.9M-Gene-Catalog-(metahit-v2)|MC3.MG12.AS1.GP1.C988.G4|blab3	L	
C2|~blaB3-808_1|blaB3-808_1|LCS|Ruppe_2019|MC3.MG104.AS1.GP1.C6147.G4	blaB3	L	C	S	Ruppe_2019	Ruppe_2019-1|83257|16|Human-Microbiome-3.9M-Gene-Catalog-(metahit-v2)|MC3.MG104.AS1.GP1.C6147.G4|blab3	L	
C2|~blaB3-809_1|blaB3-809_1|LCS|Ruppe_2019|MC3.MG101.AS1.GP1.C57046.G3	blaB3	L	C	S	Ruppe_2019	Ruppe_2019-1|53815|16|Human-Microbiome-3.9M-Gene-Catalog-(metahit-v2)|MC3.MG101.AS1.GP1.C57046.G3|blab3	L	
C2|~aph-164_1|aph-164_1|LCS|Ruppe_2019|MC3.MG361.AS1.GP1.C16870.G2	aph	L	C	S	Ruppe_2019	Ruppe_2019-1|2811062|8|Human-Microbiome-3.9M-Gene-Catalog-(metahit-v2)|MC3.MG361.AS1.GP1.C16870.G2|aph	L	
C2|~aph3p-647_1|aph3p-647_1|LCP|Li_2025|k141_164488_seq1_1	aph3p	L	C	P	Li_2025	Li_2025-aminoglycoside_model_h|swine|k141_164488_seq1_1	L	
C2|~aph3p-648_1|aph3p-648_1|LCP|Li_2025|k141_326364_seq1_1	aph3p	L	C	P	Li_2025	Li_2025-aminoglycoside_model_h|swine|k141_326364_seq1_1	L	
C2|~aac3-316_1|aac3-316_1|LCP|Li_2025|k141_488489_seq1_1	aac3	L	C	P	Li_2025	Li_2025-aminoglycoside_model_c|swine|k141_488489_seq1_1	L	
C2|~aac3-320_1|aac3-320_1|LCP|Li_2025|k141_721823_seq1_1	aac3	L	C	P	Li_2025	Li_2025-aminoglycoside_model_c|swine|k141_721823_seq1_1	L	
C2|~aph3p-649_1|aph3p-649_1|LCP|Li_2025|k141_158154_seq1_1	aph3p	L	C	P	Li_2025	Li_2025-aminoglycoside_model_h|chicken|k141_158154_seq1_1	L	
C2|~aph3p-650_1|aph3p-650_1|LMP|Li_2025|k141_418210_seq1_1	aph3p	L	M	P	Li_2025	Li_2025-aminoglycoside_model_h|chicken|k141_418210_seq1_1	L	
C2|~erm-217_1|erm-217_1|LCP|Li_2025|k119_86616_seq1_1	erm	L	C	P	Li_2025	Li_2025-erm_type_a|chicken|k119_86616_seq1_1	L	
C2|~aph3p-651_1|aph3p-651_1|LCP|Li_2025|k141_945464_seq1_1	aph3p	L	C	P	Li_2025	Li_2025-aminoglycoside_model_h|cattle|k141_945464_seq1_1	L	
C2|~aph3p-652_1|aph3p-652_1|LCP|Li_2025|k141_686147_seq1_1	aph3p	L	C	P	Li_2025	Li_2025-aminoglycoside_model_h|cattle|k141_686147_seq1_1	L	
C2|~aph3p-653_1|aph3p-653_1|LCP|Li_2025|k141_266811_seq1_1	aph3p	L	C	P	Li_2025	Li_2025-aminoglycoside_model_h|cattle|k141_266811_seq1_1	L	
C2|~aph3p-654_1|aph3p-654_1|LCP|Li_2025|k141_1753696_seq1_1	aph3p	L	C	P	Li_2025	Li_2025-aminoglycoside_model_h|cattle|k141_1753696_seq1_1	L	
C2|~aph3p-658_1|aph3p-658_1|LCP|Li_2025|k141_921584_seq1_1	aph3p	L	C	P	Li_2025	Li_2025-aminoglycoside_model_h|cattle|k141_921584_seq1_1	L	
C2|~aph3p-659_1|aph3p-659_1|LCP|Li_2025|k141_423470_seq1_1	aph3p	L	C	P	Li_2025	Li_2025-aminoglycoside_model_h|cattle|k141_423470_seq1_1	L	
C2|~aph3p-660_1|aph3p-660_1|LCP|Li_2025|k141_3900400_seq1_1	aph3p	L	C	P	Li_2025	Li_2025-aminoglycoside_model_h|cattle|k141_3900400_seq1_1	L	
C2|~aph3p-661_1|aph3p-661_1|LCP|Li_2025|k141_336394_seq1_1	aph3p	L	C	P	Li_2025	Li_2025-aminoglycoside_model_h|cattle|k141_336394_seq1_1	L	
C2|~aph3p-663_1|aph3p-663_1|LCP|Li_2025|k141_2380021_seq1_1	aph3p	L	C	P	Li_2025	Li_2025-aminoglycoside_model_h|cattle|k141_2380021_seq1_1	L	
C2|~aph3p-665_1|aph3p-665_1|LCP|Li_2025|k141_1129391_seq1_1	aph3p	L	C	P	Li_2025	Li_2025-aminoglycoside_model_h|cattle|k141_1129391_seq1_1	L	
C2|~aph3p-669_1|aph3p-669_1|LCP|Li_2025|k141_1164906_seq1_1	aph3p	L	C	P	Li_2025	Li_2025-aminoglycoside_model_h|cattle|k141_1164906_seq1_1	L	
C2|~aph3p-671_1|aph3p-671_1|LCP|Li_2025|k141_288039_seq1_1	aph3p	L	C	P	Li_2025	Li_2025-aminoglycoside_model_h|cattle|k141_288039_seq1_1	L	
C2|~aph3p-672_1|aph3p-672_1|LCP|Li_2025|k141_793183_seq1_1	aph3p	L	C	P	Li_2025	Li_2025-aminoglycoside_model_h|cattle|k141_793183_seq1_1	L	
C2|~aph3p-675_1|aph3p-675_1|LCP|Li_2025|k141_48993_seq1_1	aph3p	L	C	P	Li_2025	Li_2025-aminoglycoside_model_h|cattle|k141_48993_seq1_1	L	
C2|~aph3p-677_1|aph3p-677_1|LCP|Li_2025|k141_1250862_seq1_1	aph3p	L	C	P	Li_2025	Li_2025-aminoglycoside_model_h|cattle|k141_1250862_seq1_1	L	
C2|~aph3p-679_1|aph3p-679_1|LCP|Li_2025|k141_99218_seq1_1	aph3p	L	C	P	Li_2025	Li_2025-aminoglycoside_model_h|cattle|k141_99218_seq1_1	L	
C2|~aph3p-680_1|aph3p-680_1|LCP|Li_2025|k141_504934_seq1_1	aph3p	L	C	P	Li_2025	Li_2025-aminoglycoside_model_h|cattle|k141_504934_seq1_1	L	
C2|~aph3p-682_1|aph3p-682_1|LCP|Li_2025|k141_77844_seq1_1	aph3p	L	C	P	Li_2025	Li_2025-aminoglycoside_model_h|cattle|k141_77844_seq1_1	L	
C2|~aph3p-683_1|aph3p-683_1|LCP|Li_2025|k141_674844_seq1_1	aph3p	L	C	P	Li_2025	Li_2025-aminoglycoside_model_h|cattle|k141_674844_seq1_1	L	
C2|~aph3p-684_1|aph3p-684_1|LCP|Li_2025|k141_170684_seq1_1	aph3p	L	C	P	Li_2025	Li_2025-aminoglycoside_model_h|cattle|k141_170684_seq1_1	L	
C2|~aph3p-686_1|aph3p-686_1|LCP|Li_2025|k141_410640_seq1_1	aph3p	L	C	P	Li_2025	Li_2025-aminoglycoside_model_h|cattle|k141_410640_seq1_1	L	
C2|~aph3p-687_1|aph3p-687_1|LMP|Li_2025|k141_939427_seq1_1	aph3p	L	M	P	Li_2025	Li_2025-aminoglycoside_model_h|cattle|k141_939427_seq1_1	L	
C2|~aph3p-688_1|aph3p-688_1|LCP|Li_2025|k141_559174_seq1_1	aph3p	L	C	P	Li_2025	Li_2025-aminoglycoside_model_h|cattle|k141_559174_seq1_1	L	
C2|~aph3p-689_1|aph3p-689_1|LCP|Li_2025|k141_530110_seq1_1	aph3p	L	C	P	Li_2025	Li_2025-aminoglycoside_model_h|cattle|k141_530110_seq1_1	L	
C2|~aph3p-690_1|aph3p-690_1|LCP|Li_2025|k141_945343_seq1_1	aph3p	L	C	P	Li_2025	Li_2025-aminoglycoside_model_h|cattle|k141_945343_seq1_1	L	
C2|~aph3p-691_1|aph3p-691_1|LCP|Li_2025|k141_112595_seq1_1	aph3p	L	C	P	Li_2025	Li_2025-aminoglycoside_model_h|cattle|k141_112595_seq1_1	L	
C2|~aph3p-692_1|aph3p-692_1|LCP|Li_2025|k141_551864_seq1_1	aph3p	L	C	P	Li_2025	Li_2025-aminoglycoside_model_h|cattle|k141_551864_seq1_1	L	
C2|~aph3p-694_1|aph3p-694_1|LCP|Li_2025|k141_871485_seq1_1	aph3p	L	C	P	Li_2025	Li_2025-aminoglycoside_model_h|cattle|k141_871485_seq1_1	L	
C2|~aph3p-695_1|aph3p-695_1|LCP|Li_2025|k141_599067_seq1_1	aph3p	L	C	P	Li_2025	Li_2025-aminoglycoside_model_h|cattle|k141_599067_seq1_1	L	
C2|~aph3p-700_1|aph3p-700_1|LCP|Li_2025|k141_403392_seq1_1	aph3p	L	C	P	Li_2025	Li_2025-aminoglycoside_model_h|cattle|k141_403392_seq1_1	L	
C2|~aph3p-703_1|aph3p-703_1|LCP|Li_2025|k141_678407_seq1_1	aph3p	L	C	P	Li_2025	Li_2025-aminoglycoside_model_h|cattle|k141_678407_seq1_1	L	
C2|~aph3p-704_1|aph3p-704_1|LCP|Li_2025|k141_648791_seq1_1	aph3p	L	C	P	Li_2025	Li_2025-aminoglycoside_model_h|cattle|k141_648791_seq1_1	L	
C2|~aph3p-705_1|aph3p-705_1|LCP|Li_2025|k141_648919_seq1_1	aph3p	L	C	P	Li_2025	Li_2025-aminoglycoside_model_h|cattle|k141_648919_seq1_1	L	
C2|~aph3p-707_1|aph3p-707_1|LCP|Li_2025|k141_1773232_seq1_1	aph3p	L	C	P	Li_2025	Li_2025-aminoglycoside_model_h|cattle|k141_1773232_seq1_1	L	
C2|~aph3p-708_1|aph3p-708_1|LCP|Li_2025|k141_592035_seq1_1	aph3p	L	C	P	Li_2025	Li_2025-aminoglycoside_model_h|cattle|k141_592035_seq1_1	L	
C2|~aph3p-709_1|aph3p-709_1|LCP|Li_2025|k141_1241040_seq1_1	aph3p	L	C	P	Li_2025	Li_2025-aminoglycoside_model_h|cattle|k141_1241040_seq1_1	L	
C2|~aac3-322_1|aac3-322_1|LCP|Li_2025|k141_119810_seq1_1	aac3	L	C	P	Li_2025	Li_2025-aminoglycoside_model_c|cattle|k141_119810_seq1_1	L	
C2|~aac3-324_1|aac3-324_1|LCP|Li_2025|k141_2187000_seq1_1	aac3	L	C	P	Li_2025	Li_2025-aminoglycoside_model_c|cattle|k141_2187000_seq1_1	L	
C2|~aac3-325_1|aac3-325_1|LCP|Li_2025|k141_4410315_seq1_1	aac3	L	C	P	Li_2025	Li_2025-aminoglycoside_model_c|cattle|k141_4410315_seq1_1	L	
C2|~aac3-327_1|aac3-327_1|LCP|Li_2025|k141_514070_seq1_1	aac3	L	C	P	Li_2025	Li_2025-aminoglycoside_model_c|cattle|k141_514070_seq1_1	L	
C2|~aac3-329_1|aac3-329_1|LCP|Li_2025|k141_69704_seq1_1	aac3	L	C	P	Li_2025	Li_2025-aminoglycoside_model_c|cattle|k141_69704_seq1_1	L	
C2|~aac3-330_1|aac3-330_1|LCP|Li_2025|k141_24442_seq1_1	aac3	L	C	P	Li_2025	Li_2025-aminoglycoside_model_c|cattle|k141_24442_seq1_1	L	
C2|~aac3-331_1|aac3-331_1|LCP|Li_2025|k141_1156_seq1_1	aac3	L	C	P	Li_2025	Li_2025-aminoglycoside_model_c|cattle|k141_1156_seq1_1	L	
C2|~aac3-334_1|aac3-334_1|LCP|Li_2025|k141_367423_seq1_1	aac3	L	C	P	Li_2025	Li_2025-aminoglycoside_model_c|cattle|k141_367423_seq1_1	L	
C2|~aac3-335_1|aac3-335_1|LCP|Li_2025|k141_988663_seq1_1	aac3	L	C	P	Li_2025	Li_2025-aminoglycoside_model_c|cattle|k141_988663_seq1_1	L	
C2|~blaD2-282_1|blaD2-282_1|LCP|Li_2025|k141_339253_seq1_1	blaD2	L	C	P	Li_2025	Li_2025-class_d_2|cattle|k141_339253_seq1_1	L	
C2|~blaD2-283_1|blaD2-283_1|LMP|Li_2025|k141_1305548_seq1_1	blaD2	L	M	P	Li_2025	Li_2025-class_d_2|cattle|k141_1305548_seq1_1	L	
C2|~blaD2-284_1|blaD2-284_1|LCP|Victor_2025|HoACLASS_d2_sequ10ence	blaD2	L	C	P	Victor_2025	Victor_2025-HoACLASS_d2_sequ10ence	L	
C2|~blaD-89_1|blaD-89_1|LCP|Victor_2025b|Class_DNSF80D	blaD	L	C	P	Victor_2025b	Victor_2025b-Class_DNSF80D	L	
C2|~blaD-90_1|blaD-90_1|LCP|Victor_2025b|Class_DNSF39D	blaD	L	C	P	Victor_2025b	Victor_2025b-Class_DNSF39D	L	
C2|~blaB1-155_1|blaB1-155_1|LCP|Victor_2025b|Class_B1B2NSF41B1B2	blaB1	L	C	P	Victor_2025b	Victor_2025b-Class_B1B2NSF41B1B2	L	
C2|~blaB3-811_1|blaB3-811_1|LCS|Ruppe_2019|MC3.MG172.AS1.GP1.C18715.G1	blaB3	L	C	S	Ruppe_2019	Ruppe_2019-1|933797|16|Human-Microbiome-3.9M-Gene-Catalog-(metahit-v2)|MC3.MG172.AS1.GP1.C18715.G1|blab3	L	
C2|~blaB1-156_1|blaB1-156_1|LCS|Ruppe_2019|MC3.MG343.AS1.GP1.C16684.G3	blaB1	L	C	S	Ruppe_2019	Ruppe_2019-1|2590636|14|Human-Microbiome-3.9M-Gene-Catalog-(metahit-v2)|MC3.MG343.AS1.GP1.C16684.G3|blab1	L	
C2|~blaA-465_1|blaA-465_1|LCS|Ruppe_2019|MC3.MG386.AS1.GP1.C4631.G1	blaA	L	C	S	Ruppe_2019	Ruppe_2019-1|3154248|12|Human-Microbiome-3.9M-Gene-Catalog-(metahit-v2)|MC3.MG386.AS1.GP1.C4631.G1|blaa	L	
C2|~blaA-466_1|blaA-466_1|LCS|Ruppe_2019|MC3.MG302.AS1.GP1.C36946.G2	blaA	L	C	S	Ruppe_2019	Ruppe_2019-1|2134361|12|Human-Microbiome-3.9M-Gene-Catalog-(metahit-v2)|MC3.MG302.AS1.GP1.C36946.G2|blaa	L	
C2|~blaA-468_1|blaA-468_1|LCS|Ruppe_2019|MC3.MG192.AS1.GP1.C5351.G2	blaA	L	C	S	Ruppe_2019	Ruppe_2019-1|1106265|12|Human-Microbiome-3.9M-Gene-Catalog-(metahit-v2)|MC3.MG192.AS1.GP1.C5351.G2|blaa	L	
C2|~aph-166_1|aph-166_1|LCS|Ruppe_2019|MC3.MG101.AS1.GP1.C57064.G33	aph	L	C	S	Ruppe_2019	Ruppe_2019-1|53898|8|Human-Microbiome-3.9M-Gene-Catalog-(metahit-v2)|MC3.MG101.AS1.GP1.C57064.G33|aph	L	
C2|~aph-167_1|aph-167_1|LCS|Ruppe_2019|MC3.MG101.AS1.GP1.C11314.G2	aph	L	C	S	Ruppe_2019	Ruppe_2019-1|42232|8|Human-Microbiome-3.9M-Gene-Catalog-(metahit-v2)|MC3.MG101.AS1.GP1.C11314.G2|aph	L	
C2|~aac3-337_1|aac3-337_1|LCS|Ruppe_2019|MC3.MG325.AS1.GP1.C543.G1	aac3	L	C	S	Ruppe_2019	Ruppe_2019-1|2402914|5|Human-Microbiome-3.9M-Gene-Catalog-(metahit-v2)|MC3.MG325.AS1.GP1.C543.G1|aac3_2	L	
C2|~aac3-338_1|aac3-338_1|LCS|Ruppe_2019|MC3.MG313.AS1.GP1.C31949.G3	aac3	L	C	S	Ruppe_2019	Ruppe_2019-1|2243370|5|Human-Microbiome-3.9M-Gene-Catalog-(metahit-v2)|MC3.MG313.AS1.GP1.C31949.G3|aac3_2	L	
C2|~aph3p-710_1|aph3p-710_1|LCP|Li_2025|k141_677303_seq1_1	aph3p	L	C	P	Li_2025	Li_2025-aminoglycoside_model_h|swine|k141_677303_seq1_1	L	
C2|~aph3p-711_1|aph3p-711_1|LCP|Li_2025|k141_1992247_seq1_1	aph3p	L	C	P	Li_2025	Li_2025-aminoglycoside_model_h|swine|k141_1992247_seq1_1	L	
C2|~blaD1-55_1|blaD1-55_1|LCP|Li_2025|k141_30679_seq1_1	blaD1	L	C	P	Li_2025	Li_2025-class_d_1|swine|k141_30679_seq1_1	L	
C2|~aac3-341_1|aac3-341_1|LCP|Li_2025|k141_234415_seq1_1	aac3	L	C	P	Li_2025	Li_2025-aminoglycoside_model_c|chicken|k141_234415_seq1_1	L	
C2|~erm-218_1|erm-218_1|LCP|Li_2025|k141_207389_seq1_1	erm	L	C	P	Li_2025	Li_2025-erm_type_a|chicken|k141_207389_seq1_1	L	
C2|~aph3p-713_1|aph3p-713_1|LCP|Li_2025|k141_445454_seq1_1	aph3p	L	C	P	Li_2025	Li_2025-aminoglycoside_model_h|cattle|k141_445454_seq1_1	L	
C2|~aph3p-714_1|aph3p-714_1|LCP|Li_2025|k141_81727_seq1_1	aph3p	L	C	P	Li_2025	Li_2025-aminoglycoside_model_h|cattle|k141_81727_seq1_1	L	
C2|~aph3p-716_1|aph3p-716_1|LCP|Li_2025|k141_512513_seq1_1	aph3p	L	C	P	Li_2025	Li_2025-aminoglycoside_model_h|cattle|k141_512513_seq1_1	L	
C2|~aph3p-717_1|aph3p-717_1|LCP|Li_2025|k141_3830607_seq1_1	aph3p	L	C	P	Li_2025	Li_2025-aminoglycoside_model_h|cattle|k141_3830607_seq1_1	L	
C2|~aph3p-719_1|aph3p-719_1|LCP|Li_2025|k141_1108502_seq1_1	aph3p	L	C	P	Li_2025	Li_2025-aminoglycoside_model_h|cattle|k141_1108502_seq1_1	L	
C2|~aph3p-723_1|aph3p-723_1|LCP|Li_2025|k141_161487_seq1_1	aph3p	L	C	P	Li_2025	Li_2025-aminoglycoside_model_h|cattle|k141_161487_seq1_1	L	
C2|~aph3p-725_1|aph3p-725_1|LCP|Li_2025|k141_354322_seq1_1	aph3p	L	C	P	Li_2025	Li_2025-aminoglycoside_model_h|cattle|k141_354322_seq1_1	L	
C2|~aph3p-726_1|aph3p-726_1|LCP|Li_2025|k141_525983_seq1_1	aph3p	L	C	P	Li_2025	Li_2025-aminoglycoside_model_h|cattle|k141_525983_seq1_1	L	
C2|~aph3p-727_1|aph3p-727_1|LCP|Li_2025|k141_1098027_seq1_1	aph3p	L	C	P	Li_2025	Li_2025-aminoglycoside_model_h|cattle|k141_1098027_seq1_1	L	
C2|~aac3-342_1|aac3-342_1|LCP|Li_2025|k141_351674_seq1_1	aac3	L	C	P	Li_2025	Li_2025-aminoglycoside_model_c|cattle|k141_351674_seq1_1	L	
C2|~aac3-344_1|aac3-344_1|LCP|Li_2025|k141_946294_seq1_1	aac3	L	C	P	Li_2025	Li_2025-aminoglycoside_model_c|cattle|k141_946294_seq1_1	L	
C2|~aac3-346_1|aac3-346_1|LCP|Li_2025|k141_777726_seq1_1	aac3	L	C	P	Li_2025	Li_2025-aminoglycoside_model_c|cattle|k141_777726_seq1_1	L	
C2|~aac3-347_1|aac3-347_1|LCP|Li_2025|k141_6526_seq1_1	aac3	L	C	P	Li_2025	Li_2025-aminoglycoside_model_c|cattle|k141_6526_seq1_1	L	
C2|~aac3-348_1|aac3-348_1|LCP|Li_2025|k141_482886_seq1_1	aac3	L	C	P	Li_2025	Li_2025-aminoglycoside_model_c|cattle|k141_482886_seq1_1	L	
C2|~aac3-349_1|aac3-349_1|LCP|Li_2025|k141_469000_seq1_1	aac3	L	C	P	Li_2025	Li_2025-aminoglycoside_model_c|cattle|k141_469000_seq1_1	L	
C2|~erm-219_1|erm-219_1|LCP|Li_2025|k141_155856_seq1_1	erm	L	C	P	Li_2025	Li_2025-erm_type_f|cattle|k141_155856_seq1_1	L	
C2|~blaB1-158_1|blaB1-158_1|LCP|Li_2025|k141_241364_seq1_1	blaB1	L	C	P	Li_2025	Li_2025-class_b_1_2|cattle|k141_241364_seq1_1	L	
C2|~blaD2-fARgene_9|blaD2-fARgene_9|LCP|CocheMiranda_2026|CocheMiranda_2026_SPA_MetaAn_67_l263_st132_e920_se	blaD2	L	C	P	CocheMiranda_2026	CocheMiranda_2026-fARgene_CocheMiranda_2026.faa_class_d_2-CocheMiranda_2026_SPA_MetaAn_67_l263_st132_e920_se-1_ID=122004_1	L	
C2|~blaD2-286_1|blaD2-286_1|LCP|Victor_2025|HoACLASS_d2_sequ42ence	blaD2	L	C	P	Victor_2025	Victor_2025-HoACLASS_d2_sequ42ence	L	
C2|~blaD-91_1|blaD-91_1|LCP|Victor_2025b|Class_DNSF35D	blaD	L	C	P	Victor_2025b	Victor_2025b-Class_DNSF35D	L	
C2|~blaD-92_1|blaD-92_1|LCP|Victor_2025b|Class_DNSF23D	blaD	L	C	P	Victor_2025b	Victor_2025b-Class_DNSF23D	L	
C2|~blaD-93_1|blaD-93_1|LCS|Ruppe_2019|S10_PI_3_KJ694263_1_1	blaD	L	C	S	Ruppe_2019	Ruppe_2019-3|3874062|18|ARD-Forsberg-gene-catalog|S10_PI_3_KJ694263_1_1|blad	L	
C2|~blaB3-812_1|blaB3-812_1|LCS|Ruppe_2019|MC3.MG358.AS1.GP1.C15536.G3	blaB3	L	C	S	Ruppe_2019	Ruppe_2019-1|2752009|16|Human-Microbiome-3.9M-Gene-Catalog-(metahit-v2)|MC3.MG358.AS1.GP1.C15536.G3|blab3	L	
C2|~blaB3-813_1|blaB3-813_1|LCS|Ruppe_2019|MC3.MG321.AS1.GP1.C34218.G4	blaB3	L	C	S	Ruppe_2019	Ruppe_2019-1|2337290|16|Human-Microbiome-3.9M-Gene-Catalog-(metahit-v2)|MC3.MG321.AS1.GP1.C34218.G4|blab3	L	
C2|~blaA-469_1|blaA-469_1|LCS|Ruppe_2019|MC3.MG344.AS1.GP1.C32376.G2	blaA	L	C	S	Ruppe_2019	Ruppe_2019-1|2605144|12|Human-Microbiome-3.9M-Gene-Catalog-(metahit-v2)|MC3.MG344.AS1.GP1.C32376.G2|blaa	L	
C2|~blaA-472_1|blaA-472_1|LCS|Ruppe_2019|MC3.MG153.AS1.GP1.C22549.G1	blaA	L	C	S	Ruppe_2019	Ruppe_2019-1|770022|12|Human-Microbiome-3.9M-Gene-Catalog-(metahit-v2)|MC3.MG153.AS1.GP1.C22549.G1|blaa	L	
C2|~aph-168_1|aph-168_1|LCS|Ruppe_2019|U24442	aph	L	C	S	Ruppe_2019	Ruppe_2019-7398|3875184|8|ARD-reference-gene-catalog|U24442|aph	L	
C2|~aph-169_1|aph-169_1|LCS|Ruppe_2019|MC3.MG143.AS1.GP1.C2387.G1	aph	L	C	S	Ruppe_2019	Ruppe_2019-1|665274|8|Human-Microbiome-3.9M-Gene-Catalog-(metahit-v2)|MC3.MG143.AS1.GP1.C2387.G1|aph	L	
C2|~aph-171_1|aph-171_1|LCS|Ruppe_2019|MC3.MG103.AS1.GP1.C37738.G26	aph	L	C	S	Ruppe_2019	Ruppe_2019-1|69340|8|Human-Microbiome-3.9M-Gene-Catalog-(metahit-v2)|MC3.MG103.AS1.GP1.C37738.G26|aph	L	
C2|~aac3-350_1|aac3-350_1|LCS|Ruppe_2019|MC3.MG34.AS1.GP1.C8072.G4	aac3	L	C	S	Ruppe_2019	Ruppe_2019-1|2575769|5|Human-Microbiome-3.9M-Gene-Catalog-(metahit-v2)|MC3.MG34.AS1.GP1.C8072.G4|aac3_2	L	
C2|~aph3p-729_1|aph3p-729_1|LCP|Li_2025|k141_129879_seq1_1	aph3p	L	C	P	Li_2025	Li_2025-aminoglycoside_model_h|swine|k141_129879_seq1_1	L	
C2|~aph3p-730_1|aph3p-730_1|LCP|Li_2025|k141_680818_seq1_1	aph3p	L	C	P	Li_2025	Li_2025-aminoglycoside_model_h|swine|k141_680818_seq1_1	L	
C2|~aph3p-731_1|aph3p-731_1|LCP|Li_2025|k141_146137_seq1_1	aph3p	L	C	P	Li_2025	Li_2025-aminoglycoside_model_h|swine|k141_146137_seq1_1	L	
C2|~aph3p-734_1|aph3p-734_1|LCP|Li_2025|k141_159606_seq1_1	aph3p	L	C	P	Li_2025	Li_2025-aminoglycoside_model_h|swine|k141_159606_seq1_1	L	
C2|~aph3p-735_1|aph3p-735_1|LCP|Li_2025|k119_399116_seq1_1	aph3p	L	C	P	Li_2025	Li_2025-aminoglycoside_model_h|swine|k119_399116_seq1_1	L	
C2|~aph3p-739_1|aph3p-739_1|LCP|Li_2025|k141_584821_seq1_1	aph3p	L	C	P	Li_2025	Li_2025-aminoglycoside_model_h|chicken|k141_584821_seq1_1	L	
C2|~aph3p-740_1|aph3p-740_1|LCP|Li_2025|k141_334548_seq1_1	aph3p	L	C	P	Li_2025	Li_2025-aminoglycoside_model_h|chicken|k141_334548_seq1_1	L	
C2|~aph3p-741_1|aph3p-741_1|LCP|Li_2025|k141_72160_seq1_1	aph3p	L	C	P	Li_2025	Li_2025-aminoglycoside_model_h|chicken|k141_72160_seq1_1	L	
C2|~aph3p-742_1|aph3p-742_1|LCP|Li_2025|k141_312655_seq1_1	aph3p	L	C	P	Li_2025	Li_2025-aminoglycoside_model_h|cattle|k141_312655_seq1_1	L	
C2|~aph3p-743_1|aph3p-743_1|LCP|Li_2025|k141_1102038_seq1_1	aph3p	L	C	P	Li_2025	Li_2025-aminoglycoside_model_h|cattle|k141_1102038_seq1_1	L	
C2|~aph3p-744_1|aph3p-744_1|LCP|Li_2025|k141_1161600_seq1_1	aph3p	L	C	P	Li_2025	Li_2025-aminoglycoside_model_h|cattle|k141_1161600_seq1_1	L	
C2|~aph3p-745_1|aph3p-745_1|LCP|Li_2025|k141_1521344_seq1_1	aph3p	L	C	P	Li_2025	Li_2025-aminoglycoside_model_h|cattle|k141_1521344_seq1_1	L	
C2|~aph3p-747_1|aph3p-747_1|LCP|Li_2025|k141_2123477_seq1_1	aph3p	L	C	P	Li_2025	Li_2025-aminoglycoside_model_h|cattle|k141_2123477_seq1_1	L	
C2|~aph3p-748_1|aph3p-748_1|LCP|Li_2025|k141_1550549_seq1_1	aph3p	L	C	P	Li_2025	Li_2025-aminoglycoside_model_h|cattle|k141_1550549_seq1_1	L	
C2|~aph3p-749_1|aph3p-749_1|LCP|Li_2025|k141_637321_seq1_1	aph3p	L	C	P	Li_2025	Li_2025-aminoglycoside_model_h|cattle|k141_637321_seq1_1	L	
C2|~aph3p-750_1|aph3p-750_1|LCP|Li_2025|k141_750648_seq1_1	aph3p	L	C	P	Li_2025	Li_2025-aminoglycoside_model_h|cattle|k141_750648_seq1_1	L	
C2|~aph3p-751_1|aph3p-751_1|LCP|Li_2025|k141_445294_seq1_1	aph3p	L	C	P	Li_2025	Li_2025-aminoglycoside_model_h|cattle|k141_445294_seq1_1	L	
C2|~aph3p-752_1|aph3p-752_1|LCP|Li_2025|k141_192519_seq1_1	aph3p	L	C	P	Li_2025	Li_2025-aminoglycoside_model_h|cattle|k141_192519_seq1_1	L	
C2|~aph3p-756_1|aph3p-756_1|LCP|Li_2025|k141_788560_seq1_1	aph3p	L	C	P	Li_2025	Li_2025-aminoglycoside_model_h|cattle|k141_788560_seq1_1	L	
C2|~aac3-351_1|aac3-351_1|LCP|Li_2025|k141_1039072_seq1_1	aac3	L	C	P	Li_2025	Li_2025-aminoglycoside_model_c|cattle|k141_1039072_seq1_1	L	
C2|~aac3-352_1|aac3-352_1|LCP|Li_2025|k141_540066_seq1_1	aac3	L	C	P	Li_2025	Li_2025-aminoglycoside_model_c|cattle|k141_540066_seq1_1	L	
C2|~blaB1-164_1|blaB1-164_1|LCP|CocheMiranda_2026|CocheMiranda_2026_SPA_MetaAn_66_l263_st3192_e3980_se1_ID=552_4	blaB1	L	C	P	CocheMiranda_2026	CocheMiranda_2026-fARgene_CocheMiranda_2026.faa_class_b_1_2-CocheMiranda_2026_SPA_MetaAn_66_l263_st3192_e3980_se1_ID=552_4	L	
C2|~aph3p-757_1|aph3p-757_1|LCP|Victor_2025|SeAAMG_H_sequ6ence	aph3p	L	C	P	Victor_2025	Victor_2025-SeAAMG_H_sequ6ence	L	
C2|~blaD-94_1|blaD-94_1|LCP|Victor_2025b|Class_DNSF64D	blaD	L	C	P	Victor_2025b	Victor_2025b-Class_DNSF64D	L	
C2|~blaD-95_1|blaD-95_1|LCP|Victor_2025b|Class_DNSF46D	blaD	L	C	P	Victor_2025b	Victor_2025b-Class_DNSF46D	L	
C2|~blaB3-814_1|blaB3-814_1|LCS|Ruppe_2019|MC3.MG62.AS1.GP1.C131.G3	blaB3	L	C	S	Ruppe_2019	Ruppe_2019-1|3490202|16|Human-Microbiome-3.9M-Gene-Catalog-(metahit-v2)|MC3.MG62.AS1.GP1.C131.G3|blab3	L	
C2|~blaB3-816_1|blaB3-816_1|LCS|Ruppe_2019|MC3.MG136.AS1.GP1.C29308.G70	blaB3	L	C	S	Ruppe_2019	Ruppe_2019-1|528539|16|Human-Microbiome-3.9M-Gene-Catalog-(metahit-v2)|MC3.MG136.AS1.GP1.C29308.G70|blab3	L	
C2|~blaB1-165_1|blaB1-165_1|LCS|Ruppe_2019|MC3.MG172.AS1.GP1.C9138.G9	blaB1	L	C	S	Ruppe_2019	Ruppe_2019-1|944754|14|Human-Microbiome-3.9M-Gene-Catalog-(metahit-v2)|MC3.MG172.AS1.GP1.C9138.G9|blab1	L	
C2|~blaA-473_1|blaA-473_1|LCS|Ruppe_2019|MC3.MG323.AS1.GP1.C61438.G1	blaA	L	C	S	Ruppe_2019	Ruppe_2019-1|2377126|12|Human-Microbiome-3.9M-Gene-Catalog-(metahit-v2)|MC3.MG323.AS1.GP1.C61438.G1|blaa	L	
C2|~blaA-474_1|blaA-474_1|LCS|Ruppe_2019|MC3.MG192.AS1.GP1.C10157.G2	blaA	L	C	S	Ruppe_2019	Ruppe_2019-1|1099999|12|Human-Microbiome-3.9M-Gene-Catalog-(metahit-v2)|MC3.MG192.AS1.GP1.C10157.G2|blaa	L	
C2|~blaA-475_1|blaA-475_1|LCS|Ruppe_2019|MC3.MG12.AS1.GP1.C24096.G1	blaA	L	C	S	Ruppe_2019	Ruppe_2019-1|268298|12|Human-Microbiome-3.9M-Gene-Catalog-(metahit-v2)|MC3.MG12.AS1.GP1.C24096.G1|blaa	L	
C2|~aph-172_1|aph-172_1|LCS|Ruppe_2019|MC3.MG345.AS1.GP1.C64296.G1	aph	L	C	S	Ruppe_2019	Ruppe_2019-1|2652032|8|Human-Microbiome-3.9M-Gene-Catalog-(metahit-v2)|MC3.MG345.AS1.GP1.C64296.G1|aph	L	
C2|~aph3p-758_1|aph3p-758_1|LCP|Li_2025|k141_399140_seq1_1	aph3p	L	C	P	Li_2025	Li_2025-aminoglycoside_model_h|swine|k141_399140_seq1_1	L	
C2|~aac3-355_1|aac3-355_1|LCP|Li_2025|k141_113598_seq1_1	aac3	L	C	P	Li_2025	Li_2025-aminoglycoside_model_c|swine|k141_113598_seq1_1	L	
C2|~blaB1-166_1|blaB1-166_1|LCP|Li_2025|k141_475083_seq1_1	blaB1	L	C	P	Li_2025	Li_2025-class_b_1_2|swine|k141_475083_seq1_1	L	
C2|~aph3p-759_1|aph3p-759_1|LCP|Li_2025|k141_460116_seq1_1	aph3p	L	C	P	Li_2025	Li_2025-aminoglycoside_model_h|chicken|k141_460116_seq1_1	L	
C2|~aph3p-760_1|aph3p-760_1|LCP|Li_2025|k141_123380_seq1_1	aph3p	L	C	P	Li_2025	Li_2025-aminoglycoside_model_h|chicken|k141_123380_seq1_1	L	
C2|~aph3p-761_1|aph3p-761_1|LCP|Li_2025|k141_397659_seq1_1	aph3p	L	C	P	Li_2025	Li_2025-aminoglycoside_model_h|chicken|k141_397659_seq1_1	L	
C2|~erm-222_1|erm-222_1|LCP|Li_2025|k141_185241_seq1_1	erm	L	C	P	Li_2025	Li_2025-erm_type_a|chicken|k141_185241_seq1_1	L	
C2|~blaB1-167_1|blaB1-167_1|LCP|Li_2025|k119_12237_seq1_1	blaB1	L	C	P	Li_2025	Li_2025-class_b_1_2|chicken|k119_12237_seq1_1	L	
C2|~aph3p-762_1|aph3p-762_1|LCP|Li_2025|k141_367694_seq1_1	aph3p	L	C	P	Li_2025	Li_2025-aminoglycoside_model_h|cattle|k141_367694_seq1_1	L	
C2|~aph3p-763_1|aph3p-763_1|LCP|Li_2025|k141_373618_seq1_1	aph3p	L	C	P	Li_2025	Li_2025-aminoglycoside_model_h|cattle|k141_373618_seq1_1	L	
C2|~aph3p-764_1|aph3p-764_1|LCP|Li_2025|k141_2866816_seq1_1	aph3p	L	C	P	Li_2025	Li_2025-aminoglycoside_model_h|cattle|k141_2866816_seq1_1	L	
C2|~aac3-356_1|aac3-356_1|LCP|Li_2025|k141_2105213_seq1_1	aac3	L	C	P	Li_2025	Li_2025-aminoglycoside_model_c|cattle|k141_2105213_seq1_1	L	
C2|~aac3-357_1|aac3-357_1|LCP|Li_2025|k141_8299_seq1_1	aac3	L	C	P	Li_2025	Li_2025-aminoglycoside_model_c|cattle|k141_8299_seq1_1	L	
C2|~blaD1-56_1|blaD1-56_1|LCP|Victor_2025|SeFCLASS_d1_sequ8ence	blaD1	L	C	P	Victor_2025	Victor_2025-SeFCLASS_d1_sequ8ence	L	
C2|~blaD1-57_1|blaD1-57_1|LCP|Victor_2025|SeFCLASS_d1_sequ7ence	blaD1	L	C	P	Victor_2025	Victor_2025-SeFCLASS_d1_sequ7ence	L	
C2|~blaD-96_1|blaD-96_1|LCP|Victor_2025b|Class_DNSF88D	blaD	L	C	P	Victor_2025b	Victor_2025b-Class_DNSF88D	L	
C2|~blaD-97_1|blaD-97_1|LCP|Victor_2025b|Class_DNSF30D	blaD	L	C	P	Victor_2025b	Victor_2025b-Class_DNSF30D	L	
C2|~blaC-219_1|blaC-219_1|LCS|Ruppe_2019|S11_CZ_3_KJ694527_1_1	blaC	L	C	S	Ruppe_2019	Ruppe_2019-3|3874042|17|ARD-Forsberg-gene-catalog|S11_CZ_3_KJ694527_1_1|blac	L	
C2|~blaB3-817_1|blaB3-817_1|LCS|Ruppe_2019|MC3.MG385.AS1.GP1.C51071.G2	blaB3	L	C	S	Ruppe_2019	Ruppe_2019-1|3120868|16|Human-Microbiome-3.9M-Gene-Catalog-(metahit-v2)|MC3.MG385.AS1.GP1.C51071.G2|blab3	L	
C2|~blaB3-818_1|blaB3-818_1|LCS|Ruppe_2019|MC3.MG34.AS1.GP1.C19956.G1	blaB3	L	C	S	Ruppe_2019	Ruppe_2019-1|2568502|16|Human-Microbiome-3.9M-Gene-Catalog-(metahit-v2)|MC3.MG34.AS1.GP1.C19956.G1|blab3	L	
C2|~blaA-476_1|blaA-476_1|LCS|Ruppe_2019|MC3.MG12.AS1.GP1.C915.G3	blaA	L	C	S	Ruppe_2019	Ruppe_2019-1|335829|12|Human-Microbiome-3.9M-Gene-Catalog-(metahit-v2)|MC3.MG12.AS1.GP1.C915.G3|blaa	L	
C2|~aph-174_1|aph-174_1|LCS|Ruppe_2019|MC3.MG362.AS1.GP1.C27301.G1	aph	L	C	S	Ruppe_2019	Ruppe_2019-1|2827506|8|Human-Microbiome-3.9M-Gene-Catalog-(metahit-v2)|MC3.MG362.AS1.GP1.C27301.G1|aph	L	
C2|~aph-175_1|aph-175_1|LCS|Ruppe_2019|MC3.MG12.AS1.GP1.C89604.G4	aph	L	C	S	Ruppe_2019	Ruppe_2019-1|334384|8|Human-Microbiome-3.9M-Gene-Catalog-(metahit-v2)|MC3.MG12.AS1.GP1.C89604.G4|aph	L	
C2|~aph3p-768_1|aph3p-768_1|LCP|Li_2025|k141_149964_seq1_1	aph3p	L	C	P	Li_2025	Li_2025-aminoglycoside_model_h|swine|k141_149964_seq1_1	L	
C2|~aph3p-769_1|aph3p-769_1|LCP|Li_2025|k119_348978_seq1_1	aph3p	L	C	P	Li_2025	Li_2025-aminoglycoside_model_h|chicken|k119_348978_seq1_1	L	
C2|~aac3-359_1|aac3-359_1|LCP|Li_2025|k141_20848_seq1_1	aac3	L	C	P	Li_2025	Li_2025-aminoglycoside_model_c|chicken|k141_20848_seq1_1	L	
C2|~aph3p-770_1|aph3p-770_1|LCP|Li_2025|k141_2355123_seq1_1	aph3p	L	C	P	Li_2025	Li_2025-aminoglycoside_model_h|cattle|k141_2355123_seq1_1	L	
C2|~aph3p-772_1|aph3p-772_1|LCP|Li_2025|k141_1256376_seq1_1	aph3p	L	C	P	Li_2025	Li_2025-aminoglycoside_model_h|cattle|k141_1256376_seq1_1	L	
C2|~aph3p-773_1|aph3p-773_1|LCP|Li_2025|k141_90183_seq1_1	aph3p	L	C	P	Li_2025	Li_2025-aminoglycoside_model_h|cattle|k141_90183_seq1_1	L	
C2|~aph3p-774_1|aph3p-774_1|LCP|Li_2025|k141_697783_seq1_1	aph3p	L	C	P	Li_2025	Li_2025-aminoglycoside_model_h|cattle|k141_697783_seq1_1	L	
C2|~aac3-360_1|aac3-360_1|LCP|Li_2025|k141_120656_seq1_1	aac3	L	C	P	Li_2025	Li_2025-aminoglycoside_model_c|cattle|k141_120656_seq1_1	L	
C2|~aac3-361_1|aac3-361_1|LCP|Li_2025|k141_381491_seq1_1	aac3	L	C	P	Li_2025	Li_2025-aminoglycoside_model_c|cattle|k141_381491_seq1_1	L	
C2|~aac3-363_1|aac3-363_1|LCP|Li_2025|k141_832530_seq1_1	aac3	L	C	P	Li_2025	Li_2025-aminoglycoside_model_c|cattle|k141_832530_seq1_1	L	
C2|~aac3-364_1|aac3-364_1|LCP|Li_2025|k141_950923_seq1_1	aac3	L	C	P	Li_2025	Li_2025-aminoglycoside_model_c|cattle|k141_950923_seq1_1	L	
C2|~aac3-365_1|aac3-365_1|LCP|Li_2025|k141_137023_seq1_1	aac3	L	C	P	Li_2025	Li_2025-aminoglycoside_model_c|cattle|k141_137023_seq1_1	L	
C2|~aac3-367_1|aac3-367_1|LCP|Li_2025|k141_314541_seq1_1	aac3	L	C	P	Li_2025	Li_2025-aminoglycoside_model_c|cattle|k141_314541_seq1_1	L	
C2|~erm-223_1|erm-223_1|LCP|Victor_2025|HoAERM_ermtype_sequ10ence	erm	L	C	P	Victor_2025	Victor_2025-HoAERM_ermtype_sequ10ence	L	
C2|~blaB1-169_1|blaB1-169_1|LCP|Victor_2025|HoACLASS_b12_sequ14ence	blaB1	L	C	P	Victor_2025	Victor_2025-HoACLASS_b12_sequ14ence	L	
C2|~aac6p-79_1|aac6p-79_1|LMP|Victor_2025|HoAAMG_D_sequ1ence	aac6p	L	M	P	Victor_2025	Victor_2025-HoAAMG_D_sequ1ence	L	
C2|~blaD-98_1|blaD-98_1|LCP|Victor_2025b|Class_DNSF59D	blaD	L	C	P	Victor_2025b	Victor_2025b-Class_DNSF59D	L	
C2|~blaB1-170_1|blaB1-170_1|LCP|Victor_2025b|Class_B1B2NSF31B1B2	blaB1	L	C	P	Victor_2025b	Victor_2025b-Class_B1B2NSF31B1B2	L	
C2|~blaB1-171_1|blaB1-171_1|LCP|Victor_2025b|Class_B1B2NSF9B1B2	blaB1	L	C	P	Victor_2025b	Victor_2025b-Class_B1B2NSF9B1B2	L	
C2|~blaD-99_1|blaD-99_1|LCS|Ruppe_2019|S13_PI_1002_KJ695007_1_1	blaD	L	C	S	Ruppe_2019	Ruppe_2019-3|3874061|18|ARD-Forsberg-gene-catalog|S13_PI_1002_KJ695007_1_1|blad	L	
C2|~blaB3-819_1|blaB3-819_1|LCS|Ruppe_2019|MC3.MG45.AS1.GP1.C10428.G4	blaB3	L	C	S	Ruppe_2019	Ruppe_2019-1|3288386|16|Human-Microbiome-3.9M-Gene-Catalog-(metahit-v2)|MC3.MG45.AS1.GP1.C10428.G4|blab3	L	
C2|~blaB3-820_1|blaB3-820_1|LCS|Ruppe_2019|MC3.MG32.AS1.GP1.C18450.G2	blaB3	L	C	S	Ruppe_2019	Ruppe_2019-1|2290543|16|Human-Microbiome-3.9M-Gene-Catalog-(metahit-v2)|MC3.MG32.AS1.GP1.C18450.G2|blab3	L	
C2|~blaB3-821_1|blaB3-821_1|LCS|Ruppe_2019|MC3.MG12.AS1.GP1.C79639.G2	blaB3	L	C	S	Ruppe_2019	Ruppe_2019-1|327808|16|Human-Microbiome-3.9M-Gene-Catalog-(metahit-v2)|MC3.MG12.AS1.GP1.C79639.G2|blab3	L	
C2|~blaB3-822_1|blaB3-822_1|LCS|Ruppe_2019|MC3.MG11.AS1.GP1.C41520.G5	blaB3	L	C	S	Ruppe_2019	Ruppe_2019-1|148736|16|Human-Microbiome-3.9M-Gene-Catalog-(metahit-v2)|MC3.MG11.AS1.GP1.C41520.G5|blab3	L	
C2|~blaB1-172_1|blaB1-172_1|LCS|Ruppe_2019|MC3.MG330.AS1.GP1.C21424.G2	blaB1	L	C	S	Ruppe_2019	Ruppe_2019-1|2466454|14|Human-Microbiome-3.9M-Gene-Catalog-(metahit-v2)|MC3.MG330.AS1.GP1.C21424.G2|blab1	L	
C2|~blaA-477_1|blaA-477_1|LCS|Ruppe_2019|MC3.MG97.AS1.GP1.C20656.G1	blaA	L	C	S	Ruppe_2019	Ruppe_2019-1|3827817|12|Human-Microbiome-3.9M-Gene-Catalog-(metahit-v2)|MC3.MG97.AS1.GP1.C20656.G1|blaa	L	
C2|~aph-176_1|aph-176_1|LCS|Ruppe_2019|MC3.MG6.AS1.GP1.C22902.G5	aph	L	C	S	Ruppe_2019	Ruppe_2019-1|3422188|8|Human-Microbiome-3.9M-Gene-Catalog-(metahit-v2)|MC3.MG6.AS1.GP1.C22902.G5|aph	L	
C2|~aph-177_1|aph-177_1|LMS|Ruppe_2019|MC3.MG352.AS1.GP1.C355.G2	aph	L	M	S	Ruppe_2019	Ruppe_2019-1|2703846|8|Human-Microbiome-3.9M-Gene-Catalog-(metahit-v2)|MC3.MG352.AS1.GP1.C355.G2|aph	L	
C2|~aph-178_1|aph-178_1|LCS|Ruppe_2019|MC3.MG26.AS1.GP1.C11638.G8	aph	L	C	S	Ruppe_2019	Ruppe_2019-1|1690173|8|Human-Microbiome-3.9M-Gene-Catalog-(metahit-v2)|MC3.MG26.AS1.GP1.C11638.G8|aph	L	
C2|~aph-179_1|aph-179_1|LCS|Ruppe_2019|MC3.MG218.AS1.GP1.C22157.G2	aph	L	C	S	Ruppe_2019	Ruppe_2019-1|1355602|8|Human-Microbiome-3.9M-Gene-Catalog-(metahit-v2)|MC3.MG218.AS1.GP1.C22157.G2|aph	L	
C2|~aac3-368_1|aac3-368_1|LMS|Ruppe_2019|MC3.MG321.AS1.GP1.C23578.G4	aac3	L	M	S	Ruppe_2019	Ruppe_2019-1|2325936|5|Human-Microbiome-3.9M-Gene-Catalog-(metahit-v2)|MC3.MG321.AS1.GP1.C23578.G4|aac3_2	L	
C2|~aph3p-775_1|aph3p-775_1|LCP|Li_2025|k119_248874_seq1_1	aph3p	L	C	P	Li_2025	Li_2025-aminoglycoside_model_h|chicken|k119_248874_seq1_1	L	
C2|~aph3p-777_1|aph3p-777_1|LCP|Li_2025|k141_306370_seq1_1	aph3p	L	C	P	Li_2025	Li_2025-aminoglycoside_model_h|cattle|k141_306370_seq1_1	L	
C2|~blaB1-173_1|blaB1-173_1|LCP|Li_2025|k141_408614_seq1_1	blaB1	L	C	P	Li_2025	Li_2025-class_b_1_2|cattle|k141_408614_seq1_1	L	
C2|~blaD2-291_1|blaD2-291_1|LCP|Victor_2025|HoFCLASS_d2_sequ12ence	blaD2	L	C	P	Victor_2025	Victor_2025-HoFCLASS_d2_sequ12ence	L	
C2|~blaB1-175_1|blaB1-175_1|LCP|Victor_2025b|Class_B1B2NSF38B1B2	blaB1	L	C	P	Victor_2025b	Victor_2025b-Class_B1B2NSF38B1B2	L	
C2|~blaB3-824_1|blaB3-824_1|LCS|Ruppe_2019|MC3.MG97.AS1.GP1.C49625.G3	blaB3	L	C	S	Ruppe_2019	Ruppe_2019-1|3836514|16|Human-Microbiome-3.9M-Gene-Catalog-(metahit-v2)|MC3.MG97.AS1.GP1.C49625.G3|blab3	L	
C2|~blaB3-825_1|blaB3-825_1|LCS|Ruppe_2019|MC3.MG64.AS1.GP1.C2208.G22	blaB3	L	C	S	Ruppe_2019	Ruppe_2019-1|3504865|16|Human-Microbiome-3.9M-Gene-Catalog-(metahit-v2)|MC3.MG64.AS1.GP1.C2208.G22|blab3	L	
C2|~blaB3-826_1|blaB3-826_1|LCS|Ruppe_2019|MC3.MG58.AS1.GP1.C34262.G2	blaB3	L	C	S	Ruppe_2019	Ruppe_2019-1|3400995|16|Human-Microbiome-3.9M-Gene-Catalog-(metahit-v2)|MC3.MG58.AS1.GP1.C34262.G2|blab3	L	
C2|~blaB3-827_1|blaB3-827_1|LMS|Ruppe_2019|MC3.MG368.AS1.GP1.C34594.G2	blaB3	L	M	S	Ruppe_2019	Ruppe_2019-1|2905838|16|Human-Microbiome-3.9M-Gene-Catalog-(metahit-v2)|MC3.MG368.AS1.GP1.C34594.G2|blab3	L	
C2|~blaB3-832_1|blaB3-832_1|LCS|Ruppe_2019|MC3.MG120.AS1.GP1.C10540.G4	blaB3	L	C	S	Ruppe_2019	Ruppe_2019-1|336871|16|Human-Microbiome-3.9M-Gene-Catalog-(metahit-v2)|MC3.MG120.AS1.GP1.C10540.G4|blab3	L	
C2|~aph-181_1|aph-181_1|LCS|Ruppe_2019|MC3.MG355.AS1.GP1.C6644.G1	aph	L	C	S	Ruppe_2019	Ruppe_2019-1|2734778|8|Human-Microbiome-3.9M-Gene-Catalog-(metahit-v2)|MC3.MG355.AS1.GP1.C6644.G1|aph	L	
C2|~ant-68_1|ant-68_1|LCS|Ruppe_2019|MC3.MG320.AS1.GP1.C33833.G1	ant	L	C	S	Ruppe_2019	Ruppe_2019-1|2303248|7|Human-Microbiome-3.9M-Gene-Catalog-(metahit-v2)|MC3.MG320.AS1.GP1.C33833.G1|ant	L	
C2|~aph3p-779_1|aph3p-779_1|LCP|Li_2025|k141_213522_seq1_1	aph3p	L	C	P	Li_2025	Li_2025-aminoglycoside_model_h|swine|k141_213522_seq1_1	L	
C2|~aph3p-780_1|aph3p-780_1|LCP|Li_2025|k141_10124_seq1_1	aph3p	L	C	P	Li_2025	Li_2025-aminoglycoside_model_h|chicken|k141_10124_seq1_1	L	
C2|~blaB1-176_1|blaB1-176_1|LCP|Li_2025|k141_5570_seq1_1	blaB1	L	C	P	Li_2025	Li_2025-class_b_1_2|cattle|k141_5570_seq1_1	L	
C2|~blaD-100_1|blaD-100_1|LCP|Victor_2025b|Class_DNSF86D	blaD	L	C	P	Victor_2025b	Victor_2025b-Class_DNSF86D	L	
C2|~blaD-101_1|blaD-101_1|LCP|Victor_2025b|Class_DNSF26D	blaD	L	C	P	Victor_2025b	Victor_2025b-Class_DNSF26D	L	
C2|~blaD-102_1|blaD-102_1|LCP|Victor_2025b|Class_DNSF22D	blaD	L	C	P	Victor_2025b	Victor_2025b-Class_DNSF22D	L	
C2|~blaB1-177_1|blaB1-177_1|LCP|Victor_2025b|Class_B1B2NSF15B1B2	blaB1	L	C	P	Victor_2025b	Victor_2025b-Class_B1B2NSF15B1B2	L	
C2|~blaB3-834_1|blaB3-834_1|LCS|Ruppe_2019|MC3.MG344.AS1.GP1.C49152.G1	blaB3	L	C	S	Ruppe_2019	Ruppe_2019-1|2613255|16|Human-Microbiome-3.9M-Gene-Catalog-(metahit-v2)|MC3.MG344.AS1.GP1.C49152.G1|blab3	L	
C2|~blaB3-835_1|blaB3-835_1|LCS|Ruppe_2019|MC3.MG332.AS1.GP1.C21087.G4	blaB3	L	C	S	Ruppe_2019	Ruppe_2019-1|2496668|16|Human-Microbiome-3.9M-Gene-Catalog-(metahit-v2)|MC3.MG332.AS1.GP1.C21087.G4|blab3	L	
C2|~blaB3-836_1|blaB3-836_1|LCS|Ruppe_2019|MC3.MG304.AS1.GP1.C8481.G2	blaB3	L	C	S	Ruppe_2019	Ruppe_2019-1|2169683|16|Human-Microbiome-3.9M-Gene-Catalog-(metahit-v2)|MC3.MG304.AS1.GP1.C8481.G2|blab3	L	
C2|~blaB3-840_1|blaB3-840_1|LCS|Ruppe_2019|MC3.MG243.AS1.GP1.C59110.G1	blaB3	L	C	S	Ruppe_2019	Ruppe_2019-1|1544611|16|Human-Microbiome-3.9M-Gene-Catalog-(metahit-v2)|MC3.MG243.AS1.GP1.C59110.G1|blab3	L	
C2|~blaB3-841_1|blaB3-841_1|LCS|Ruppe_2019|MC3.MG13.AS1.GP1.C10091.G28	blaB3	L	C	S	Ruppe_2019	Ruppe_2019-1|463194|16|Human-Microbiome-3.9M-Gene-Catalog-(metahit-v2)|MC3.MG13.AS1.GP1.C10091.G28|blab3	L	
C2|~blaB-39_1|blaB-39_1|LCS|Ruppe_2019|S07_CX_4_KJ693139_1_4	blaB	L	C	S	Ruppe_2019	Ruppe_2019-3|3873942|13|ARD-Forsberg-gene-catalog|S07_CX_4_KJ693139_1_4|blab	L	
C2|~blaB-40_1|blaB-40_1|LCS|Ruppe_2019|S05_CZ_5_KJ692467_1_3	blaB	L	C	S	Ruppe_2019	Ruppe_2019-3|3873941|13|ARD-Forsberg-gene-catalog|S05_CZ_5_KJ692467_1_3|blab	L	
C2|~aph-182_1|aph-182_1|LCS|Ruppe_2019|MC3.MG73.AS1.GP1.C3863.G1	aph	L	C	S	Ruppe_2019	Ruppe_2019-1|3564755|8|Human-Microbiome-3.9M-Gene-Catalog-(metahit-v2)|MC3.MG73.AS1.GP1.C3863.G1|aph	L	
C2|~aph-183_1|aph-183_1|LCS|Ruppe_2019|MC3.MG68.AS1.GP1.C2239.G3	aph	L	C	S	Ruppe_2019	Ruppe_2019-1|3534357|8|Human-Microbiome-3.9M-Gene-Catalog-(metahit-v2)|MC3.MG68.AS1.GP1.C2239.G3|aph	L	
C2|~aph-184_1|aph-184_1|LCS|Ruppe_2019|MC3.MG51.AS1.GP1.C4705.G2	aph	L	C	S	Ruppe_2019	Ruppe_2019-1|3336959|8|Human-Microbiome-3.9M-Gene-Catalog-(metahit-v2)|MC3.MG51.AS1.GP1.C4705.G2|aph	L	
C2|~aph-186_1|aph-186_1|LCS|Ruppe_2019|MC3.MG310.AS1.GP1.C21924.G3	aph	L	C	S	Ruppe_2019	Ruppe_2019-1|2223526|8|Human-Microbiome-3.9M-Gene-Catalog-(metahit-v2)|MC3.MG310.AS1.GP1.C21924.G3|aph	L	
C2|~aph-187_1|aph-187_1|LCS|Ruppe_2019|MC3.MG196.AS1.GP1.C23854.G4	aph	L	C	S	Ruppe_2019	Ruppe_2019-1|1151150|8|Human-Microbiome-3.9M-Gene-Catalog-(metahit-v2)|MC3.MG196.AS1.GP1.C23854.G4|aph	L	
C2|~aph-188_1|aph-188_1|LCS|Ruppe_2019|MC3.MG127.AS1.GP1.C53704.G1	aph	L	C	S	Ruppe_2019	Ruppe_2019-1|451310|8|Human-Microbiome-3.9M-Gene-Catalog-(metahit-v2)|MC3.MG127.AS1.GP1.C53704.G1|aph	L	
C2|~aph-189_1|aph-189_1|LCS|Ruppe_2019|MC3.MG122.AS1.GP1.C947.G2	aph	L	C	S	Ruppe_2019	Ruppe_2019-1|400302|8|Human-Microbiome-3.9M-Gene-Catalog-(metahit-v2)|MC3.MG122.AS1.GP1.C947.G2|aph	L	
C2|~ant-69_1|ant-69_1|LCS|Ruppe_2019|MC3.MG100.AS1.GP1.C5190.G2	ant	L	C	S	Ruppe_2019	Ruppe_2019-1|38600|7|Human-Microbiome-3.9M-Gene-Catalog-(metahit-v2)|MC3.MG100.AS1.GP1.C5190.G2|ant	L	
C2|~aac3-369_1|aac3-369_1|LCS|Ruppe_2019|MC3.MG351.AS1.GP1.C45566.G6	aac3	L	C	S	Ruppe_2019	Ruppe_2019-1|2695177|5|Human-Microbiome-3.9M-Gene-Catalog-(metahit-v2)|MC3.MG351.AS1.GP1.C45566.G6|aac3_2	L	
C2|~erm-225_1|erm-225_1|LCP|Li_2025|k141_57601_seq1_1	erm	L	C	P	Li_2025	Li_2025-erm_type_f|swine|k141_57601_seq1_1	L	
C2|~aph3p-781_1|aph3p-781_1|LCP|Li_2025|k141_922336_seq1_1	aph3p	L	C	P	Li_2025	Li_2025-aminoglycoside_model_h|cattle|k141_922336_seq1_1	L	
C2|~aph3p-782_1|aph3p-782_1|LCP|Li_2025|k141_221244_seq1_1	aph3p	L	C	P	Li_2025	Li_2025-aminoglycoside_model_h|cattle|k141_221244_seq1_1	L	
C2|~blaD2-293_1|blaD2-293_1|LCP|Li_2025|k141_157291_seq1_1	blaD2	L	C	P	Li_2025	Li_2025-class_d_2|cattle|k141_157291_seq1_1	L	
C2|~blaB1-179_1|blaB1-179_1|LCP|Victor_2025|SeFCLASS_b12_sequ4ence	blaB1	L	C	P	Victor_2025	Victor_2025-SeFCLASS_b12_sequ4ence	L	
C2|~blaD2-294_1|blaD2-294_1|LCP|Victor_2025|HoACLASS_d2_sequ43ence	blaD2	L	C	P	Victor_2025	Victor_2025-HoACLASS_d2_sequ43ence	L	
C2|~blaD1-59_1|blaD1-59_1|LCP|Victor_2025|HoACLASS_d1_sequ10ence	blaD1	L	C	P	Victor_2025	Victor_2025-HoACLASS_d1_sequ10ence	L	
C2|~blaD-103_1|blaD-103_1|LCP|Victor_2025b|Class_DNSF85D	blaD	L	C	P	Victor_2025b	Victor_2025b-Class_DNSF85D	L	
C2|~blaD-104_1|blaD-104_1|LCP|Victor_2025b|Class_DNSF34D	blaD	L	C	P	Victor_2025b	Victor_2025b-Class_DNSF34D	L	
C2|~blaD-105_1|blaD-105_1|LCP|Victor_2025b|Class_DNSF12D	blaD	L	C	P	Victor_2025b	Victor_2025b-Class_DNSF12D	L	
C2|~blaB1-183_1|blaB1-183_1|LCP|Victor_2025b|Class_B1B2NSF42B1B2	blaB1	L	C	P	Victor_2025b	Victor_2025b-Class_B1B2NSF42B1B2	L	
C2|~blaB1-184_1|blaB1-184_1|LCP|Victor_2025b|Class_B1B2NSF28B1B2	blaB1	L	C	P	Victor_2025b	Victor_2025b-Class_B1B2NSF28B1B2	L	
C2|~blaB3-842_1|blaB3-842_1|LCS|Ruppe_2019|MC3.MG12.AS1.GP1.C77250.G8	blaB3	L	C	S	Ruppe_2019	Ruppe_2019-1|323454|16|Human-Microbiome-3.9M-Gene-Catalog-(metahit-v2)|MC3.MG12.AS1.GP1.C77250.G8|blab3	L	
C2|~blaA-480_1|blaA-480_1|LCS|Ruppe_2019|MC3.MG181.AS1.GP1.C26718.G3	blaA	L	C	S	Ruppe_2019	Ruppe_2019-1|1025353|12|Human-Microbiome-3.9M-Gene-Catalog-(metahit-v2)|MC3.MG181.AS1.GP1.C26718.G3|blaa	L	
C2|~aph-190_1|aph-190_1|LCS|Ruppe_2019|MC3.MG353.AS1.GP1.C20300.G12	aph	L	C	S	Ruppe_2019	Ruppe_2019-1|2708897|8|Human-Microbiome-3.9M-Gene-Catalog-(metahit-v2)|MC3.MG353.AS1.GP1.C20300.G12|aph	L	
C2|~aph-191_1|aph-191_1|LCS|Ruppe_2019|MC3.MG291.AS1.GP1.C12159.G5	aph	L	C	S	Ruppe_2019	Ruppe_2019-1|1958259|8|Human-Microbiome-3.9M-Gene-Catalog-(metahit-v2)|MC3.MG291.AS1.GP1.C12159.G5|aph	L	
C2|~aph-192_1|aph-192_1|LCS|Ruppe_2019|MC3.MG209.AS1.GP1.C3767.G1	aph	L	C	S	Ruppe_2019	Ruppe_2019-1|1291564|8|Human-Microbiome-3.9M-Gene-Catalog-(metahit-v2)|MC3.MG209.AS1.GP1.C3767.G1|aph	L	
C2|~aph3p-783_1|aph3p-783_1|LCP|Li_2025|k141_157945_seq1_1	aph3p	L	C	P	Li_2025	Li_2025-aminoglycoside_model_h|swine|k141_157945_seq1_1	L	
C2|~aph3p-784_1|aph3p-784_1|LCP|Li_2025|k141_974782_seq1_1	aph3p	L	C	P	Li_2025	Li_2025-aminoglycoside_model_h|cattle|k141_974782_seq1_1	L	
C2|~erm-227_1|erm-227_1|LCP|Li_2025|k141_872172_seq1_1	erm	L	C	P	Li_2025	Li_2025-erm_type_f|cattle|k141_872172_seq1_1	L	
C2|~blaB1-185_1|blaB1-185_1|LCP|Li_2025|k141_1175528_seq1_1	blaB1	L	C	P	Li_2025	Li_2025-class_b_1_2|cattle|k141_1175528_seq1_1	L	
C2|~blaB1-186_1|blaB1-186_1|LCP|Victor_2025|SeFCLASS_b12_sequ5ence	blaB1	L	C	P	Victor_2025	Victor_2025-SeFCLASS_b12_sequ5ence	L	
C2|~blaB1-187_1|blaB1-187_1|LCP|Victor_2025|HoFCLASS_b12_sequ5ence	blaB1	L	C	P	Victor_2025	Victor_2025-HoFCLASS_b12_sequ5ence	L	
C2|~blaB1-189_1|blaB1-189_1|LCP|Victor_2025b|Class_B1B2NSF47B1B2	blaB1	L	C	P	Victor_2025b	Victor_2025b-Class_B1B2NSF47B1B2	L	
C2|~blaB1-190_1|blaB1-190_1|LCP|Victor_2025b|Class_B1B2NSF33B1B2	blaB1	L	C	P	Victor_2025b	Victor_2025b-Class_B1B2NSF33B1B2	L	
C2|~blaB1-191_1|blaB1-191_1|LCP|Victor_2025b|Class_B1B2NSF3B1B2	blaB1	L	C	P	Victor_2025b	Victor_2025b-Class_B1B2NSF3B1B2	L	
C2|~blaC-220_1|blaC-220_1|LCS|Ruppe_2019|MC3.MG12.AS1.GP1.C54561.G1	blaC	L	C	S	Ruppe_2019	Ruppe_2019-1|301066|17|Human-Microbiome-3.9M-Gene-Catalog-(metahit-v2)|MC3.MG12.AS1.GP1.C54561.G1|blac	L	
C2|~blaB3-843_1|blaB3-843_1|LCS|Ruppe_2019|MC3.MG95.AS1.GP1.C40835.G12	blaB3	L	C	S	Ruppe_2019	Ruppe_2019-1|3803208|16|Human-Microbiome-3.9M-Gene-Catalog-(metahit-v2)|MC3.MG95.AS1.GP1.C40835.G12|blab3	L	
C2|~blaB3-844_1|blaB3-844_1|LCS|Ruppe_2019|MC3.MG89.AS1.GP1.C42819.G17	blaB3	L	C	S	Ruppe_2019	Ruppe_2019-1|3714319|16|Human-Microbiome-3.9M-Gene-Catalog-(metahit-v2)|MC3.MG89.AS1.GP1.C42819.G17|blab3	L	
C2|~blaB3-846_1|blaB3-846_1|LCS|Ruppe_2019|MC3.MG344.AS1.GP1.C28929.G2	blaB3	L	C	S	Ruppe_2019	Ruppe_2019-1|2603677|16|Human-Microbiome-3.9M-Gene-Catalog-(metahit-v2)|MC3.MG344.AS1.GP1.C28929.G2|blab3	L	
C2|~aph-195_1|aph-195_1|LCS|Ruppe_2019|MC3.MG95.AS1.GP1.C29739.G4	aph	L	C	S	Ruppe_2019	Ruppe_2019-1|3794434|8|Human-Microbiome-3.9M-Gene-Catalog-(metahit-v2)|MC3.MG95.AS1.GP1.C29739.G4|aph	L	
C2|~aph-202_1|aph-202_1|LCS|Ruppe_2019|MC3.MG131.AS1.GP1.C11756.G1	aph	L	C	S	Ruppe_2019	Ruppe_2019-1|480693|8|Human-Microbiome-3.9M-Gene-Catalog-(metahit-v2)|MC3.MG131.AS1.GP1.C11756.G1|aph	L	
C2|~aph-203_1|aph-203_1|LCS|Ruppe_2019|MC3.MG119.AS1.GP1.C38474.G3	aph	L	C	S	Ruppe_2019	Ruppe_2019-1|249249|8|Human-Microbiome-3.9M-Gene-Catalog-(metahit-v2)|MC3.MG119.AS1.GP1.C38474.G3|aph	L	
C2|~aph3p-785_1|aph3p-785_1|LCP|Li_2025|k141_461105_seq1_1	aph3p	L	C	P	Li_2025	Li_2025-aminoglycoside_model_h|cattle|k141_461105_seq1_1	L	
C2|~blaB1-192_1|blaB1-192_1|LCP|Li_2025|k141_359364_seq1_1	blaB1	L	C	P	Li_2025	Li_2025-class_b_1_2|cattle|k141_359364_seq1_1	L	
C2|~blaD-106_1|blaD-106_1|LCP|Victor_2025b|Class_DNSF83D	blaD	L	C	P	Victor_2025b	Victor_2025b-Class_DNSF83D	L	
C2|~blaD-107_1|blaD-107_1|LCP|Victor_2025b|Class_DNSF74D	blaD	L	C	P	Victor_2025b	Victor_2025b-Class_DNSF74D	L	
C2|~blaD-108_1|blaD-108_1|LCP|Victor_2025b|Class_DNSF56D	blaD	L	C	P	Victor_2025b	Victor_2025b-Class_DNSF56D	L	
C2|~blaD-109_1|blaD-109_1|LCP|Victor_2025b|Class_DNSF15D	blaD	L	C	P	Victor_2025b	Victor_2025b-Class_DNSF15D	L	
C2|~blaB1-196_1|blaB1-196_1|LCP|Victor_2025b|Class_B1B2NSF34B1B2	blaB1	L	C	P	Victor_2025b	Victor_2025b-Class_B1B2NSF34B1B2	L	
C2|~blaB1-197_1|blaB1-197_1|LCP|Victor_2025b|Class_B1B2NSF32B1B2	blaB1	L	C	P	Victor_2025b	Victor_2025b-Class_B1B2NSF32B1B2	L	
C2|~blaB1-198_1|blaB1-198_1|LCP|Victor_2025b|Class_B1B2NSF27B1B2	blaB1	L	C	P	Victor_2025b	Victor_2025b-Class_B1B2NSF27B1B2	L	
C2|~blaB1-199_1|blaB1-199_1|LCP|Victor_2025b|Class_B1B2NSF26B1B2	blaB1	L	C	P	Victor_2025b	Victor_2025b-Class_B1B2NSF26B1B2	L	
C2|~blaB1-200_1|blaB1-200_1|LCP|Victor_2025b|Class_B1B2NSF10B1B2	blaB1	L	C	P	Victor_2025b	Victor_2025b-Class_B1B2NSF10B1B2	L	
C2|~blaB1-201_1|blaB1-201_1|LCP|Victor_2025b|Class_B1B2NSF6B1B2	blaB1	L	C	P	Victor_2025b	Victor_2025b-Class_B1B2NSF6B1B2	L	
C2|~blaC-221_1|blaC-221_1|LCS|Ruppe_2019|MC3.MG328.AS1.GP1.C16795.G1	blaC	L	C	S	Ruppe_2019	Ruppe_2019-1|2440367|17|Human-Microbiome-3.9M-Gene-Catalog-(metahit-v2)|MC3.MG328.AS1.GP1.C16795.G1|blac	L	
C2|~blaB1-202_1|blaB1-202_1|LCS|Ruppe_2019|MC3.MG370.AS1.GP1.C39529.G2	blaB1	L	C	S	Ruppe_2019	Ruppe_2019-1|2927673|14|Human-Microbiome-3.9M-Gene-Catalog-(metahit-v2)|MC3.MG370.AS1.GP1.C39529.G2|blab1	L	
C2|~aph-204_1|aph-204_1|LCS|Ruppe_2019|MC3.MG329.AS1.GP1.C25107.G2	aph	L	C	S	Ruppe_2019	Ruppe_2019-1|2447679|8|Human-Microbiome-3.9M-Gene-Catalog-(metahit-v2)|MC3.MG329.AS1.GP1.C25107.G2|aph	L	
C2|~aph-205_1|aph-205_1|LCS|Ruppe_2019|MC3.MG327.AS1.GP1.C13086.G2	aph	L	C	S	Ruppe_2019	Ruppe_2019-1|2412465|8|Human-Microbiome-3.9M-Gene-Catalog-(metahit-v2)|MC3.MG327.AS1.GP1.C13086.G2|aph	L	
C2|~aph-208_1|aph-208_1|LCS|Ruppe_2019|MC3.MG12.AS1.GP1.C6273.G3	aph	L	C	S	Ruppe_2019	Ruppe_2019-1|308960|8|Human-Microbiome-3.9M-Gene-Catalog-(metahit-v2)|MC3.MG12.AS1.GP1.C6273.G3|aph	L	
C2|~blaD2-295_1|blaD2-295_1|LCP|Li_2025|k99_124185_seq1_1	blaD2	L	C	P	Li_2025	Li_2025-class_d_2|swine|k99_124185_seq1_1	L	
C2|~blaB1-203_1|blaB1-203_1|LCP|Li_2025|k141_726661_seq1_1	blaB1	L	C	P	Li_2025	Li_2025-class_b_1_2|swine|k141_726661_seq1_1	L	
C2|~blaB1-204_1|blaB1-204_1|LCP|Li_2025|k141_42184_seq1_1	blaB1	L	C	P	Li_2025	Li_2025-class_b_1_2|cattle|k141_42184_seq1_1	L	
C2|~blaB1-205_1|blaB1-205_1|LCP|Li_2025|k141_1110584_seq1_1	blaB1	L	C	P	Li_2025	Li_2025-class_b_1_2|cattle|k141_1110584_seq1_1	L	
C2|~blaB1-207_1|blaB1-207_1|LCP|Victor_2025|HoFCLASS_b12_sequ2ence	blaB1	L	C	P	Victor_2025	Victor_2025-HoFCLASS_b12_sequ2ence	L	
C2|~blaD-110_1|blaD-110_1|LCP|Victor_2025b|Class_DNSF77D	blaD	L	C	P	Victor_2025b	Victor_2025b-Class_DNSF77D	L	
C2|~blaB3-850_1|blaB3-850_1|LCS|Ruppe_2019|MC3.MG115.AS1.GP1.C39640.G23	blaB3	L	C	S	Ruppe_2019	Ruppe_2019-1|216978|16|Human-Microbiome-3.9M-Gene-Catalog-(metahit-v2)|MC3.MG115.AS1.GP1.C39640.G23|blab3	L	
C2|~aph-218_1|aph-218_1|LCS|Ruppe_2019|MC3.MG381.AS1.GP1.C1254.G3	aph	L	C	S	Ruppe_2019	Ruppe_2019-1|3066781|8|Human-Microbiome-3.9M-Gene-Catalog-(metahit-v2)|MC3.MG381.AS1.GP1.C1254.G3|aph	L	
C2|~aph-219_1|aph-219_1|LCS|Ruppe_2019|MC3.MG325.AS1.GP1.C14665.G2	aph	L	C	S	Ruppe_2019	Ruppe_2019-1|2388053|8|Human-Microbiome-3.9M-Gene-Catalog-(metahit-v2)|MC3.MG325.AS1.GP1.C14665.G2|aph	L	
C2|~aph-220_1|aph-220_1|LCS|Ruppe_2019|MC3.MG305.AS1.GP1.C12345.G27	aph	L	C	S	Ruppe_2019	Ruppe_2019-1|2171106|8|Human-Microbiome-3.9M-Gene-Catalog-(metahit-v2)|MC3.MG305.AS1.GP1.C12345.G27|aph	L	
C2|~aph-229_1|aph-229_1|LCS|Ruppe_2019|MC3.MG136.AS1.GP1.C11975.G5	aph	L	C	S	Ruppe_2019	Ruppe_2019-1|523960|8|Human-Microbiome-3.9M-Gene-Catalog-(metahit-v2)|MC3.MG136.AS1.GP1.C11975.G5|aph	L	
C2|~aph-230_1|aph-230_1|LCS|Ruppe_2019|MC3.MG120.AS1.GP1.C30703.G3	aph	L	C	S	Ruppe_2019	Ruppe_2019-1|346861|8|Human-Microbiome-3.9M-Gene-Catalog-(metahit-v2)|MC3.MG120.AS1.GP1.C30703.G3|aph	L	
C2|~aph-233_1|aph-233_1|LCS|Ruppe_2019|MC3.MG114.AS1.GP1.C42108.G5	aph	L	C	S	Ruppe_2019	Ruppe_2019-1|202966|8|Human-Microbiome-3.9M-Gene-Catalog-(metahit-v2)|MC3.MG114.AS1.GP1.C42108.G5|aph	L	
C2|~aac3-370_1|aac3-370_1|LCS|Ruppe_2019|MC3.MG330.AS1.GP1.C8621.G1	aac3	L	C	S	Ruppe_2019	Ruppe_2019-1|2481408|5|Human-Microbiome-3.9M-Gene-Catalog-(metahit-v2)|MC3.MG330.AS1.GP1.C8621.G1|aac3_2	L	
C2|~aph3p-787_1|aph3p-787_1|LCP|Li_2025|k141_66056_seq1_1	aph3p	L	C	P	Li_2025	Li_2025-aminoglycoside_model_h|swine|k141_66056_seq1_1	L	
C2|~blaB1-209_1|blaB1-209_1|LCP|Li_2025|k141_368862_seq1_1	blaB1	L	C	P	Li_2025	Li_2025-class_b_1_2|cattle|k141_368862_seq1_1	L	
C2|~blaB1-210_1|blaB1-210_1|LCP|CocheMiranda_2026|CocheMiranda_2026_SPA_MetaAn_76_l256_st1276_e2043_se1_ID=21023_3	blaB1	L	C	P	CocheMiranda_2026	CocheMiranda_2026-fARgene_CocheMiranda_2026.faa_class_b_1_2-CocheMiranda_2026_SPA_MetaAn_76_l256_st1276_e2043_se1_ID=21023_3	L	
C2|~blaD-111_1|blaD-111_1|LCP|Victor_2025b|Class_DNSF44D	blaD	L	C	P	Victor_2025b	Victor_2025b-Class_DNSF44D	L	
C2|~blaD-112_1|blaD-112_1|LCP|Victor_2025b|Class_DNSF13D	blaD	L	C	P	Victor_2025b	Victor_2025b-Class_DNSF13D	L	
C2|~blaB1-211_1|blaB1-211_1|LCP|Victor_2025b|Class_B1B2NSF8B1B2	blaB1	L	C	P	Victor_2025b	Victor_2025b-Class_B1B2NSF8B1B2	L	
C2|~blaD-113_1|blaD-113_1|LCS|Ruppe_2019|MC3.MG378.AS1.GP1.C23142.G1	blaD	L	C	S	Ruppe_2019	Ruppe_2019-1|3017872|18|Human-Microbiome-3.9M-Gene-Catalog-(metahit-v2)|MC3.MG378.AS1.GP1.C23142.G1|blad	L	
C2|~blaD-114_1|blaD-114_1|LCS|Ruppe_2019|MC3.MG11.AS1.GP1.C33773.G1	blaD	L	C	S	Ruppe_2019	Ruppe_2019-1|142186|18|Human-Microbiome-3.9M-Gene-Catalog-(metahit-v2)|MC3.MG11.AS1.GP1.C33773.G1|blad	L	
C2|~blaB3-851_1|blaB3-851_1|LCS|Ruppe_2019|MC3.MG359.AS1.GP1.C4743.G14	blaB3	L	C	S	Ruppe_2019	Ruppe_2019-1|2786135|16|Human-Microbiome-3.9M-Gene-Catalog-(metahit-v2)|MC3.MG359.AS1.GP1.C4743.G14|blab3	L	
C2|~blaB1-212_1|blaB1-212_1|LCS|Ruppe_2019|MC3.MG97.AS1.GP1.C7198.G2	blaB1	L	C	S	Ruppe_2019	Ruppe_2019-1|3838507|14|Human-Microbiome-3.9M-Gene-Catalog-(metahit-v2)|MC3.MG97.AS1.GP1.C7198.G2|blab1	L	
C2|~blaB1-213_1|blaB1-213_1|LCS|Ruppe_2019|MC3.MG9.AS1.GP1.C26541.G4	blaB1	L	C	S	Ruppe_2019	Ruppe_2019-1|3726569|14|Human-Microbiome-3.9M-Gene-Catalog-(metahit-v2)|MC3.MG9.AS1.GP1.C26541.G4|blab1	L	
C2|~aph-235_1|aph-235_1|LCS|Ruppe_2019|MC3.MG236.AS1.GP1.C28956.G1	aph	L	C	S	Ruppe_2019	Ruppe_2019-1|1497449|8|Human-Microbiome-3.9M-Gene-Catalog-(metahit-v2)|MC3.MG236.AS1.GP1.C28956.G1|aph	L	
C2|~blaB1-215_1|blaB1-215_1|LCP|Li_2025|k141_32470_seq1_1	blaB1	L	C	P	Li_2025	Li_2025-class_b_1_2|cattle|k141_32470_seq1_1	L	
C2|~blaB1-216_1|blaB1-216_1|LCP|CocheMiranda_2026|CocheMiranda_2026_SPA_MetaAn_67_l250_st33_e782_se1_ID=44098_1	blaB1	L	C	P	CocheMiranda_2026	CocheMiranda_2026-fARgene_CocheMiranda_2026.faa_class_b_1_2-CocheMiranda_2026_SPA_MetaAn_67_l250_st33_e782_se1_ID=44098_1	L	
C2|~blaB1-fARgene_2|blaB1-fARgene_2|LCP|CocheMiranda_2026|CocheMiranda_2026_SPA_MetaAn_3_l250_st354_e1103_se	blaB1	L	C	P	CocheMiranda_2026	CocheMiranda_2026-fARgene_CocheMiranda_2026.faa_class_b_1_2-CocheMiranda_2026_SPA_MetaAn_3_l250_st354_e1103_se-1_ID=35239_1	L	
C2|~blaB1-217_1|blaB1-217_1|LCP|Victor_2025b|Class_B1B2NSF45B1B2	blaB1	L	C	P	Victor_2025b	Victor_2025b-Class_B1B2NSF45B1B2	L	
C2|~aph-238_1|aph-238_1|LCS|Ruppe_2019|MC3.MG147.AS1.GP1.C54441.G12	aph	L	C	S	Ruppe_2019	Ruppe_2019-1|725269|8|Human-Microbiome-3.9M-Gene-Catalog-(metahit-v2)|MC3.MG147.AS1.GP1.C54441.G12|aph	L	
C2|~erm-228_1|erm-228_1|LCP|Li_2025|k141_138101_seq1_1	erm	L	C	P	Li_2025	Li_2025-erm_type_f|chicken|k141_138101_seq1_1	L	
C2|~qnr-42_1|qnr-42_1|LCP|Li_2025|k141_24844_seq1_1	qnr	L	C	P	Li_2025	Li_2025-qnr|chicken|k141_24844_seq1_1	L	
C2|~blaB1-218_1|blaB1-218_1|LCP|Li_2025|k141_377735_seq1_1	blaB1	L	C	P	Li_2025	Li_2025-class_b_1_2|cattle|k141_377735_seq1_1	L	
C2|~blaD-115_1|blaD-115_1|LCP|Victor_2025b|Class_DNSF63D	blaD	L	C	P	Victor_2025b	Victor_2025b-Class_DNSF63D	L	
C2|~blaB1-219_1|blaB1-219_1|LCP|Victor_2025b|Class_B1B2NSF17B1B2	blaB1	L	C	P	Victor_2025b	Victor_2025b-Class_B1B2NSF17B1B2	L	
C2|~blaB3-852_1|blaB3-852_1|LCS|Ruppe_2019|MC3.MG325.AS1.GP1.C3150.G2	blaB3	L	C	S	Ruppe_2019	Ruppe_2019-1|2394443|16|Human-Microbiome-3.9M-Gene-Catalog-(metahit-v2)|MC3.MG325.AS1.GP1.C3150.G2|blab3	L	
C2|~blaB3-853_1|blaB3-853_1|LCS|Ruppe_2019|MC3.MG127.AS1.GP1.C37687.G1	blaB3	L	C	S	Ruppe_2019	Ruppe_2019-1|446426|16|Human-Microbiome-3.9M-Gene-Catalog-(metahit-v2)|MC3.MG127.AS1.GP1.C37687.G1|blab3	L	
C2|~aph-239_1|aph-239_1|LCS|Ruppe_2019|MC3.MG147.AS1.GP1.C12471.G2	aph	L	C	S	Ruppe_2019	Ruppe_2019-1|717046|8|Human-Microbiome-3.9M-Gene-Catalog-(metahit-v2)|MC3.MG147.AS1.GP1.C12471.G2|aph	L	
C2|~aac3-371_1|aac3-371_1|LCS|Ruppe_2019|MC3.MG267.AS1.GP1.C68626.G13	aac3	L	C	S	Ruppe_2019	Ruppe_2019-1|1745891|5|Human-Microbiome-3.9M-Gene-Catalog-(metahit-v2)|MC3.MG267.AS1.GP1.C68626.G13|aac3_2	L	
C2|~blaB1-220_1|blaB1-220_1|LCP|Li_2025|k141_225357_seq1_1	blaB1	L	C	P	Li_2025	Li_2025-class_b_1_2|cattle|k141_225357_seq1_1	L	
C2|~blaB1-221_1|blaB1-221_1|LCP|CocheMiranda_2026|CocheMiranda_2026_14992923_len_251_MetaAn_25	blaB1	L	C	P	CocheMiranda_2026	CocheMiranda_2026-fARgene_CocheMiranda_2026.faa_class_b_1_2-CocheMiranda_2026_14992923_len_251_MetaAn_25	L	
C2|~blaD-118_1|blaD-118_1|LCP|Victor_2025b|Class_DNSF8D	blaD	L	C	P	Victor_2025b	Victor_2025b-Class_DNSF8D	L	
C2|~blaB1-223_1|blaB1-223_1|LCP|Victor_2025b|Class_B1B2NSF1B1B2	blaB1	L	C	P	Victor_2025b	Victor_2025b-Class_B1B2NSF1B1B2	L	
C2|~blaD-119_1|blaD-119_1|LCS|Ruppe_2019|MC3.MG386.AS1.GP1.C19254.G1	blaD	L	C	S	Ruppe_2019	Ruppe_2019-1|3135543|18|Human-Microbiome-3.9M-Gene-Catalog-(metahit-v2)|MC3.MG386.AS1.GP1.C19254.G1|blad	L	
C2|~blaB3-854_1|blaB3-854_1|LCS|Ruppe_2019|MC3.MG244.AS1.GP1.C8394.G3	blaB3	L	C	S	Ruppe_2019	Ruppe_2019-1|1562348|16|Human-Microbiome-3.9M-Gene-Catalog-(metahit-v2)|MC3.MG244.AS1.GP1.C8394.G3|blab3	L	
C2|~blaB1-224_1|blaB1-224_1|LCS|Ruppe_2019|MC3.MG99.AS1.GP1.C31508.G3	blaB1	L	C	S	Ruppe_2019	Ruppe_2019-1|3856080|14|Human-Microbiome-3.9M-Gene-Catalog-(metahit-v2)|MC3.MG99.AS1.GP1.C31508.G3|blab1	L	
C2|~blaB-41_1|blaB-41_1|LCS|Ruppe_2019|S10_CZ_13_KJ694106_1_4	blaB	L	C	S	Ruppe_2019	Ruppe_2019-3|3873940|13|ARD-Forsberg-gene-catalog|S10_CZ_13_KJ694106_1_4|blab	L	
C2|~blaB-42_1|blaB-42_1|LCS|Ruppe_2019|S05_CZ_11_KJ692175_1_4	blaB	L	C	S	Ruppe_2019	Ruppe_2019-3|3873939|13|ARD-Forsberg-gene-catalog|S05_CZ_11_KJ692175_1_4|blab	L	
C2|~aph-241_1|aph-241_1|LMS|Ruppe_2019|S13_GE_1024_KJ694954_1_1	aph	L	M	S	Ruppe_2019	Ruppe_2019-3|3873810|8|ARD-Forsberg-gene-catalog|S13_GE_1024_KJ694954_1_1|aph	L	
C2|~blaB1-fARgene_3|blaB1-fARgene_3|LCP|CocheMiranda_2026|CocheMiranda_2026_SPA_MetaAn_9_l252_st896_e1651_se	blaB1	L	C	P	CocheMiranda_2026	CocheMiranda_2026-fARgene_CocheMiranda_2026.faa_class_b_1_2-CocheMiranda_2026_SPA_MetaAn_9_l252_st896_e1651_se-1_ID=24344_2	L	
C2|~blaB1-225_1|blaB1-225_1|LCP|CocheMiranda_2026|CocheMiranda_2026_SPA_MetaAn_23_l258_st1450_e2223_se1_ID=17702_3	blaB1	L	C	P	CocheMiranda_2026	CocheMiranda_2026-fARgene_CocheMiranda_2026.faa_class_b_1_2-CocheMiranda_2026_SPA_MetaAn_23_l258_st1450_e2223_se1_ID=17702_3	L	
C2|~blaB1-fARgene_4|blaB1-fARgene_4|LCP|CocheMiranda_2026|CocheMiranda_2026_SPA_MetaAn_78_l250_st139_e888_se	blaB1	L	C	P	CocheMiranda_2026	CocheMiranda_2026-fARgene_CocheMiranda_2026.faa_class_b_1_2-CocheMiranda_2026_SPA_MetaAn_78_l250_st139_e888_se-1_ID=10946_2	L	
C2|~blaB1-226_1|blaB1-226_1|LCP|Victor_2025|HoFCLASS_b12_sequ13ence	blaB1	L	C	P	Victor_2025	Victor_2025-HoFCLASS_b12_sequ13ence	L	
C2|~erm-229_1|erm-229_1|LCP|Victor_2025|HoAERM_ermtype_sequ11ence	erm	L	C	P	Victor_2025	Victor_2025-HoAERM_ermtype_sequ11ence	L	
C2|~blaB1-227_1|blaB1-227_1|LCP|Victor_2025|HoACLASS_b12_sequ11ence	blaB1	L	C	P	Victor_2025	Victor_2025-HoACLASS_b12_sequ11ence	L	
C2|~blaB1-228_1|blaB1-228_1|LCP|Victor_2025b|Class_B1B2NSF44B1B2	blaB1	L	C	P	Victor_2025b	Victor_2025b-Class_B1B2NSF44B1B2	L	
C2|~blaB3-855_1|blaB3-855_1|LCS|Ruppe_2019|MC3.MG321.AS1.GP1.C43430.G2	blaB3	L	C	S	Ruppe_2019	Ruppe_2019-1|2346778|16|Human-Microbiome-3.9M-Gene-Catalog-(metahit-v2)|MC3.MG321.AS1.GP1.C43430.G2|blab3	L	
C2|~blaA-482_1|blaA-482_1|LCS|Ruppe_2019|MC3.MG363.AS1.GP1.C22059.G4	blaA	L	C	S	Ruppe_2019	Ruppe_2019-1|2835323|12|Human-Microbiome-3.9M-Gene-Catalog-(metahit-v2)|MC3.MG363.AS1.GP1.C22059.G4|blaa	L	
C2|~aac3-372_1|aac3-372_1|LCS|Ruppe_2019|MC3.MG12.AS1.GP1.C6903.G1	aac3	L	C	S	Ruppe_2019	Ruppe_2019-1|314498|5|Human-Microbiome-3.9M-Gene-Catalog-(metahit-v2)|MC3.MG12.AS1.GP1.C6903.G1|aac3_2	L	
C2|~aph3p-788_1|aph3p-788_1|LCP|Li_2025|k141_283410_seq1_1	aph3p	L	C	P	Li_2025	Li_2025-aminoglycoside_model_h|cattle|k141_283410_seq1_1	L	
C2|~blaB1-229_1|blaB1-229_1|LCP|Li_2025|k141_292941_seq1_1	blaB1	L	C	P	Li_2025	Li_2025-class_b_1_2|cattle|k141_292941_seq1_1	L	
C2|~blaB1-230_1|blaB1-230_1|LCP|Li_2025|k141_420003_seq1_1	blaB1	L	C	P	Li_2025	Li_2025-class_b_1_2|cattle|k141_420003_seq1_1	L	
C2|~blaB1-231_1|blaB1-231_1|LCP|CocheMiranda_2026|CocheMiranda_2026_SPA_MetaAn_1_l273_st2603_e3421_se1_ID=4118_2	blaB1	L	C	P	CocheMiranda_2026	CocheMiranda_2026-fARgene_CocheMiranda_2026.faa_class_b_1_2-CocheMiranda_2026_SPA_MetaAn_1_l273_st2603_e3421_se1_ID=4118_2	L	
C2|~blaB1-fARgene_5|blaB1-fARgene_5|LCP|CocheMiranda_2026|CocheMiranda_2026_SPA_MetaAn_23_l270_st220_e1029_se	blaB1	L	C	P	CocheMiranda_2026	CocheMiranda_2026-fARgene_CocheMiranda_2026.faa_class_b_1_2-CocheMiranda_2026_SPA_MetaAn_23_l270_st220_e1029_se-1_ID=93401_1	L	
C2|~dfr-54_1|dfr-54_1|LCS|Wang_2025|AOW88835.1	dfr	L	C	S	Wang_2025	Wang_2025-DfrA_AOW88835.1	L	
C2|~blaB1-232_1|blaB1-232_1|LCP|Victor_2025b|Class_B1B2NSF48B1B2	blaB1	L	C	P	Victor_2025b	Victor_2025b-Class_B1B2NSF48B1B2	L	
C2|~blaB1-233_1|blaB1-233_1|LCP|Victor_2025b|Class_B1B2NSF14B1B2	blaB1	L	C	P	Victor_2025b	Victor_2025b-Class_B1B2NSF14B1B2	L	
C2|~blaB1-234_1|blaB1-234_1|LCP|Victor_2025b|Class_B1B2NSF11B1B2	blaB1	L	C	P	Victor_2025b	Victor_2025b-Class_B1B2NSF11B1B2	L	
C2|~aph-242_1|aph-242_1|LCS|Ruppe_2019|MC3.MG314.AS1.GP1.C25858.G2	aph	L	C	S	Ruppe_2019	Ruppe_2019-1|2253414|8|Human-Microbiome-3.9M-Gene-Catalog-(metahit-v2)|MC3.MG314.AS1.GP1.C25858.G2|aph	L	
C2|~aph-243_1|aph-243_1|LCS|Ruppe_2019|MC3.MG246.AS1.GP1.C3099.G1	aph	L	C	S	Ruppe_2019	Ruppe_2019-1|1579678|8|Human-Microbiome-3.9M-Gene-Catalog-(metahit-v2)|MC3.MG246.AS1.GP1.C3099.G1|aph	L	
C2|~erm-231_1|erm-231_1|LCP|Li_2025|k141_192565_seq1_1	erm	L	C	P	Li_2025	Li_2025-erm_type_f|chicken|k141_192565_seq1_1	L	
C2|~erm-232_1|erm-232_1|LCP|Li_2025|k141_14004_seq1_1	erm	L	C	P	Li_2025	Li_2025-erm_type_f|cattle|k141_14004_seq1_1	L	
C2|~erm-233_1|erm-233_1|LMP|Li_2025|k141_1213002_seq1_1	erm	L	M	P	Li_2025	Li_2025-erm_type_f|cattle|k141_1213002_seq1_1	L	
C2|~blaB1-235_1|blaB1-235_1|LCP|Li_2025|k141_32905_seq1_1	blaB1	L	C	P	Li_2025	Li_2025-class_b_1_2|cattle|k141_32905_seq1_1	L	
C2|~blaB1-fARgene_6|blaB1-fARgene_6|LCP|CocheMiranda_2026|CocheMiranda_2026_SPA_MetaAn_68_l245_st501_e1235_se	blaB1	L	C	P	CocheMiranda_2026	CocheMiranda_2026-fARgene_CocheMiranda_2026.faa_class_b_1_2-CocheMiranda_2026_SPA_MetaAn_68_l245_st501_e1235_se-1_ID=139255_2	L	
C2|~erm-234_1|erm-234_1|LCP|Victor_2025|HoAERM_ermtype_sequ15ence	erm	L	C	P	Victor_2025	Victor_2025-HoAERM_ermtype_sequ15ence	L	
C2|~blaB1-237_1|blaB1-237_1|LCP|Victor_2025|HoACLASS_b12_sequ5ence	blaB1	L	C	P	Victor_2025	Victor_2025-HoACLASS_b12_sequ5ence	L	
C2|~blaB1-238_1|blaB1-238_1|LCP|Victor_2025b|Class_B1B2NSF30B1B2	blaB1	L	C	P	Victor_2025b	Victor_2025b-Class_B1B2NSF30B1B2	L	
C2|~blaB3-856_1|blaB3-856_1|LCS|Ruppe_2019|MC3.MG321.AS1.GP1.C323.G2	blaB3	L	C	S	Ruppe_2019	Ruppe_2019-1|2335371|16|Human-Microbiome-3.9M-Gene-Catalog-(metahit-v2)|MC3.MG321.AS1.GP1.C323.G2|blab3	L	
C2|~blaB3-857_1|blaB3-857_1|LCS|Ruppe_2019|MC3.MG208.AS1.GP1.C19561.G4	blaB3	L	C	S	Ruppe_2019	Ruppe_2019-1|1285378|16|Human-Microbiome-3.9M-Gene-Catalog-(metahit-v2)|MC3.MG208.AS1.GP1.C19561.G4|blab3	L	
C2|~blaB1-240_1|blaB1-240_1|LCS|Ruppe_2019|MC3.MG369.AS1.GP1.C12962.G2	blaB1	L	C	S	Ruppe_2019	Ruppe_2019-1|2913608|14|Human-Microbiome-3.9M-Gene-Catalog-(metahit-v2)|MC3.MG369.AS1.GP1.C12962.G2|blab1	L	
C2|~blaB1-241_1|blaB1-241_1|LCS|Ruppe_2019|MC3.MG354.AS1.GP1.C55443.G3	blaB1	L	C	S	Ruppe_2019	Ruppe_2019-1|2722903|14|Human-Microbiome-3.9M-Gene-Catalog-(metahit-v2)|MC3.MG354.AS1.GP1.C55443.G3|blab1	L	
C2|~blaB1-242_1|blaB1-242_1|LCS|Ruppe_2019|MC3.MG245.AS1.GP1.C6178.G2	blaB1	L	C	S	Ruppe_2019	Ruppe_2019-1|1576929|14|Human-Microbiome-3.9M-Gene-Catalog-(metahit-v2)|MC3.MG245.AS1.GP1.C6178.G2|blab1	L	
C2|~blaB1-243_1|blaB1-243_1|LCS|Ruppe_2019|MC3.MG228.AS1.GP1.C14487.G10	blaB1	L	C	S	Ruppe_2019	Ruppe_2019-1|1435852|14|Human-Microbiome-3.9M-Gene-Catalog-(metahit-v2)|MC3.MG228.AS1.GP1.C14487.G10|blab1	L	
C2|~blaB-44_1|blaB-44_1|LCS|Ruppe_2019|S10_CZ_11_KJ694105_1_4	blaB	L	C	S	Ruppe_2019	Ruppe_2019-3|3873937|13|ARD-Forsberg-gene-catalog|S10_CZ_11_KJ694105_1_4|blab	L	
C2|~blaA-484_1|blaA-484_1|LCS|Ruppe_2019|MC3.MG283.AS1.GP1.C39617.G9	blaA	L	C	S	Ruppe_2019	Ruppe_2019-1|1860897|12|Human-Microbiome-3.9M-Gene-Catalog-(metahit-v2)|MC3.MG283.AS1.GP1.C39617.G9|blaa	L	
C2|~ant-71_1|ant-71_1|LCS|Ruppe_2019|MC3.MG329.AS1.GP1.C2708.G1	ant	L	C	S	Ruppe_2019	Ruppe_2019-1|2448086|7|Human-Microbiome-3.9M-Gene-Catalog-(metahit-v2)|MC3.MG329.AS1.GP1.C2708.G1|ant	L	
C2|~blaB1-244_1|blaB1-244_1|LCP|Li_2025|k141_239045_seq1_1	blaB1	L	C	P	Li_2025	Li_2025-class_b_1_2|cattle|k141_239045_seq1_1	L	
C2|~blaB1-245_1|blaB1-245_1|LCP|Victor_2025|HoACLASS_b12_sequ9ence	blaB1	L	C	P	Victor_2025	Victor_2025-HoACLASS_b12_sequ9ence	L	
C2|~blaB1-246_1|blaB1-246_1|LCP|Victor_2025|HoACLASS_b12_sequ6ence	blaB1	L	C	P	Victor_2025	Victor_2025-HoACLASS_b12_sequ6ence	L	
C2|~blaB1-247_1|blaB1-247_1|LCP|Victor_2025|HoACLASS_b12_sequ16ence	blaB1	L	C	P	Victor_2025	Victor_2025-HoACLASS_b12_sequ16ence	L	
C2|~blaB3-858_1|blaB3-858_1|LCS|Ruppe_2019|MC3.MG321.AS1.GP1.C19019.G2	blaB3	L	C	S	Ruppe_2019	Ruppe_2019-1|2321068|16|Human-Microbiome-3.9M-Gene-Catalog-(metahit-v2)|MC3.MG321.AS1.GP1.C19019.G2|blab3	L	
C2|~blaB3-859_1|blaB3-859_1|LCS|Ruppe_2019|MC3.MG287.AS1.GP1.C230.G8	blaB3	L	C	S	Ruppe_2019	Ruppe_2019-1|1900708|16|Human-Microbiome-3.9M-Gene-Catalog-(metahit-v2)|MC3.MG287.AS1.GP1.C230.G8|blab3	L	
C2|~blaB3-860_1|blaB3-860_1|LCS|Ruppe_2019|MC3.MG139.AS1.GP1.C40924.G2	blaB3	L	C	S	Ruppe_2019	Ruppe_2019-1|602661|16|Human-Microbiome-3.9M-Gene-Catalog-(metahit-v2)|MC3.MG139.AS1.GP1.C40924.G2|blab3	L	
C2|~blaA-486_1|blaA-486_1|LCS|Ruppe_2019|MC3.MG320.AS1.GP1.C1370.G1	blaA	L	C	S	Ruppe_2019	Ruppe_2019-1|2295585|12|Human-Microbiome-3.9M-Gene-Catalog-(metahit-v2)|MC3.MG320.AS1.GP1.C1370.G1|blaa	L	
C2|~blaA-487_1|blaA-487_1|LCS|Ruppe_2019|MC3.MG208.AS1.GP1.C18005.G2	blaA	L	C	S	Ruppe_2019	Ruppe_2019-1|1283256|12|Human-Microbiome-3.9M-Gene-Catalog-(metahit-v2)|MC3.MG208.AS1.GP1.C18005.G2|blaa	L	
C2|~blaB1-248_1|blaB1-248_1|LCP|Li_2025|k141_357179_seq1_1	blaB1	L	C	P	Li_2025	Li_2025-class_b_1_2|swine|k141_357179_seq1_1	L	
C2|~aph3p-790_1|aph3p-790_1|LCP|Li_2025|k141_1797588_seq1_1	aph3p	L	C	P	Li_2025	Li_2025-aminoglycoside_model_h|cattle|k141_1797588_seq1_1	L	
C2|~blaB1-249_1|blaB1-249_1|LCP|CocheMiranda_2026|CocheMiranda_2026_30241248_len_247_MetaAn_65	blaB1	L	C	P	CocheMiranda_2026	CocheMiranda_2026-fARgene_CocheMiranda_2026.faa_class_b_1_2-CocheMiranda_2026_30241248_len_247_MetaAn_65	L	
C2|~blaB1-254_1|blaB1-254_1|LCP|CocheMiranda_2026|CocheMiranda_2026_32238791_len_247_MetaAn_68	blaB1	L	C	P	CocheMiranda_2026	CocheMiranda_2026-fARgene_CocheMiranda_2026.faa_class_b_1_2-CocheMiranda_2026_32238791_len_247_MetaAn_68	L	
C2|~blaB1-257_1|blaB1-257_1|LCP|Victor_2025b|Class_B1B2NSF4B1B2	blaB1	L	C	P	Victor_2025b	Victor_2025b-Class_B1B2NSF4B1B2	L	
C2|~blaB3-861_1|blaB3-861_1|LCS|Ruppe_2019|MC3.MG248.AS1.GP1.C1529.G2	blaB3	L	C	S	Ruppe_2019	Ruppe_2019-1|1586713|16|Human-Microbiome-3.9M-Gene-Catalog-(metahit-v2)|MC3.MG248.AS1.GP1.C1529.G2|blab3	L	
C2|~blaB1-258_1|blaB1-258_1|LCS|Ruppe_2019|MC3.MG332.AS1.GP1.C534.G2	blaB1	L	C	S	Ruppe_2019	Ruppe_2019-1|2527617|14|Human-Microbiome-3.9M-Gene-Catalog-(metahit-v2)|MC3.MG332.AS1.GP1.C534.G2|blab1	L	
C2|~aph-244_1|aph-244_1|LCS|Ruppe_2019|MC3.MG62.AS1.GP1.C24975.G1	aph	L	C	S	Ruppe_2019	Ruppe_2019-1|3492987|8|Human-Microbiome-3.9M-Gene-Catalog-(metahit-v2)|MC3.MG62.AS1.GP1.C24975.G1|aph	L	
C2|~ant-72_1|ant-72_1|LCS|Ruppe_2019|MC3.MG332.AS1.GP1.C1681.G7	ant	L	C	S	Ruppe_2019	Ruppe_2019-1|2492580|7|Human-Microbiome-3.9M-Gene-Catalog-(metahit-v2)|MC3.MG332.AS1.GP1.C1681.G7|ant	L	
C2|~aph3p-791_1|aph3p-791_1|LMP|Victor_2025|SeAAMG_H_sequ9ence	aph3p	L	M	P	Victor_2025	Victor_2025-SeAAMG_H_sequ9ence	L	
C2|~erm-235_1|erm-235_1|LCP|Victor_2025|HiFERM_ermtype_sequ11ence	erm	L	C	P	Victor_2025	Victor_2025-HiFERM_ermtype_sequ11ence	L	
C2|~blaB1-260_1|blaB1-260_1|LCP|Victor_2025b|Class_B1B2NSF49B1B2	blaB1	L	C	P	Victor_2025b	Victor_2025b-Class_B1B2NSF49B1B2	L	
C2|~blaB3-862_1|blaB3-862_1|LCS|Ruppe_2019|MC3.MG195.AS1.GP1.C1258.G5	blaB3	L	C	S	Ruppe_2019	Ruppe_2019-1|1124067|16|Human-Microbiome-3.9M-Gene-Catalog-(metahit-v2)|MC3.MG195.AS1.GP1.C1258.G5|blab3	L	
C2|~blaB1-261_1|blaB1-261_1|LCS|Ruppe_2019|MC3.MG327.AS1.GP1.C6347.G1	blaB1	L	C	S	Ruppe_2019	Ruppe_2019-1|2435272|14|Human-Microbiome-3.9M-Gene-Catalog-(metahit-v2)|MC3.MG327.AS1.GP1.C6347.G1|blab1	L	
C2|~blaA-489_1|blaA-489_1|LCS|Ruppe_2019|MC3.MG107.AS1.GP1.C31977.G2	blaA	L	C	S	Ruppe_2019	Ruppe_2019-1|106435|12|Human-Microbiome-3.9M-Gene-Catalog-(metahit-v2)|MC3.MG107.AS1.GP1.C31977.G2|blaa	L	
C2|~blaB1-fARgene_8|blaB1-fARgene_8|LCP|CocheMiranda_2026|CocheMiranda_2026_SPA_MetaAn_57_l241_st364_e1086_se	blaB1	L	C	P	CocheMiranda_2026	CocheMiranda_2026-fARgene_CocheMiranda_2026.faa_class_b_1_2-CocheMiranda_2026_SPA_MetaAn_57_l241_st364_e1086_se-1_ID=15438_1	L	
C2|~blaB1-263_1|blaB1-263_1|LCP|Victor_2025|HoFCLASS_b12_sequ6ence	blaB1	L	C	P	Victor_2025	Victor_2025-HoFCLASS_b12_sequ6ence	L	
C2|~erm-236_1|erm-236_1|LCP|Victor_2025|HoAERM_ermtype_sequ14ence	erm	L	C	P	Victor_2025	Victor_2025-HoAERM_ermtype_sequ14ence	L	
C2|~blaB1-265_1|blaB1-265_1|LCP|Victor_2025b|Class_B1B2NSF37B1B2	blaB1	L	C	P	Victor_2025b	Victor_2025b-Class_B1B2NSF37B1B2	L	
C2|~blaB3-866_1|blaB3-866_1|LCS|Ruppe_2019|MC3.MG97.AS1.GP1.C45769.G9	blaB3	L	C	S	Ruppe_2019	Ruppe_2019-1|3834365|16|Human-Microbiome-3.9M-Gene-Catalog-(metahit-v2)|MC3.MG97.AS1.GP1.C45769.G9|blab3	L	
C2|~blaB3-867_1|blaB3-867_1|LCS|Ruppe_2019|MC3.MG362.AS1.GP1.C45748.G4	blaB3	L	C	S	Ruppe_2019	Ruppe_2019-1|2830907|16|Human-Microbiome-3.9M-Gene-Catalog-(metahit-v2)|MC3.MG362.AS1.GP1.C45748.G4|blab3	L	
C2|~blaB3-868_1|blaB3-868_1|LCS|Ruppe_2019|MC3.MG138.AS1.GP1.C49168.G2	blaB3	L	C	S	Ruppe_2019	Ruppe_2019-1|581781|16|Human-Microbiome-3.9M-Gene-Catalog-(metahit-v2)|MC3.MG138.AS1.GP1.C49168.G2|blab3	L	
C2|~aph-246_1|aph-246_1|LCS|Ruppe_2019|MC3.MG120.AS1.GP1.C5200.G1	aph	L	C	S	Ruppe_2019	Ruppe_2019-1|357089|8|Human-Microbiome-3.9M-Gene-Catalog-(metahit-v2)|MC3.MG120.AS1.GP1.C5200.G1|aph	L	
C2|~blaB1-266_1|blaB1-266_1|LCP|Li_2025|k141_135000_seq1_1	blaB1	L	C	P	Li_2025	Li_2025-class_b_1_2|chicken|k141_135000_seq1_1	L	
C2|~blaB1-268_1|blaB1-268_1|LCP|Victor_2025b|Class_B1B2NSF36B1B2	blaB1	L	C	P	Victor_2025b	Victor_2025b-Class_B1B2NSF36B1B2	L	
C2|~blaC-222_1|blaC-222_1|LMS|Ruppe_2019|MC3.MG338.AS1.GP1.C10074.G1	blaC	L	M	S	Ruppe_2019	Ruppe_2019-1|2547642|17|Human-Microbiome-3.9M-Gene-Catalog-(metahit-v2)|MC3.MG338.AS1.GP1.C10074.G1|blac	L	
C2|~blaB3-869_1|blaB3-869_1|LCS|Ruppe_2019|MC3.MG327.AS1.GP1.C24674.G2	blaB3	L	C	S	Ruppe_2019	Ruppe_2019-1|2423488|16|Human-Microbiome-3.9M-Gene-Catalog-(metahit-v2)|MC3.MG327.AS1.GP1.C24674.G2|blab3	L	
C2|~blaB3-870_1|blaB3-870_1|LCS|Ruppe_2019|MC3.MG321.AS1.GP1.C63456.G7	blaB3	L	C	S	Ruppe_2019	Ruppe_2019-1|2363018|16|Human-Microbiome-3.9M-Gene-Catalog-(metahit-v2)|MC3.MG321.AS1.GP1.C63456.G7|blab3	L	
C2|~blaA-492_1|blaA-492_1|LCS|Ruppe_2019|MC3.MG296.AS1.GP1.C9125.G2	blaA	L	C	S	Ruppe_2019	Ruppe_2019-1|2043209|12|Human-Microbiome-3.9M-Gene-Catalog-(metahit-v2)|MC3.MG296.AS1.GP1.C9125.G2|blaa	L	
C2|~aac3-373_1|aac3-373_1|LCS|Ruppe_2019|MC3.MG101.AS1.GP1.C52027.G2	aac3	L	C	S	Ruppe_2019	Ruppe_2019-1|51831|5|Human-Microbiome-3.9M-Gene-Catalog-(metahit-v2)|MC3.MG101.AS1.GP1.C52027.G2|aac3_2	L	
C2|~blaB1-269_1|blaB1-269_1|LCP|Victor_2025b|Class_B1B2NSF43B1B2	blaB1	L	C	P	Victor_2025b	Victor_2025b-Class_B1B2NSF43B1B2	L	
C2|~blaB1-270_1|blaB1-270_1|LCP|Victor_2025b|Class_B1B2NSF35B1B2	blaB1	L	C	P	Victor_2025b	Victor_2025b-Class_B1B2NSF35B1B2	L	
C2|~blaB3-871_1|blaB3-871_1|LCS|Ruppe_2019|MC3.MG192.AS1.GP1.C17856.G2	blaB3	L	C	S	Ruppe_2019	Ruppe_2019-1|1103401|16|Human-Microbiome-3.9M-Gene-Catalog-(metahit-v2)|MC3.MG192.AS1.GP1.C17856.G2|blab3	L	
C2|~blaB1-271_1|blaB1-271_1|LCS|Ruppe_2019|MC3.MG298.AS1.GP1.C14472.G9	blaB1	L	C	S	Ruppe_2019	Ruppe_2019-1|2054409|14|Human-Microbiome-3.9M-Gene-Catalog-(metahit-v2)|MC3.MG298.AS1.GP1.C14472.G9|blab1	L	
C2|~blaB1-272_1|blaB1-272_1|LCP|Victor_2025|HoFCLASS_b12_sequ7ence	blaB1	L	C	P	Victor_2025	Victor_2025-HoFCLASS_b12_sequ7ence	L	
C2|~blaB1-273_1|blaB1-273_1|LCP|Victor_2025|HoACLASS_b12_sequ15ence	blaB1	L	C	P	Victor_2025	Victor_2025-HoACLASS_b12_sequ15ence	L	
C2|~blaB1-274_1|blaB1-274_1|LCS|Ruppe_2019|MC3.MG30.AS1.GP1.C4836.G6	blaB1	L	C	S	Ruppe_2019	Ruppe_2019-1|2111335|14|Human-Microbiome-3.9M-Gene-Catalog-(metahit-v2)|MC3.MG30.AS1.GP1.C4836.G6|blab1	L	
C2|~aph-249_1|aph-249_1|LCS|Ruppe_2019|MC3.MG377.AS1.GP1.C6194.G1	aph	L	C	S	Ruppe_2019	Ruppe_2019-1|2999376|8|Human-Microbiome-3.9M-Gene-Catalog-(metahit-v2)|MC3.MG377.AS1.GP1.C6194.G1|aph	L	
C2|~blaB1-275_1|blaB1-275_1|LCP|Victor_2025b|Class_B1B2NSF22B1B2	blaB1	L	C	P	Victor_2025b	Victor_2025b-Class_B1B2NSF22B1B2	L	
C2|~blaB3-872_1|blaB3-872_1|LCS|Ruppe_2019|MC3.MG321.AS1.GP1.C323.G3	blaB3	L	C	S	Ruppe_2019	Ruppe_2019-1|2335372|16|Human-Microbiome-3.9M-Gene-Catalog-(metahit-v2)|MC3.MG321.AS1.GP1.C323.G3|blab3	L	
C2|~blaA-495_1|blaA-495_1|LCS|Ruppe_2019|S11_CZ_8_KJ694526_1_2	blaA	L	C	S	Ruppe_2019	Ruppe_2019-3|3873830|12|ARD-Forsberg-gene-catalog|S11_CZ_8_KJ694526_1_2|blaa	L	
C2|~blaA-496_1|blaA-496_1|LCS|Ruppe_2019|MC3.MG12.AS1.GP1.C44071.G11	blaA	L	C	S	Ruppe_2019	Ruppe_2019-1|290020|12|Human-Microbiome-3.9M-Gene-Catalog-(metahit-v2)|MC3.MG12.AS1.GP1.C44071.G11|blaa	L	
C2|~blaB1-276_1|blaB1-276_1|LCP|Li_2025|k141_951_seq1_1	blaB1	L	C	P	Li_2025	Li_2025-class_b_1_2|swine|k141_951_seq1_1	L	
C2|~blaB3-873_1|blaB3-873_1|LCS|Ruppe_2019|MC3.MG359.AS1.GP1.C49418.G21	blaB3	L	C	S	Ruppe_2019	Ruppe_2019-1|2786949|16|Human-Microbiome-3.9M-Gene-Catalog-(metahit-v2)|MC3.MG359.AS1.GP1.C49418.G21|blab3	L	
C2|~blaB3-874_1|blaB3-874_1|LCS|Ruppe_2019|MC3.MG140.AS1.GP1.C53996.G2	blaB3	L	C	S	Ruppe_2019	Ruppe_2019-1|639332|16|Human-Microbiome-3.9M-Gene-Catalog-(metahit-v2)|MC3.MG140.AS1.GP1.C53996.G2|blab3	L	
C2|~blaB1-277_1|blaB1-277_1|LCS|Ruppe_2019|MC3.MG353.AS1.GP1.C23211.G6	blaB1	L	C	S	Ruppe_2019	Ruppe_2019-1|2709637|14|Human-Microbiome-3.9M-Gene-Catalog-(metahit-v2)|MC3.MG353.AS1.GP1.C23211.G6|blab1	L	
C2|~blaA-497_1|blaA-497_1|LCS|Ruppe_2019|MC3.MG245.AS1.GP1.C8017.G1	blaA	L	C	S	Ruppe_2019	Ruppe_2019-1|1577916|12|Human-Microbiome-3.9M-Gene-Catalog-(metahit-v2)|MC3.MG245.AS1.GP1.C8017.G1|blaa	L	
C2|~aph-251_1|aph-251_1|LCS|Ruppe_2019|MC3.MG219.AS1.GP1.C48097.G1	aph	L	C	S	Ruppe_2019	Ruppe_2019-1|1369621|8|Human-Microbiome-3.9M-Gene-Catalog-(metahit-v2)|MC3.MG219.AS1.GP1.C48097.G1|aph	L	
C2|~blaB3-875_1|blaB3-875_1|LCS|Ruppe_2019|MC3.MG304.AS1.GP1.C17228.G53	blaB3	L	C	S	Ruppe_2019	Ruppe_2019-1|2166435|16|Human-Microbiome-3.9M-Gene-Catalog-(metahit-v2)|MC3.MG304.AS1.GP1.C17228.G53|blab3	L	
C2|~blaB1-278_1|blaB1-278_1|LCS|Ruppe_2019|MC3.MG375.AS1.GP1.C21757.G2	blaB1	L	C	S	Ruppe_2019	Ruppe_2019-1|2958833|14|Human-Microbiome-3.9M-Gene-Catalog-(metahit-v2)|MC3.MG375.AS1.GP1.C21757.G2|blab1	L	
C2|~blaB1-279_1|blaB1-279_1|LCS|Ruppe_2019|MC3.MG364.AS1.GP1.C44323.G3	blaB1	L	C	S	Ruppe_2019	Ruppe_2019-1|2846591|14|Human-Microbiome-3.9M-Gene-Catalog-(metahit-v2)|MC3.MG364.AS1.GP1.C44323.G3|blab1	L	
C2|~blaB1-281_1|blaB1-281_1|LCP|Li_2025|k141_143681_seq1_1	blaB1	L	C	P	Li_2025	Li_2025-class_b_1_2|cattle|k141_143681_seq1_1	L	
C2|~blaB1-282_1|blaB1-282_1|LCP|Victor_2025b|Class_B1B2NSF19B1B2	blaB1	L	C	P	Victor_2025b	Victor_2025b-Class_B1B2NSF19B1B2	L	
C2|~blaB1-283_1|blaB1-283_1|LCP|Victor_2025b|Class_B1B2NSF16B1B2	blaB1	L	C	P	Victor_2025b	Victor_2025b-Class_B1B2NSF16B1B2	L	
C2|~blaA-499_1|blaA-499_1|LCS|Ruppe_2019|MC3.MG109.AS1.GP1.C35684.G2	blaA	L	C	S	Ruppe_2019	Ruppe_2019-1|123153|12|Human-Microbiome-3.9M-Gene-Catalog-(metahit-v2)|MC3.MG109.AS1.GP1.C35684.G2|blaa	L	
C2|~aac3-375_1|aac3-375_1|LCS|Ruppe_2019|MC3.MG182.AS1.GP1.C22208.G1	aac3	L	C	S	Ruppe_2019	Ruppe_2019-1|1038762|5|Human-Microbiome-3.9M-Gene-Catalog-(metahit-v2)|MC3.MG182.AS1.GP1.C22208.G1|aac3_2	L	
C2|~blaD-123_1|blaD-123_1|LCS|Ruppe_2019|MC3.MG255.AS1.GP1.C46432.G1	blaD	L	C	S	Ruppe_2019	Ruppe_2019-1|1665125|18|Human-Microbiome-3.9M-Gene-Catalog-(metahit-v2)|MC3.MG255.AS1.GP1.C46432.G1|blad	L	
C2|~blaB1-288_1|blaB1-288_1|LCS|Ruppe_2019|MC3.MG332.AS1.GP1.C23524.G2	blaB1	L	C	S	Ruppe_2019	Ruppe_2019-1|2499066|14|Human-Microbiome-3.9M-Gene-Catalog-(metahit-v2)|MC3.MG332.AS1.GP1.C23524.G2|blab1	L	
C2|~blaB1-289_1|blaB1-289_1|LCS|Ruppe_2019|MC3.MG144.AS1.GP1.C26767.G2	blaB1	L	C	S	Ruppe_2019	Ruppe_2019-1|679507|14|Human-Microbiome-3.9M-Gene-Catalog-(metahit-v2)|MC3.MG144.AS1.GP1.C26767.G2|blab1	L	
C2|~blaA-500_1|blaA-500_1|LCS|Ruppe_2019|MC3.MG358.AS1.GP1.C33060.G1	blaA	L	C	S	Ruppe_2019	Ruppe_2019-1|2758293|12|Human-Microbiome-3.9M-Gene-Catalog-(metahit-v2)|MC3.MG358.AS1.GP1.C33060.G1|blaa	L	
C2|~blaA-501_1|blaA-501_1|LCS|Ruppe_2019|MC3.MG321.AS1.GP1.C36444.G2	blaA	L	C	S	Ruppe_2019	Ruppe_2019-1|2339522|12|Human-Microbiome-3.9M-Gene-Catalog-(metahit-v2)|MC3.MG321.AS1.GP1.C36444.G2|blaa	L	
C2|~blaB3-876_1|blaB3-876_1|LCS|Ruppe_2019|MC3.MG377.AS1.GP1.C10135.G1	blaB3	L	C	S	Ruppe_2019	Ruppe_2019-1|2985466|16|Human-Microbiome-3.9M-Gene-Catalog-(metahit-v2)|MC3.MG377.AS1.GP1.C10135.G1|blab3	L	
C2|~blaB3-877_1|blaB3-877_1|LCS|Ruppe_2019|MC3.MG345.AS1.GP1.C45048.G1	blaB3	L	C	S	Ruppe_2019	Ruppe_2019-1|2642272|16|Human-Microbiome-3.9M-Gene-Catalog-(metahit-v2)|MC3.MG345.AS1.GP1.C45048.G1|blab3	L	
C2|~blaB3-878_1|blaB3-878_1|LCS|Ruppe_2019|MC3.MG271.AS1.GP1.C5657.G1	blaB3	L	C	S	Ruppe_2019	Ruppe_2019-1|1777069|16|Human-Microbiome-3.9M-Gene-Catalog-(metahit-v2)|MC3.MG271.AS1.GP1.C5657.G1|blab3	L	
C2|~blaB1-291_1|blaB1-291_1|LCS|Ruppe_2019|MC3.MG181.AS1.GP1.C43344.G3	blaB1	L	C	S	Ruppe_2019	Ruppe_2019-1|1032400|14|Human-Microbiome-3.9M-Gene-Catalog-(metahit-v2)|MC3.MG181.AS1.GP1.C43344.G3|blab1	L	
C2|~aac2p-8_1|aac2p-8_1|LCP|Victor_2025|HiFAMG_A_sequ1ence	aac2p	L	C	P	Victor_2025	Victor_2025-HiFAMG_A_sequ1ence	L	
C2|~blaB1-292_1|blaB1-292_1|LCS|Ruppe_2019|MC3.MG87.AS1.GP1.C40701.G3	blaB1	L	C	S	Ruppe_2019	Ruppe_2019-1|3688711|14|Human-Microbiome-3.9M-Gene-Catalog-(metahit-v2)|MC3.MG87.AS1.GP1.C40701.G3|blab1	L	
C2|~blaB1-293_1|blaB1-293_1|LCS|Ruppe_2019|MC3.MG385.AS1.GP1.C3239.G6	blaB1	L	C	S	Ruppe_2019	Ruppe_2019-1|3114648|14|Human-Microbiome-3.9M-Gene-Catalog-(metahit-v2)|MC3.MG385.AS1.GP1.C3239.G6|blab1	L	
C2|~blaB1-294_1|blaB1-294_1|LCP|Victor_2025|SeFCLASS_b12_sequ8ence	blaB1	L	C	P	Victor_2025	Victor_2025-SeFCLASS_b12_sequ8ence	L	
C2|~blaB1-295_1|blaB1-295_1|LCP|Victor_2025b|Class_B1B2NSF39B1B2	blaB1	L	C	P	Victor_2025b	Victor_2025b-Class_B1B2NSF39B1B2	L	
C2|~blaB3-879_1|blaB3-879_1|LCS|Ruppe_2019|MC3.MG378.AS1.GP1.C21497.G10	blaB3	L	C	S	Ruppe_2019	Ruppe_2019-1|3016355|16|Human-Microbiome-3.9M-Gene-Catalog-(metahit-v2)|MC3.MG378.AS1.GP1.C21497.G10|blab3	L	
C2|~blaB3-880_1|blaB3-880_1|LCS|Ruppe_2019|MC3.MG377.AS1.GP1.C16575.G1	blaB3	L	C	S	Ruppe_2019	Ruppe_2019-1|2987345|16|Human-Microbiome-3.9M-Gene-Catalog-(metahit-v2)|MC3.MG377.AS1.GP1.C16575.G1|blab3	L	
C2|~blaB1-297_1|blaB1-297_1|LCS|Ruppe_2019|MC3.MG40.AS1.GP1.C20029.G2	blaB1	L	C	S	Ruppe_2019	Ruppe_2019-1|3263584|14|Human-Microbiome-3.9M-Gene-Catalog-(metahit-v2)|MC3.MG40.AS1.GP1.C20029.G2|blab1	L	
C2|~blaB1-299_1|blaB1-299_1|LCP|Victor_2025b|Class_B1B2NSF46B1B2	blaB1	L	C	P	Victor_2025b	Victor_2025b-Class_B1B2NSF46B1B2	L	
C2|~blaC-223_1|blaC-223_1|LCS|Ruppe_2019|MC3.MG240.AS1.GP1.C15102.G1	blaC	L	C	S	Ruppe_2019	Ruppe_2019-1|1518623|17|Human-Microbiome-3.9M-Gene-Catalog-(metahit-v2)|MC3.MG240.AS1.GP1.C15102.G1|blac	L	
C2|~blaB3-881_1|blaB3-881_1|LCS|Ruppe_2019|MC3.MG375.AS1.GP1.C64979.G4	blaB3	L	C	S	Ruppe_2019	Ruppe_2019-1|2979102|16|Human-Microbiome-3.9M-Gene-Catalog-(metahit-v2)|MC3.MG375.AS1.GP1.C64979.G4|blab3	L	
C2|~blaB1-300_1|blaB1-300_1|LCS|Ruppe_2019|MC3.MG254.AS1.GP1.C29810.G2	blaB1	L	C	S	Ruppe_2019	Ruppe_2019-1|1637804|14|Human-Microbiome-3.9M-Gene-Catalog-(metahit-v2)|MC3.MG254.AS1.GP1.C29810.G2|blab1	L	
C2|~blaB1-301_1|blaB1-301_1|LCS|Ruppe_2019|MC3.MG187.AS1.GP1.C13291.G2	blaB1	L	C	S	Ruppe_2019	Ruppe_2019-1|1070042|14|Human-Microbiome-3.9M-Gene-Catalog-(metahit-v2)|MC3.MG187.AS1.GP1.C13291.G2|blab1	L	
C2|~aph-253_1|aph-253_1|LCS|Ruppe_2019|MC3.MG321.AS1.GP1.C43713.G1	aph	L	C	S	Ruppe_2019	Ruppe_2019-1|2347243|8|Human-Microbiome-3.9M-Gene-Catalog-(metahit-v2)|MC3.MG321.AS1.GP1.C43713.G1|aph	L	
C2|~blaC-224_1|blaC-224_1|LCS|Ruppe_2019|MC3.MG332.AS1.GP1.C31925.G1	blaC	L	C	S	Ruppe_2019	Ruppe_2019-1|2506388|17|Human-Microbiome-3.9M-Gene-Catalog-(metahit-v2)|MC3.MG332.AS1.GP1.C31925.G1|blac	L	
C2|~blaB1-303_1|blaB1-303_1|LCS|Ruppe_2019|MC3.MG76.AS1.GP1.C17092.G3	blaB1	L	C	S	Ruppe_2019	Ruppe_2019-1|3577681|14|Human-Microbiome-3.9M-Gene-Catalog-(metahit-v2)|MC3.MG76.AS1.GP1.C17092.G3|blab1	L	
C2|~aph-254_1|aph-254_1|LMS|Ruppe_2019|KF627427.1	aph	L	M	S	Ruppe_2019	Ruppe_2019-7398|3876021|8|ARD-reference-gene-catalog|KF627427.1|aph	L	
C2|~aac3-377_1|aac3-377_1|LCS|Ruppe_2019|MC3.MG12.AS1.GP1.C7118.G6	aac3	L	C	S	Ruppe_2019	Ruppe_2019-1|316669|5|Human-Microbiome-3.9M-Gene-Catalog-(metahit-v2)|MC3.MG12.AS1.GP1.C7118.G6|aac3_2	L	
C2|~aac6p-81_1|aac6p-81_1|LCP|Li_2025|k141_9015_seq1_1	aac6p	L	C	P	Li_2025	Li_2025-aminoglycoside_model_d|swine|k141_9015_seq1_1	L	
C2|~aac6p-82_1|aac6p-82_1|LCP|Li_2025|k141_1091037_seq1_1	aac6p	L	C	P	Li_2025	Li_2025-aminoglycoside_model_d|cattle|k141_1091037_seq1_1	L	
C2|~blaB1-304_1|blaB1-304_1|LCP|Victor_2025b|Class_B1B2NSF40B1B2	blaB1	L	C	P	Victor_2025b	Victor_2025b-Class_B1B2NSF40B1B2	L	
C2|~blaB1-305_1|blaB1-305_1|LCP|Victor_2025b|Class_B1B2NSF24B1B2	blaB1	L	C	P	Victor_2025b	Victor_2025b-Class_B1B2NSF24B1B2	L	
C2|~blaB3-882_1|blaB3-882_1|LCS|Ruppe_2019|MC3.MG378.AS1.GP1.C13859.G7	blaB3	L	C	S	Ruppe_2019	Ruppe_2019-1|3009952|16|Human-Microbiome-3.9M-Gene-Catalog-(metahit-v2)|MC3.MG378.AS1.GP1.C13859.G7|blab3	L	
C2|~blaB1-306_1|blaB1-306_1|LCS|Ruppe_2019|MC3.MG377.AS1.GP1.C27579.G1	blaB1	L	C	S	Ruppe_2019	Ruppe_2019-1|2990494|14|Human-Microbiome-3.9M-Gene-Catalog-(metahit-v2)|MC3.MG377.AS1.GP1.C27579.G1|blab1	L	
C2|~blaA-504_1|blaA-504_1|LCS|Ruppe_2019|MC3.MG274.AS1.GP1.C11419.G1	blaA	L	C	S	Ruppe_2019	Ruppe_2019-1|1791500|12|Human-Microbiome-3.9M-Gene-Catalog-(metahit-v2)|MC3.MG274.AS1.GP1.C11419.G1|blaa	L	
C2|~blaB1-307_1|blaB1-307_1|LCP|Victor_2025b|Class_B1B2NSF18B1B2	blaB1	L	C	P	Victor_2025b	Victor_2025b-Class_B1B2NSF18B1B2	L	
C2|~aph-256_1|aph-256_1|LCS|Ruppe_2019|MC3.MG195.AS1.GP1.C24682.G1	aph	L	C	S	Ruppe_2019	Ruppe_2019-1|1131657|8|Human-Microbiome-3.9M-Gene-Catalog-(metahit-v2)|MC3.MG195.AS1.GP1.C24682.G1|aph	L	
C2|~blaD-125_1|blaD-125_1|LCS|Ruppe_2019|MC3.MG378.AS1.GP1.C52568.G1	blaD	L	C	S	Ruppe_2019	Ruppe_2019-1|3040359|18|Human-Microbiome-3.9M-Gene-Catalog-(metahit-v2)|MC3.MG378.AS1.GP1.C52568.G1|blad	L	
C2|~blaA-505_1|blaA-505_1|LCS|Ruppe_2019|MC3.MG3.AS1.GP1.C12012.G1	blaA	L	C	S	Ruppe_2019	Ruppe_2019-1|2080641|12|Human-Microbiome-3.9M-Gene-Catalog-(metahit-v2)|MC3.MG3.AS1.GP1.C12012.G1|blaa	L	
C2|~aph-257_1|aph-257_1|LCS|Ruppe_2019|MC3.MG144.AS1.GP1.C20017.G1	aph	L	C	S	Ruppe_2019	Ruppe_2019-1|677512|8|Human-Microbiome-3.9M-Gene-Catalog-(metahit-v2)|MC3.MG144.AS1.GP1.C20017.G1|aph	L	
C2|~blaD-126_1|blaD-126_1|LCS|Ruppe_2019|MC3.MG354.AS1.GP1.C51356.G1	blaD	L	C	S	Ruppe_2019	Ruppe_2019-1|2722385|18|Human-Microbiome-3.9M-Gene-Catalog-(metahit-v2)|MC3.MG354.AS1.GP1.C51356.G1|blad	L	
C2|~blaA-507_1|blaA-507_1|LCS|Ruppe_2019|MC3.MG120.AS1.GP1.C1362.G1	blaA	L	C	S	Ruppe_2019	Ruppe_2019-1|338363|12|Human-Microbiome-3.9M-Gene-Catalog-(metahit-v2)|MC3.MG120.AS1.GP1.C1362.G1|blaa	L	
C2|~aph-258_1|aph-258_1|LCS|Ruppe_2019|MC3.MG283.AS1.GP1.C9196.G2	aph	L	C	S	Ruppe_2019	Ruppe_2019-1|1864654|8|Human-Microbiome-3.9M-Gene-Catalog-(metahit-v2)|MC3.MG283.AS1.GP1.C9196.G2|aph	L	
C2|~aph-259_1|aph-259_1|LCS|Ruppe_2019|MC3.MG114.AS1.GP1.C23079.G3	aph	L	C	S	Ruppe_2019	Ruppe_2019-1|196366|8|Human-Microbiome-3.9M-Gene-Catalog-(metahit-v2)|MC3.MG114.AS1.GP1.C23079.G3|aph	L	
C2|~blaB3-883_1|blaB3-883_1|LCS|Ruppe_2019|MC3.MG386.AS1.GP1.C16038.G3	blaB3	L	C	S	Ruppe_2019	Ruppe_2019-1|3133416|16|Human-Microbiome-3.9M-Gene-Catalog-(metahit-v2)|MC3.MG386.AS1.GP1.C16038.G3|blab3	L	
C2|~blaB3-884_1|blaB3-884_1|LCS|Ruppe_2019|MC3.MG238.AS1.GP1.C5618.G1	blaB3	L	C	S	Ruppe_2019	Ruppe_2019-1|1508087|16|Human-Microbiome-3.9M-Gene-Catalog-(metahit-v2)|MC3.MG238.AS1.GP1.C5618.G1|blab3	L	
C2|~blaA-508_1|blaA-508_1|LCS|Ruppe_2019|MC3.MG368.AS1.GP1.C18491.G2	blaA	L	C	S	Ruppe_2019	Ruppe_2019-1|2903736|12|Human-Microbiome-3.9M-Gene-Catalog-(metahit-v2)|MC3.MG368.AS1.GP1.C18491.G2|blaa	L	
C2|~blaB3-885_1|blaB3-885_1|LCS|Ruppe_2019|MC3.MG313.AS1.GP1.C16312.G2	blaB3	L	C	S	Ruppe_2019	Ruppe_2019-1|2241068|16|Human-Microbiome-3.9M-Gene-Catalog-(metahit-v2)|MC3.MG313.AS1.GP1.C16312.G2|blab3	L	
C2|~blaB1-309_1|blaB1-309_1|LCS|Ruppe_2019|MC3.MG74.AS1.GP1.C6244.G7	blaB1	L	C	S	Ruppe_2019	Ruppe_2019-1|3569188|14|Human-Microbiome-3.9M-Gene-Catalog-(metahit-v2)|MC3.MG74.AS1.GP1.C6244.G7|blab1	L	
C2|~aph-260_1|aph-260_1|LCS|Ruppe_2019|MC3.MG219.AS1.GP1.C54521.G2	aph	L	C	S	Ruppe_2019	Ruppe_2019-1|1371343|8|Human-Microbiome-3.9M-Gene-Catalog-(metahit-v2)|MC3.MG219.AS1.GP1.C54521.G2|aph	L	
C2|~blaB3-886_1|blaB3-886_1|LCS|Ruppe_2019|MC3.MG135.AS1.GP1.C15171.G2	blaB3	L	C	S	Ruppe_2019	Ruppe_2019-1|511925|16|Human-Microbiome-3.9M-Gene-Catalog-(metahit-v2)|MC3.MG135.AS1.GP1.C15171.G2|blab3	L	
C2|~blaB1-310_1|blaB1-310_1|LCS|Ruppe_2019|MC3.MG357.AS1.GP1.C49198.G10	blaB1	L	C	S	Ruppe_2019	Ruppe_2019-1|2747076|14|Human-Microbiome-3.9M-Gene-Catalog-(metahit-v2)|MC3.MG357.AS1.GP1.C49198.G10|blab1	L	
C2|~blaB-46_1|blaB-46_1|LCS|Ruppe_2019|S07_CZ_18_KJ693182_1_3	blaB	L	C	S	Ruppe_2019	Ruppe_2019-3|3873933|13|ARD-Forsberg-gene-catalog|S07_CZ_18_KJ693182_1_3|blab	L	
C2|~blaD-127_1|blaD-127_1|LCS|Ruppe_2019|MC3.MG321.AS1.GP1.C26170.G2	blaD	L	C	S	Ruppe_2019	Ruppe_2019-1|2328949|18|Human-Microbiome-3.9M-Gene-Catalog-(metahit-v2)|MC3.MG321.AS1.GP1.C26170.G2|blad	L	
C2|~blaB1-311_1|blaB1-311_1|LCS|Ruppe_2019|MC3.MG332.AS1.GP1.C1998.G6	blaB1	L	C	S	Ruppe_2019	Ruppe_2019-1|2495805|14|Human-Microbiome-3.9M-Gene-Catalog-(metahit-v2)|MC3.MG332.AS1.GP1.C1998.G6|blab1	L	
C2|~blaB1-312_1|blaB1-312_1|LCS|Ruppe_2019|MC3.MG320.AS1.GP1.C44012.G3	blaB1	L	C	S	Ruppe_2019	Ruppe_2019-1|2307801|14|Human-Microbiome-3.9M-Gene-Catalog-(metahit-v2)|MC3.MG320.AS1.GP1.C44012.G3|blab1	L	
C2|~blaB1-313_1|blaB1-313_1|LCS|Ruppe_2019|MC3.MG258.AS1.GP1.C34816.G6	blaB1	L	C	S	Ruppe_2019	Ruppe_2019-1|1682056|14|Human-Microbiome-3.9M-Gene-Catalog-(metahit-v2)|MC3.MG258.AS1.GP1.C34816.G6|blab1	L	
C2|~blaB1-314_1|blaB1-314_1|LCS|Ruppe_2019|MC3.MG123.AS1.GP1.C11217.G1	blaB1	L	C	S	Ruppe_2019	Ruppe_2019-1|400875|14|Human-Microbiome-3.9M-Gene-Catalog-(metahit-v2)|MC3.MG123.AS1.GP1.C11217.G1|blab1	L	
C2|~qnr-43_1|qnr-43_1|LMP|Li_2025|k141_26861_seq1_1	qnr	L	M	P	Li_2025	Li_2025-qnr|chicken|k141_26861_seq1_1	L	
C2|~blaB3-888_1|blaB3-888_1|LCS|Ruppe_2019|MC3.MG285.AS1.GP1.C34168.G2	blaB3	L	C	S	Ruppe_2019	Ruppe_2019-1|1879306|16|Human-Microbiome-3.9M-Gene-Catalog-(metahit-v2)|MC3.MG285.AS1.GP1.C34168.G2|blab3	L	
C2|~blaB3-889_1|blaB3-889_1|LCS|Ruppe_2019|MC3.MG210.AS1.GP1.C646.G5	blaB3	L	C	S	Ruppe_2019	Ruppe_2019-1|1307216|16|Human-Microbiome-3.9M-Gene-Catalog-(metahit-v2)|MC3.MG210.AS1.GP1.C646.G5|blab3	L	
C2|~blaB1-315_1|blaB1-315_1|LCS|Ruppe_2019|MC3.MG332.AS1.GP1.C37891.G6	blaB1	L	C	S	Ruppe_2019	Ruppe_2019-1|2511555|14|Human-Microbiome-3.9M-Gene-Catalog-(metahit-v2)|MC3.MG332.AS1.GP1.C37891.G6|blab1	L	
C2|~blaB1-316_1|blaB1-316_1|LCS|Ruppe_2019|MC3.MG237.AS1.GP1.C24180.G3	blaB1	L	C	S	Ruppe_2019	Ruppe_2019-1|1501972|14|Human-Microbiome-3.9M-Gene-Catalog-(metahit-v2)|MC3.MG237.AS1.GP1.C24180.G3|blab1	L	
C2|~aph-262_1|aph-262_1|LCS|Ruppe_2019|MC3.MG387.AS1.GP1.C46409.G14	aph	L	C	S	Ruppe_2019	Ruppe_2019-1|3181768|8|Human-Microbiome-3.9M-Gene-Catalog-(metahit-v2)|MC3.MG387.AS1.GP1.C46409.G14|aph	L	
C2|~aac6p-87_1|aac6p-87_1|LCP|Li_2025|k141_937449_seq1_1	aac6p	L	C	P	Li_2025	Li_2025-aminoglycoside_model_d|cattle|k141_937449_seq1_1	L	
C2|~blaC-225_1|blaC-225_1|LCS|Ruppe_2019|MC3.MG267.AS1.GP1.C23679.G1	blaC	L	C	S	Ruppe_2019	Ruppe_2019-1|1736955|17|Human-Microbiome-3.9M-Gene-Catalog-(metahit-v2)|MC3.MG267.AS1.GP1.C23679.G1|blac	L	
C2|~blaB1-317_1|blaB1-317_1|LCS|Ruppe_2019|MC3.MG95.AS1.GP1.C14935.G15	blaB1	L	C	S	Ruppe_2019	Ruppe_2019-1|3783756|14|Human-Microbiome-3.9M-Gene-Catalog-(metahit-v2)|MC3.MG95.AS1.GP1.C14935.G15|blab1	L	
C2|~blaB1-318_1|blaB1-318_1|LCS|Ruppe_2019|MC3.MG91.AS1.GP1.C18945.G2	blaB1	L	C	S	Ruppe_2019	Ruppe_2019-1|3743792|14|Human-Microbiome-3.9M-Gene-Catalog-(metahit-v2)|MC3.MG91.AS1.GP1.C18945.G2|blab1	L	
C2|~blaB1-320_1|blaB1-320_1|LCS|Ruppe_2019|MC3.MG387.AS1.GP1.C10510.G2	blaB1	L	C	S	Ruppe_2019	Ruppe_2019-1|3175031|14|Human-Microbiome-3.9M-Gene-Catalog-(metahit-v2)|MC3.MG387.AS1.GP1.C10510.G2|blab1	L	
C2|~blaB1-322_1|blaB1-322_1|LCS|Ruppe_2019|MC3.MG353.AS1.GP1.C32866.G1	blaB1	L	C	S	Ruppe_2019	Ruppe_2019-1|2711351|14|Human-Microbiome-3.9M-Gene-Catalog-(metahit-v2)|MC3.MG353.AS1.GP1.C32866.G1|blab1	L	
C2|~blaB1-323_1|blaB1-323_1|LCS|Ruppe_2019|MC3.MG293.AS1.GP1.C78849.G5	blaB1	L	C	S	Ruppe_2019	Ruppe_2019-1|2010385|14|Human-Microbiome-3.9M-Gene-Catalog-(metahit-v2)|MC3.MG293.AS1.GP1.C78849.G5|blab1	L	
C2|~blaB1-324_1|blaB1-324_1|LCS|Ruppe_2019|MC3.MG225.AS1.GP1.C9466.G1	blaB1	L	C	S	Ruppe_2019	Ruppe_2019-1|1421007|14|Human-Microbiome-3.9M-Gene-Catalog-(metahit-v2)|MC3.MG225.AS1.GP1.C9466.G1|blab1	L	
C2|~blaB1-325_1|blaB1-325_1|LCS|Ruppe_2019|MC3.MG219.AS1.GP1.C44466.G15	blaB1	L	C	S	Ruppe_2019	Ruppe_2019-1|1368576|14|Human-Microbiome-3.9M-Gene-Catalog-(metahit-v2)|MC3.MG219.AS1.GP1.C44466.G15|blab1	L	
C2|~blaB1-327_1|blaB1-327_1|LCS|Ruppe_2019|MC3.MG117.AS1.GP1.C5751.G2	blaB1	L	C	S	Ruppe_2019	Ruppe_2019-1|236943|14|Human-Microbiome-3.9M-Gene-Catalog-(metahit-v2)|MC3.MG117.AS1.GP1.C5751.G2|blab1	L	
C2|~blaA-511_1|blaA-511_1|LCS|Ruppe_2019|S07_CZ_4_KJ693148_1_2	blaA	L	C	S	Ruppe_2019	Ruppe_2019-3|3873829|12|ARD-Forsberg-gene-catalog|S07_CZ_4_KJ693148_1_2|blaa	L	
C2|~blaA-512_1|blaA-512_1|LCS|Ruppe_2019|MC3.MG293.AS1.GP1.C19386.G1	blaA	L	C	S	Ruppe_2019	Ruppe_2019-1|1998870|12|Human-Microbiome-3.9M-Gene-Catalog-(metahit-v2)|MC3.MG293.AS1.GP1.C19386.G1|blaa	L	
C2|~ant-76_1|ant-76_1|LCS|Ruppe_2019|MC3.MG344.AS1.GP1.C11933.G5	ant	L	C	S	Ruppe_2019	Ruppe_2019-1|2596483|7|Human-Microbiome-3.9M-Gene-Catalog-(metahit-v2)|MC3.MG344.AS1.GP1.C11933.G5|ant	L	
C2|~blaD-128_1|blaD-128_1|LCS|Ruppe_2019|MC3.MG364.AS1.GP1.C53496.G1	blaD	L	C	S	Ruppe_2019	Ruppe_2019-1|2848054|18|Human-Microbiome-3.9M-Gene-Catalog-(metahit-v2)|MC3.MG364.AS1.GP1.C53496.G1|blad	L	
C2|~blaC-226_1|blaC-226_1|LCS|Ruppe_2019|MC3.MG377.AS1.GP1.C91349.G1	blaC	L	C	S	Ruppe_2019	Ruppe_2019-1|3006056|17|Human-Microbiome-3.9M-Gene-Catalog-(metahit-v2)|MC3.MG377.AS1.GP1.C91349.G1|blac	L	
C2|~blaB1-328_1|blaB1-328_1|LCS|Ruppe_2019|MC3.MG293.AS1.GP1.C58266.G11	blaB1	L	C	S	Ruppe_2019	Ruppe_2019-1|2006746|14|Human-Microbiome-3.9M-Gene-Catalog-(metahit-v2)|MC3.MG293.AS1.GP1.C58266.G11|blab1	L	
C2|~blaB1-329_1|blaB1-329_1|LCS|Ruppe_2019|MC3.MG285.AS1.GP1.C4227.G4	blaB1	L	C	S	Ruppe_2019	Ruppe_2019-1|1881671|14|Human-Microbiome-3.9M-Gene-Catalog-(metahit-v2)|MC3.MG285.AS1.GP1.C4227.G4|blab1	L	
C2|~blaD-129_1|blaD-129_1|LCS|Ruppe_2019|MC3.MG114.AS1.GP1.C5962.G1	blaD	L	C	S	Ruppe_2019	Ruppe_2019-1|205768|18|Human-Microbiome-3.9M-Gene-Catalog-(metahit-v2)|MC3.MG114.AS1.GP1.C5962.G1|blad	L	
C2|~blaB1-330_1|blaB1-330_1|LCS|Ruppe_2019|MC3.MG386.AS1.GP1.C4261.G2	blaB1	L	C	S	Ruppe_2019	Ruppe_2019-1|3152116|14|Human-Microbiome-3.9M-Gene-Catalog-(metahit-v2)|MC3.MG386.AS1.GP1.C4261.G2|blab1	L	
C2|~blaB1-331_1|blaB1-331_1|LCS|Ruppe_2019|MC3.MG34.AS1.GP1.C10821.G6	blaB1	L	C	S	Ruppe_2019	Ruppe_2019-1|2564523|14|Human-Microbiome-3.9M-Gene-Catalog-(metahit-v2)|MC3.MG34.AS1.GP1.C10821.G6|blab1	L	
C2|~blaB1-332_1|blaB1-332_1|LCS|Ruppe_2019|MC3.MG304.AS1.GP1.C4616.G4	blaB1	L	C	S	Ruppe_2019	Ruppe_2019-1|2168421|14|Human-Microbiome-3.9M-Gene-Catalog-(metahit-v2)|MC3.MG304.AS1.GP1.C4616.G4|blab1	L	
C2|~blaB1-333_1|blaB1-333_1|LCS|Ruppe_2019|MC3.MG301.AS1.GP1.C57632.G1	blaB1	L	C	S	Ruppe_2019	Ruppe_2019-1|2123618|14|Human-Microbiome-3.9M-Gene-Catalog-(metahit-v2)|MC3.MG301.AS1.GP1.C57632.G1|blab1	L	
C2|~aac6p-90_1|aac6p-90_1|LCP|Victor_2025|SeFAMG_E_sequ6ence	aac6p	L	C	P	Victor_2025	Victor_2025-SeFAMG_E_sequ6ence	L	
C2|~blaB1-334_1|blaB1-334_1|LCS|Ruppe_2019|MC3.MG78.AS1.GP1.C3697.G2	blaB1	L	C	S	Ruppe_2019	Ruppe_2019-1|3599347|14|Human-Microbiome-3.9M-Gene-Catalog-(metahit-v2)|MC3.MG78.AS1.GP1.C3697.G2|blab1	L	
C2|~blaB1-335_1|blaB1-335_1|LCS|Ruppe_2019|MC3.MG52.AS1.GP1.C1711.G14	blaB1	L	C	S	Ruppe_2019	Ruppe_2019-1|3342128|14|Human-Microbiome-3.9M-Gene-Catalog-(metahit-v2)|MC3.MG52.AS1.GP1.C1711.G14|blab1	L	
C2|~blaB1-336_1|blaB1-336_1|LCS|Ruppe_2019|MC3.MG46.AS1.GP1.C12916.G5	blaB1	L	C	S	Ruppe_2019	Ruppe_2019-1|3298258|14|Human-Microbiome-3.9M-Gene-Catalog-(metahit-v2)|MC3.MG46.AS1.GP1.C12916.G5|blab1	L	
C2|~blaB1-337_1|blaB1-337_1|LCS|Ruppe_2019|MC3.MG365.AS1.GP1.C56439.G7	blaB1	L	C	S	Ruppe_2019	Ruppe_2019-1|2870350|14|Human-Microbiome-3.9M-Gene-Catalog-(metahit-v2)|MC3.MG365.AS1.GP1.C56439.G7|blab1	L	
C2|~blaB1-338_1|blaB1-338_1|LCS|Ruppe_2019|MC3.MG344.AS1.GP1.C29190.G4	blaB1	L	C	S	Ruppe_2019	Ruppe_2019-1|2603873|14|Human-Microbiome-3.9M-Gene-Catalog-(metahit-v2)|MC3.MG344.AS1.GP1.C29190.G4|blab1	L	
C2|~blaB1-339_1|blaB1-339_1|LCS|Ruppe_2019|MC3.MG207.AS1.GP1.C658.G3	blaB1	L	C	S	Ruppe_2019	Ruppe_2019-1|1276695|14|Human-Microbiome-3.9M-Gene-Catalog-(metahit-v2)|MC3.MG207.AS1.GP1.C658.G3|blab1	L	
C2|~blaB1-340_1|blaB1-340_1|LCS|Ruppe_2019|MC3.MG132.AS1.GP1.C21017.G12	blaB1	L	C	S	Ruppe_2019	Ruppe_2019-1|489369|14|Human-Microbiome-3.9M-Gene-Catalog-(metahit-v2)|MC3.MG132.AS1.GP1.C21017.G12|blab1	L	
C2|~blaB-47_1|blaB-47_1|LCS|Ruppe_2019|S04_CZ_10_KJ692080_1_1	blaB	L	C	S	Ruppe_2019	Ruppe_2019-3|3873932|13|ARD-Forsberg-gene-catalog|S04_CZ_10_KJ692080_1_1|blab	L	
C2|~aac6p-91_1|aac6p-91_1|LCP|Victor_2025|HiFAMG_E_sequ3ence	aac6p	L	C	P	Victor_2025	Victor_2025-HiFAMG_E_sequ3ence	L	
C2|~blaB1-342_1|blaB1-342_1|LCS|Ruppe_2019|MC3.MG6.AS1.GP1.C6917.G2	blaB1	L	C	S	Ruppe_2019	Ruppe_2019-1|3456327|14|Human-Microbiome-3.9M-Gene-Catalog-(metahit-v2)|MC3.MG6.AS1.GP1.C6917.G2|blab1	L	
C2|~blaB1-344_1|blaB1-344_1|LCS|Ruppe_2019|MC3.MG332.AS1.GP1.C154.G10	blaB1	L	C	S	Ruppe_2019	Ruppe_2019-1|2491110|14|Human-Microbiome-3.9M-Gene-Catalog-(metahit-v2)|MC3.MG332.AS1.GP1.C154.G10|blab1	L	
C2|~blaB1-346_1|blaB1-346_1|LCS|Ruppe_2019|MC3.MG321.AS1.GP1.C40517.G12	blaB1	L	C	S	Ruppe_2019	Ruppe_2019-1|2343744|14|Human-Microbiome-3.9M-Gene-Catalog-(metahit-v2)|MC3.MG321.AS1.GP1.C40517.G12|blab1	L	
C2|~blaB1-347_1|blaB1-347_1|LCS|Ruppe_2019|MC3.MG216.AS1.GP1.C40567.G2	blaB1	L	C	S	Ruppe_2019	Ruppe_2019-1|1340936|14|Human-Microbiome-3.9M-Gene-Catalog-(metahit-v2)|MC3.MG216.AS1.GP1.C40567.G2|blab1	L	
C2|~blaB1-349_1|blaB1-349_1|LCS|Ruppe_2019|MC3.MG138.AS1.GP1.C39232.G12	blaB1	L	C	S	Ruppe_2019	Ruppe_2019-1|574841|14|Human-Microbiome-3.9M-Gene-Catalog-(metahit-v2)|MC3.MG138.AS1.GP1.C39232.G12|blab1	L	
C2|~blaA-514_1|blaA-514_1|LCS|Ruppe_2019|MC3.MG232.AS1.GP1.C22542.G5	blaA	L	C	S	Ruppe_2019	Ruppe_2019-1|1460491|12|Human-Microbiome-3.9M-Gene-Catalog-(metahit-v2)|MC3.MG232.AS1.GP1.C22542.G5|blaa	L	
C2|~ant-77_1|ant-77_1|LMS|Ruppe_2019|MC3.MG344.AS1.GP1.C20826.G2	ant	L	M	S	Ruppe_2019	Ruppe_2019-1|2599999|7|Human-Microbiome-3.9M-Gene-Catalog-(metahit-v2)|MC3.MG344.AS1.GP1.C20826.G2|ant	L	
C2|~aac6p-92_1|aac6p-92_1|LCP|Li_2025|k141_732379_seq1_1	aac6p	L	C	P	Li_2025	Li_2025-aminoglycoside_model_f|chicken|k141_732379_seq1_1	L	
C2|~blaB1-350_1|blaB1-350_1|LCS|Ruppe_2019|MC3.MG64.AS1.GP1.C5820.G9	blaB1	L	C	S	Ruppe_2019	Ruppe_2019-1|3507167|14|Human-Microbiome-3.9M-Gene-Catalog-(metahit-v2)|MC3.MG64.AS1.GP1.C5820.G9|blab1	L	
C2|~blaB1-351_1|blaB1-351_1|LCS|Ruppe_2019|MC3.MG54.AS1.GP1.C15345.G8	blaB1	L	C	S	Ruppe_2019	Ruppe_2019-1|3370990|14|Human-Microbiome-3.9M-Gene-Catalog-(metahit-v2)|MC3.MG54.AS1.GP1.C15345.G8|blab1	L	
C2|~blaB-48_1|blaB-48_1|LCS|Ruppe_2019|S13_CZ_2_KJ695100_1_2	blaB	L	C	S	Ruppe_2019	Ruppe_2019-3|3873931|13|ARD-Forsberg-gene-catalog|S13_CZ_2_KJ695100_1_2|blab	L	
C2|~blaB1-352_1|blaB1-352_1|LCS|Ruppe_2019|MC3.MG87.AS1.GP1.C46400.G3	blaB1	L	C	S	Ruppe_2019	Ruppe_2019-1|3691621|14|Human-Microbiome-3.9M-Gene-Catalog-(metahit-v2)|MC3.MG87.AS1.GP1.C46400.G3|blab1	L	
C2|~blaB1-353_1|blaB1-353_1|LCS|Ruppe_2019|MC3.MG6.AS1.GP1.C87409.G2	blaB1	L	C	S	Ruppe_2019	Ruppe_2019-1|3470368|14|Human-Microbiome-3.9M-Gene-Catalog-(metahit-v2)|MC3.MG6.AS1.GP1.C87409.G2|blab1	L	
C2|~blaB1-354_1|blaB1-354_1|LCS|Ruppe_2019|MC3.MG219.AS1.GP1.C1306.G2	blaB1	L	C	S	Ruppe_2019	Ruppe_2019-1|1363291|14|Human-Microbiome-3.9M-Gene-Catalog-(metahit-v2)|MC3.MG219.AS1.GP1.C1306.G2|blab1	L	
C2|~blaB1-355_1|blaB1-355_1|LCS|Ruppe_2019|MC3.MG208.AS1.GP1.C6284.G36	blaB1	L	C	S	Ruppe_2019	Ruppe_2019-1|1287787|14|Human-Microbiome-3.9M-Gene-Catalog-(metahit-v2)|MC3.MG208.AS1.GP1.C6284.G36|blab1	L	
C2|~aac3-378_1|aac3-378_1|LCS|Ruppe_2019|MC3.MG308.AS1.GP1.C8387.G1	aac3	L	C	S	Ruppe_2019	Ruppe_2019-1|2206698|5|Human-Microbiome-3.9M-Gene-Catalog-(metahit-v2)|MC3.MG308.AS1.GP1.C8387.G1|aac3_2	L	
C2|~aac6p-93_1|aac6p-93_1|LCP|Li_2025|k141_509073_seq1_1	aac6p	L	C	P	Li_2025	Li_2025-aminoglycoside_model_e|cattle|k141_509073_seq1_1	L	
C2|~aac6p-94_1|aac6p-94_1|LCP|Victor_2025|HoAAMG_E_sequ6ence	aac6p	L	C	P	Victor_2025	Victor_2025-HoAAMG_E_sequ6ence	L	
C2|~blaB1-357_1|blaB1-357_1|LCS|Ruppe_2019|MC3.MG3.AS1.GP1.C45144.G5	blaB1	L	C	S	Ruppe_2019	Ruppe_2019-1|2099183|14|Human-Microbiome-3.9M-Gene-Catalog-(metahit-v2)|MC3.MG3.AS1.GP1.C45144.G5|blab1	L	
C2|~blaB1-358_1|blaB1-358_1|LCS|Ruppe_2019|MC3.MG114.AS1.GP1.C30057.G2	blaB1	L	C	S	Ruppe_2019	Ruppe_2019-1|198895|14|Human-Microbiome-3.9M-Gene-Catalog-(metahit-v2)|MC3.MG114.AS1.GP1.C30057.G2|blab1	L	
C2|~aac6p-95_1|aac6p-95_1|LCP|Li_2025|k141_537683_seq1_1	aac6p	L	C	P	Li_2025	Li_2025-aminoglycoside_model_d|chicken|k141_537683_seq1_1	L	
C2|~blaB1-360_1|blaB1-360_1|LCS|Ruppe_2019|MC3.MG268.AS1.GP1.C29673.G3	blaB1	L	C	S	Ruppe_2019	Ruppe_2019-1|1751930|14|Human-Microbiome-3.9M-Gene-Catalog-(metahit-v2)|MC3.MG268.AS1.GP1.C29673.G3|blab1	L	
C2|~blaB1-361_1|blaB1-361_1|LCS|Ruppe_2019|MC3.MG214.AS1.GP1.C6692.G3	blaB1	L	C	S	Ruppe_2019	Ruppe_2019-1|1330549|14|Human-Microbiome-3.9M-Gene-Catalog-(metahit-v2)|MC3.MG214.AS1.GP1.C6692.G3|blab1	L	
C2|~blaB1-362_1|blaB1-362_1|LCS|Ruppe_2019|MC3.MG197.AS1.GP1.C43889.G1	blaB1	L	C	S	Ruppe_2019	Ruppe_2019-1|1162970|14|Human-Microbiome-3.9M-Gene-Catalog-(metahit-v2)|MC3.MG197.AS1.GP1.C43889.G1|blab1	L	
C2|~blaB1-363_1|blaB1-363_1|LCS|Ruppe_2019|MC3.MG126.AS1.GP1.C8196.G4	blaB1	L	C	S	Ruppe_2019	Ruppe_2019-1|437454|14|Human-Microbiome-3.9M-Gene-Catalog-(metahit-v2)|MC3.MG126.AS1.GP1.C8196.G4|blab1	L	
C2|~blaA-517_1|blaA-517_1|LCS|Ruppe_2019|MC3.MG284.AS1.GP1.C2196.G1	blaA	L	C	S	Ruppe_2019	Ruppe_2019-1|1866600|12|Human-Microbiome-3.9M-Gene-Catalog-(metahit-v2)|MC3.MG284.AS1.GP1.C2196.G1|blaa	L	
C2|~blaB1-364_1|blaB1-364_1|LCS|Ruppe_2019|MC3.MG288.AS1.GP1.C69302.G14	blaB1	L	C	S	Ruppe_2019	Ruppe_2019-1|1919128|14|Human-Microbiome-3.9M-Gene-Catalog-(metahit-v2)|MC3.MG288.AS1.GP1.C69302.G14|blab1	L	
C2|~blaB1-365_1|blaB1-365_1|LCS|Ruppe_2019|MC3.MG207.AS1.GP1.C25365.G2	blaB1	L	C	S	Ruppe_2019	Ruppe_2019-1|1256559|14|Human-Microbiome-3.9M-Gene-Catalog-(metahit-v2)|MC3.MG207.AS1.GP1.C25365.G2|blab1	L	
C2|~blaB1-366_1|blaB1-366_1|LCS|Ruppe_2019|MC3.MG178.AS1.GP1.C9478.G2	blaB1	L	C	S	Ruppe_2019	Ruppe_2019-1|992178|14|Human-Microbiome-3.9M-Gene-Catalog-(metahit-v2)|MC3.MG178.AS1.GP1.C9478.G2|blab1	L	
C2|~blaB1-367_1|blaB1-367_1|LCS|Ruppe_2019|MC3.MG106.AS1.GP1.C39626.G16	blaB1	L	C	S	Ruppe_2019	Ruppe_2019-1|101151|14|Human-Microbiome-3.9M-Gene-Catalog-(metahit-v2)|MC3.MG106.AS1.GP1.C39626.G16|blab1	L	
C2|~blaB1-368_1|blaB1-368_1|LCS|Ruppe_2019|MC3.MG102.AS1.GP1.C10065.G4	blaB1	L	C	S	Ruppe_2019	Ruppe_2019-1|55998|14|Human-Microbiome-3.9M-Gene-Catalog-(metahit-v2)|MC3.MG102.AS1.GP1.C10065.G4|blab1	L	
C2|~blaB-49_1|blaB-49_1|LCS|Ruppe_2019|S08_CX_21_KJ693591_1_1	blaB	L	C	S	Ruppe_2019	Ruppe_2019-3|3873930|13|ARD-Forsberg-gene-catalog|S08_CX_21_KJ693591_1_1|blab	L	
C2|~blaA-518_1|blaA-518_1|LCS|Ruppe_2019|MC3.MG382.AS1.GP1.C81619.G1	blaA	L	C	S	Ruppe_2019	Ruppe_2019-1|3089803|12|Human-Microbiome-3.9M-Gene-Catalog-(metahit-v2)|MC3.MG382.AS1.GP1.C81619.G1|blaa	L	
C2|~blaA-519_1|blaA-519_1|LCS|Ruppe_2019|MC3.MG351.AS1.GP1.C11067.G1	blaA	L	C	S	Ruppe_2019	Ruppe_2019-1|2684589|12|Human-Microbiome-3.9M-Gene-Catalog-(metahit-v2)|MC3.MG351.AS1.GP1.C11067.G1|blaa	L	
C2|~blaB1-369_1|blaB1-369_1|LCS|Ruppe_2019|MC3.MG116.AS1.GP1.C15844.G2	blaB1	L	C	S	Ruppe_2019	Ruppe_2019-1|225192|14|Human-Microbiome-3.9M-Gene-Catalog-(metahit-v2)|MC3.MG116.AS1.GP1.C15844.G2|blab1	L	
C2|~aac6p-96_1|aac6p-96_1|LCP|Li_2025|k141_1276321_seq1_1	aac6p	L	C	P	Li_2025	Li_2025-aminoglycoside_model_e|cattle|k141_1276321_seq1_1	L	
C2|~blaB-50_1|blaB-50_1|LCS|Ruppe_2019|S13_PE_4_KJ695177_1_2	blaB	L	C	S	Ruppe_2019	Ruppe_2019-3|3873929|13|ARD-Forsberg-gene-catalog|S13_PE_4_KJ695177_1_2|blab	L	
C2|~blaA-520_1|blaA-520_1|LCS|Ruppe_2019|MC3.MG345.AS1.GP1.C3359.G1	blaA	L	C	S	Ruppe_2019	Ruppe_2019-1|2636954|12|Human-Microbiome-3.9M-Gene-Catalog-(metahit-v2)|MC3.MG345.AS1.GP1.C3359.G1|blaa	L	
C2|~ant-78_1|ant-78_1|LMS|Ruppe_2019|MC3.MG135.AS1.GP1.C59754.G1	ant	L	M	S	Ruppe_2019	Ruppe_2019-1|522307|7|Human-Microbiome-3.9M-Gene-Catalog-(metahit-v2)|MC3.MG135.AS1.GP1.C59754.G1|ant	L	
C2|~aac6p-97_1|aac6p-97_1|LCP|Li_2025|k141_378293_seq1_1	aac6p	L	C	P	Li_2025	Li_2025-aminoglycoside_model_e|chicken|k141_378293_seq1_1	L	
C2|~aac6p-98_1|aac6p-98_1|LCP|Li_2025|k141_187759_seq1_1	aac6p	L	C	P	Li_2025	Li_2025-aminoglycoside_model_d|chicken|k141_187759_seq1_1	L	
C2|~blaB1-370_1|blaB1-370_1|LCS|Ruppe_2019|MC3.MG6.AS1.GP1.C78814.G3	blaB1	L	C	S	Ruppe_2019	Ruppe_2019-1|3463345|14|Human-Microbiome-3.9M-Gene-Catalog-(metahit-v2)|MC3.MG6.AS1.GP1.C78814.G3|blab1	L	
C2|~blaB1-372_1|blaB1-372_1|LCS|Ruppe_2019|MC3.MG268.AS1.GP1.C18551.G2	blaB1	L	C	S	Ruppe_2019	Ruppe_2019-1|1749816|14|Human-Microbiome-3.9M-Gene-Catalog-(metahit-v2)|MC3.MG268.AS1.GP1.C18551.G2|blab1	L	
C2|~blaA-521_1|blaA-521_1|LCS|Ruppe_2019|MC3.MG151.AS1.GP1.C57683.G1	blaA	L	C	S	Ruppe_2019	Ruppe_2019-1|759558|12|Human-Microbiome-3.9M-Gene-Catalog-(metahit-v2)|MC3.MG151.AS1.GP1.C57683.G1|blaa	L	
C2|~blaB1-373_1|blaB1-373_1|LCS|Ruppe_2019|MC3.MG386.AS1.GP1.C13687.G2	blaB1	L	C	S	Ruppe_2019	Ruppe_2019-1|3131608|14|Human-Microbiome-3.9M-Gene-Catalog-(metahit-v2)|MC3.MG386.AS1.GP1.C13687.G2|blab1	L	
C2|~blaB1-374_1|blaB1-374_1|LCS|Ruppe_2019|MC3.MG358.AS1.GP1.C10250.G1	blaB1	L	C	S	Ruppe_2019	Ruppe_2019-1|2749911|14|Human-Microbiome-3.9M-Gene-Catalog-(metahit-v2)|MC3.MG358.AS1.GP1.C10250.G1|blab1	L	
C2|~blaB1-375_1|blaB1-375_1|LCS|Ruppe_2019|MC3.MG332.AS1.GP1.C41336.G23	blaB1	L	C	S	Ruppe_2019	Ruppe_2019-1|2514769|14|Human-Microbiome-3.9M-Gene-Catalog-(metahit-v2)|MC3.MG332.AS1.GP1.C41336.G23|blab1	L	
C2|~blaA-522_1|blaA-522_1|LCS|Ruppe_2019|ACT97373_1	blaA	L	C	S	Ruppe_2019	Ruppe_2019-7398|3876532|12|ARD-reference-gene-catalog|ACT97373_1|blaa	L	
C2|~blaA-523_1|blaA-523_1|LCS|Ruppe_2019|MC3.MG244.AS1.GP1.C6510.G1	blaA	L	C	S	Ruppe_2019	Ruppe_2019-1|1561131|12|Human-Microbiome-3.9M-Gene-Catalog-(metahit-v2)|MC3.MG244.AS1.GP1.C6510.G1|blaa	L	
C2|~blaA-524_1|blaA-524_1|LCS|Ruppe_2019|MC3.MG177.AS1.GP1.C25489.G1	blaA	L	C	S	Ruppe_2019	Ruppe_2019-1|985030|12|Human-Microbiome-3.9M-Gene-Catalog-(metahit-v2)|MC3.MG177.AS1.GP1.C25489.G1|blaa	L	
C2|~aac6p-99_1|aac6p-99_1|LCP|Li_2025|k141_819850_seq1_1	aac6p	L	C	P	Li_2025	Li_2025-aminoglycoside_model_e|chicken|k141_819850_seq1_1	L	
C2|~aac6p-101_1|aac6p-101_1|LCP|Li_2025|k141_1026662_seq1_1	aac6p	L	C	P	Li_2025	Li_2025-aminoglycoside_model_e|cattle|k141_1026662_seq1_1	L	
C2|~blaB-51_1|blaB-51_1|LCS|Ruppe_2019|S04_CX_24_KJ692113_1_4	blaB	L	C	S	Ruppe_2019	Ruppe_2019-3|3873928|13|ARD-Forsberg-gene-catalog|S04_CX_24_KJ692113_1_4|blab	L	
C2|~aac2p-10_1|aac2p-10_1|LCP|Li_2025|k141_280637_seq1_1	aac2p	L	C	P	Li_2025	Li_2025-aminoglycoside_model_a|swine|k141_280637_seq1_1	L	
C2|~aac6p-102_1|aac6p-102_1|LCP|Li_2025|k141_944908_seq1_1	aac6p	L	C	P	Li_2025	Li_2025-aminoglycoside_model_f|cattle|k141_944908_seq1_1	L	
C2|~blaB-52_1|blaB-52_1|LCS|Ruppe_2019|S08_PE_24_KJ693453_1_3	blaB	L	C	S	Ruppe_2019	Ruppe_2019-3|3873927|13|ARD-Forsberg-gene-catalog|S08_PE_24_KJ693453_1_3|blab	L	
C2|~aac6p-103_1|aac6p-103_1|LCP|Li_2025|k141_171403_seq1_1	aac6p	L	C	P	Li_2025	Li_2025-aminoglycoside_model_f|cattle|k141_171403_seq1_1	L	
C2|~ant-79_1|ant-79_1|LCS|Ruppe_2019|MC3.MG263.AS1.GP1.C9317.G1	ant	L	C	S	Ruppe_2019	Ruppe_2019-1|1719545|7|Human-Microbiome-3.9M-Gene-Catalog-(metahit-v2)|MC3.MG263.AS1.GP1.C9317.G1|ant	L	
C2|~aac6p-104_1|aac6p-104_1|LCP|Li_2025|k141_591020_seq1_1	aac6p	L	C	P	Li_2025	Li_2025-aminoglycoside_model_d|chicken|k141_591020_seq1_1	L	
C2|~aac6p-105_1|aac6p-105_1|LCP|Li_2025|k141_1826622_seq1_1	aac6p	L	C	P	Li_2025	Li_2025-aminoglycoside_model_d|cattle|k141_1826622_seq1_1	L	
C2|~dfr-55_1|dfr-55_1|LCS|Wang_2025|QPI17463.1	dfr	L	C	S	Wang_2025	Wang_2025-DfrA_QPI17463.1	L	
C2|~dfr-56_1|dfr-56_1|LCS|Wang_2025|QMP82561.1	dfr	L	C	S	Wang_2025	Wang_2025-DfrA_QMP82561.1	L	
C2|~dfr-57_1|dfr-57_1|LCS|Wang_2025|QPX76412.1	dfr	L	C	S	Wang_2025	Wang_2025-DfrA_QPX76412.1	L	
C2|~aac6p-106_1|aac6p-106_1|LCP|Li_2025|k141_1005963_seq1_1	aac6p	L	C	P	Li_2025	Li_2025-aminoglycoside_model_d|cattle|k141_1005963_seq1_1	L	
C2|~aac6p-107_1|aac6p-107_1|LCP|Li_2025|k141_1136793_seq1_1	aac6p	L	C	P	Li_2025	Li_2025-aminoglycoside_model_d|swine|k141_1136793_seq1_1	L	
C2|~aac6p-108_1|aac6p-108_1|LCP|Li_2025|k141_78484_seq1_1	aac6p	L	C	P	Li_2025	Li_2025-aminoglycoside_model_d|swine|k141_78484_seq1_1	L	
C2|~aac2p-11_1|aac2p-11_1|LCP|Li_2025|k141_165381_seq1_1	aac2p	L	C	P	Li_2025	Li_2025-aminoglycoside_model_a|swine|k141_165381_seq1_1	L	
C2|~aac6p-111_1|aac6p-111_1|LCP|Li_2025|k141_827717_seq1_1	aac6p	L	C	P	Li_2025	Li_2025-aminoglycoside_model_d|cattle|k141_827717_seq1_1	L	
C2|~aac6p-112_1|aac6p-112_1|LCP|Li_2025|k141_230545_seq1_1	aac6p	L	C	P	Li_2025	Li_2025-aminoglycoside_model_d|swine|k141_230545_seq1_1	L	
C2|~aac6p-113_1|aac6p-113_1|LCP|Li_2025|k141_267755_seq1_1	aac6p	L	C	P	Li_2025	Li_2025-aminoglycoside_model_e|chicken|k141_267755_seq1_1	L	
C2|~aac6p-114_1|aac6p-114_1|LCP|Li_2025|k141_371676_seq1_1	aac6p	L	C	P	Li_2025	Li_2025-aminoglycoside_model_d|chicken|k141_371676_seq1_1	L	
C2|~ant-80_1|ant-80_1|LMS|Ruppe_2019|MC3.MG343.AS1.GP1.C59409.G1	ant	L	M	S	Ruppe_2019	Ruppe_2019-1|2594680|7|Human-Microbiome-3.9M-Gene-Catalog-(metahit-v2)|MC3.MG343.AS1.GP1.C59409.G1|ant	L	
C2|~aac6p-115_1|aac6p-115_1|LCP|Li_2025|k141_740112_seq1_1	aac6p	L	C	P	Li_2025	Li_2025-aminoglycoside_model_e|swine|k141_740112_seq1_1	L	
C2|~aac6p-116_1|aac6p-116_1|LCP|Li_2025|k141_235650_seq1_1	aac6p	L	C	P	Li_2025	Li_2025-aminoglycoside_model_d|swine|k141_235650_seq1_1	L	
C2|~aac6p-117_1|aac6p-117_1|LCP|Li_2025|k141_993641_seq1_1	aac6p	L	C	P	Li_2025	Li_2025-aminoglycoside_model_d|swine|k141_993641_seq1_1	L	
C2|~aac6p-118_1|aac6p-118_1|LCP|Li_2025|k141_585129_seq1_1	aac6p	L	C	P	Li_2025	Li_2025-aminoglycoside_model_d|chicken|k141_585129_seq1_1	L	
C2|~aac6p-120_1|aac6p-120_1|LCP|Li_2025|k141_1371245_seq1_1	aac6p	L	C	P	Li_2025	Li_2025-aminoglycoside_model_e|cattle|k141_1371245_seq1_1	L	
C2|~aac6p-121_1|aac6p-121_1|LCP|Li_2025|k141_1659113_seq1_1	aac6p	L	C	P	Li_2025	Li_2025-aminoglycoside_model_d|cattle|k141_1659113_seq1_1	L	
C2|~aac6p-122_1|aac6p-122_1|LCP|Li_2025|k141_859344_seq1_1	aac6p	L	C	P	Li_2025	Li_2025-aminoglycoside_model_d|cattle|k141_859344_seq1_1	L	
C2|~dfr-58_1|dfr-58_1|LCS|Wang_2025|QDP45074.1	dfr	L	C	S	Wang_2025	Wang_2025-DfrA_QDP45074.1	L	
C2|~dfr-59_1|dfr-59_1|LCS|Wang_2025|YP009304838.1	dfr	L	C	S	Wang_2025	Wang_2025-DfrA_YP009304838.1	L	
C2|~aac6p-123_1|aac6p-123_1|LCP|Li_2025|k119_689507_seq1_1	aac6p	L	C	P	Li_2025	Li_2025-aminoglycoside_model_f|swine|k119_689507_seq1_1	L	
C2|~aac6p-124_1|aac6p-124_1|LCP|Li_2025|k141_174335_seq1_1	aac6p	L	C	P	Li_2025	Li_2025-aminoglycoside_model_d|swine|k141_174335_seq1_1	L	
C2|~aac6p-125_1|aac6p-125_1|LCP|Li_2025|k141_625765_seq1_1	aac6p	L	C	P	Li_2025	Li_2025-aminoglycoside_model_e|chicken|k141_625765_seq1_1	L	
C2|~aac6p-126_1|aac6p-126_1|LCP|Li_2025|k141_138492_seq1_1	aac6p	L	C	P	Li_2025	Li_2025-aminoglycoside_model_d|chicken|k141_138492_seq1_1	L	
C2|~aac6p-127_1|aac6p-127_1|LCP|Li_2025|k141_935192_seq1_1	aac6p	L	C	P	Li_2025	Li_2025-aminoglycoside_model_f|cattle|k141_935192_seq1_1	L	
C2|~aac6p-130_1|aac6p-130_1|LCP|Li_2025|k141_1096853_seq1_1	aac6p	L	C	P	Li_2025	Li_2025-aminoglycoside_model_d|cattle|k141_1096853_seq1_1	L	
C2|~aac3-380_1|aac3-380_1|LMP|Li_2025|k141_146461_seq1_1	aac3	L	M	P	Li_2025	Li_2025-aminoglycoside_model_b|cattle|k141_146461_seq1_1	L	
C2|~aac6p-131_1|aac6p-131_1|LMP|Li_2025|k141_147551_seq1_1	aac6p	L	M	P	Li_2025	Li_2025-aminoglycoside_model_d|swine|k141_147551_seq1_1	L	
C2|~aac6p-132_1|aac6p-132_1|LCP|Li_2025|k141_579663_seq1_1	aac6p	L	C	P	Li_2025	Li_2025-aminoglycoside_model_d|chicken|k141_579663_seq1_1	L	
C2|~aac6p-133_1|aac6p-133_1|LCP|Li_2025|k141_26137_seq1_1	aac6p	L	C	P	Li_2025	Li_2025-aminoglycoside_model_f|cattle|k141_26137_seq1_1	L	
C2|~aac6p-134_1|aac6p-134_1|LCP|Li_2025|k141_250482_seq1_1	aac6p	L	C	P	Li_2025	Li_2025-aminoglycoside_model_f|cattle|k141_250482_seq1_1	L	
C2|~aac6p-135_1|aac6p-135_1|LCP|Li_2025|k141_175657_seq1_1	aac6p	L	C	P	Li_2025	Li_2025-aminoglycoside_model_f|cattle|k141_175657_seq1_1	L	
C2|~aac6p-136_1|aac6p-136_1|LCP|Li_2025|k141_963277_seq1_1	aac6p	L	C	P	Li_2025	Li_2025-aminoglycoside_model_e|cattle|k141_963277_seq1_1	L	
C2|~blaC-227_1|blaC-227_1|LMS|Ruppe_2019|JX009208.1	blaC	L	M	S	Ruppe_2019	Ruppe_2019-7398|3875152|17|ARD-reference-gene-catalog|JX009208.1|blac	L	
C2|~aac6p-140_1|aac6p-140_1|LCP|Li_2025|k141_109294_seq1_1	aac6p	L	C	P	Li_2025	Li_2025-aminoglycoside_model_d|chicken|k141_109294_seq1_1	L	
C2|~aac6p-142_1|aac6p-142_1|LCP|Li_2025|k141_1137378_seq1_1	aac6p	L	C	P	Li_2025	Li_2025-aminoglycoside_model_f|cattle|k141_1137378_seq1_1	L	
C2|~aac6p-144_1|aac6p-144_1|LMP|Li_2025|k141_487335_seq1_1	aac6p	L	M	P	Li_2025	Li_2025-aminoglycoside_model_d|cattle|k141_487335_seq1_1	L	
C2|~aac2p-12_1|aac2p-12_1|LCP|Li_2025|k141_270445_seq1_1	aac2p	L	C	P	Li_2025	Li_2025-aminoglycoside_model_a|swine|k141_270445_seq1_1	L	
C2|~aac6p-146_1|aac6p-146_1|LCP|Li_2025|k119_201528_seq1_1	aac6p	L	C	P	Li_2025	Li_2025-aminoglycoside_model_e|chicken|k119_201528_seq1_1	L	
C2|~dfr-60_1|dfr-60_1|LCS|Wang_2025|APU02260.1	dfr	L	C	S	Wang_2025	Wang_2025-DfrA_APU02260.1	L	
C2|~aac6p-149_1|aac6p-149_1|LCP|Li_2025|k141_951663_seq1_1	aac6p	L	C	P	Li_2025	Li_2025-aminoglycoside_model_d|cattle|k141_951663_seq1_1	L	
C2|~aac6p-150_1|aac6p-150_1|LCP|Li_2025|k141_669494_seq1_1	aac6p	L	C	P	Li_2025	Li_2025-aminoglycoside_model_f|swine|k141_669494_seq1_1	L	
C2|~aac6p-151_1|aac6p-151_1|LCP|Li_2025|k141_143148_seq1_1	aac6p	L	C	P	Li_2025	Li_2025-aminoglycoside_model_d|swine|k141_143148_seq1_1	L	
C2|~aac6p-152_1|aac6p-152_1|LCP|Li_2025|k141_584132_seq1_1	aac6p	L	C	P	Li_2025	Li_2025-aminoglycoside_model_f|cattle|k141_584132_seq1_1	L	
C2|~aac6p-153_1|aac6p-153_1|LCP|Li_2025|k141_931213_seq1_1	aac6p	L	C	P	Li_2025	Li_2025-aminoglycoside_model_f|cattle|k141_931213_seq1_1	L	
C2|~aac6p-154_1|aac6p-154_1|LCP|Li_2025|k141_2464734_seq1_1	aac6p	L	C	P	Li_2025	Li_2025-aminoglycoside_model_e|cattle|k141_2464734_seq1_1	L	
C2|~aac6p-155_1|aac6p-155_1|LCP|Li_2025|k141_1239604_seq1_1	aac6p	L	C	P	Li_2025	Li_2025-aminoglycoside_model_d|cattle|k141_1239604_seq1_1	L	
C2|~aac6p-156_1|aac6p-156_1|LCP|Li_2025|k141_110300_seq1_1	aac6p	L	C	P	Li_2025	Li_2025-aminoglycoside_model_f|cattle|k141_110300_seq1_1	L	
C2|~aac6p-157_1|aac6p-157_1|LCP|Li_2025|k141_327512_seq1_1	aac6p	L	C	P	Li_2025	Li_2025-aminoglycoside_model_f|cattle|k141_327512_seq1_1	L	
C2|~aac6p-158_1|aac6p-158_1|LCP|Li_2025|k141_938931_seq1_1	aac6p	L	C	P	Li_2025	Li_2025-aminoglycoside_model_f|cattle|k141_938931_seq1_1	L	
C2|~aac6p-160_1|aac6p-160_1|LCP|Li_2025|k141_371589_seq1_1	aac6p	L	C	P	Li_2025	Li_2025-aminoglycoside_model_d|cattle|k141_371589_seq1_1	L	
C2|~aac2p-13_1|aac2p-13_1|LCP|Li_2025|k141_79971_seq1_1	aac2p	L	C	P	Li_2025	Li_2025-aminoglycoside_model_a|cattle|k141_79971_seq1_1	L	
C2|~dfr-61_1|dfr-61_1|LCS|Wang_2025|AUV62929.1	dfr	L	C	S	Wang_2025	Wang_2025-DfrA_AUV62929.1	L	
C2|~aac6p-161_1|aac6p-161_1|LCP|Li_2025|k141_476789_seq1_1	aac6p	L	C	P	Li_2025	Li_2025-aminoglycoside_model_f|swine|k141_476789_seq1_1	L	
C2|~aac6p-162_1|aac6p-162_1|LCP|Li_2025|k141_967406_seq1_1	aac6p	L	C	P	Li_2025	Li_2025-aminoglycoside_model_f|swine|k141_967406_seq1_1	L	
C2|~aac6p-163_1|aac6p-163_1|LCP|Li_2025|k141_786619_seq1_1	aac6p	L	C	P	Li_2025	Li_2025-aminoglycoside_model_d|swine|k141_786619_seq1_1	L	
C2|~aac6p-164_1|aac6p-164_1|LCP|Li_2025|k141_395140_seq1_1	aac6p	L	C	P	Li_2025	Li_2025-aminoglycoside_model_d|chicken|k141_395140_seq1_1	L	
C2|~aac6p-165_1|aac6p-165_1|LCP|Li_2025|k141_80943_seq1_1	aac6p	L	C	P	Li_2025	Li_2025-aminoglycoside_model_f|cattle|k141_80943_seq1_1	L	
C2|~aac6p-167_1|aac6p-167_1|LCP|Li_2025|k141_521386_seq1_1	aac6p	L	C	P	Li_2025	Li_2025-aminoglycoside_model_d|cattle|k141_521386_seq1_1	L	
C2|~aac2p-15_1|aac2p-15_1|LCP|Victor_2025|HiFAMG_A_sequ2ence	aac2p	L	C	P	Victor_2025	Victor_2025-HiFAMG_A_sequ2ence	L	
C2|~aac6p-169_1|aac6p-169_1|LCP|Li_2025|k141_813751_seq1_1	aac6p	L	C	P	Li_2025	Li_2025-aminoglycoside_model_f|cattle|k141_813751_seq1_1	L	
C2|~aac6p-171_1|aac6p-171_1|LCP|Li_2025|k141_320845_seq1_1	aac6p	L	C	P	Li_2025	Li_2025-aminoglycoside_model_f|cattle|k141_320845_seq1_1	L	
C2|~aac6p-172_1|aac6p-172_1|LCP|Li_2025|k141_448698_seq1_1	aac6p	L	C	P	Li_2025	Li_2025-aminoglycoside_model_d|cattle|k141_448698_seq1_1	L	
C2|~dfr-62_1|dfr-62_1|LCS|Wang_2025|ATW69935.1	dfr	L	C	S	Wang_2025	Wang_2025-DfrA_ATW69935.1	L	
C2|~aac6p-174_1|aac6p-174_1|LMP|Victor_2025|SeFAMG_E_sequ16ence	aac6p	L	M	P	Victor_2025	Victor_2025-SeFAMG_E_sequ16ence	L	
C2|~aac6p-177_1|aac6p-177_1|LCP|Li_2025|k141_2385334_seq1_1	aac6p	L	C	P	Li_2025	Li_2025-aminoglycoside_model_f|cattle|k141_2385334_seq1_1	L	
C2|~aac6p-179_1|aac6p-179_1|LMP|Li_2025|k141_263004_seq1_1	aac6p	L	M	P	Li_2025	Li_2025-aminoglycoside_model_f|cattle|k141_263004_seq1_1	L	
C2|~aac6p-180_1|aac6p-180_1|LCP|Li_2025|k141_4154_seq1_1	aac6p	L	C	P	Li_2025	Li_2025-aminoglycoside_model_f|cattle|k141_4154_seq1_1	L	
C2|~aac6p-181_1|aac6p-181_1|LCP|Li_2025|k141_1043697_seq1_1	aac6p	L	C	P	Li_2025	Li_2025-aminoglycoside_model_f|cattle|k141_1043697_seq1_1	L	
C2|~aac6p-184_1|aac6p-184_1|LCP|Li_2025|k141_162302_seq1_1	aac6p	L	C	P	Li_2025	Li_2025-aminoglycoside_model_e|cattle|k141_162302_seq1_1	L	
C2|~aac6p-186_1|aac6p-186_1|LCP|Li_2025|k141_310797_seq1_1	aac6p	L	C	P	Li_2025	Li_2025-aminoglycoside_model_f|swine|k141_310797_seq1_1	L	
C2|~aac6p-187_1|aac6p-187_1|LCP|Li_2025|k141_28797_seq1_1	aac6p	L	C	P	Li_2025	Li_2025-aminoglycoside_model_f|cattle|k141_28797_seq1_1	L	
C2|~aac6p-188_1|aac6p-188_1|LCP|Li_2025|k141_2539_seq1_1	aac6p	L	C	P	Li_2025	Li_2025-aminoglycoside_model_f|cattle|k141_2539_seq1_1	L	
C2|~aac6p-189_1|aac6p-189_1|LCP|Li_2025|k141_554014_seq1_1	aac6p	L	C	P	Li_2025	Li_2025-aminoglycoside_model_e|cattle|k141_554014_seq1_1	L	
C2|~aac6p-190_1|aac6p-190_1|LCP|Li_2025|k141_568945_seq1_1	aac6p	L	C	P	Li_2025	Li_2025-aminoglycoside_model_e|cattle|k141_568945_seq1_1	L	
C2|~aac6p-191_1|aac6p-191_1|LCP|Li_2025|k141_1791315_seq1_1	aac6p	L	C	P	Li_2025	Li_2025-aminoglycoside_model_d|cattle|k141_1791315_seq1_1	L	
C2|~aac6p-192_1|aac6p-192_1|LCV|Li_2025|k141_855434_seq1_1	aac6p	L	C	V	Li_2025	Li_2025-aminoglycoside_model_d|cattle|k141_855434_seq1_1	L	
C2|~aac2p-16_1|aac2p-16_1|LCP|Li_2025|k141_158323_seq1_1	aac2p	L	C	P	Li_2025	Li_2025-aminoglycoside_model_a|cattle|k141_158323_seq1_1	L	
C2|~dfr-63_1|dfr-63_1|LCS|Wang_2025|AJA41722.1	dfr	L	C	S	Wang_2025	Wang_2025-DfrA_AJA41722.1	L	
C2|~blaA-525_1|blaA-525_1|LCS|Ruppe_2019|KF629131.1	blaA	L	C	S	Ruppe_2019	Ruppe_2019-7398|3876041|12|ARD-reference-gene-catalog|KF629131.1|blaa	L	
C2|~aac6p-197_1|aac6p-197_1|LCP|Li_2025|k141_789303_seq1_1	aac6p	L	C	P	Li_2025	Li_2025-aminoglycoside_model_f|swine|k141_789303_seq1_1	L	
C2|~aac6p-198_1|aac6p-198_1|LCP|Li_2025|k141_1025988_seq1_1	aac6p	L	C	P	Li_2025	Li_2025-aminoglycoside_model_d|swine|k141_1025988_seq1_1	L	
C2|~aac2p-17_1|aac2p-17_1|LCP|Li_2025|k141_491986_seq1_1	aac2p	L	C	P	Li_2025	Li_2025-aminoglycoside_model_a|swine|k141_491986_seq1_1	L	
C2|~aac6p-199_1|aac6p-199_1|LCP|Li_2025|k141_1628601_seq1_1	aac6p	L	C	P	Li_2025	Li_2025-aminoglycoside_model_d|cattle|k141_1628601_seq1_1	L	
C2|~dfr-64_1|dfr-64_1|LCS|Wang_2025|QXV79668.1	dfr	L	C	S	Wang_2025	Wang_2025-DfrA_QXV79668.1	L	
C2|~aac6p-200_1|aac6p-200_1|LCP|Li_2025|k141_562404_seq1_1	aac6p	L	C	P	Li_2025	Li_2025-aminoglycoside_model_f|swine|k141_562404_seq1_1	L	
C2|~aac6p-201_1|aac6p-201_1|LCP|Li_2025|k99_131470_seq1_1	aac6p	L	C	P	Li_2025	Li_2025-aminoglycoside_model_e|swine|k99_131470_seq1_1	L	
C2|~aac6p-202_1|aac6p-202_1|LCP|Li_2025|k141_765695_seq1_1	aac6p	L	C	P	Li_2025	Li_2025-aminoglycoside_model_d|swine|k141_765695_seq1_1	L	
C2|~aac6p-204_1|aac6p-204_1|LCP|Li_2025|k141_325635_seq1_1	aac6p	L	C	P	Li_2025	Li_2025-aminoglycoside_model_d|chicken|k141_325635_seq1_1	L	
C2|~aac6p-205_1|aac6p-205_1|LCP|Li_2025|k141_779203_seq1_1	aac6p	L	C	P	Li_2025	Li_2025-aminoglycoside_model_f|cattle|k141_779203_seq1_1	L	
C2|~aac6p-207_1|aac6p-207_1|LCP|Li_2025|k141_889594_seq1_1	aac6p	L	C	P	Li_2025	Li_2025-aminoglycoside_model_f|cattle|k141_889594_seq1_1	L	
C2|~aac6p-209_1|aac6p-209_1|LCP|Li_2025|k141_368239_seq1_1	aac6p	L	C	P	Li_2025	Li_2025-aminoglycoside_model_d|cattle|k141_368239_seq1_1	L	
C2|~blaB-54_1|blaB-54_1|LCS|Ruppe_2019|S09_PE_19_KJ693913_1_1	blaB	L	C	S	Ruppe_2019	Ruppe_2019-3|3873925|13|ARD-Forsberg-gene-catalog|S09_PE_19_KJ693913_1_1|blab	L	
C2|~aac6p-210_1|aac6p-210_1|LCP|Li_2025|k141_118831_seq1_1	aac6p	L	C	P	Li_2025	Li_2025-aminoglycoside_model_d|swine|k141_118831_seq1_1	L	
C2|~aac6p-211_1|aac6p-211_1|LCP|Li_2025|k141_249299_seq1_1	aac6p	L	C	P	Li_2025	Li_2025-aminoglycoside_model_d|swine|k141_249299_seq1_1	L	
C2|~aac6p-212_1|aac6p-212_1|LCP|Li_2025|k141_910101_seq1_1	aac6p	L	C	P	Li_2025	Li_2025-aminoglycoside_model_d|swine|k141_910101_seq1_1	L	
C2|~aac6p-213_1|aac6p-213_1|LCP|Li_2025|k119_331042_seq1_1	aac6p	L	C	P	Li_2025	Li_2025-aminoglycoside_model_f|chicken|k119_331042_seq1_1	L	
C2|~blaA-526_1|blaA-526_1|LMS|Ruppe_2019|AFH53881_1	blaA	L	M	S	Ruppe_2019	Ruppe_2019-7398|3875443|12|ARD-reference-gene-catalog|AFH53881_1|blaa	L	
C2|~aac6p-214_1|aac6p-214_1|LCP|Li_2025|k141_416196_seq1_1	aac6p	L	C	P	Li_2025	Li_2025-aminoglycoside_model_f|swine|k141_416196_seq1_1	L	
C2|~aac6p-215_1|aac6p-215_1|LCP|Li_2025|k141_439109_seq1_1	aac6p	L	C	P	Li_2025	Li_2025-aminoglycoside_model_d|swine|k141_439109_seq1_1	L	
C2|~aac6p-218_1|aac6p-218_1|LCP|Victor_2025|SeFAMG_D_sequ1ence	aac6p	L	C	P	Victor_2025	Victor_2025-SeFAMG_D_sequ1ence	L	
C2|~blaB-55_1|blaB-55_1|LCS|Ruppe_2019|S06_CX_27_KJ692824_1_1	blaB	L	C	S	Ruppe_2019	Ruppe_2019-3|3873924|13|ARD-Forsberg-gene-catalog|S06_CX_27_KJ692824_1_1|blab	L	
C2|~blaA-527_1|blaA-527_1|LCS|Ruppe_2019|KF627594.1	blaA	L	C	S	Ruppe_2019	Ruppe_2019-7398|3876035|12|ARD-reference-gene-catalog|KF627594.1|blaa	L	
C2|~aac6p-220_1|aac6p-220_1|LCP|Li_2025|k141_1036387_seq1_1	aac6p	L	C	P	Li_2025	Li_2025-aminoglycoside_model_d|swine|k141_1036387_seq1_1	L	
C2|~aac6p-221_1|aac6p-221_1|LCP|Li_2025|k141_59252_seq1_1	aac6p	L	C	P	Li_2025	Li_2025-aminoglycoside_model_d|cattle|k141_59252_seq1_1	L	
C2|~aac3-381_1|aac3-381_1|LCS|Ruppe_2019|MC3.MG286.AS1.GP1.C13271.G1	aac3	L	C	S	Ruppe_2019	Ruppe_2019-1|1887873|4|Human-Microbiome-3.9M-Gene-Catalog-(metahit-v2)|MC3.MG286.AS1.GP1.C13271.G1|aac3_1	L	
C2|~aac6p-222_1|aac6p-222_1|LCP|Li_2025|k141_928429_seq1_1	aac6p	L	C	P	Li_2025	Li_2025-aminoglycoside_model_e|chicken|k141_928429_seq1_1	L	
C2|~dfr-65_1|dfr-65_1|LCS|Wang_2025|QTH80474.1	dfr	L	C	S	Wang_2025	Wang_2025-DfrA_QTH80474.1	L	
C2|~aac6p-224_1|aac6p-224_1|LMP|Victor_2025|SeFAMG_D_sequ3ence	aac6p	L	M	P	Victor_2025	Victor_2025-SeFAMG_D_sequ3ence	L	
C2|~blaA-528_1|blaA-528_1|LMS|Ruppe_2019|ACY70943.1_1	blaA	L	M	S	Ruppe_2019	Ruppe_2019-7398|3876642|12|ARD-reference-gene-catalog|ACY70943.1_1|blaa	L	
C2|~aac6p-225_1|aac6p-225_1|LCP|Li_2025|k141_168956_seq1_1	aac6p	L	C	P	Li_2025	Li_2025-aminoglycoside_model_e|swine|k141_168956_seq1_1	L	
C2|~aac6p-227_1|aac6p-227_1|LCP|Li_2025|k141_246660_seq1_1	aac6p	L	C	P	Li_2025	Li_2025-aminoglycoside_model_d|swine|k141_246660_seq1_1	L	
C2|~aac6p-228_1|aac6p-228_1|LCP|Li_2025|k141_733842_seq1_1	aac6p	L	C	P	Li_2025	Li_2025-aminoglycoside_model_d|swine|k141_733842_seq1_1	L	
C2|~aac6p-229_1|aac6p-229_1|LCP|Li_2025|k141_239877_seq1_1	aac6p	L	C	P	Li_2025	Li_2025-aminoglycoside_model_d|swine|k141_239877_seq1_1	L	
C2|~aac6p-230_1|aac6p-230_1|LCP|Li_2025|k141_120748_seq1_1	aac6p	L	C	P	Li_2025	Li_2025-aminoglycoside_model_e|cattle|k141_120748_seq1_1	L	
C2|~aac6p-231_1|aac6p-231_1|LCP|Victor_2025|HiFAMG_E_sequ8ence	aac6p	L	C	P	Victor_2025	Victor_2025-HiFAMG_E_sequ8ence	L	
C2|~blaA-529_1|blaA-529_1|LCS|Ruppe_2019|AFH53884_1	blaA	L	C	S	Ruppe_2019	Ruppe_2019-7398|3875446|12|ARD-reference-gene-catalog|AFH53884_1|blaa	L	
C2|~aac6p-232_1|aac6p-232_1|LCP|Li_2025|k99_228321_seq1_1	aac6p	L	C	P	Li_2025	Li_2025-aminoglycoside_model_e|swine|k99_228321_seq1_1	L	
C2|~dfr-66_1|dfr-66_1|LCS|Wang_2025|BAN59528.1	dfr	L	C	S	Wang_2025	Wang_2025-DfrA_BAN59528.1	L	
C2|~blaA1-608_1|blaA1-608_1|LCP|Sommerville_2026|retrieved-translated_gene_catalog_Gene030466_seq1_1	blaA1	L	C	P	Sommerville_2026	Sommerville_2026-retrieved-translated_gene_catalog_Gene030466_seq1_1|class_A	L	
C2|~blaA-530_1|blaA-530_1|LCS|Ruppe_2019|AAC32891.1	blaA	L	C	S	Ruppe_2019	Ruppe_2019-7398|3876941|12|ARD-reference-gene-catalog|AAC32891.1|blaa	L	
C2|~aac3-382_1|aac3-382_1|LCS|Ruppe_2019|MC3.MG358.AS1.GP1.C40491.G1	aac3	L	C	S	Ruppe_2019	Ruppe_2019-1|2760748|4|Human-Microbiome-3.9M-Gene-Catalog-(metahit-v2)|MC3.MG358.AS1.GP1.C40491.G1|aac3_1	L	
C2|~aac3-383_1|aac3-383_1|LCS|Ruppe_2019|MC3.MG240.AS1.GP1.C20697.G1	aac3	L	C	S	Ruppe_2019	Ruppe_2019-1|1519565|4|Human-Microbiome-3.9M-Gene-Catalog-(metahit-v2)|MC3.MG240.AS1.GP1.C20697.G1|aac3_1	L	
C2|~dfr-67_1|dfr-67_1|LCS|Wang_2025|UJH95751.1	dfr	L	C	S	Wang_2025	Wang_2025-DfrA53_UJH95751.1	L	
C2|~aac3-384_1|aac3-384_1|LCS|Ruppe_2019|MC3.MG368.AS1.GP1.C20363.G2	aac3	L	C	S	Ruppe_2019	Ruppe_2019-1|2903971|4|Human-Microbiome-3.9M-Gene-Catalog-(metahit-v2)|MC3.MG368.AS1.GP1.C20363.G2|aac3_1	L	
C2|~aac3-385_1|aac3-385_1|LCS|Ruppe_2019|MC3.MG320.AS1.GP1.C34101.G6	aac3	L	C	S	Ruppe_2019	Ruppe_2019-1|2303337|4|Human-Microbiome-3.9M-Gene-Catalog-(metahit-v2)|MC3.MG320.AS1.GP1.C34101.G6|aac3_1	L	
C2|~aac6p-238_1|aac6p-238_1|LCP|Li_2025|k141_942051_seq1_1	aac6p	L	C	P	Li_2025	Li_2025-aminoglycoside_model_e|cattle|k141_942051_seq1_1	L	
C2|~blaA-531_1|blaA-531_1|LMS|Ruppe_2019|ACT97451_1	blaA	L	M	S	Ruppe_2019	Ruppe_2019-7398|3875309|12|ARD-reference-gene-catalog|ACT97451_1|blaa	L	
C2|~aac6p-240_1|aac6p-240_1|LCP|Li_2025|k141_3575150_seq1_1	aac6p	L	C	P	Li_2025	Li_2025-aminoglycoside_model_e|cattle|k141_3575150_seq1_1	L	
C2|~aac6p-242_1|aac6p-242_1|LCP|Li_2025|k141_397163_seq1_1	aac6p	L	C	P	Li_2025	Li_2025-aminoglycoside_model_d|swine|k141_397163_seq1_1	L	
C2|~aac6p-244_1|aac6p-244_1|LCP|Li_2025|k141_380338_seq1_1	aac6p	L	C	P	Li_2025	Li_2025-aminoglycoside_model_e|cattle|k141_380338_seq1_1	L	
C2|~aac6p-245_1|aac6p-245_1|LCP|Li_2025|k141_1796135_seq1_1	aac6p	L	C	P	Li_2025	Li_2025-aminoglycoside_model_d|cattle|k141_1796135_seq1_1	L	
C2|~aac6p-246_1|aac6p-246_1|LCP|Victor_2025|SeFAMG_E_sequ5ence	aac6p	L	C	P	Victor_2025	Victor_2025-SeFAMG_E_sequ5ence	L	
C2|~aac6p-247_1|aac6p-247_1|LMP|Li_2025|k141_460779_seq1_1	aac6p	L	M	P	Li_2025	Li_2025-aminoglycoside_model_e|swine|k141_460779_seq1_1	L	
C2|~aac6p-248_1|aac6p-248_1|LCP|Li_2025|k141_1005410_seq1_1	aac6p	L	C	P	Li_2025	Li_2025-aminoglycoside_model_e|cattle|k141_1005410_seq1_1	L	
C2|~aac6p-250_1|aac6p-250_1|LCP|Li_2025|k141_52965_seq1_1	aac6p	L	C	P	Li_2025	Li_2025-aminoglycoside_model_e|swine|k141_52965_seq1_1	L	
C2|~aac6p-251_1|aac6p-251_1|LCP|Li_2025|k141_23104_seq1_1	aac6p	L	C	P	Li_2025	Li_2025-aminoglycoside_model_e|chicken|k141_23104_seq1_1	L	
C2|~aac6p-252_1|aac6p-252_1|LCP|Li_2025|k141_4287687_seq1_1	aac6p	L	C	P	Li_2025	Li_2025-aminoglycoside_model_e|cattle|k141_4287687_seq1_1	L	
C2|~aac3-386_1|aac3-386_1|LCP|Li_2025|k141_93894_seq1_1	aac3	L	C	P	Li_2025	Li_2025-aminoglycoside_model_b|cattle|k141_93894_seq1_1	L	
C2|~aac3-387_1|aac3-387_1|LCP|Li_2025|k141_1191930_seq1_1	aac3	L	C	P	Li_2025	Li_2025-aminoglycoside_model_b|cattle|k141_1191930_seq1_1	L	
C2|~aac3-388_1|aac3-388_1|LCS|Ruppe_2019|MC3.MG299.AS1.GP1.C56257.G3	aac3	L	C	S	Ruppe_2019	Ruppe_2019-1|2072368|4|Human-Microbiome-3.9M-Gene-Catalog-(metahit-v2)|MC3.MG299.AS1.GP1.C56257.G3|aac3_1	L	
C2|~aac6p-254_1|aac6p-254_1|LCP|Li_2025|k141_219157_seq1_1	aac6p	L	C	P	Li_2025	Li_2025-aminoglycoside_model_e|swine|k141_219157_seq1_1	L	
C2|~aac6p-255_1|aac6p-255_1|LCP|Li_2025|k141_393517_seq1_1	aac6p	L	C	P	Li_2025	Li_2025-aminoglycoside_model_e|swine|k141_393517_seq1_1	L	
C2|~aac6p-256_1|aac6p-256_1|LCP|Li_2025|k141_692280_seq1_1	aac6p	L	C	P	Li_2025	Li_2025-aminoglycoside_model_e|cattle|k141_692280_seq1_1	L	
C2|~aac6p-257_1|aac6p-257_1|LCP|Victor_2025|HiFAMG_E_sequ6ence	aac6p	L	C	P	Victor_2025	Victor_2025-HiFAMG_E_sequ6ence	L	
C2|~blaB-56_1|blaB-56_1|LCS|Ruppe_2019|S09_PI_10_KJ693873_1_2	blaB	L	C	S	Ruppe_2019	Ruppe_2019-3|3873923|13|ARD-Forsberg-gene-catalog|S09_PI_10_KJ693873_1_2|blab	L	
C2|~blaA-532_1|blaA-532_1|LMS|Ruppe_2019|ACT974501	blaA	L	M	S	Ruppe_2019	Ruppe_2019-7398|3875308|12|ARD-reference-gene-catalog|ACT974501|blaa	L	
C2|~aac6p-258_1|aac6p-258_1|LCP|Li_2025|k141_98905_seq1_1	aac6p	L	C	P	Li_2025	Li_2025-aminoglycoside_model_e|swine|k141_98905_seq1_1	L	
C2|~aac6p-259_1|aac6p-259_1|LCP|Li_2025|k141_68211_seq1_1	aac6p	L	C	P	Li_2025	Li_2025-aminoglycoside_model_e|chicken|k141_68211_seq1_1	L	
C2|~aac6p-260_1|aac6p-260_1|LCP|Li_2025|k141_709096_seq1_1	aac6p	L	C	P	Li_2025	Li_2025-aminoglycoside_model_e|cattle|k141_709096_seq1_1	L	
C2|~aac6p-261_1|aac6p-261_1|LCP|Li_2025|k141_36979_seq1_1	aac6p	L	C	P	Li_2025	Li_2025-aminoglycoside_model_e|cattle|k141_36979_seq1_1	L	
C2|~aac3-390_1|aac3-390_1|LCP|Li_2025|k141_183537_seq1_1	aac3	L	C	P	Li_2025	Li_2025-aminoglycoside_model_b|cattle|k141_183537_seq1_1	L	
C2|~aac3-391_1|aac3-391_1|LCS|Ruppe_2019|MC3.MG35.AS1.GP1.C38.G2	aac3	L	C	S	Ruppe_2019	Ruppe_2019-1|2678905|4|Human-Microbiome-3.9M-Gene-Catalog-(metahit-v2)|MC3.MG35.AS1.GP1.C38.G2|aac3_1	L	
C2|~aac3-392_1|aac3-392_1|LCS|Ruppe_2019|MC3.MG120.AS1.GP1.C54422.G2	aac3	L	C	S	Ruppe_2019	Ruppe_2019-1|359416|4|Human-Microbiome-3.9M-Gene-Catalog-(metahit-v2)|MC3.MG120.AS1.GP1.C54422.G2|aac3_1	L	
C2|~aac6p-262_1|aac6p-262_1|LCP|Li_2025|k119_301034_seq1_1	aac6p	L	C	P	Li_2025	Li_2025-aminoglycoside_model_e|swine|k119_301034_seq1_1	L	
C2|~aac6p-263_1|aac6p-263_1|LCP|Li_2025|k141_760030_seq1_1	aac6p	L	C	P	Li_2025	Li_2025-aminoglycoside_model_e|swine|k141_760030_seq1_1	L	
C2|~ant-81_1|ant-81_1|LMS|Ruppe_2019|CAA24595.1_1	ant	L	M	S	Ruppe_2019	Ruppe_2019-7398|3875105|7|ARD-reference-gene-catalog|CAA24595.1_1|ant	L	
C2|~aac6p-266_1|aac6p-266_1|LCP|Li_2025|k141_14874_seq1_1	aac6p	L	C	P	Li_2025	Li_2025-aminoglycoside_model_e|swine|k141_14874_seq1_1	L	
C2|~aac6p-267_1|aac6p-267_1|LCP|Li_2025|k141_899255_seq1_1	aac6p	L	C	P	Li_2025	Li_2025-aminoglycoside_model_e|swine|k141_899255_seq1_1	L	
C2|~aac3-394_1|aac3-394_1|LCP|Li_2025|k141_476616_seq1_1	aac3	L	C	P	Li_2025	Li_2025-aminoglycoside_model_b|swine|k141_476616_seq1_1	L	
C2|~aac6p-268_1|aac6p-268_1|LCP|Li_2025|k141_94744_seq1_1	aac6p	L	C	P	Li_2025	Li_2025-aminoglycoside_model_e|chicken|k141_94744_seq1_1	L	
C2|~aac6p-269_1|aac6p-269_1|LCP|Li_2025|k141_64976_seq1_1	aac6p	L	C	P	Li_2025	Li_2025-aminoglycoside_model_e|chicken|k141_64976_seq1_1	L	
C2|~aac6p-271_1|aac6p-271_1|LCP|Li_2025|k141_699479_seq1_1	aac6p	L	C	P	Li_2025	Li_2025-aminoglycoside_model_e|cattle|k141_699479_seq1_1	L	
C2|~aac3-395_1|aac3-395_1|LCP|Victor_2025|SeFAMG_B_sequ2ence	aac3	L	C	P	Victor_2025	Victor_2025-SeFAMG_B_sequ2ence	L	
C2|~aac6p-274_1|aac6p-274_1|LCP|Li_2025|k141_105468_seq1_1	aac6p	L	C	P	Li_2025	Li_2025-aminoglycoside_model_e|swine|k141_105468_seq1_1	L	
C2|~aac6p-275_1|aac6p-275_1|LCP|Li_2025|k141_500982_seq1_1	aac6p	L	C	P	Li_2025	Li_2025-aminoglycoside_model_e|swine|k141_500982_seq1_1	L	
C2|~aac6p-276_1|aac6p-276_1|LCP|Li_2025|k141_140468_seq1_1	aac6p	L	C	P	Li_2025	Li_2025-aminoglycoside_model_e|chicken|k141_140468_seq1_1	L	
C2|~aac6p-280_1|aac6p-280_1|LCP|Li_2025|k141_125026_seq1_1	aac6p	L	C	P	Li_2025	Li_2025-aminoglycoside_model_e|swine|k141_125026_seq1_1	L	
C2|~aac6p-281_1|aac6p-281_1|LCP|Li_2025|k141_106669_seq1_1	aac6p	L	C	P	Li_2025	Li_2025-aminoglycoside_model_e|cattle|k141_106669_seq1_1	L	
C2|~aac6p-282_1|aac6p-282_1|LCP|Li_2025|k141_421480_seq1_1	aac6p	L	C	P	Li_2025	Li_2025-aminoglycoside_model_e|cattle|k141_421480_seq1_1	L	
C2|~aac3-396_1|aac3-396_1|LCP|Li_2025|k141_79622_seq1_1	aac3	L	C	P	Li_2025	Li_2025-aminoglycoside_model_b|cattle|k141_79622_seq1_1	L	
C2|~aac3-397_1|aac3-397_1|LCP|Victor_2025|SeFAMG_B_sequ6ence	aac3	L	C	P	Victor_2025	Victor_2025-SeFAMG_B_sequ6ence	L	
C2|~aac3-398_1|aac3-398_1|LCP|Victor_2025|SeFAMG_B_sequ4ence	aac3	L	C	P	Victor_2025	Victor_2025-SeFAMG_B_sequ4ence	L	
C2|~aac3-399_1|aac3-399_1|LCP|Victor_2025|SeFAMG_B_sequ3ence	aac3	L	C	P	Victor_2025	Victor_2025-SeFAMG_B_sequ3ence	L	
C2|~aac6p-283_1|aac6p-283_1|LCP|Victor_2025|SeAAMG_E_sequ8ence	aac6p	L	C	P	Victor_2025	Victor_2025-SeAAMG_E_sequ8ence	L	
C2|~blaD-131_1|blaD-131_1|LCS|Ruppe_2019|S04_PE_17_KJ691929_1_2	blaD	L	C	S	Ruppe_2019	Ruppe_2019-3|3874055|18|ARD-Forsberg-gene-catalog|S04_PE_17_KJ691929_1_2|blad	L	
C2|~aac3-400_1|aac3-400_1|LCS|Ruppe_2019|MC3.MG378.AS1.GP1.C41645.G1	aac3	L	C	S	Ruppe_2019	Ruppe_2019-1|3032157|4|Human-Microbiome-3.9M-Gene-Catalog-(metahit-v2)|MC3.MG378.AS1.GP1.C41645.G1|aac3_1	L	
C2|~aac6p-284_1|aac6p-284_1|LCP|Li_2025|k141_34454_seq1_1	aac6p	L	C	P	Li_2025	Li_2025-aminoglycoside_model_e|swine|k141_34454_seq1_1	L	
C2|~aac6p-285_1|aac6p-285_1|LCP|Li_2025|k141_107294_seq1_1	aac6p	L	C	P	Li_2025	Li_2025-aminoglycoside_model_e|chicken|k141_107294_seq1_1	L	
C2|~aac6p-286_1|aac6p-286_1|LCP|Li_2025|k141_107764_seq1_1	aac6p	L	C	P	Li_2025	Li_2025-aminoglycoside_model_e|chicken|k141_107764_seq1_1	L	
C2|~aac6p-288_1|aac6p-288_1|LCP|Li_2025|k141_1351928_seq1_1	aac6p	L	C	P	Li_2025	Li_2025-aminoglycoside_model_e|cattle|k141_1351928_seq1_1	L	
C2|~aac6p-289_1|aac6p-289_1|LCP|Li_2025|k141_617334_seq1_1	aac6p	L	C	P	Li_2025	Li_2025-aminoglycoside_model_e|cattle|k141_617334_seq1_1	L	
C2|~aac6p-290_1|aac6p-290_1|LCP|Li_2025|k141_832671_seq1_1	aac6p	L	C	P	Li_2025	Li_2025-aminoglycoside_model_e|cattle|k141_832671_seq1_1	L	
C2|~aac3-401_1|aac3-401_1|LMP|Li_2025|k141_79379_seq1_1	aac3	L	M	P	Li_2025	Li_2025-aminoglycoside_model_b|cattle|k141_79379_seq1_1	L	
C2|~aac3-402_1|aac3-402_1|LCP|Li_2025|k141_487647_seq1_1	aac3	L	C	P	Li_2025	Li_2025-aminoglycoside_model_b|cattle|k141_487647_seq1_1	L	
C2|~aac6p-291_1|aac6p-291_1|LCP|Victor_2025|SeAAMG_E_sequ5ence	aac6p	L	C	P	Victor_2025	Victor_2025-SeAAMG_E_sequ5ence	L	
C2|~aac3-404_1|aac3-404_1|LCS|Ruppe_2019|MC3.MG87.AS1.GP1.C26766.G1	aac3	L	C	S	Ruppe_2019	Ruppe_2019-1|3681099|4|Human-Microbiome-3.9M-Gene-Catalog-(metahit-v2)|MC3.MG87.AS1.GP1.C26766.G1|aac3_1	L	
C2|~aac6p-292_1|aac6p-292_1|LCP|Li_2025|k141_155749_seq1_1	aac6p	L	C	P	Li_2025	Li_2025-aminoglycoside_model_e|swine|k141_155749_seq1_1	L	
C2|~aac6p-294_1|aac6p-294_1|LCP|Li_2025|k141_334645_seq1_1	aac6p	L	C	P	Li_2025	Li_2025-aminoglycoside_model_e|cattle|k141_334645_seq1_1	L	
C2|~aac6p-296_1|aac6p-296_1|LCP|Li_2025|k141_2288179_seq1_1	aac6p	L	C	P	Li_2025	Li_2025-aminoglycoside_model_e|cattle|k141_2288179_seq1_1	L	
C2|~aac6p-297_1|aac6p-297_1|LCP|Li_2025|k141_649800_seq1_1	aac6p	L	C	P	Li_2025	Li_2025-aminoglycoside_model_e|cattle|k141_649800_seq1_1	L	
C2|~aac6p-298_1|aac6p-298_1|LCP|Li_2025|k141_174259_seq1_1	aac6p	L	C	P	Li_2025	Li_2025-aminoglycoside_model_e|cattle|k141_174259_seq1_1	L	
C2|~aac6p-299_1|aac6p-299_1|LCP|Li_2025|k141_97514_seq1_1	aac6p	L	C	P	Li_2025	Li_2025-aminoglycoside_model_e|cattle|k141_97514_seq1_1	L	
C2|~aac6p-302_1|aac6p-302_1|LCP|Li_2025|k141_4936_seq1_1	aac6p	L	C	P	Li_2025	Li_2025-aminoglycoside_model_e|cattle|k141_4936_seq1_1	L	
C2|~aac6p-303_1|aac6p-303_1|LCP|Victor_2025|HoAAMG_E_sequ2ence	aac6p	L	C	P	Victor_2025	Victor_2025-HoAAMG_E_sequ2ence	L	
C2|~aac3-405_1|aac3-405_1|LCS|Ruppe_2019|MC3.MG100.AS1.GP1.C18904.G5	aac3	L	C	S	Ruppe_2019	Ruppe_2019-1|18506|4|Human-Microbiome-3.9M-Gene-Catalog-(metahit-v2)|MC3.MG100.AS1.GP1.C18904.G5|aac3_1	L	
C2|~aac6p-305_1|aac6p-305_1|LCP|Li_2025|k141_122366_seq1_1	aac6p	L	C	P	Li_2025	Li_2025-aminoglycoside_model_e|swine|k141_122366_seq1_1	L	
C2|~aac6p-306_1|aac6p-306_1|LCP|Li_2025|k141_498990_seq1_1	aac6p	L	C	P	Li_2025	Li_2025-aminoglycoside_model_e|swine|k141_498990_seq1_1	L	
C2|~aac3-406_1|aac3-406_1|LMP|Li_2025|k141_542043_seq1_1	aac3	L	M	P	Li_2025	Li_2025-aminoglycoside_model_b|swine|k141_542043_seq1_1	L	
C2|~aac6p-307_1|aac6p-307_1|LCP|Li_2025|k141_3302421_seq1_1	aac6p	L	C	P	Li_2025	Li_2025-aminoglycoside_model_e|cattle|k141_3302421_seq1_1	L	
C2|~aac6p-308_1|aac6p-308_1|LCP|Li_2025|k141_728022_seq1_1	aac6p	L	C	P	Li_2025	Li_2025-aminoglycoside_model_e|cattle|k141_728022_seq1_1	L	
C2|~aac6p-309_1|aac6p-309_1|LCP|Li_2025|k141_480152_seq1_1	aac6p	L	C	P	Li_2025	Li_2025-aminoglycoside_model_e|cattle|k141_480152_seq1_1	L	
C2|~aac3-407_1|aac3-407_1|LMP|Li_2025|k141_39335_seq1_1	aac3	L	M	P	Li_2025	Li_2025-aminoglycoside_model_b|cattle|k141_39335_seq1_1	L	
C2|~aac3-408_1|aac3-408_1|LCP|Li_2025|k141_435701_seq1_1	aac3	L	C	P	Li_2025	Li_2025-aminoglycoside_model_b|cattle|k141_435701_seq1_1	L	
C2|~aac6p-311_1|aac6p-311_1|LCP|Victor_2025|SeFAMG_E_sequ1ence	aac6p	L	C	P	Victor_2025	Victor_2025-SeFAMG_E_sequ1ence	L	
C2|~aac3-410_1|aac3-410_1|LCS|Ruppe_2019|MC3.MG358.AS1.GP1.C63208.G2	aac3	L	C	S	Ruppe_2019	Ruppe_2019-1|2768074|4|Human-Microbiome-3.9M-Gene-Catalog-(metahit-v2)|MC3.MG358.AS1.GP1.C63208.G2|aac3_1	L	
C2|~aac6p-313_1|aac6p-313_1|LCP|Li_2025|k141_275757_seq1_1	aac6p	L	C	P	Li_2025	Li_2025-aminoglycoside_model_e|swine|k141_275757_seq1_1	L	
C2|~aac6p-315_1|aac6p-315_1|LCP|Li_2025|k141_572092_seq1_1	aac6p	L	C	P	Li_2025	Li_2025-aminoglycoside_model_e|swine|k141_572092_seq1_1	L	
C2|~aac6p-316_1|aac6p-316_1|LCP|Li_2025|k141_1003987_seq1_1	aac6p	L	C	P	Li_2025	Li_2025-aminoglycoside_model_e|swine|k141_1003987_seq1_1	L	
C2|~aac6p-319_1|aac6p-319_1|LCP|Li_2025|k141_631864_seq1_1	aac6p	L	C	P	Li_2025	Li_2025-aminoglycoside_model_e|swine|k141_631864_seq1_1	L	
C2|~aac6p-323_1|aac6p-323_1|LCP|Li_2025|k141_997193_seq1_1	aac6p	L	C	P	Li_2025	Li_2025-aminoglycoside_model_e|chicken|k141_997193_seq1_1	L	
C2|~aac6p-324_1|aac6p-324_1|LCP|Li_2025|k141_100279_seq1_1	aac6p	L	C	P	Li_2025	Li_2025-aminoglycoside_model_e|chicken|k141_100279_seq1_1	L	
C2|~aac6p-325_1|aac6p-325_1|LCP|Li_2025|k141_405701_seq1_1	aac6p	L	C	P	Li_2025	Li_2025-aminoglycoside_model_e|chicken|k141_405701_seq1_1	L	
C2|~aac6p-326_1|aac6p-326_1|LCP|Li_2025|k141_807762_seq1_1	aac6p	L	C	P	Li_2025	Li_2025-aminoglycoside_model_e|cattle|k141_807762_seq1_1	L	
C2|~aac6p-329_1|aac6p-329_1|LCP|Li_2025|k141_335134_seq1_1	aac6p	L	C	P	Li_2025	Li_2025-aminoglycoside_model_e|cattle|k141_335134_seq1_1	L	
C2|~aac6p-330_1|aac6p-330_1|LCP|Li_2025|k141_138972_seq1_1	aac6p	L	C	P	Li_2025	Li_2025-aminoglycoside_model_e|cattle|k141_138972_seq1_1	L	
C2|~aac6p-332_1|aac6p-332_1|LCP|Li_2025|k141_838745_seq1_1	aac6p	L	C	P	Li_2025	Li_2025-aminoglycoside_model_e|cattle|k141_838745_seq1_1	L	
C2|~aac6p-333_1|aac6p-333_1|LCP|Victor_2025|SeFAMG_E_sequ8ence	aac6p	L	C	P	Victor_2025	Victor_2025-SeFAMG_E_sequ8ence	L	
C2|~aac6p-335_1|aac6p-335_1|LCP|Li_2025|k141_321368_seq1_1	aac6p	L	C	P	Li_2025	Li_2025-aminoglycoside_model_e|swine|k141_321368_seq1_1	L	
C2|~aac6p-336_1|aac6p-336_1|LCP|Li_2025|k141_40062_seq1_1	aac6p	L	C	P	Li_2025	Li_2025-aminoglycoside_model_e|swine|k141_40062_seq1_1	L	
C2|~aac6p-337_1|aac6p-337_1|LCP|Li_2025|k141_1184287_seq1_1	aac6p	L	C	P	Li_2025	Li_2025-aminoglycoside_model_e|swine|k141_1184287_seq1_1	L	
C2|~aac6p-338_1|aac6p-338_1|LCP|Li_2025|k141_516946_seq1_1	aac6p	L	C	P	Li_2025	Li_2025-aminoglycoside_model_e|swine|k141_516946_seq1_1	L	
C2|~aac6p-341_1|aac6p-341_1|LCP|Li_2025|k141_441229_seq1_1	aac6p	L	C	P	Li_2025	Li_2025-aminoglycoside_model_e|swine|k141_441229_seq1_1	L	
C2|~aac6p-342_1|aac6p-342_1|LCP|Li_2025|k141_38199_seq1_1	aac6p	L	C	P	Li_2025	Li_2025-aminoglycoside_model_e|chicken|k141_38199_seq1_1	L	
C2|~aac6p-343_1|aac6p-343_1|LCP|Li_2025|k141_542545_seq1_1	aac6p	L	C	P	Li_2025	Li_2025-aminoglycoside_model_e|chicken|k141_542545_seq1_1	L	
C2|~aac6p-344_1|aac6p-344_1|LCP|Li_2025|k141_112044_seq1_1	aac6p	L	C	P	Li_2025	Li_2025-aminoglycoside_model_e|chicken|k141_112044_seq1_1	L	
C2|~aac6p-345_1|aac6p-345_1|LCP|Li_2025|k141_1168356_seq1_1	aac6p	L	C	P	Li_2025	Li_2025-aminoglycoside_model_e|cattle|k141_1168356_seq1_1	L	
C2|~aac6p-346_1|aac6p-346_1|LCP|Li_2025|k141_265151_seq1_1	aac6p	L	C	P	Li_2025	Li_2025-aminoglycoside_model_e|cattle|k141_265151_seq1_1	L	
C2|~aac6p-347_1|aac6p-347_1|LCP|Li_2025|k141_3057_seq1_1	aac6p	L	C	P	Li_2025	Li_2025-aminoglycoside_model_e|cattle|k141_3057_seq1_1	L	
C2|~aac6p-348_1|aac6p-348_1|LCP|Li_2025|k141_52314_seq1_1	aac6p	L	C	P	Li_2025	Li_2025-aminoglycoside_model_e|cattle|k141_52314_seq1_1	L	
C2|~aac3-413_1|aac3-413_1|LCP|Li_2025|k141_165701_seq1_1	aac3	L	C	P	Li_2025	Li_2025-aminoglycoside_model_b|cattle|k141_165701_seq1_1	L	
C2|~aac6p-349_1|aac6p-349_1|LCP|Li_2025|k141_151403_seq1_1	aac6p	L	C	P	Li_2025	Li_2025-aminoglycoside_model_e|swine|k141_151403_seq1_1	L	
C2|~aac6p-350_1|aac6p-350_1|LCP|Li_2025|k141_1307169_seq1_1	aac6p	L	C	P	Li_2025	Li_2025-aminoglycoside_model_e|swine|k141_1307169_seq1_1	L	
C2|~aac6p-353_1|aac6p-353_1|LCP|Li_2025|k141_374407_seq1_1	aac6p	L	C	P	Li_2025	Li_2025-aminoglycoside_model_e|swine|k141_374407_seq1_1	L	
C2|~aac6p-354_1|aac6p-354_1|LCP|Li_2025|k141_270695_seq1_1	aac6p	L	C	P	Li_2025	Li_2025-aminoglycoside_model_e|swine|k141_270695_seq1_1	L	
C2|~aac6p-355_1|aac6p-355_1|LCP|Li_2025|k141_97623_seq1_1	aac6p	L	C	P	Li_2025	Li_2025-aminoglycoside_model_e|swine|k141_97623_seq1_1	L	
C2|~aac3-414_1|aac3-414_1|LCP|Li_2025|k141_210838_seq1_1	aac3	L	C	P	Li_2025	Li_2025-aminoglycoside_model_b|swine|k141_210838_seq1_1	L	
C2|~aac6p-356_1|aac6p-356_1|LCP|Li_2025|k141_1919_seq1_1	aac6p	L	C	P	Li_2025	Li_2025-aminoglycoside_model_e|chicken|k141_1919_seq1_1	L	
C2|~aac6p-357_1|aac6p-357_1|LCP|Li_2025|k141_377814_seq1_1	aac6p	L	C	P	Li_2025	Li_2025-aminoglycoside_model_e|chicken|k141_377814_seq1_1	L	
C2|~aac6p-358_1|aac6p-358_1|LCP|Li_2025|k119_11834_seq1_1	aac6p	L	C	P	Li_2025	Li_2025-aminoglycoside_model_e|chicken|k119_11834_seq1_1	L	
C2|~aac6p-361_1|aac6p-361_1|LCP|Li_2025|k141_943991_seq1_1	aac6p	L	C	P	Li_2025	Li_2025-aminoglycoside_model_e|cattle|k141_943991_seq1_1	L	
C2|~aac6p-362_1|aac6p-362_1|LCP|Li_2025|k141_1411390_seq1_1	aac6p	L	C	P	Li_2025	Li_2025-aminoglycoside_model_e|cattle|k141_1411390_seq1_1	L	
C2|~aac6p-364_1|aac6p-364_1|LCP|Li_2025|k141_1101049_seq1_1	aac6p	L	C	P	Li_2025	Li_2025-aminoglycoside_model_e|cattle|k141_1101049_seq1_1	L	
C2|~aac3-415_1|aac3-415_1|LCP|Li_2025|k141_81709_seq1_1	aac3	L	C	P	Li_2025	Li_2025-aminoglycoside_model_b|cattle|k141_81709_seq1_1	L	
C2|~aac6p-367_1|aac6p-367_1|LCP|Li_2025|k141_172178_seq1_1	aac6p	L	C	P	Li_2025	Li_2025-aminoglycoside_model_e|chicken|k141_172178_seq1_1	L	
C2|~aac6p-368_1|aac6p-368_1|LCP|Li_2025|k119_253787_seq1_1	aac6p	L	C	P	Li_2025	Li_2025-aminoglycoside_model_e|chicken|k119_253787_seq1_1	L	
C2|~aac6p-369_1|aac6p-369_1|LCP|Li_2025|k141_14332_seq1_1	aac6p	L	C	P	Li_2025	Li_2025-aminoglycoside_model_e|chicken|k141_14332_seq1_1	L	
C2|~aac6p-370_1|aac6p-370_1|LCP|Li_2025|k141_445723_seq1_1	aac6p	L	C	P	Li_2025	Li_2025-aminoglycoside_model_e|chicken|k141_445723_seq1_1	L	
C2|~aac6p-374_1|aac6p-374_1|LCP|Li_2025|k141_489843_seq1_1	aac6p	L	C	P	Li_2025	Li_2025-aminoglycoside_model_e|cattle|k141_489843_seq1_1	L	
C2|~aac6p-380_1|aac6p-380_1|LCP|Li_2025|k141_1097815_seq1_1	aac6p	L	C	P	Li_2025	Li_2025-aminoglycoside_model_e|cattle|k141_1097815_seq1_1	L	
C2|~aac6p-382_1|aac6p-382_1|LCP|Li_2025|k141_2074506_seq1_1	aac6p	L	C	P	Li_2025	Li_2025-aminoglycoside_model_e|cattle|k141_2074506_seq1_1	L	
C2|~aac6p-383_1|aac6p-383_1|LCP|Li_2025|k141_48797_seq1_1	aac6p	L	C	P	Li_2025	Li_2025-aminoglycoside_model_e|cattle|k141_48797_seq1_1	L	
C2|~aac6p-385_1|aac6p-385_1|LCP|Victor_2025|HoFAMG_E_sequ6ence	aac6p	L	C	P	Victor_2025	Victor_2025-HoFAMG_E_sequ6ence	L	
C2|~aac6p-386_1|aac6p-386_1|LCP|Victor_2025|HoAAMG_E_sequ9ence	aac6p	L	C	P	Victor_2025	Victor_2025-HoAAMG_E_sequ9ence	L	
C2|~aac6p-387_1|aac6p-387_1|LCP|Li_2025|k141_82853_seq1_1	aac6p	L	C	P	Li_2025	Li_2025-aminoglycoside_model_e|swine|k141_82853_seq1_1	L	
C2|~aac6p-389_1|aac6p-389_1|LCP|Li_2025|k141_1109627_seq1_1	aac6p	L	C	P	Li_2025	Li_2025-aminoglycoside_model_e|swine|k141_1109627_seq1_1	L	
C2|~aac6p-390_1|aac6p-390_1|LCP|Li_2025|k141_257548_seq1_1	aac6p	L	C	P	Li_2025	Li_2025-aminoglycoside_model_e|swine|k141_257548_seq1_1	L	
C2|~aac6p-391_1|aac6p-391_1|LCP|Li_2025|k141_559583_seq1_1	aac6p	L	C	P	Li_2025	Li_2025-aminoglycoside_model_e|swine|k141_559583_seq1_1	L	
C2|~aac6p-392_1|aac6p-392_1|LCP|Li_2025|k141_528120_seq1_1	aac6p	L	C	P	Li_2025	Li_2025-aminoglycoside_model_e|swine|k141_528120_seq1_1	L	
C2|~aac6p-393_1|aac6p-393_1|LCP|Li_2025|k141_844081_seq1_1	aac6p	L	C	P	Li_2025	Li_2025-aminoglycoside_model_e|swine|k141_844081_seq1_1	L	
C2|~aac6p-395_1|aac6p-395_1|LCP|Li_2025|k141_154115_seq1_1	aac6p	L	C	P	Li_2025	Li_2025-aminoglycoside_model_e|swine|k141_154115_seq1_1	L	
C2|~aac6p-396_1|aac6p-396_1|LCP|Li_2025|k141_272170_seq1_1	aac6p	L	C	P	Li_2025	Li_2025-aminoglycoside_model_e|swine|k141_272170_seq1_1	L	
C2|~aac6p-398_1|aac6p-398_1|LCP|Li_2025|k141_642896_seq1_1	aac6p	L	C	P	Li_2025	Li_2025-aminoglycoside_model_e|swine|k141_642896_seq1_1	L	
C2|~aac6p-399_1|aac6p-399_1|LCP|Li_2025|k141_428828_seq1_1	aac6p	L	C	P	Li_2025	Li_2025-aminoglycoside_model_e|swine|k141_428828_seq1_1	L	
C2|~aac6p-401_1|aac6p-401_1|LCP|Li_2025|k141_25387_seq1_1	aac6p	L	C	P	Li_2025	Li_2025-aminoglycoside_model_e|chicken|k141_25387_seq1_1	L	
C2|~aac6p-402_1|aac6p-402_1|LCP|Li_2025|k141_119224_seq1_1	aac6p	L	C	P	Li_2025	Li_2025-aminoglycoside_model_e|chicken|k141_119224_seq1_1	L	
C2|~aac6p-403_1|aac6p-403_1|LMP|Li_2025|k119_318890_seq1_1	aac6p	L	M	P	Li_2025	Li_2025-aminoglycoside_model_e|chicken|k119_318890_seq1_1	L	
C2|~aac6p-404_1|aac6p-404_1|LCP|Li_2025|k141_1103842_seq1_1	aac6p	L	C	P	Li_2025	Li_2025-aminoglycoside_model_e|chicken|k141_1103842_seq1_1	L	
C2|~aac6p-406_1|aac6p-406_1|LCP|Li_2025|k141_141976_seq1_1	aac6p	L	C	P	Li_2025	Li_2025-aminoglycoside_model_e|chicken|k141_141976_seq1_1	L	
C2|~aac6p-407_1|aac6p-407_1|LCP|Li_2025|k141_629189_seq1_1	aac6p	L	C	P	Li_2025	Li_2025-aminoglycoside_model_e|cattle|k141_629189_seq1_1	L	
C2|~aac6p-408_1|aac6p-408_1|LCP|Li_2025|k141_194670_seq1_1	aac6p	L	C	P	Li_2025	Li_2025-aminoglycoside_model_e|cattle|k141_194670_seq1_1	L	
C2|~aac6p-410_1|aac6p-410_1|LCP|Li_2025|k141_3229069_seq1_1	aac6p	L	C	P	Li_2025	Li_2025-aminoglycoside_model_e|cattle|k141_3229069_seq1_1	L	
C2|~aac6p-411_1|aac6p-411_1|LCP|Li_2025|k141_2223565_seq1_1	aac6p	L	C	P	Li_2025	Li_2025-aminoglycoside_model_e|cattle|k141_2223565_seq1_1	L	
C2|~aac6p-412_1|aac6p-412_1|LCP|Li_2025|k141_254620_seq1_1	aac6p	L	C	P	Li_2025	Li_2025-aminoglycoside_model_e|cattle|k141_254620_seq1_1	L	
C2|~aac6p-413_1|aac6p-413_1|LCP|Li_2025|k141_1358745_seq1_1	aac6p	L	C	P	Li_2025	Li_2025-aminoglycoside_model_e|cattle|k141_1358745_seq1_1	L	
C2|~aac6p-414_1|aac6p-414_1|LCP|Li_2025|k141_211355_seq1_1	aac6p	L	C	P	Li_2025	Li_2025-aminoglycoside_model_e|cattle|k141_211355_seq1_1	L	
C2|~aac6p-416_1|aac6p-416_1|LCP|Li_2025|k141_317534_seq1_1	aac6p	L	C	P	Li_2025	Li_2025-aminoglycoside_model_e|cattle|k141_317534_seq1_1	L	
C2|~aac6p-418_1|aac6p-418_1|LCP|Li_2025|k141_1402733_seq1_1	aac6p	L	C	P	Li_2025	Li_2025-aminoglycoside_model_e|cattle|k141_1402733_seq1_1	L	
C2|~aac6p-419_1|aac6p-419_1|LCP|Li_2025|k141_693537_seq1_1	aac6p	L	C	P	Li_2025	Li_2025-aminoglycoside_model_e|cattle|k141_693537_seq1_1	L	
C2|~aac3-416_1|aac3-416_1|LCS|Ruppe_2019|MC3.MG12.AS1.GP1.C13617.G13	aac3	L	C	S	Ruppe_2019	Ruppe_2019-1|256461|4|Human-Microbiome-3.9M-Gene-Catalog-(metahit-v2)|MC3.MG12.AS1.GP1.C13617.G13|aac3_1	L	
C2|~aac6p-420_1|aac6p-420_1|LCP|Li_2025|k141_211738_seq1_1	aac6p	L	C	P	Li_2025	Li_2025-aminoglycoside_model_e|swine|k141_211738_seq1_1	L	
C2|~aac6p-421_1|aac6p-421_1|LCP|Li_2025|k141_50000_seq1_1	aac6p	L	C	P	Li_2025	Li_2025-aminoglycoside_model_e|swine|k141_50000_seq1_1	L	
C2|~aac6p-425_1|aac6p-425_1|LCP|Li_2025|k141_816585_seq1_1	aac6p	L	C	P	Li_2025	Li_2025-aminoglycoside_model_e|swine|k141_816585_seq1_1	L	
C2|~aac6p-428_1|aac6p-428_1|LCP|Li_2025|k141_8938_seq1_1	aac6p	L	C	P	Li_2025	Li_2025-aminoglycoside_model_e|chicken|k141_8938_seq1_1	L	
C2|~aac6p-429_1|aac6p-429_1|LCP|Li_2025|k141_380330_seq1_1	aac6p	L	C	P	Li_2025	Li_2025-aminoglycoside_model_e|chicken|k141_380330_seq1_1	L	
C2|~aac6p-430_1|aac6p-430_1|LMP|Li_2025|k141_106169_seq1_1	aac6p	L	M	P	Li_2025	Li_2025-aminoglycoside_model_e|chicken|k141_106169_seq1_1	L	
C2|~aac6p-431_1|aac6p-431_1|LCP|Li_2025|k141_131564_seq1_1	aac6p	L	C	P	Li_2025	Li_2025-aminoglycoside_model_e|chicken|k141_131564_seq1_1	L	
C2|~aac6p-432_1|aac6p-432_1|LCP|Li_2025|k141_160495_seq1_1	aac6p	L	C	P	Li_2025	Li_2025-aminoglycoside_model_e|chicken|k141_160495_seq1_1	L	
C2|~aac6p-433_1|aac6p-433_1|LCP|Li_2025|k141_42600_seq1_1	aac6p	L	C	P	Li_2025	Li_2025-aminoglycoside_model_e|chicken|k141_42600_seq1_1	L	
C2|~aac6p-435_1|aac6p-435_1|LCP|Li_2025|k141_566949_seq1_1	aac6p	L	C	P	Li_2025	Li_2025-aminoglycoside_model_e|cattle|k141_566949_seq1_1	L	
C2|~aac6p-437_1|aac6p-437_1|LCP|Li_2025|k141_28195_seq1_1	aac6p	L	C	P	Li_2025	Li_2025-aminoglycoside_model_e|cattle|k141_28195_seq1_1	L	
C2|~aac6p-438_1|aac6p-438_1|LCP|Li_2025|k141_2521221_seq1_1	aac6p	L	C	P	Li_2025	Li_2025-aminoglycoside_model_e|cattle|k141_2521221_seq1_1	L	
C2|~aac6p-439_1|aac6p-439_1|LCP|Li_2025|k141_373472_seq1_1	aac6p	L	C	P	Li_2025	Li_2025-aminoglycoside_model_e|cattle|k141_373472_seq1_1	L	
C2|~aac6p-440_1|aac6p-440_1|LCP|Li_2025|k141_661029_seq1_1	aac6p	L	C	P	Li_2025	Li_2025-aminoglycoside_model_e|cattle|k141_661029_seq1_1	L	
C2|~aac6p-441_1|aac6p-441_1|LCP|Li_2025|k141_2523710_seq1_1	aac6p	L	C	P	Li_2025	Li_2025-aminoglycoside_model_e|cattle|k141_2523710_seq1_1	L	
C2|~aac6p-442_1|aac6p-442_1|LCP|Li_2025|k141_2164510_seq1_1	aac6p	L	C	P	Li_2025	Li_2025-aminoglycoside_model_e|cattle|k141_2164510_seq1_1	L	
C2|~aac6p-444_1|aac6p-444_1|LCP|Li_2025|k141_1803261_seq1_1	aac6p	L	C	P	Li_2025	Li_2025-aminoglycoside_model_e|cattle|k141_1803261_seq1_1	L	
C2|~aac6p-445_1|aac6p-445_1|LCP|Li_2025|k141_344899_seq1_1	aac6p	L	C	P	Li_2025	Li_2025-aminoglycoside_model_e|cattle|k141_344899_seq1_1	L	
C2|~aac6p-448_1|aac6p-448_1|LCP|Li_2025|k141_392846_seq1_1	aac6p	L	C	P	Li_2025	Li_2025-aminoglycoside_model_e|cattle|k141_392846_seq1_1	L	
C2|~aac6p-450_1|aac6p-450_1|LCP|Li_2025|k141_375671_seq1_1	aac6p	L	C	P	Li_2025	Li_2025-aminoglycoside_model_e|cattle|k141_375671_seq1_1	L	
C2|~aac6p-452_1|aac6p-452_1|LCP|Li_2025|k141_718724_seq1_1	aac6p	L	C	P	Li_2025	Li_2025-aminoglycoside_model_e|cattle|k141_718724_seq1_1	L	
C2|~aac6p-453_1|aac6p-453_1|LCP|Li_2025|k141_2015357_seq1_1	aac6p	L	C	P	Li_2025	Li_2025-aminoglycoside_model_e|cattle|k141_2015357_seq1_1	L	
C2|~aac6p-454_1|aac6p-454_1|LCP|Li_2025|k141_971547_seq1_1	aac6p	L	C	P	Li_2025	Li_2025-aminoglycoside_model_e|cattle|k141_971547_seq1_1	L	
C2|~aac6p-455_1|aac6p-455_1|LCP|Li_2025|k141_500337_seq1_1	aac6p	L	C	P	Li_2025	Li_2025-aminoglycoside_model_e|cattle|k141_500337_seq1_1	L	
C2|~aac6p-458_1|aac6p-458_1|LCP|Li_2025|k141_374883_seq1_1	aac6p	L	C	P	Li_2025	Li_2025-aminoglycoside_model_e|cattle|k141_374883_seq1_1	L	
C2|~aac6p-459_1|aac6p-459_1|LCP|Li_2025|k141_517363_seq1_1	aac6p	L	C	P	Li_2025	Li_2025-aminoglycoside_model_e|cattle|k141_517363_seq1_1	L	
C2|~aac6p-465_1|aac6p-465_1|LCP|Victor_2025|HiAAMG_E_sequ6ence	aac6p	L	C	P	Victor_2025	Victor_2025-HiAAMG_E_sequ6ence	L	
C2|~aac6p-466_1|aac6p-466_1|LCP|Li_2025|k141_558648_seq1_1	aac6p	L	C	P	Li_2025	Li_2025-aminoglycoside_model_e|swine|k141_558648_seq1_1	L	
C2|~aac6p-467_1|aac6p-467_1|LCP|Li_2025|k119_318293_seq1_1	aac6p	L	C	P	Li_2025	Li_2025-aminoglycoside_model_e|swine|k119_318293_seq1_1	L	
C2|~aac6p-469_1|aac6p-469_1|LCP|Li_2025|k141_194879_seq1_1	aac6p	L	C	P	Li_2025	Li_2025-aminoglycoside_model_e|swine|k141_194879_seq1_1	L	
C2|~aac6p-470_1|aac6p-470_1|LCP|Li_2025|k141_470761_seq1_1	aac6p	L	C	P	Li_2025	Li_2025-aminoglycoside_model_e|swine|k141_470761_seq1_1	L	
C2|~aac6p-471_1|aac6p-471_1|LCP|Li_2025|k141_93762_seq1_1	aac6p	L	C	P	Li_2025	Li_2025-aminoglycoside_model_e|swine|k141_93762_seq1_1	L	
C2|~aac6p-472_1|aac6p-472_1|LCP|Li_2025|k141_322619_seq1_1	aac6p	L	C	P	Li_2025	Li_2025-aminoglycoside_model_e|swine|k141_322619_seq1_1	L	
C2|~aac6p-473_1|aac6p-473_1|LCP|Li_2025|k119_106884_seq1_1	aac6p	L	C	P	Li_2025	Li_2025-aminoglycoside_model_e|chicken|k119_106884_seq1_1	L	
C2|~aac6p-474_1|aac6p-474_1|LCP|Li_2025|k141_66370_seq1_1	aac6p	L	C	P	Li_2025	Li_2025-aminoglycoside_model_e|chicken|k141_66370_seq1_1	L	
C2|~aac6p-475_1|aac6p-475_1|LCP|Li_2025|k141_244346_seq1_1	aac6p	L	C	P	Li_2025	Li_2025-aminoglycoside_model_e|chicken|k141_244346_seq1_1	L	
C2|~aac6p-476_1|aac6p-476_1|LCP|Li_2025|k141_665438_seq1_1	aac6p	L	C	P	Li_2025	Li_2025-aminoglycoside_model_e|cattle|k141_665438_seq1_1	L	
C2|~aac6p-477_1|aac6p-477_1|LCP|Li_2025|k141_335804_seq1_1	aac6p	L	C	P	Li_2025	Li_2025-aminoglycoside_model_e|cattle|k141_335804_seq1_1	L	
C2|~aac6p-478_1|aac6p-478_1|LCP|Li_2025|k141_74957_seq1_1	aac6p	L	C	P	Li_2025	Li_2025-aminoglycoside_model_e|cattle|k141_74957_seq1_1	L	
C2|~aac6p-479_1|aac6p-479_1|LCP|Li_2025|k141_1118524_seq1_1	aac6p	L	C	P	Li_2025	Li_2025-aminoglycoside_model_e|cattle|k141_1118524_seq1_1	L	
C2|~aac6p-480_1|aac6p-480_1|LCP|Li_2025|k141_861349_seq1_1	aac6p	L	C	P	Li_2025	Li_2025-aminoglycoside_model_e|cattle|k141_861349_seq1_1	L	
C2|~aac6p-483_1|aac6p-483_1|LCP|Li_2025|k141_1890244_seq1_1	aac6p	L	C	P	Li_2025	Li_2025-aminoglycoside_model_e|cattle|k141_1890244_seq1_1	L	
C2|~aac6p-484_1|aac6p-484_1|LCP|Li_2025|k141_2962898_seq1_1	aac6p	L	C	P	Li_2025	Li_2025-aminoglycoside_model_e|cattle|k141_2962898_seq1_1	L	
C2|~aac6p-485_1|aac6p-485_1|LCP|Li_2025|k141_432946_seq1_1	aac6p	L	C	P	Li_2025	Li_2025-aminoglycoside_model_e|cattle|k141_432946_seq1_1	L	
C2|~aac6p-486_1|aac6p-486_1|LCP|Li_2025|k141_1917359_seq1_1	aac6p	L	C	P	Li_2025	Li_2025-aminoglycoside_model_e|cattle|k141_1917359_seq1_1	L	
C2|~aac6p-487_1|aac6p-487_1|LCP|Li_2025|k141_4491140_seq1_1	aac6p	L	C	P	Li_2025	Li_2025-aminoglycoside_model_e|cattle|k141_4491140_seq1_1	L	
C2|~aac6p-488_1|aac6p-488_1|LCP|Li_2025|k141_690451_seq1_1	aac6p	L	C	P	Li_2025	Li_2025-aminoglycoside_model_e|cattle|k141_690451_seq1_1	L	
C2|~aac6p-489_1|aac6p-489_1|LCP|Li_2025|k141_3603595_seq1_1	aac6p	L	C	P	Li_2025	Li_2025-aminoglycoside_model_e|cattle|k141_3603595_seq1_1	L	
C2|~aac6p-491_1|aac6p-491_1|LCP|Li_2025|k141_2093209_seq1_1	aac6p	L	C	P	Li_2025	Li_2025-aminoglycoside_model_e|cattle|k141_2093209_seq1_1	L	
C2|~aac6p-497_1|aac6p-497_1|LCP|Li_2025|k141_609400_seq1_1	aac6p	L	C	P	Li_2025	Li_2025-aminoglycoside_model_e|cattle|k141_609400_seq1_1	L	
C2|~aac6p-502_1|aac6p-502_1|LCP|Li_2025|k141_469132_seq1_1	aac6p	L	C	P	Li_2025	Li_2025-aminoglycoside_model_e|cattle|k141_469132_seq1_1	L	
C2|~aac6p-504_1|aac6p-504_1|LCP|Li_2025|k141_407543_seq1_1	aac6p	L	C	P	Li_2025	Li_2025-aminoglycoside_model_e|cattle|k141_407543_seq1_1	L	
C2|~aac6p-506_1|aac6p-506_1|LCP|Li_2025|k141_837333_seq1_1	aac6p	L	C	P	Li_2025	Li_2025-aminoglycoside_model_e|cattle|k141_837333_seq1_1	L	
C2|~aac6p-508_1|aac6p-508_1|LCP|Li_2025|k141_729671_seq1_1	aac6p	L	C	P	Li_2025	Li_2025-aminoglycoside_model_e|cattle|k141_729671_seq1_1	L	
C2|~aac6p-509_1|aac6p-509_1|LCP|Victor_2025|SeFAMG_E_sequ3ence	aac6p	L	C	P	Victor_2025	Victor_2025-SeFAMG_E_sequ3ence	L	
C2|~aac3-417_1|aac3-417_1|LCS|Ruppe_2019|MC3.MG325.AS1.GP1.C45337.G1	aac3	L	C	S	Ruppe_2019	Ruppe_2019-1|2399719|4|Human-Microbiome-3.9M-Gene-Catalog-(metahit-v2)|MC3.MG325.AS1.GP1.C45337.G1|aac3_1	L	
C2|~aac6p-511_1|aac6p-511_1|LCP|Li_2025|k141_218372_seq1_1	aac6p	L	C	P	Li_2025	Li_2025-aminoglycoside_model_e|swine|k141_218372_seq1_1	L	
C2|~aac6p-513_1|aac6p-513_1|LCP|Li_2025|k141_956674_seq1_1	aac6p	L	C	P	Li_2025	Li_2025-aminoglycoside_model_e|swine|k141_956674_seq1_1	L	
C2|~aac6p-514_1|aac6p-514_1|LCP|Li_2025|k141_619925_seq1_1	aac6p	L	C	P	Li_2025	Li_2025-aminoglycoside_model_e|swine|k141_619925_seq1_1	L	
C2|~aac6p-515_1|aac6p-515_1|LCP|Li_2025|k141_837472_seq1_1	aac6p	L	C	P	Li_2025	Li_2025-aminoglycoside_model_e|swine|k141_837472_seq1_1	L	
C2|~aac6p-516_1|aac6p-516_1|LCP|Li_2025|k141_123031_seq1_1	aac6p	L	C	P	Li_2025	Li_2025-aminoglycoside_model_e|swine|k141_123031_seq1_1	L	
C2|~aac6p-517_1|aac6p-517_1|LCP|Li_2025|k141_46349_seq1_1	aac6p	L	C	P	Li_2025	Li_2025-aminoglycoside_model_e|swine|k141_46349_seq1_1	L	
C2|~aac6p-518_1|aac6p-518_1|LCP|Li_2025|k141_1135525_seq1_1	aac6p	L	C	P	Li_2025	Li_2025-aminoglycoside_model_e|swine|k141_1135525_seq1_1	L	
C2|~aac6p-519_1|aac6p-519_1|LCP|Li_2025|k141_986567_seq1_1	aac6p	L	C	P	Li_2025	Li_2025-aminoglycoside_model_e|swine|k141_986567_seq1_1	L	
C2|~aac6p-520_1|aac6p-520_1|LCP|Li_2025|k141_1860_seq1_1	aac6p	L	C	P	Li_2025	Li_2025-aminoglycoside_model_e|swine|k141_1860_seq1_1	L	
C2|~aac6p-522_1|aac6p-522_1|LCP|Li_2025|k141_1161998_seq1_1	aac6p	L	C	P	Li_2025	Li_2025-aminoglycoside_model_e|swine|k141_1161998_seq1_1	L	
C2|~aac6p-523_1|aac6p-523_1|LCP|Li_2025|k141_44760_seq1_1	aac6p	L	C	P	Li_2025	Li_2025-aminoglycoside_model_e|swine|k141_44760_seq1_1	L	
C2|~aac6p-524_1|aac6p-524_1|LCP|Li_2025|k141_143161_seq1_1	aac6p	L	C	P	Li_2025	Li_2025-aminoglycoside_model_e|chicken|k141_143161_seq1_1	L	
C2|~aac6p-525_1|aac6p-525_1|LCP|Li_2025|k141_89481_seq1_1	aac6p	L	C	P	Li_2025	Li_2025-aminoglycoside_model_e|chicken|k141_89481_seq1_1	L	
C2|~aac6p-526_1|aac6p-526_1|LCP|Li_2025|k141_100747_seq1_1	aac6p	L	C	P	Li_2025	Li_2025-aminoglycoside_model_e|chicken|k141_100747_seq1_1	L	
C2|~aac6p-527_1|aac6p-527_1|LCP|Li_2025|k141_224397_seq1_1	aac6p	L	C	P	Li_2025	Li_2025-aminoglycoside_model_e|chicken|k141_224397_seq1_1	L	
C2|~aac6p-528_1|aac6p-528_1|LCP|Li_2025|k141_374597_seq1_1	aac6p	L	C	P	Li_2025	Li_2025-aminoglycoside_model_e|chicken|k141_374597_seq1_1	L	
C2|~aac6p-529_1|aac6p-529_1|LCP|Li_2025|k141_73564_seq1_1	aac6p	L	C	P	Li_2025	Li_2025-aminoglycoside_model_e|chicken|k141_73564_seq1_1	L	
C2|~aac6p-530_1|aac6p-530_1|LCP|Li_2025|k141_81543_seq1_1	aac6p	L	C	P	Li_2025	Li_2025-aminoglycoside_model_e|chicken|k141_81543_seq1_1	L	
C2|~aac6p-531_1|aac6p-531_1|LCP|Li_2025|k141_12030_seq1_1	aac6p	L	C	P	Li_2025	Li_2025-aminoglycoside_model_e|chicken|k141_12030_seq1_1	L	
C2|~aac6p-532_1|aac6p-532_1|LCP|Li_2025|k141_325691_seq1_1	aac6p	L	C	P	Li_2025	Li_2025-aminoglycoside_model_e|chicken|k141_325691_seq1_1	L	
C2|~aac6p-533_1|aac6p-533_1|LCP|Li_2025|k141_294776_seq1_1	aac6p	L	C	P	Li_2025	Li_2025-aminoglycoside_model_e|cattle|k141_294776_seq1_1	L	
C2|~aac6p-536_1|aac6p-536_1|LCP|Li_2025|k141_1288267_seq1_1	aac6p	L	C	P	Li_2025	Li_2025-aminoglycoside_model_e|cattle|k141_1288267_seq1_1	L	
C2|~aac6p-537_1|aac6p-537_1|LCP|Li_2025|k141_1846129_seq1_1	aac6p	L	C	P	Li_2025	Li_2025-aminoglycoside_model_e|cattle|k141_1846129_seq1_1	L	
C2|~aac6p-539_1|aac6p-539_1|LCP|Li_2025|k141_486336_seq1_1	aac6p	L	C	P	Li_2025	Li_2025-aminoglycoside_model_e|cattle|k141_486336_seq1_1	L	
C2|~aac6p-543_1|aac6p-543_1|LCP|Li_2025|k141_91918_seq1_1	aac6p	L	C	P	Li_2025	Li_2025-aminoglycoside_model_e|cattle|k141_91918_seq1_1	L	
C2|~aac6p-544_1|aac6p-544_1|LCP|Li_2025|k141_854570_seq1_1	aac6p	L	C	P	Li_2025	Li_2025-aminoglycoside_model_e|cattle|k141_854570_seq1_1	L	
C2|~aac6p-545_1|aac6p-545_1|LCP|Li_2025|k141_514363_seq1_1	aac6p	L	C	P	Li_2025	Li_2025-aminoglycoside_model_e|cattle|k141_514363_seq1_1	L	
C2|~aac6p-547_1|aac6p-547_1|LCP|Li_2025|k141_896678_seq1_1	aac6p	L	C	P	Li_2025	Li_2025-aminoglycoside_model_e|cattle|k141_896678_seq1_1	L	
C2|~aac6p-548_1|aac6p-548_1|LCP|Li_2025|k141_937326_seq1_1	aac6p	L	C	P	Li_2025	Li_2025-aminoglycoside_model_e|cattle|k141_937326_seq1_1	L	
C2|~aac6p-549_1|aac6p-549_1|LCP|Li_2025|k141_3041880_seq1_1	aac6p	L	C	P	Li_2025	Li_2025-aminoglycoside_model_e|cattle|k141_3041880_seq1_1	L	
C2|~aac6p-550_1|aac6p-550_1|LCP|Li_2025|k141_785599_seq1_1	aac6p	L	C	P	Li_2025	Li_2025-aminoglycoside_model_e|cattle|k141_785599_seq1_1	L	
C2|~aac6p-551_1|aac6p-551_1|LCP|Li_2025|k141_424390_seq1_1	aac6p	L	C	P	Li_2025	Li_2025-aminoglycoside_model_e|cattle|k141_424390_seq1_1	L	
C2|~aac6p-553_1|aac6p-553_1|LCP|Li_2025|k141_5238759_seq1_1	aac6p	L	C	P	Li_2025	Li_2025-aminoglycoside_model_e|cattle|k141_5238759_seq1_1	L	
C2|~aac6p-554_1|aac6p-554_1|LCP|Li_2025|k141_486344_seq1_1	aac6p	L	C	P	Li_2025	Li_2025-aminoglycoside_model_e|cattle|k141_486344_seq1_1	L	
C2|~aac6p-556_1|aac6p-556_1|LCP|Li_2025|k141_3719757_seq1_1	aac6p	L	C	P	Li_2025	Li_2025-aminoglycoside_model_e|cattle|k141_3719757_seq1_1	L	
C2|~aac6p-558_1|aac6p-558_1|LCP|Li_2025|k141_747637_seq1_1	aac6p	L	C	P	Li_2025	Li_2025-aminoglycoside_model_e|cattle|k141_747637_seq1_1	L	
C2|~aac6p-560_1|aac6p-560_1|LCP|Li_2025|k141_37047_seq1_1	aac6p	L	C	P	Li_2025	Li_2025-aminoglycoside_model_e|cattle|k141_37047_seq1_1	L	
C2|~aac6p-563_1|aac6p-563_1|LCP|Li_2025|k141_227238_seq1_1	aac6p	L	C	P	Li_2025	Li_2025-aminoglycoside_model_e|cattle|k141_227238_seq1_1	L	
C2|~aac6p-565_1|aac6p-565_1|LCP|Li_2025|k141_691317_seq1_1	aac6p	L	C	P	Li_2025	Li_2025-aminoglycoside_model_e|cattle|k141_691317_seq1_1	L	
C2|~aac6p-566_1|aac6p-566_1|LCP|Li_2025|k141_392171_seq1_1	aac6p	L	C	P	Li_2025	Li_2025-aminoglycoside_model_e|cattle|k141_392171_seq1_1	L	
C2|~aac6p-567_1|aac6p-567_1|LCP|Li_2025|k141_299358_seq1_1	aac6p	L	C	P	Li_2025	Li_2025-aminoglycoside_model_e|cattle|k141_299358_seq1_1	L	
C2|~aac6p-570_1|aac6p-570_1|LCP|Li_2025|k141_567772_seq1_1	aac6p	L	C	P	Li_2025	Li_2025-aminoglycoside_model_e|cattle|k141_567772_seq1_1	L	
C2|~aac6p-572_1|aac6p-572_1|LCP|Li_2025|k141_3285879_seq1_1	aac6p	L	C	P	Li_2025	Li_2025-aminoglycoside_model_e|cattle|k141_3285879_seq1_1	L	
C2|~aac6p-574_1|aac6p-574_1|LCP|Li_2025|k141_476414_seq1_1	aac6p	L	C	P	Li_2025	Li_2025-aminoglycoside_model_e|cattle|k141_476414_seq1_1	L	
C2|~aac6p-578_1|aac6p-578_1|LCP|Li_2025|k141_1017394_seq1_1	aac6p	L	C	P	Li_2025	Li_2025-aminoglycoside_model_e|cattle|k141_1017394_seq1_1	L	
C2|~aac6p-581_1|aac6p-581_1|LCP|Li_2025|k141_988443_seq1_1	aac6p	L	C	P	Li_2025	Li_2025-aminoglycoside_model_e|cattle|k141_988443_seq1_1	L	
C2|~aac6p-584_1|aac6p-584_1|LCP|Li_2025|k141_585015_seq1_1	aac6p	L	C	P	Li_2025	Li_2025-aminoglycoside_model_e|cattle|k141_585015_seq1_1	L	
C2|~aac6p-585_1|aac6p-585_1|LCP|Li_2025|k141_577113_seq1_1	aac6p	L	C	P	Li_2025	Li_2025-aminoglycoside_model_e|cattle|k141_577113_seq1_1	L	
C2|~aac6p-587_1|aac6p-587_1|LCP|Li_2025|k141_121748_seq1_1	aac6p	L	C	P	Li_2025	Li_2025-aminoglycoside_model_e|cattle|k141_121748_seq1_1	L	
C2|~aac6p-590_1|aac6p-590_1|LCP|Li_2025|k141_260487_seq1_1	aac6p	L	C	P	Li_2025	Li_2025-aminoglycoside_model_e|cattle|k141_260487_seq1_1	L	
C2|~aac6p-591_1|aac6p-591_1|LCP|Li_2025|k141_149579_seq1_1	aac6p	L	C	P	Li_2025	Li_2025-aminoglycoside_model_e|cattle|k141_149579_seq1_1	L	
C2|~aac6p-596_1|aac6p-596_1|LCP|Li_2025|k141_838643_seq1_1	aac6p	L	C	P	Li_2025	Li_2025-aminoglycoside_model_e|cattle|k141_838643_seq1_1	L	
C2|~aac6p-598_1|aac6p-598_1|LCP|Li_2025|k141_316492_seq1_1	aac6p	L	C	P	Li_2025	Li_2025-aminoglycoside_model_e|cattle|k141_316492_seq1_1	L	
C2|~aac6p-600_1|aac6p-600_1|LCP|Li_2025|k141_75543_seq1_1	aac6p	L	C	P	Li_2025	Li_2025-aminoglycoside_model_e|cattle|k141_75543_seq1_1	L	
C2|~aac3-418_1|aac3-418_1|LCP|Li_2025|k141_368490_seq1_1	aac3	L	C	P	Li_2025	Li_2025-aminoglycoside_model_b|cattle|k141_368490_seq1_1	L	
C2|~aac6p-602_1|aac6p-602_1|LCP|Victor_2025|SeAAMG_E_sequ7ence	aac6p	L	C	P	Victor_2025	Victor_2025-SeAAMG_E_sequ7ence	L	
C2|~aac3-419_1|aac3-419_1|LCP|Victor_2025|HoAAMG_B_sequ6ence	aac3	L	C	P	Victor_2025	Victor_2025-HoAAMG_B_sequ6ence	L	
C2|~aac6p-603_1|aac6p-603_1|LCP|Li_2025|k141_554928_seq1_1	aac6p	L	C	P	Li_2025	Li_2025-aminoglycoside_model_e|swine|k141_554928_seq1_1	L	
C2|~aac6p-604_1|aac6p-604_1|LCP|Li_2025|k141_90276_seq1_1	aac6p	L	C	P	Li_2025	Li_2025-aminoglycoside_model_e|swine|k141_90276_seq1_1	L	
C2|~aac6p-605_1|aac6p-605_1|LCP|Li_2025|k141_662002_seq1_1	aac6p	L	C	P	Li_2025	Li_2025-aminoglycoside_model_e|swine|k141_662002_seq1_1	L	
C2|~aac6p-607_1|aac6p-607_1|LCP|Li_2025|k141_1733315_seq1_1	aac6p	L	C	P	Li_2025	Li_2025-aminoglycoside_model_e|swine|k141_1733315_seq1_1	L	
C2|~aac6p-609_1|aac6p-609_1|LCP|Li_2025|k141_1451461_seq1_1	aac6p	L	C	P	Li_2025	Li_2025-aminoglycoside_model_e|swine|k141_1451461_seq1_1	L	
C2|~aac6p-610_1|aac6p-610_1|LCP|Li_2025|k141_1552944_seq1_1	aac6p	L	C	P	Li_2025	Li_2025-aminoglycoside_model_e|swine|k141_1552944_seq1_1	L	
C2|~aac6p-613_1|aac6p-613_1|LCP|Li_2025|k141_512882_seq1_1	aac6p	L	C	P	Li_2025	Li_2025-aminoglycoside_model_e|swine|k141_512882_seq1_1	L	
C2|~aac6p-614_1|aac6p-614_1|LCP|Li_2025|k141_656514_seq1_1	aac6p	L	C	P	Li_2025	Li_2025-aminoglycoside_model_e|swine|k141_656514_seq1_1	L	
C2|~aac6p-617_1|aac6p-617_1|LCP|Li_2025|k99_224_seq1_1	aac6p	L	C	P	Li_2025	Li_2025-aminoglycoside_model_e|swine|k99_224_seq1_1	L	
C2|~aac6p-618_1|aac6p-618_1|LCP|Li_2025|k141_291125_seq1_1	aac6p	L	C	P	Li_2025	Li_2025-aminoglycoside_model_e|swine|k141_291125_seq1_1	L	
C2|~aac6p-619_1|aac6p-619_1|LCP|Li_2025|k141_222456_seq1_1	aac6p	L	C	P	Li_2025	Li_2025-aminoglycoside_model_e|swine|k141_222456_seq1_1	L	
C2|~aac6p-620_1|aac6p-620_1|LCP|Li_2025|k141_77253_seq1_1	aac6p	L	C	P	Li_2025	Li_2025-aminoglycoside_model_e|swine|k141_77253_seq1_1	L	
C2|~aac6p-621_1|aac6p-621_1|LCP|Li_2025|k141_513866_seq1_1	aac6p	L	C	P	Li_2025	Li_2025-aminoglycoside_model_e|swine|k141_513866_seq1_1	L	
C2|~aac6p-622_1|aac6p-622_1|LCP|Li_2025|k141_31215_seq1_1	aac6p	L	C	P	Li_2025	Li_2025-aminoglycoside_model_e|swine|k141_31215_seq1_1	L	
C2|~aac6p-624_1|aac6p-624_1|LCP|Li_2025|k141_646345_seq1_1	aac6p	L	C	P	Li_2025	Li_2025-aminoglycoside_model_e|swine|k141_646345_seq1_1	L	
C2|~aac6p-628_1|aac6p-628_1|LCP|Li_2025|k141_685236_seq1_1	aac6p	L	C	P	Li_2025	Li_2025-aminoglycoside_model_e|swine|k141_685236_seq1_1	L	
C2|~aac6p-629_1|aac6p-629_1|LCP|Li_2025|k141_528851_seq1_1	aac6p	L	C	P	Li_2025	Li_2025-aminoglycoside_model_e|swine|k141_528851_seq1_1	L	
C2|~aac6p-633_1|aac6p-633_1|LCP|Li_2025|k141_33495_seq1_1	aac6p	L	C	P	Li_2025	Li_2025-aminoglycoside_model_e|swine|k141_33495_seq1_1	L	
C2|~aac6p-634_1|aac6p-634_1|LCP|Li_2025|k141_147261_seq1_1	aac6p	L	C	P	Li_2025	Li_2025-aminoglycoside_model_e|swine|k141_147261_seq1_1	L	
C2|~aac6p-635_1|aac6p-635_1|LCP|Li_2025|k141_230851_seq1_1	aac6p	L	C	P	Li_2025	Li_2025-aminoglycoside_model_e|swine|k141_230851_seq1_1	L	
C2|~aac6p-636_1|aac6p-636_1|LCP|Li_2025|k141_705629_seq1_1	aac6p	L	C	P	Li_2025	Li_2025-aminoglycoside_model_e|swine|k141_705629_seq1_1	L	
C2|~aac6p-640_1|aac6p-640_1|LCP|Li_2025|k141_294803_seq1_1	aac6p	L	C	P	Li_2025	Li_2025-aminoglycoside_model_e|swine|k141_294803_seq1_1	L	
C2|~aac6p-641_1|aac6p-641_1|LCP|Li_2025|k141_84051_seq1_1	aac6p	L	C	P	Li_2025	Li_2025-aminoglycoside_model_e|chicken|k141_84051_seq1_1	L	
C2|~aac6p-643_1|aac6p-643_1|LCP|Li_2025|k141_343354_seq1_1	aac6p	L	C	P	Li_2025	Li_2025-aminoglycoside_model_e|chicken|k141_343354_seq1_1	L	
C2|~aac6p-645_1|aac6p-645_1|LCP|Li_2025|k119_150447_seq1_1	aac6p	L	C	P	Li_2025	Li_2025-aminoglycoside_model_e|chicken|k119_150447_seq1_1	L	
C2|~aac6p-649_1|aac6p-649_1|LCP|Li_2025|k119_24944_seq1_1	aac6p	L	C	P	Li_2025	Li_2025-aminoglycoside_model_e|chicken|k119_24944_seq1_1	L	
C2|~aac6p-650_1|aac6p-650_1|LCP|Li_2025|k141_256887_seq1_1	aac6p	L	C	P	Li_2025	Li_2025-aminoglycoside_model_e|chicken|k141_256887_seq1_1	L	
C2|~aac6p-651_1|aac6p-651_1|LCP|Li_2025|k141_117867_seq1_1	aac6p	L	C	P	Li_2025	Li_2025-aminoglycoside_model_e|chicken|k141_117867_seq1_1	L	
C2|~aac6p-653_1|aac6p-653_1|LCP|Li_2025|k141_313178_seq1_1	aac6p	L	C	P	Li_2025	Li_2025-aminoglycoside_model_e|chicken|k141_313178_seq1_1	L	
C2|~aac6p-655_1|aac6p-655_1|LCP|Li_2025|k141_1518_seq1_1	aac6p	L	C	P	Li_2025	Li_2025-aminoglycoside_model_e|chicken|k141_1518_seq1_1	L	
C2|~aac6p-656_1|aac6p-656_1|LCP|Li_2025|k141_563622_seq1_1	aac6p	L	C	P	Li_2025	Li_2025-aminoglycoside_model_e|chicken|k141_563622_seq1_1	L	
C2|~aac6p-657_1|aac6p-657_1|LCP|Li_2025|k141_275283_seq1_1	aac6p	L	C	P	Li_2025	Li_2025-aminoglycoside_model_e|chicken|k141_275283_seq1_1	L	
C2|~aac6p-658_1|aac6p-658_1|LCP|Li_2025|k141_356908_seq1_1	aac6p	L	C	P	Li_2025	Li_2025-aminoglycoside_model_e|chicken|k141_356908_seq1_1	L	
C2|~aac6p-659_1|aac6p-659_1|LCP|Li_2025|k141_137154_seq1_1	aac6p	L	C	P	Li_2025	Li_2025-aminoglycoside_model_e|chicken|k141_137154_seq1_1	L	
C2|~aac6p-661_1|aac6p-661_1|LCP|Li_2025|k141_429240_seq1_1	aac6p	L	C	P	Li_2025	Li_2025-aminoglycoside_model_e|chicken|k141_429240_seq1_1	L	
C2|~aac6p-664_1|aac6p-664_1|LCP|Li_2025|k141_459937_seq1_1	aac6p	L	C	P	Li_2025	Li_2025-aminoglycoside_model_e|cattle|k141_459937_seq1_1	L	
C2|~aac6p-665_1|aac6p-665_1|LCP|Li_2025|k141_872745_seq1_1	aac6p	L	C	P	Li_2025	Li_2025-aminoglycoside_model_e|cattle|k141_872745_seq1_1	L	
C2|~aac6p-667_1|aac6p-667_1|LCP|Li_2025|k141_2229545_seq1_1	aac6p	L	C	P	Li_2025	Li_2025-aminoglycoside_model_e|cattle|k141_2229545_seq1_1	L	
C2|~aac6p-669_1|aac6p-669_1|LCP|Li_2025|k141_514257_seq1_1	aac6p	L	C	P	Li_2025	Li_2025-aminoglycoside_model_e|cattle|k141_514257_seq1_1	L	
C2|~aac6p-673_1|aac6p-673_1|LCP|Li_2025|k141_835571_seq1_1	aac6p	L	C	P	Li_2025	Li_2025-aminoglycoside_model_e|cattle|k141_835571_seq1_1	L	
C2|~aac6p-674_1|aac6p-674_1|LCP|Li_2025|k141_1264511_seq1_1	aac6p	L	C	P	Li_2025	Li_2025-aminoglycoside_model_e|cattle|k141_1264511_seq1_1	L	
C2|~aac6p-678_1|aac6p-678_1|LCP|Li_2025|k141_1652894_seq1_1	aac6p	L	C	P	Li_2025	Li_2025-aminoglycoside_model_e|cattle|k141_1652894_seq1_1	L	
C2|~aac6p-679_1|aac6p-679_1|LCP|Li_2025|k141_1946262_seq1_1	aac6p	L	C	P	Li_2025	Li_2025-aminoglycoside_model_e|cattle|k141_1946262_seq1_1	L	
C2|~aac6p-681_1|aac6p-681_1|LCP|Li_2025|k141_152584_seq1_1	aac6p	L	C	P	Li_2025	Li_2025-aminoglycoside_model_e|cattle|k141_152584_seq1_1	L	
C2|~aac6p-683_1|aac6p-683_1|LCP|Li_2025|k141_1310122_seq1_1	aac6p	L	C	P	Li_2025	Li_2025-aminoglycoside_model_e|cattle|k141_1310122_seq1_1	L	
C2|~aac6p-684_1|aac6p-684_1|LCP|Li_2025|k141_1024593_seq1_1	aac6p	L	C	P	Li_2025	Li_2025-aminoglycoside_model_e|cattle|k141_1024593_seq1_1	L	
C2|~aac6p-686_1|aac6p-686_1|LCP|Li_2025|k141_1066446_seq1_1	aac6p	L	C	P	Li_2025	Li_2025-aminoglycoside_model_e|cattle|k141_1066446_seq1_1	L	
C2|~aac6p-688_1|aac6p-688_1|LCP|Li_2025|k141_223651_seq1_1	aac6p	L	C	P	Li_2025	Li_2025-aminoglycoside_model_e|cattle|k141_223651_seq1_1	L	
C2|~aac6p-690_1|aac6p-690_1|LCP|Li_2025|k141_1720347_seq1_1	aac6p	L	C	P	Li_2025	Li_2025-aminoglycoside_model_e|cattle|k141_1720347_seq1_1	L	
C2|~aac6p-691_1|aac6p-691_1|LCP|Li_2025|k141_875307_seq1_1	aac6p	L	C	P	Li_2025	Li_2025-aminoglycoside_model_e|cattle|k141_875307_seq1_1	L	
C2|~aac6p-695_1|aac6p-695_1|LCP|Li_2025|k141_3500602_seq1_1	aac6p	L	C	P	Li_2025	Li_2025-aminoglycoside_model_e|cattle|k141_3500602_seq1_1	L	
C2|~aac6p-698_1|aac6p-698_1|LCP|Li_2025|k141_4816109_seq1_1	aac6p	L	C	P	Li_2025	Li_2025-aminoglycoside_model_e|cattle|k141_4816109_seq1_1	L	
C2|~aac6p-699_1|aac6p-699_1|LCP|Li_2025|k141_135978_seq1_1	aac6p	L	C	P	Li_2025	Li_2025-aminoglycoside_model_e|cattle|k141_135978_seq1_1	L	
C2|~aac6p-700_1|aac6p-700_1|LCP|Li_2025|k141_2984318_seq1_1	aac6p	L	C	P	Li_2025	Li_2025-aminoglycoside_model_e|cattle|k141_2984318_seq1_1	L	
C2|~aac6p-704_1|aac6p-704_1|LCP|Li_2025|k141_2304147_seq1_1	aac6p	L	C	P	Li_2025	Li_2025-aminoglycoside_model_e|cattle|k141_2304147_seq1_1	L	
C2|~aac6p-706_1|aac6p-706_1|LCP|Li_2025|k141_1138165_seq1_1	aac6p	L	C	P	Li_2025	Li_2025-aminoglycoside_model_e|cattle|k141_1138165_seq1_1	L	
C2|~aac6p-709_1|aac6p-709_1|LCP|Li_2025|k141_4078293_seq1_1	aac6p	L	C	P	Li_2025	Li_2025-aminoglycoside_model_e|cattle|k141_4078293_seq1_1	L	
C2|~aac6p-710_1|aac6p-710_1|LCP|Li_2025|k141_4513006_seq1_1	aac6p	L	C	P	Li_2025	Li_2025-aminoglycoside_model_e|cattle|k141_4513006_seq1_1	L	
C2|~aac6p-714_1|aac6p-714_1|LCP|Li_2025|k141_1396697_seq1_1	aac6p	L	C	P	Li_2025	Li_2025-aminoglycoside_model_e|cattle|k141_1396697_seq1_1	L	
C2|~aac6p-715_1|aac6p-715_1|LCP|Li_2025|k141_548488_seq1_1	aac6p	L	C	P	Li_2025	Li_2025-aminoglycoside_model_e|cattle|k141_548488_seq1_1	L	
C2|~aac6p-719_1|aac6p-719_1|LCP|Li_2025|k141_1394310_seq1_1	aac6p	L	C	P	Li_2025	Li_2025-aminoglycoside_model_e|cattle|k141_1394310_seq1_1	L	
C2|~aac6p-721_1|aac6p-721_1|LCP|Li_2025|k141_750657_seq1_1	aac6p	L	C	P	Li_2025	Li_2025-aminoglycoside_model_e|cattle|k141_750657_seq1_1	L	
C2|~aac6p-722_1|aac6p-722_1|LCP|Li_2025|k141_517862_seq1_1	aac6p	L	C	P	Li_2025	Li_2025-aminoglycoside_model_e|cattle|k141_517862_seq1_1	L	
C2|~aac6p-725_1|aac6p-725_1|LCP|Li_2025|k141_995400_seq1_1	aac6p	L	C	P	Li_2025	Li_2025-aminoglycoside_model_e|cattle|k141_995400_seq1_1	L	
C2|~aac6p-726_1|aac6p-726_1|LCP|Li_2025|k141_778456_seq1_1	aac6p	L	C	P	Li_2025	Li_2025-aminoglycoside_model_e|cattle|k141_778456_seq1_1	L	
C2|~aac6p-731_1|aac6p-731_1|LCP|Li_2025|k141_583966_seq1_1	aac6p	L	C	P	Li_2025	Li_2025-aminoglycoside_model_e|cattle|k141_583966_seq1_1	L	
C2|~aac6p-735_1|aac6p-735_1|LCP|Li_2025|k141_616528_seq1_1	aac6p	L	C	P	Li_2025	Li_2025-aminoglycoside_model_e|cattle|k141_616528_seq1_1	L	
C2|~aac6p-738_1|aac6p-738_1|LCP|Li_2025|k141_937267_seq1_1	aac6p	L	C	P	Li_2025	Li_2025-aminoglycoside_model_e|cattle|k141_937267_seq1_1	L	
C2|~aac6p-742_1|aac6p-742_1|LCP|Li_2025|k141_1169024_seq1_1	aac6p	L	C	P	Li_2025	Li_2025-aminoglycoside_model_e|cattle|k141_1169024_seq1_1	L	
C2|~aac6p-743_1|aac6p-743_1|LCP|Li_2025|k119_6433_seq1_1	aac6p	L	C	P	Li_2025	Li_2025-aminoglycoside_model_e|cattle|k119_6433_seq1_1	L	
C2|~aac6p-744_1|aac6p-744_1|LCP|Li_2025|k141_1313286_seq1_1	aac6p	L	C	P	Li_2025	Li_2025-aminoglycoside_model_e|cattle|k141_1313286_seq1_1	L	
C2|~aac6p-749_1|aac6p-749_1|LCP|Li_2025|k141_807645_seq1_1	aac6p	L	C	P	Li_2025	Li_2025-aminoglycoside_model_e|cattle|k141_807645_seq1_1	L	
C2|~aac6p-759_1|aac6p-759_1|LCP|Li_2025|k141_1134076_seq1_1	aac6p	L	C	P	Li_2025	Li_2025-aminoglycoside_model_e|cattle|k141_1134076_seq1_1	L	
C2|~aac6p-762_1|aac6p-762_1|LCP|Li_2025|k141_703748_seq1_1	aac6p	L	C	P	Li_2025	Li_2025-aminoglycoside_model_e|cattle|k141_703748_seq1_1	L	
C2|~aac6p-766_1|aac6p-766_1|LCP|Li_2025|k141_1403985_seq1_1	aac6p	L	C	P	Li_2025	Li_2025-aminoglycoside_model_e|cattle|k141_1403985_seq1_1	L	
C2|~aac6p-767_1|aac6p-767_1|LCP|Li_2025|k141_1925445_seq1_1	aac6p	L	C	P	Li_2025	Li_2025-aminoglycoside_model_e|cattle|k141_1925445_seq1_1	L	
C2|~aac6p-768_1|aac6p-768_1|LCP|Li_2025|k141_440165_seq1_1	aac6p	L	C	P	Li_2025	Li_2025-aminoglycoside_model_e|cattle|k141_440165_seq1_1	L	
C2|~aac6p-769_1|aac6p-769_1|LCP|Li_2025|k141_1363288_seq1_1	aac6p	L	C	P	Li_2025	Li_2025-aminoglycoside_model_e|cattle|k141_1363288_seq1_1	L	
C2|~aac6p-772_1|aac6p-772_1|LCP|Li_2025|k141_2600483_seq1_1	aac6p	L	C	P	Li_2025	Li_2025-aminoglycoside_model_e|cattle|k141_2600483_seq1_1	L	
C2|~aac6p-774_1|aac6p-774_1|LCP|Li_2025|k141_2203187_seq1_1	aac6p	L	C	P	Li_2025	Li_2025-aminoglycoside_model_e|cattle|k141_2203187_seq1_1	L	
C2|~aac6p-775_1|aac6p-775_1|LCP|Li_2025|k141_2851562_seq1_1	aac6p	L	C	P	Li_2025	Li_2025-aminoglycoside_model_e|cattle|k141_2851562_seq1_1	L	
C2|~aac6p-776_1|aac6p-776_1|LCP|Li_2025|k141_2652938_seq1_1	aac6p	L	C	P	Li_2025	Li_2025-aminoglycoside_model_e|cattle|k141_2652938_seq1_1	L	
C2|~aac6p-785_1|aac6p-785_1|LCP|Li_2025|k141_176323_seq1_1	aac6p	L	C	P	Li_2025	Li_2025-aminoglycoside_model_e|cattle|k141_176323_seq1_1	L	
C2|~aac6p-786_1|aac6p-786_1|LCP|Li_2025|k141_232815_seq1_1	aac6p	L	C	P	Li_2025	Li_2025-aminoglycoside_model_e|cattle|k141_232815_seq1_1	L	
C2|~aac6p-789_1|aac6p-789_1|LCP|Li_2025|k141_375511_seq1_1	aac6p	L	C	P	Li_2025	Li_2025-aminoglycoside_model_e|cattle|k141_375511_seq1_1	L	
C2|~aac6p-791_1|aac6p-791_1|LCP|Li_2025|k141_497386_seq1_1	aac6p	L	C	P	Li_2025	Li_2025-aminoglycoside_model_e|cattle|k141_497386_seq1_1	L	
C2|~aac6p-794_1|aac6p-794_1|LCP|Li_2025|k141_274450_seq1_1	aac6p	L	C	P	Li_2025	Li_2025-aminoglycoside_model_e|cattle|k141_274450_seq1_1	L	
C2|~aac6p-796_1|aac6p-796_1|LCP|Li_2025|k141_369318_seq1_1	aac6p	L	C	P	Li_2025	Li_2025-aminoglycoside_model_e|cattle|k141_369318_seq1_1	L	
C2|~aac6p-797_1|aac6p-797_1|LCP|Li_2025|k141_70178_seq1_1	aac6p	L	C	P	Li_2025	Li_2025-aminoglycoside_model_e|cattle|k141_70178_seq1_1	L	
C2|~aac6p-805_1|aac6p-805_1|LCP|Li_2025|k141_213901_seq1_1	aac6p	L	C	P	Li_2025	Li_2025-aminoglycoside_model_e|cattle|k141_213901_seq1_1	L	
C2|~aac6p-816_1|aac6p-816_1|LCP|Li_2025|k141_850510_seq1_1	aac6p	L	C	P	Li_2025	Li_2025-aminoglycoside_model_e|cattle|k141_850510_seq1_1	L	
C2|~aac6p-819_1|aac6p-819_1|LCP|Li_2025|k141_981359_seq1_1	aac6p	L	C	P	Li_2025	Li_2025-aminoglycoside_model_e|cattle|k141_981359_seq1_1	L	
C2|~aac6p-820_1|aac6p-820_1|LCP|Li_2025|k141_688341_seq1_1	aac6p	L	C	P	Li_2025	Li_2025-aminoglycoside_model_e|cattle|k141_688341_seq1_1	L	
C2|~aac6p-823_1|aac6p-823_1|LCP|Li_2025|k141_95120_seq1_1	aac6p	L	C	P	Li_2025	Li_2025-aminoglycoside_model_e|cattle|k141_95120_seq1_1	L	
C2|~aac6p-826_1|aac6p-826_1|LCP|Li_2025|k141_790727_seq1_1	aac6p	L	C	P	Li_2025	Li_2025-aminoglycoside_model_e|cattle|k141_790727_seq1_1	L	
C2|~aac6p-827_1|aac6p-827_1|LCP|Li_2025|k141_161841_seq1_1	aac6p	L	C	P	Li_2025	Li_2025-aminoglycoside_model_e|cattle|k141_161841_seq1_1	L	
C2|~aac6p-828_1|aac6p-828_1|LCP|Li_2025|k141_732403_seq1_1	aac6p	L	C	P	Li_2025	Li_2025-aminoglycoside_model_e|cattle|k141_732403_seq1_1	L	
C2|~aac6p-831_1|aac6p-831_1|LCP|Li_2025|k141_427633_seq1_1	aac6p	L	C	P	Li_2025	Li_2025-aminoglycoside_model_e|cattle|k141_427633_seq1_1	L	
C2|~aac6p-832_1|aac6p-832_1|LCP|Li_2025|k141_345516_seq1_1	aac6p	L	C	P	Li_2025	Li_2025-aminoglycoside_model_e|cattle|k141_345516_seq1_1	L	
C2|~aac6p-833_1|aac6p-833_1|LCP|Li_2025|k141_207719_seq1_1	aac6p	L	C	P	Li_2025	Li_2025-aminoglycoside_model_e|cattle|k141_207719_seq1_1	L	
C2|~aac6p-836_1|aac6p-836_1|LCP|Li_2025|k141_1072769_seq1_1	aac6p	L	C	P	Li_2025	Li_2025-aminoglycoside_model_e|cattle|k141_1072769_seq1_1	L	
C2|~aac6p-840_1|aac6p-840_1|LCP|Li_2025|k141_1014814_seq1_1	aac6p	L	C	P	Li_2025	Li_2025-aminoglycoside_model_e|cattle|k141_1014814_seq1_1	L	
C2|~aac6p-842_1|aac6p-842_1|LCP|Li_2025|k141_191864_seq1_1	aac6p	L	C	P	Li_2025	Li_2025-aminoglycoside_model_e|cattle|k141_191864_seq1_1	L	
C2|~aac6p-843_1|aac6p-843_1|LCP|Li_2025|k141_247763_seq1_1	aac6p	L	C	P	Li_2025	Li_2025-aminoglycoside_model_e|cattle|k141_247763_seq1_1	L	
C2|~aac6p-844_1|aac6p-844_1|LCP|Li_2025|k141_3185_seq1_1	aac6p	L	C	P	Li_2025	Li_2025-aminoglycoside_model_e|cattle|k141_3185_seq1_1	L	
C2|~aac6p-846_1|aac6p-846_1|LCP|Li_2025|k141_420198_seq1_1	aac6p	L	C	P	Li_2025	Li_2025-aminoglycoside_model_e|cattle|k141_420198_seq1_1	L	
C2|~aac6p-847_1|aac6p-847_1|LCP|Li_2025|k141_154290_seq1_1	aac6p	L	C	P	Li_2025	Li_2025-aminoglycoside_model_e|cattle|k141_154290_seq1_1	L	
C2|~aac6p-850_1|aac6p-850_1|LCP|Li_2025|k141_1082819_seq1_1	aac6p	L	C	P	Li_2025	Li_2025-aminoglycoside_model_e|cattle|k141_1082819_seq1_1	L	
C2|~aac6p-853_1|aac6p-853_1|LCP|Li_2025|k141_750528_seq1_1	aac6p	L	C	P	Li_2025	Li_2025-aminoglycoside_model_e|cattle|k141_750528_seq1_1	L	
C2|~aac6p-854_1|aac6p-854_1|LCP|Li_2025|k141_30234_seq1_1	aac6p	L	C	P	Li_2025	Li_2025-aminoglycoside_model_e|cattle|k141_30234_seq1_1	L	
C2|~aac6p-855_1|aac6p-855_1|LCP|Li_2025|k141_35620_seq1_1	aac6p	L	C	P	Li_2025	Li_2025-aminoglycoside_model_e|cattle|k141_35620_seq1_1	L	
C2|~aac6p-856_1|aac6p-856_1|LCP|Li_2025|k141_684084_seq1_1	aac6p	L	C	P	Li_2025	Li_2025-aminoglycoside_model_e|cattle|k141_684084_seq1_1	L	
C2|~aac6p-858_1|aac6p-858_1|LCP|Li_2025|k141_655329_seq1_1	aac6p	L	C	P	Li_2025	Li_2025-aminoglycoside_model_e|cattle|k141_655329_seq1_1	L	
C2|~aac6p-860_1|aac6p-860_1|LCP|Li_2025|k141_113180_seq1_1	aac6p	L	C	P	Li_2025	Li_2025-aminoglycoside_model_e|cattle|k141_113180_seq1_1	L	
C2|~aac6p-861_1|aac6p-861_1|LCP|Li_2025|k141_1503554_seq1_1	aac6p	L	C	P	Li_2025	Li_2025-aminoglycoside_model_e|cattle|k141_1503554_seq1_1	L	
C2|~aac6p-864_1|aac6p-864_1|LCP|Li_2025|k141_469921_seq1_1	aac6p	L	C	P	Li_2025	Li_2025-aminoglycoside_model_e|cattle|k141_469921_seq1_1	L	
C2|~aac6p-865_1|aac6p-865_1|LCP|Li_2025|k141_1409272_seq1_1	aac6p	L	C	P	Li_2025	Li_2025-aminoglycoside_model_e|cattle|k141_1409272_seq1_1	L	
C2|~aac6p-868_1|aac6p-868_1|LCP|Li_2025|k141_595269_seq1_1	aac6p	L	C	P	Li_2025	Li_2025-aminoglycoside_model_e|cattle|k141_595269_seq1_1	L	
C2|~aac6p-872_1|aac6p-872_1|LCP|Li_2025|k141_1565400_seq1_1	aac6p	L	C	P	Li_2025	Li_2025-aminoglycoside_model_e|cattle|k141_1565400_seq1_1	L	
C2|~aac6p-879_1|aac6p-879_1|LCP|Li_2025|k141_86679_seq1_1	aac6p	L	C	P	Li_2025	Li_2025-aminoglycoside_model_e|cattle|k141_86679_seq1_1	L	
C2|~aac6p-880_1|aac6p-880_1|LCP|Li_2025|k141_414722_seq1_1	aac6p	L	C	P	Li_2025	Li_2025-aminoglycoside_model_e|cattle|k141_414722_seq1_1	L	
C2|~aac6p-885_1|aac6p-885_1|LCP|Li_2025|k141_1330483_seq1_1	aac6p	L	C	P	Li_2025	Li_2025-aminoglycoside_model_e|cattle|k141_1330483_seq1_1	L	
C2|~aac6p-889_1|aac6p-889_1|LCP|Li_2025|k141_1024337_seq1_1	aac6p	L	C	P	Li_2025	Li_2025-aminoglycoside_model_e|swine|k141_1024337_seq1_1	L	
C2|~aac6p-890_1|aac6p-890_1|LCP|Li_2025|k141_615753_seq1_1	aac6p	L	C	P	Li_2025	Li_2025-aminoglycoside_model_e|chicken|k141_615753_seq1_1	L	
C2|~aac6p-894_1|aac6p-894_1|LCP|Li_2025|k141_950697_seq1_1	aac6p	L	C	P	Li_2025	Li_2025-aminoglycoside_model_e|cattle|k141_950697_seq1_1	L	
C2|~aac6p-895_1|aac6p-895_1|LCP|Li_2025|k141_4168805_seq1_1	aac6p	L	C	P	Li_2025	Li_2025-aminoglycoside_model_e|cattle|k141_4168805_seq1_1	L	
C2|~aac6p-896_1|aac6p-896_1|LCP|Li_2025|k141_3286886_seq1_1	aac6p	L	C	P	Li_2025	Li_2025-aminoglycoside_model_e|cattle|k141_3286886_seq1_1	L	
C2|~aac6p-897_1|aac6p-897_1|LCP|Li_2025|k141_1457777_seq1_1	aac6p	L	C	P	Li_2025	Li_2025-aminoglycoside_model_e|cattle|k141_1457777_seq1_1	L	
C2|~aac6p-898_1|aac6p-898_1|LCP|Li_2025|k119_426709_seq1_1	aac6p	L	C	P	Li_2025	Li_2025-aminoglycoside_model_e|cattle|k119_426709_seq1_1	L	
C2|~aac6p-901_1|aac6p-901_1|LCP|Li_2025|k141_648145_seq1_1	aac6p	L	C	P	Li_2025	Li_2025-aminoglycoside_model_e|cattle|k141_648145_seq1_1	L	
C2|~aac6p-902_1|aac6p-902_1|LCP|Li_2025|k141_1336203_seq1_1	aac6p	L	C	P	Li_2025	Li_2025-aminoglycoside_model_e|cattle|k141_1336203_seq1_1	L	
C2|~aac6p-903_1|aac6p-903_1|LCP|Li_2025|k141_340587_seq1_1	aac6p	L	C	P	Li_2025	Li_2025-aminoglycoside_model_e|cattle|k141_340587_seq1_1	L	
C2|~aac6p-904_1|aac6p-904_1|LCP|Li_2025|k141_708870_seq1_1	aac6p	L	C	P	Li_2025	Li_2025-aminoglycoside_model_e|cattle|k141_708870_seq1_1	L	
C2|~aac6p-908_1|aac6p-908_1|LCP|Li_2025|k141_150607_seq1_1	aac6p	L	C	P	Li_2025	Li_2025-aminoglycoside_model_e|cattle|k141_150607_seq1_1	L	
C2|~aac6p-909_1|aac6p-909_1|LCP|Li_2025|k141_280014_seq1_1	aac6p	L	C	P	Li_2025	Li_2025-aminoglycoside_model_e|cattle|k141_280014_seq1_1	L	
C2|~aac6p-910_1|aac6p-910_1|LCP|Li_2025|k141_1460289_seq1_1	aac6p	L	C	P	Li_2025	Li_2025-aminoglycoside_model_e|cattle|k141_1460289_seq1_1	L	
C2|~aac6p-912_1|aac6p-912_1|LCP|Li_2025|k141_236434_seq1_1	aac6p	L	C	P	Li_2025	Li_2025-aminoglycoside_model_e|swine|k141_236434_seq1_1	L	
C2|~aac6p-915_1|aac6p-915_1|LCP|Li_2025|k141_278819_seq1_1	aac6p	L	C	P	Li_2025	Li_2025-aminoglycoside_model_e|cattle|k141_278819_seq1_1	L	
C2|~aac6p-917_1|aac6p-917_1|LCP|Li_2025|k141_391513_seq1_1	aac6p	L	C	P	Li_2025	Li_2025-aminoglycoside_model_e|cattle|k141_391513_seq1_1	L	
C2|~aac6p-919_1|aac6p-919_1|LCP|Li_2025|k141_1298104_seq1_1	aac6p	L	C	P	Li_2025	Li_2025-aminoglycoside_model_e|cattle|k141_1298104_seq1_1	L	
C2|~aac6p-920_1|aac6p-920_1|LCP|Li_2025|k141_965074_seq1_1	aac6p	L	C	P	Li_2025	Li_2025-aminoglycoside_model_e|cattle|k141_965074_seq1_1	L	
C2|~aac6p-922_1|aac6p-922_1|LCP|Li_2025|k141_622115_seq1_1	aac6p	L	C	P	Li_2025	Li_2025-aminoglycoside_model_e|cattle|k141_622115_seq1_1	L	
C2|~aac6p-923_1|aac6p-923_1|LCP|Li_2025|k141_550654_seq1_1	aac6p	L	C	P	Li_2025	Li_2025-aminoglycoside_model_e|cattle|k141_550654_seq1_1	L	
C2|~aac6p-924_1|aac6p-924_1|LCP|Li_2025|k141_479519_seq1_1	aac6p	L	C	P	Li_2025	Li_2025-aminoglycoside_model_e|swine|k141_479519_seq1_1	L	
C2|~aac6p-925_1|aac6p-925_1|LCP|Li_2025|k141_1025166_seq1_1	aac6p	L	C	P	Li_2025	Li_2025-aminoglycoside_model_e|swine|k141_1025166_seq1_1	L	
C2|~aac6p-926_1|aac6p-926_1|LCP|Li_2025|k141_143918_seq1_1	aac6p	L	C	P	Li_2025	Li_2025-aminoglycoside_model_e|swine|k141_143918_seq1_1	L	
C2|~aac6p-930_1|aac6p-930_1|LCP|Li_2025|k141_249356_seq1_1	aac6p	L	C	P	Li_2025	Li_2025-aminoglycoside_model_e|cattle|k141_249356_seq1_1	L	
C2|~aac6p-931_1|aac6p-931_1|LCP|Li_2025|k141_631050_seq1_1	aac6p	L	C	P	Li_2025	Li_2025-aminoglycoside_model_e|cattle|k141_631050_seq1_1	L	
C2|~aac6p-933_1|aac6p-933_1|LCP|Li_2025|k141_907683_seq1_1	aac6p	L	C	P	Li_2025	Li_2025-aminoglycoside_model_e|cattle|k141_907683_seq1_1	L	
C2|~aac6p-935_1|aac6p-935_1|LCP|Li_2025|k141_14162_seq1_1	aac6p	L	C	P	Li_2025	Li_2025-aminoglycoside_model_e|swine|k141_14162_seq1_1	L	
C2|~aac6p-936_1|aac6p-936_1|LCP|Li_2025|k99_261102_seq1_1	aac6p	L	C	P	Li_2025	Li_2025-aminoglycoside_model_e|swine|k99_261102_seq1_1	L	
C2|~aac6p-938_1|aac6p-938_1|LCP|Li_2025|k141_4922278_seq1_1	aac6p	L	C	P	Li_2025	Li_2025-aminoglycoside_model_e|cattle|k141_4922278_seq1_1	L	
C2|~aac6p-940_1|aac6p-940_1|LCP|Li_2025|k141_1154178_seq1_1	aac6p	L	C	P	Li_2025	Li_2025-aminoglycoside_model_e|cattle|k141_1154178_seq1_1	L	
C2|~aac6p-941_1|aac6p-941_1|LCP|Li_2025|k141_552898_seq1_1	aac6p	L	C	P	Li_2025	Li_2025-aminoglycoside_model_e|cattle|k141_552898_seq1_1	L	
C2|~aac6p-322_2|aac6p-322_2|LCP|Victor_2025|SeAAMG_E_sequ12ence	aac6p	L	C	P	Victor_2025	Victor_2025-SeAAMG_E_sequ12ence	L	
C2|~aac3-420_1|aac3-420_1|EMV|Victor_2025|HoFAMG_B_sequ2ence	aac3	E	M	V	Victor_2025	Victor_2025-HoFAMG_B_sequ2ence	L	
C2|~aac3-421_1|aac3-421_1|LCP|Li_2025|k141_371111_seq1_1	aac3	L	C	P	Li_2025	Li_2025-aminoglycoside_model_b|cattle|k141_371111_seq1_1	L	
C2|~aac6p-949_1|aac6p-949_1|LCP|Li_2025|k141_355990_seq1_1	aac6p	L	C	P	Li_2025	Li_2025-aminoglycoside_model_e|swine|k141_355990_seq1_1	L	
C2|~aac6p-954_1|aac6p-954_1|LCP|Li_2025|k141_22724_seq1_1	aac6p	L	C	P	Li_2025	Li_2025-aminoglycoside_model_e|cattle|k141_22724_seq1_1	L	
C2|~aac6p-956_1|aac6p-956_1|LCP|Li_2025|k141_197620_seq1_1	aac6p	L	C	P	Li_2025	Li_2025-aminoglycoside_model_e|cattle|k141_197620_seq1_1	L	
C2|~dfr-68_1|dfr-68_1|LCS|Wang_2025|QIG73959.1	dfr	L	C	S	Wang_2025	Wang_2025-DfrA_QIG73959.1	L	
C2|~blaC1-28_1|blaC1-28_1|LCP|IndaDiaz_2023|NIDX01000088.1	blaC1	L	C	P	IndaDiaz_2023	IndaDiaz_2023-20k_concatenated-long-orfs_NIDX01000088.1_seq1@@@class_c_1	L	
C2|~blaA-533_1|blaA-533_1|LMS|Ruppe_2019|AAN77730.1_1	blaA	L	M	S	Ruppe_2019	Ruppe_2019-7398|3876718|12|ARD-reference-gene-catalog|AAN77730.1_1|blaa	L	
